2026-08-02 23:18:07,643 | INFO    | molsanity | === MolSanity run: full.yaml (seed=0) ===
2026-08-02 23:18:13,575 | INFO    | molsanity | Preflight: attributor dependencies OK.
2026-08-02 23:18:13,580 | INFO    | molsanity | Seeds: [0, 1, 2]
2026-08-02 23:18:14,180 | INFO    | molsanity | [stage cell_SynthMotifs__GINE__IntegratedGradients__scaffold__seed0] cache hit (193b0b2c375ae42d) — skipping
2026-08-02 23:18:14,180 | INFO    | molsanity | [cell SynthMotifs__GINE__IntegratedGradients__scaffold__seed0] DONE — acc=0.90 gt_auroc=0.8886 n=200 (capped) [cached]
2026-08-02 23:18:14,745 | INFO    | molsanity | [stage cell_SynthMotifs__GINE__IntegratedGradients__scaffold__seed1] cache hit (7c6e9f56f368d6c3) — skipping
2026-08-02 23:18:14,745 | INFO    | molsanity | [cell SynthMotifs__GINE__IntegratedGradients__scaffold__seed1] DONE — acc=1.00 gt_auroc=0.99248 n=200 (capped) [cached]
2026-08-02 23:18:15,332 | INFO    | molsanity | [stage cell_SynthMotifs__GINE__IntegratedGradients__scaffold__seed2] cache hit (693279ba233cd06b) — skipping
2026-08-02 23:18:15,332 | INFO    | molsanity | [cell SynthMotifs__GINE__IntegratedGradients__scaffold__seed2] DONE — acc=0.92 gt_auroc=0.97808 n=200 (capped) [cached]
2026-08-02 23:18:15,934 | INFO    | molsanity | [stage cell_SynthMotifs__GINE__IntegratedGradients__random__seed0] cache hit (02753f4e809ce5f5) — skipping
2026-08-02 23:18:15,934 | INFO    | molsanity | [cell SynthMotifs__GINE__IntegratedGradients__random__seed0] DONE — acc=0.98 gt_auroc=0.9968800000000002 n=200 (capped) [cached]
2026-08-02 23:18:16,543 | INFO    | molsanity | [stage cell_SynthMotifs__GINE__IntegratedGradients__random__seed1] cache hit (7d175e0f92c82ad0) — skipping
2026-08-02 23:18:16,543 | INFO    | molsanity | [cell SynthMotifs__GINE__IntegratedGradients__random__seed1] DONE — acc=0.98 gt_auroc=0.99576 n=200 (capped) [cached]
2026-08-02 23:18:17,127 | INFO    | molsanity | [stage cell_SynthMotifs__GINE__IntegratedGradients__random__seed2] cache hit (1565f585e9b5541c) — skipping
2026-08-02 23:18:17,128 | INFO    | molsanity | [cell SynthMotifs__GINE__IntegratedGradients__random__seed2] DONE — acc=0.94 gt_auroc=0.97708 n=200 (capped) [cached]
2026-08-02 23:18:17,673 | INFO    | molsanity | [stage cell_SynthMotifs__GINE__Saliency__scaffold__seed0] cache hit (99e9e11a6bd43bfb) — skipping
2026-08-02 23:18:17,673 | INFO    | molsanity | [cell SynthMotifs__GINE__Saliency__scaffold__seed0] DONE — acc=0.90 gt_auroc=0.96492 n=200 (capped) [cached]
2026-08-02 23:18:18,238 | INFO    | molsanity | [stage cell_SynthMotifs__GINE__Saliency__scaffold__seed1] cache hit (34d47b87541640ac) — skipping
2026-08-02 23:18:18,239 | INFO    | molsanity | [cell SynthMotifs__GINE__Saliency__scaffold__seed1] DONE — acc=1.00 gt_auroc=0.98256 n=200 (capped) [cached]
2026-08-02 23:18:18,840 | INFO    | molsanity | [stage cell_SynthMotifs__GINE__Saliency__scaffold__seed2] cache hit (dbc1d6fc5c881904) — skipping
2026-08-02 23:18:18,840 | INFO    | molsanity | [cell SynthMotifs__GINE__Saliency__scaffold__seed2] DONE — acc=0.92 gt_auroc=0.98312 n=200 (capped) [cached]
2026-08-02 23:18:19,422 | INFO    | molsanity | [stage cell_SynthMotifs__GINE__Saliency__random__seed0] cache hit (f35ee62bd3a2fd8c) — skipping
2026-08-02 23:18:19,422 | INFO    | molsanity | [cell SynthMotifs__GINE__Saliency__random__seed0] DONE — acc=0.98 gt_auroc=0.9934000000000001 n=200 (capped) [cached]
2026-08-02 23:18:20,010 | INFO    | molsanity | [stage cell_SynthMotifs__GINE__Saliency__random__seed1] cache hit (b12bf657be55d0c6) — skipping
2026-08-02 23:18:20,011 | INFO    | molsanity | [cell SynthMotifs__GINE__Saliency__random__seed1] DONE — acc=0.98 gt_auroc=0.98276 n=200 (capped) [cached]
2026-08-02 23:18:20,618 | INFO    | molsanity | [stage cell_SynthMotifs__GINE__Saliency__random__seed2] cache hit (00333c65a3925cbb) — skipping
2026-08-02 23:18:20,619 | INFO    | molsanity | [cell SynthMotifs__GINE__Saliency__random__seed2] DONE — acc=0.94 gt_auroc=0.9599599999999999 n=200 (capped) [cached]
2026-08-02 23:18:21,227 | INFO    | molsanity | [stage cell_SynthMotifs__GINE__InputXGradient__scaffold__seed0] cache hit (70e4e61173f0513c) — skipping
2026-08-02 23:18:21,227 | INFO    | molsanity | [cell SynthMotifs__GINE__InputXGradient__scaffold__seed0] DONE — acc=0.90 gt_auroc=0.95144 n=200 (capped) [cached]
2026-08-02 23:18:21,842 | INFO    | molsanity | [stage cell_SynthMotifs__GINE__InputXGradient__scaffold__seed1] cache hit (b21a7f33a2b02a43) — skipping
2026-08-02 23:18:21,842 | INFO    | molsanity | [cell SynthMotifs__GINE__InputXGradient__scaffold__seed1] DONE — acc=1.00 gt_auroc=0.9765599999999999 n=200 (capped) [cached]
2026-08-02 23:18:22,448 | INFO    | molsanity | [stage cell_SynthMotifs__GINE__InputXGradient__scaffold__seed2] cache hit (d4e1596d2155784e) — skipping
2026-08-02 23:18:22,449 | INFO    | molsanity | [cell SynthMotifs__GINE__InputXGradient__scaffold__seed2] DONE — acc=0.92 gt_auroc=0.9816000000000001 n=200 (capped) [cached]
2026-08-02 23:18:23,060 | INFO    | molsanity | [stage cell_SynthMotifs__GINE__InputXGradient__random__seed0] cache hit (55c7baf914e35f27) — skipping
2026-08-02 23:18:23,060 | INFO    | molsanity | [cell SynthMotifs__GINE__InputXGradient__random__seed0] DONE — acc=0.98 gt_auroc=0.9872 n=200 (capped) [cached]
2026-08-02 23:18:23,635 | INFO    | molsanity | [stage cell_SynthMotifs__GINE__InputXGradient__random__seed1] cache hit (f0b3d5309ccd3f1a) — skipping
2026-08-02 23:18:23,635 | INFO    | molsanity | [cell SynthMotifs__GINE__InputXGradient__random__seed1] DONE — acc=0.98 gt_auroc=0.9632 n=200 (capped) [cached]
2026-08-02 23:18:24,209 | INFO    | molsanity | [stage cell_SynthMotifs__GINE__InputXGradient__random__seed2] cache hit (3745ebf4616a742c) — skipping
2026-08-02 23:18:24,209 | INFO    | molsanity | [cell SynthMotifs__GINE__InputXGradient__random__seed2] DONE — acc=0.94 gt_auroc=0.9592400000000001 n=200 (capped) [cached]
2026-08-02 23:18:24,824 | INFO    | molsanity | [stage cell_SynthMotifs__GINE__GuidedBackprop__scaffold__seed0] cache hit (d994857856dc79ec) — skipping
2026-08-02 23:18:24,824 | INFO    | molsanity | [cell SynthMotifs__GINE__GuidedBackprop__scaffold__seed0] DONE — acc=0.90 gt_auroc=0.91328 n=200 (capped) [cached]
2026-08-02 23:18:25,381 | INFO    | molsanity | [stage cell_SynthMotifs__GINE__GuidedBackprop__scaffold__seed1] cache hit (714b60f68289a8a3) — skipping
2026-08-02 23:18:25,381 | INFO    | molsanity | [cell SynthMotifs__GINE__GuidedBackprop__scaffold__seed1] DONE — acc=1.00 gt_auroc=0.99884 n=200 (capped) [cached]
2026-08-02 23:18:26,201 | INFO    | molsanity | [stage cell_SynthMotifs__GINE__GuidedBackprop__scaffold__seed2] cache hit (0c9da05ba564984c) — skipping
2026-08-02 23:18:26,201 | INFO    | molsanity | [cell SynthMotifs__GINE__GuidedBackprop__scaffold__seed2] DONE — acc=0.92 gt_auroc=0.98224 n=200 (capped) [cached]
2026-08-02 23:18:27,050 | INFO    | molsanity | [stage cell_SynthMotifs__GINE__GuidedBackprop__random__seed0] cache hit (638a07f5d6d7d957) — skipping
2026-08-02 23:18:27,050 | INFO    | molsanity | [cell SynthMotifs__GINE__GuidedBackprop__random__seed0] DONE — acc=0.98 gt_auroc=0.9992 n=200 (capped) [cached]
2026-08-02 23:18:27,650 | INFO    | molsanity | [stage cell_SynthMotifs__GINE__GuidedBackprop__random__seed1] cache hit (3e0b9edcddbc52d1) — skipping
2026-08-02 23:18:27,650 | INFO    | molsanity | [cell SynthMotifs__GINE__GuidedBackprop__random__seed1] DONE — acc=0.98 gt_auroc=0.9887999999999999 n=200 (capped) [cached]
2026-08-02 23:18:28,217 | INFO    | molsanity | [stage cell_SynthMotifs__GINE__GuidedBackprop__random__seed2] cache hit (77c447e50517c08c) — skipping
2026-08-02 23:18:28,217 | INFO    | molsanity | [cell SynthMotifs__GINE__GuidedBackprop__random__seed2] DONE — acc=0.94 gt_auroc=0.9957600000000001 n=200 (capped) [cached]
2026-08-02 23:18:28,782 | INFO    | molsanity | [stage cell_SynthMotifs__GINE__GNNExplainer__scaffold__seed0] cache hit (2ac6c1bea121f986) — skipping
2026-08-02 23:18:28,782 | INFO    | molsanity | [cell SynthMotifs__GINE__GNNExplainer__scaffold__seed0] DONE — acc=0.90 gt_auroc=0.67156 n=200 (capped) [cached]
2026-08-02 23:18:29,369 | INFO    | molsanity | [stage cell_SynthMotifs__GINE__GNNExplainer__scaffold__seed1] cache hit (29bc25c71f74612c) — skipping
2026-08-02 23:18:29,369 | INFO    | molsanity | [cell SynthMotifs__GINE__GNNExplainer__scaffold__seed1] DONE — acc=1.00 gt_auroc=0.544 n=200 (capped) [cached]
2026-08-02 23:18:29,951 | INFO    | molsanity | [stage cell_SynthMotifs__GINE__GNNExplainer__scaffold__seed2] cache hit (94a69ee94d6f0541) — skipping
2026-08-02 23:18:29,951 | INFO    | molsanity | [cell SynthMotifs__GINE__GNNExplainer__scaffold__seed2] DONE — acc=0.92 gt_auroc=0.79636 n=200 (capped) [cached]
2026-08-02 23:18:30,553 | INFO    | molsanity | [stage cell_SynthMotifs__GINE__GNNExplainer__random__seed0] cache hit (1de202a37979e9ea) — skipping
2026-08-02 23:18:30,553 | INFO    | molsanity | [cell SynthMotifs__GINE__GNNExplainer__random__seed0] DONE — acc=0.98 gt_auroc=0.5642 n=200 (capped) [cached]
2026-08-02 23:18:31,321 | INFO    | molsanity | [stage cell_SynthMotifs__GINE__GNNExplainer__random__seed1] cache hit (8340e3487494e388) — skipping
2026-08-02 23:18:31,321 | INFO    | molsanity | [cell SynthMotifs__GINE__GNNExplainer__random__seed1] DONE — acc=0.98 gt_auroc=0.63536 n=200 (capped) [cached]
2026-08-02 23:18:31,887 | INFO    | molsanity | [stage cell_SynthMotifs__GINE__GNNExplainer__random__seed2] cache hit (1bb1d5c3685e28db) — skipping
2026-08-02 23:18:31,887 | INFO    | molsanity | [cell SynthMotifs__GINE__GNNExplainer__random__seed2] DONE — acc=0.94 gt_auroc=0.6977600000000002 n=200 (capped) [cached]
2026-08-02 23:18:32,455 | INFO    | molsanity | [stage cell_SynthMotifs__GINE__PGExplainer__scaffold__seed0] cache hit (5a03c171a5bf62f5) — skipping
2026-08-02 23:18:32,456 | INFO    | molsanity | [cell SynthMotifs__GINE__PGExplainer__scaffold__seed0] DONE — acc=0.90 gt_auroc=0.5361 n=200 (capped) [cached]
2026-08-02 23:18:33,040 | INFO    | molsanity | [stage cell_SynthMotifs__GINE__PGExplainer__scaffold__seed1] cache hit (893e9abe30ee4969) — skipping
2026-08-02 23:18:33,040 | INFO    | molsanity | [cell SynthMotifs__GINE__PGExplainer__scaffold__seed1] DONE — acc=1.00 gt_auroc=0.30782 n=200 (capped) [cached]
2026-08-02 23:18:33,629 | INFO    | molsanity | [stage cell_SynthMotifs__GINE__PGExplainer__scaffold__seed2] cache hit (ff7dbfc01cfb9d0f) — skipping
2026-08-02 23:18:33,629 | INFO    | molsanity | [cell SynthMotifs__GINE__PGExplainer__scaffold__seed2] DONE — acc=0.92 gt_auroc=0.3231 n=200 (capped) [cached]
2026-08-02 23:18:34,243 | INFO    | molsanity | [stage cell_SynthMotifs__GINE__PGExplainer__random__seed0] cache hit (53469b066322fe83) — skipping
2026-08-02 23:18:34,244 | INFO    | molsanity | [cell SynthMotifs__GINE__PGExplainer__random__seed0] DONE — acc=0.98 gt_auroc=0.46025999999999995 n=200 (capped) [cached]
2026-08-02 23:18:34,836 | INFO    | molsanity | [stage cell_SynthMotifs__GINE__PGExplainer__random__seed1] cache hit (3d9086e35d1f027f) — skipping
2026-08-02 23:18:34,836 | INFO    | molsanity | [cell SynthMotifs__GINE__PGExplainer__random__seed1] DONE — acc=0.98 gt_auroc=0.47098 n=200 (capped) [cached]
2026-08-02 23:18:35,403 | INFO    | molsanity | [stage cell_SynthMotifs__GINE__PGExplainer__random__seed2] cache hit (696827c803f6b42b) — skipping
2026-08-02 23:18:35,403 | INFO    | molsanity | [cell SynthMotifs__GINE__PGExplainer__random__seed2] DONE — acc=0.94 gt_auroc=0.31392000000000003 n=200 (capped) [cached]
2026-08-02 23:18:35,984 | INFO    | molsanity | [stage cell_SynthMotifs__GINE__SubgraphX__scaffold__seed0] cache hit (16f6daef9aa25a5b) — skipping
2026-08-02 23:18:35,984 | INFO    | molsanity | [cell SynthMotifs__GINE__SubgraphX__scaffold__seed0] DONE — acc=0.90 gt_auroc=0.6040000000000001 n=200 (capped) [cached]
2026-08-02 23:18:36,571 | INFO    | molsanity | [stage cell_SynthMotifs__GINE__SubgraphX__scaffold__seed1] cache hit (470e5f28dcb9d4b1) — skipping
2026-08-02 23:18:36,571 | INFO    | molsanity | [cell SynthMotifs__GINE__SubgraphX__scaffold__seed1] DONE — acc=1.00 gt_auroc=0.8708999999999999 n=200 (capped) [cached]
2026-08-02 23:18:37,161 | INFO    | molsanity | [stage cell_SynthMotifs__GINE__SubgraphX__scaffold__seed2] cache hit (2a12a4f32ed8ce25) — skipping
2026-08-02 23:18:37,162 | INFO    | molsanity | [cell SynthMotifs__GINE__SubgraphX__scaffold__seed2] DONE — acc=0.92 gt_auroc=0.8409 n=200 (capped) [cached]
2026-08-02 23:18:37,748 | INFO    | molsanity | [stage cell_SynthMotifs__GINE__SubgraphX__random__seed0] cache hit (494517c96ed94269) — skipping
2026-08-02 23:18:37,748 | INFO    | molsanity | [cell SynthMotifs__GINE__SubgraphX__random__seed0] DONE — acc=0.98 gt_auroc=0.6419999999999999 n=200 (capped) [cached]
2026-08-02 23:18:38,350 | INFO    | molsanity | [stage cell_SynthMotifs__GINE__SubgraphX__random__seed1] cache hit (ac86cb2b18b32abf) — skipping
2026-08-02 23:18:38,350 | INFO    | molsanity | [cell SynthMotifs__GINE__SubgraphX__random__seed1] DONE — acc=0.98 gt_auroc=0.8237000000000001 n=200 (capped) [cached]
2026-08-02 23:18:38,938 | INFO    | molsanity | [stage cell_SynthMotifs__GINE__SubgraphX__random__seed2] cache hit (e32ec76efe0fa024) — skipping
2026-08-02 23:18:38,939 | INFO    | molsanity | [cell SynthMotifs__GINE__SubgraphX__random__seed2] DONE — acc=0.94 gt_auroc=0.8449999999999999 n=200 (capped) [cached]
2026-08-02 23:18:39,510 | INFO    | molsanity | [stage cell_SynthMotifs__GCN__IntegratedGradients__scaffold__seed0] cache hit (b7b985a93461e9da) — skipping
2026-08-02 23:18:39,510 | INFO    | molsanity | [cell SynthMotifs__GCN__IntegratedGradients__scaffold__seed0] DONE — acc=0.64 gt_auroc=0.9875200000000001 n=200 (capped) [cached]
2026-08-02 23:18:40,102 | INFO    | molsanity | [stage cell_SynthMotifs__GCN__IntegratedGradients__scaffold__seed1] cache hit (3c406d859752c7d7) — skipping
2026-08-02 23:18:40,102 | INFO    | molsanity | [cell SynthMotifs__GCN__IntegratedGradients__scaffold__seed1] DONE — acc=0.97 gt_auroc=0.9464 n=200 (capped) [cached]
2026-08-02 23:18:40,692 | INFO    | molsanity | [stage cell_SynthMotifs__GCN__IntegratedGradients__scaffold__seed2] cache hit (00f3cf0073842348) — skipping
2026-08-02 23:18:40,692 | INFO    | molsanity | [cell SynthMotifs__GCN__IntegratedGradients__scaffold__seed2] DONE — acc=0.98 gt_auroc=0.9359200000000001 n=200 (capped) [cached]
2026-08-02 23:18:41,295 | INFO    | molsanity | [stage cell_SynthMotifs__GCN__IntegratedGradients__random__seed0] cache hit (ec9bf3b952b08fe6) — skipping
2026-08-02 23:18:41,296 | INFO    | molsanity | [cell SynthMotifs__GCN__IntegratedGradients__random__seed0] DONE — acc=0.69 gt_auroc=0.58304 n=200 (capped) [cached]
2026-08-02 23:18:41,874 | INFO    | molsanity | [stage cell_SynthMotifs__GCN__IntegratedGradients__random__seed1] cache hit (1e664288be969189) — skipping
2026-08-02 23:18:41,875 | INFO    | molsanity | [cell SynthMotifs__GCN__IntegratedGradients__random__seed1] DONE — acc=0.98 gt_auroc=0.98348 n=200 (capped) [cached]
2026-08-02 23:18:42,486 | INFO    | molsanity | [stage cell_SynthMotifs__GCN__IntegratedGradients__random__seed2] cache hit (c9fe87952bebe4f6) — skipping
2026-08-02 23:18:42,486 | INFO    | molsanity | [cell SynthMotifs__GCN__IntegratedGradients__random__seed2] DONE — acc=0.99 gt_auroc=0.9902799999999999 n=200 (capped) [cached]
2026-08-02 23:18:43,071 | INFO    | molsanity | [stage cell_SynthMotifs__GAT__IntegratedGradients__scaffold__seed0] cache hit (a8dfed29816279ac) — skipping
2026-08-02 23:18:43,072 | INFO    | molsanity | [cell SynthMotifs__GAT__IntegratedGradients__scaffold__seed0] DONE — acc=0.95 gt_auroc=0.6007600000000001 n=200 (capped) [cached]
2026-08-02 23:18:43,784 | INFO    | molsanity | [stage cell_SynthMotifs__GAT__IntegratedGradients__scaffold__seed1] cache hit (bc11d8ff59d250de) — skipping
2026-08-02 23:18:43,785 | INFO    | molsanity | [cell SynthMotifs__GAT__IntegratedGradients__scaffold__seed1] DONE — acc=0.99 gt_auroc=0.9497599999999999 n=200 (capped) [cached]
2026-08-02 23:18:44,367 | INFO    | molsanity | [stage cell_SynthMotifs__GAT__IntegratedGradients__scaffold__seed2] cache hit (0417825f2c06bd57) — skipping
2026-08-02 23:18:44,367 | INFO    | molsanity | [cell SynthMotifs__GAT__IntegratedGradients__scaffold__seed2] DONE — acc=0.99 gt_auroc=0.9103999999999999 n=200 (capped) [cached]
2026-08-02 23:18:44,940 | INFO    | molsanity | [stage cell_SynthMotifs__GAT__IntegratedGradients__random__seed0] cache hit (6bf8cf15f56cd9d6) — skipping
2026-08-02 23:18:44,940 | INFO    | molsanity | [cell SynthMotifs__GAT__IntegratedGradients__random__seed0] DONE — acc=0.99 gt_auroc=0.9200800000000001 n=200 (capped) [cached]
2026-08-02 23:18:45,523 | INFO    | molsanity | [stage cell_SynthMotifs__GAT__IntegratedGradients__random__seed1] cache hit (8c9d530c6a6a33e1) — skipping
2026-08-02 23:18:45,523 | INFO    | molsanity | [cell SynthMotifs__GAT__IntegratedGradients__random__seed1] DONE — acc=0.98 gt_auroc=0.8164 n=200 (capped) [cached]
2026-08-02 23:18:46,122 | INFO    | molsanity | [stage cell_SynthMotifs__GAT__IntegratedGradients__random__seed2] cache hit (cb7e6f949af6680b) — skipping
2026-08-02 23:18:46,122 | INFO    | molsanity | [cell SynthMotifs__GAT__IntegratedGradients__random__seed2] DONE — acc=0.99 gt_auroc=0.64168 n=200 (capped) [cached]
2026-08-02 23:18:46,716 | INFO    | molsanity | [stage cell_SynthMotifs__MPNN__IntegratedGradients__scaffold__seed0] cache hit (72448033f3be70bd) — skipping
2026-08-02 23:18:46,716 | INFO    | molsanity | [cell SynthMotifs__MPNN__IntegratedGradients__scaffold__seed0] DONE — acc=0.59 gt_auroc=0.69796 n=200 (capped) [cached]
2026-08-02 23:18:47,312 | INFO    | molsanity | [stage cell_SynthMotifs__MPNN__IntegratedGradients__scaffold__seed1] cache hit (b9ab485a640250cc) — skipping
2026-08-02 23:18:47,313 | INFO    | molsanity | [cell SynthMotifs__MPNN__IntegratedGradients__scaffold__seed1] DONE — acc=0.86 gt_auroc=0.9218000000000001 n=200 (capped) [cached]
2026-08-02 23:18:47,868 | INFO    | molsanity | [stage cell_SynthMotifs__MPNN__IntegratedGradients__scaffold__seed2] cache hit (aed444f019c6fdfe) — skipping
2026-08-02 23:18:47,869 | INFO    | molsanity | [cell SynthMotifs__MPNN__IntegratedGradients__scaffold__seed2] DONE — acc=0.91 gt_auroc=0.9131200000000002 n=200 (capped) [cached]
2026-08-02 23:18:48,417 | INFO    | molsanity | [stage cell_SynthMotifs__MPNN__IntegratedGradients__random__seed0] cache hit (6e5c645637de4293) — skipping
2026-08-02 23:18:48,417 | INFO    | molsanity | [cell SynthMotifs__MPNN__IntegratedGradients__random__seed0] DONE — acc=0.98 gt_auroc=0.81172 n=200 (capped) [cached]
2026-08-02 23:18:49,017 | INFO    | molsanity | [stage cell_SynthMotifs__MPNN__IntegratedGradients__random__seed1] cache hit (0645410eeb3f861d) — skipping
2026-08-02 23:18:49,018 | INFO    | molsanity | [cell SynthMotifs__MPNN__IntegratedGradients__random__seed1] DONE — acc=0.99 gt_auroc=0.8999600000000001 n=200 (capped) [cached]
2026-08-02 23:18:49,603 | INFO    | molsanity | [stage cell_SynthMotifs__MPNN__IntegratedGradients__random__seed2] cache hit (33dded6901cb933f) — skipping
2026-08-02 23:18:49,603 | INFO    | molsanity | [cell SynthMotifs__MPNN__IntegratedGradients__random__seed2] DONE — acc=1.00 gt_auroc=0.9031199999999999 n=200 (capped) [cached]
2026-08-02 23:18:50,192 | INFO    | molsanity | [stage cell_SynthMotifs__AttentiveFP__IntegratedGradients__scaffold__seed0] cache hit (f868cbeb325aa0c4) — skipping
2026-08-02 23:18:50,192 | INFO    | molsanity | [cell SynthMotifs__AttentiveFP__IntegratedGradients__scaffold__seed0] DONE — acc=0.91 gt_auroc=0.8753200000000001 n=200 (capped) [cached]
2026-08-02 23:18:50,792 | INFO    | molsanity | [stage cell_SynthMotifs__AttentiveFP__IntegratedGradients__scaffold__seed1] cache hit (2714a524194af1b7) — skipping
2026-08-02 23:18:50,792 | INFO    | molsanity | [cell SynthMotifs__AttentiveFP__IntegratedGradients__scaffold__seed1] DONE — acc=0.89 gt_auroc=0.8198400000000001 n=200 (capped) [cached]
2026-08-02 23:18:51,364 | INFO    | molsanity | [stage cell_SynthMotifs__AttentiveFP__IntegratedGradients__scaffold__seed2] cache hit (cef10b3ea908cb16) — skipping
2026-08-02 23:18:51,364 | INFO    | molsanity | [cell SynthMotifs__AttentiveFP__IntegratedGradients__scaffold__seed2] DONE — acc=0.82 gt_auroc=0.9571200000000001 n=200 (capped) [cached]
2026-08-02 23:18:51,978 | INFO    | molsanity | [stage cell_SynthMotifs__AttentiveFP__IntegratedGradients__random__seed0] cache hit (be6310cea51da325) — skipping
2026-08-02 23:18:51,978 | INFO    | molsanity | [cell SynthMotifs__AttentiveFP__IntegratedGradients__random__seed0] DONE — acc=0.97 gt_auroc=0.7764 n=200 (capped) [cached]
2026-08-02 23:18:52,537 | INFO    | molsanity | [stage cell_SynthMotifs__AttentiveFP__IntegratedGradients__random__seed1] cache hit (31821c4b22e4c233) — skipping
2026-08-02 23:18:52,537 | INFO    | molsanity | [cell SynthMotifs__AttentiveFP__IntegratedGradients__random__seed1] DONE — acc=0.98 gt_auroc=0.9398400000000001 n=200 (capped) [cached]
2026-08-02 23:18:53,121 | INFO    | molsanity | [stage cell_SynthMotifs__AttentiveFP__IntegratedGradients__random__seed2] cache hit (036246f8fc4bfa9f) — skipping
2026-08-02 23:18:53,121 | INFO    | molsanity | [cell SynthMotifs__AttentiveFP__IntegratedGradients__random__seed2] DONE — acc=0.98 gt_auroc=0.8982399999999999 n=200 (capped) [cached]
2026-08-02 23:18:53,705 | INFO    | molsanity | [stage cell_MUTAG__GINE__IntegratedGradients__scaffold__seed0] cache hit (ad76d0254702f98c) — skipping
2026-08-02 23:18:53,705 | INFO    | molsanity | [cell MUTAG__GINE__IntegratedGradients__scaffold__seed0] DONE — acc=0.83 gt_auroc=0.5714079883613735 n=53 (capped) [cached]
2026-08-02 23:18:54,285 | INFO    | molsanity | [stage cell_MUTAG__GINE__IntegratedGradients__scaffold__seed1] cache hit (418092f0fede1664) — skipping
2026-08-02 23:18:54,285 | INFO    | molsanity | [cell MUTAG__GINE__IntegratedGradients__scaffold__seed1] DONE — acc=0.58 gt_auroc=0.016418946080433316 n=53 (capped) [cached]
2026-08-02 23:18:54,863 | INFO    | molsanity | [stage cell_MUTAG__GINE__IntegratedGradients__scaffold__seed2] cache hit (e79a45740ab89d57) — skipping
2026-08-02 23:18:54,863 | INFO    | molsanity | [cell MUTAG__GINE__IntegratedGradients__scaffold__seed2] DONE — acc=0.87 gt_auroc=0.5276862493982359 n=53 (capped) [cached]
2026-08-02 23:18:55,421 | INFO    | molsanity | [stage cell_MUTAG__GINE__IntegratedGradients__random__seed0] cache hit (d4fbdab4b540d133) — skipping
2026-08-02 23:18:55,422 | INFO    | molsanity | [cell MUTAG__GINE__IntegratedGradients__random__seed0] DONE — acc=0.53 gt_auroc=0.052496601888082625 n=58 (capped) [cached]
2026-08-02 23:18:55,979 | INFO    | molsanity | [stage cell_MUTAG__GINE__IntegratedGradients__random__seed1] cache hit (4300ff5c400332c8) — skipping
2026-08-02 23:18:55,980 | INFO    | molsanity | [cell MUTAG__GINE__IntegratedGradients__random__seed1] DONE — acc=0.81 gt_auroc=0.6122331818809479 n=58 (capped) [cached]
2026-08-02 23:18:56,549 | INFO    | molsanity | [stage cell_MUTAG__GINE__IntegratedGradients__random__seed2] cache hit (89ae96df2404e600) — skipping
2026-08-02 23:18:56,549 | INFO    | molsanity | [cell MUTAG__GINE__IntegratedGradients__random__seed2] DONE — acc=0.90 gt_auroc=0.4956688191982309 n=58 (capped) [cached]
2026-08-02 23:18:57,146 | INFO    | molsanity | [stage cell_MUTAG__GINE__Saliency__scaffold__seed0] cache hit (2057067ab22b0ecf) — skipping
2026-08-02 23:18:57,146 | INFO    | molsanity | [cell MUTAG__GINE__Saliency__scaffold__seed0] DONE — acc=0.83 gt_auroc=0.009125662843753855 n=53 (capped) [cached]
2026-08-02 23:18:57,748 | INFO    | molsanity | [stage cell_MUTAG__GINE__Saliency__scaffold__seed1] cache hit (20887725af81a784) — skipping
2026-08-02 23:18:57,748 | INFO    | molsanity | [cell MUTAG__GINE__Saliency__scaffold__seed1] DONE — acc=0.58 gt_auroc=0.10091138565056433 n=53 (capped) [cached]
2026-08-02 23:18:58,366 | INFO    | molsanity | [stage cell_MUTAG__GINE__Saliency__scaffold__seed2] cache hit (78acaf0348453794) — skipping
2026-08-02 23:18:58,366 | INFO    | molsanity | [cell MUTAG__GINE__Saliency__scaffold__seed2] DONE — acc=0.87 gt_auroc=0.013739370343143925 n=53 (capped) [cached]
2026-08-02 23:18:58,949 | INFO    | molsanity | [stage cell_MUTAG__GINE__Saliency__random__seed0] cache hit (ae49521b02afcf41) — skipping
2026-08-02 23:18:58,949 | INFO    | molsanity | [cell MUTAG__GINE__Saliency__random__seed0] DONE — acc=0.53 gt_auroc=0.029480792196309433 n=58 (capped) [cached]
2026-08-02 23:18:59,592 | INFO    | molsanity | [stage cell_MUTAG__GINE__Saliency__random__seed1] cache hit (341703ac7e1ee699) — skipping
2026-08-02 23:18:59,592 | INFO    | molsanity | [cell MUTAG__GINE__Saliency__random__seed1] DONE — acc=0.81 gt_auroc=0.005584599740279254 n=58 (capped) [cached]
2026-08-02 23:19:00,157 | INFO    | molsanity | [stage cell_MUTAG__GINE__Saliency__random__seed2] cache hit (6904078b43ef0b42) — skipping
2026-08-02 23:19:00,157 | INFO    | molsanity | [cell MUTAG__GINE__Saliency__random__seed2] DONE — acc=0.90 gt_auroc=0.0017959770114942526 n=58 (capped) [cached]
2026-08-02 23:19:00,787 | INFO    | molsanity | [stage cell_MUTAG__GINE__InputXGradient__scaffold__seed0] cache hit (d638b5c9e9971bdd) — skipping
2026-08-02 23:19:00,787 | INFO    | molsanity | [cell MUTAG__GINE__InputXGradient__scaffold__seed0] DONE — acc=0.83 gt_auroc=0.032174127512640274 n=53 (capped) [cached]
2026-08-02 23:19:01,343 | INFO    | molsanity | [stage cell_MUTAG__GINE__InputXGradient__scaffold__seed1] cache hit (a2ed9ad867971cb1) — skipping
2026-08-02 23:19:01,343 | INFO    | molsanity | [cell MUTAG__GINE__InputXGradient__scaffold__seed1] DONE — acc=0.58 gt_auroc=0.04944076610280828 n=53 (capped) [cached]
2026-08-02 23:19:01,941 | INFO    | molsanity | [stage cell_MUTAG__GINE__InputXGradient__scaffold__seed2] cache hit (573a48c330bd2e16) — skipping
2026-08-02 23:19:01,942 | INFO    | molsanity | [cell MUTAG__GINE__InputXGradient__scaffold__seed2] DONE — acc=0.87 gt_auroc=0.048034317595915824 n=53 (capped) [cached]
2026-08-02 23:19:02,545 | INFO    | molsanity | [stage cell_MUTAG__GINE__InputXGradient__random__seed0] cache hit (3728be81bab9db42) — skipping
2026-08-02 23:19:02,545 | INFO    | molsanity | [cell MUTAG__GINE__InputXGradient__random__seed0] DONE — acc=0.53 gt_auroc=0.06584852774000848 n=58 (capped) [cached]
2026-08-02 23:19:03,124 | INFO    | molsanity | [stage cell_MUTAG__GINE__InputXGradient__random__seed1] cache hit (9c9fb4c30aa1cbe1) — skipping
2026-08-02 23:19:03,125 | INFO    | molsanity | [cell MUTAG__GINE__InputXGradient__random__seed1] DONE — acc=0.81 gt_auroc=0.024886085918833865 n=58 (capped) [cached]
2026-08-02 23:19:03,993 | INFO    | molsanity | [stage cell_MUTAG__GINE__InputXGradient__random__seed2] cache hit (46c5b9d3394a9393) — skipping
2026-08-02 23:19:03,993 | INFO    | molsanity | [cell MUTAG__GINE__InputXGradient__random__seed2] DONE — acc=0.90 gt_auroc=0.013035591483867345 n=58 (capped) [cached]
2026-08-02 23:19:04,583 | INFO    | molsanity | [stage cell_MUTAG__GINE__GuidedBackprop__scaffold__seed0] cache hit (b2842318cfed4d37) — skipping
2026-08-02 23:19:04,583 | INFO    | molsanity | [cell MUTAG__GINE__GuidedBackprop__scaffold__seed0] DONE — acc=0.83 gt_auroc=0.006614797624786526 n=53 (capped) [cached]
2026-08-02 23:19:05,169 | INFO    | molsanity | [stage cell_MUTAG__GINE__GuidedBackprop__scaffold__seed1] cache hit (5813f18bb49cebbc) — skipping
2026-08-02 23:19:05,169 | INFO    | molsanity | [cell MUTAG__GINE__GuidedBackprop__scaffold__seed1] DONE — acc=0.58 gt_auroc=0.014272161122882543 n=53 (capped) [cached]
2026-08-02 23:19:05,759 | INFO    | molsanity | [stage cell_MUTAG__GINE__GuidedBackprop__scaffold__seed2] cache hit (aa8255c5562c2f51) — skipping
2026-08-02 23:19:05,759 | INFO    | molsanity | [cell MUTAG__GINE__GuidedBackprop__scaffold__seed2] DONE — acc=0.87 gt_auroc=0.14577408245554746 n=53 (capped) [cached]
2026-08-02 23:19:06,344 | INFO    | molsanity | [stage cell_MUTAG__GINE__GuidedBackprop__random__seed0] cache hit (f64a56eee9ff5c02) — skipping
2026-08-02 23:19:06,344 | INFO    | molsanity | [cell MUTAG__GINE__GuidedBackprop__random__seed0] DONE — acc=0.53 gt_auroc=0.22485861510962932 n=58 (capped) [cached]
2026-08-02 23:19:06,921 | INFO    | molsanity | [stage cell_MUTAG__GINE__GuidedBackprop__random__seed1] cache hit (5197fd8710dcaee0) — skipping
2026-08-02 23:19:06,921 | INFO    | molsanity | [cell MUTAG__GINE__GuidedBackprop__random__seed1] DONE — acc=0.81 gt_auroc=0.030085411861861092 n=58 (capped) [cached]
2026-08-02 23:19:07,502 | INFO    | molsanity | [stage cell_MUTAG__GINE__GuidedBackprop__random__seed2] cache hit (c58f165f2742c7f0) — skipping
2026-08-02 23:19:07,503 | INFO    | molsanity | [cell MUTAG__GINE__GuidedBackprop__random__seed2] DONE — acc=0.90 gt_auroc=0.03692739346897562 n=58 (capped) [cached]
2026-08-02 23:19:08,339 | INFO    | molsanity | [stage cell_MUTAG__GINE__GNNExplainer__scaffold__seed0] cache hit (733d7a15b2ef525c) — skipping
2026-08-02 23:19:08,339 | INFO    | molsanity | [cell MUTAG__GINE__GNNExplainer__scaffold__seed0] DONE — acc=0.83 gt_auroc=0.7230835584956007 n=53 (capped) [cached]
2026-08-02 23:19:08,968 | INFO    | molsanity | [stage cell_MUTAG__GINE__GNNExplainer__scaffold__seed1] cache hit (69c381cb03e886a2) — skipping
2026-08-02 23:19:08,968 | INFO    | molsanity | [cell MUTAG__GINE__GNNExplainer__scaffold__seed1] DONE — acc=0.58 gt_auroc=0.4818052071659174 n=53 (capped) [cached]
2026-08-02 23:19:09,598 | INFO    | molsanity | [stage cell_MUTAG__GINE__GNNExplainer__scaffold__seed2] cache hit (e07f3ebc59924d4d) — skipping
2026-08-02 23:19:09,598 | INFO    | molsanity | [cell MUTAG__GINE__GNNExplainer__scaffold__seed2] DONE — acc=0.87 gt_auroc=0.5344672202052891 n=53 (capped) [cached]
2026-08-02 23:19:10,146 | INFO    | molsanity | [stage cell_MUTAG__GINE__GNNExplainer__random__seed0] cache hit (83f6206f8aa6c800) — skipping
2026-08-02 23:19:10,146 | INFO    | molsanity | [cell MUTAG__GINE__GNNExplainer__random__seed0] DONE — acc=0.53 gt_auroc=0.4478129307680524 n=58 (capped) [cached]
2026-08-02 23:19:10,711 | INFO    | molsanity | [stage cell_MUTAG__GINE__GNNExplainer__random__seed1] cache hit (4c93fbf63929b159) — skipping
2026-08-02 23:19:10,711 | INFO    | molsanity | [cell MUTAG__GINE__GNNExplainer__random__seed1] DONE — acc=0.81 gt_auroc=0.7279442813882203 n=58 (capped) [cached]
2026-08-02 23:19:11,311 | INFO    | molsanity | [stage cell_MUTAG__GINE__GNNExplainer__random__seed2] cache hit (d51b0fcc9cc85506) — skipping
2026-08-02 23:19:11,311 | INFO    | molsanity | [cell MUTAG__GINE__GNNExplainer__random__seed2] DONE — acc=0.90 gt_auroc=0.8578171940748005 n=58 (capped) [cached]
2026-08-02 23:19:11,878 | INFO    | molsanity | [stage cell_MUTAG__GINE__PGExplainer__scaffold__seed0] cache hit (7ce30055dcdfc523) — skipping
2026-08-02 23:19:11,878 | INFO    | molsanity | [cell MUTAG__GINE__PGExplainer__scaffold__seed0] DONE — acc=0.83 gt_auroc=0.039247657324793836 n=53 (capped) [cached]
2026-08-02 23:19:12,474 | INFO    | molsanity | [stage cell_MUTAG__GINE__PGExplainer__scaffold__seed1] cache hit (05cdf0b021b492f6) — skipping
2026-08-02 23:19:12,475 | INFO    | molsanity | [cell MUTAG__GINE__PGExplainer__scaffold__seed1] DONE — acc=0.58 gt_auroc=0.9881239326300368 n=53 (capped) [cached]
2026-08-02 23:19:13,053 | INFO    | molsanity | [stage cell_MUTAG__GINE__PGExplainer__scaffold__seed2] cache hit (698af9e7e2076ab2) — skipping
2026-08-02 23:19:13,053 | INFO    | molsanity | [cell MUTAG__GINE__PGExplainer__scaffold__seed2] DONE — acc=0.87 gt_auroc=0.9811567394253298 n=53 (capped) [cached]
2026-08-02 23:19:13,606 | INFO    | molsanity | [stage cell_MUTAG__GINE__PGExplainer__random__seed0] cache hit (0aed256a98e6c327) — skipping
2026-08-02 23:19:13,606 | INFO    | molsanity | [cell MUTAG__GINE__PGExplainer__random__seed0] DONE — acc=0.53 gt_auroc=0.9956896551724138 n=58 (capped) [cached]
2026-08-02 23:19:14,173 | INFO    | molsanity | [stage cell_MUTAG__GINE__PGExplainer__random__seed1] cache hit (4e0253c0191cb1ed) — skipping
2026-08-02 23:19:14,174 | INFO    | molsanity | [cell MUTAG__GINE__PGExplainer__random__seed1] DONE — acc=0.81 gt_auroc=0.7430817492176518 n=58 (capped) [cached]
2026-08-02 23:19:14,772 | INFO    | molsanity | [stage cell_MUTAG__GINE__PGExplainer__random__seed2] cache hit (1789fc5a744c78e5) — skipping
2026-08-02 23:19:14,772 | INFO    | molsanity | [cell MUTAG__GINE__PGExplainer__random__seed2] DONE — acc=0.90 gt_auroc=0.250733136876646 n=58 (capped) [cached]
2026-08-02 23:19:15,335 | INFO    | molsanity | [stage cell_MUTAG__GINE__SubgraphX__scaffold__seed0] cache hit (74d4808fb4335e8a) — skipping
2026-08-02 23:19:15,335 | INFO    | molsanity | [cell MUTAG__GINE__SubgraphX__scaffold__seed0] DONE — acc=0.83 gt_auroc=0.3503802362084827 n=53 (capped) [cached]
2026-08-02 23:19:15,911 | INFO    | molsanity | [stage cell_MUTAG__GINE__SubgraphX__scaffold__seed1] cache hit (4daf6f79bb0e8ef6) — skipping
2026-08-02 23:19:15,911 | INFO    | molsanity | [cell MUTAG__GINE__SubgraphX__scaffold__seed1] DONE — acc=0.58 gt_auroc=0.3525818498002183 n=53 (capped) [cached]
2026-08-02 23:19:16,492 | INFO    | molsanity | [stage cell_MUTAG__GINE__SubgraphX__scaffold__seed2] cache hit (497332892a6287d1) — skipping
2026-08-02 23:19:16,493 | INFO    | molsanity | [cell MUTAG__GINE__SubgraphX__scaffold__seed2] DONE — acc=0.87 gt_auroc=0.4524091805653959 n=53 (capped) [cached]
2026-08-02 23:19:17,126 | INFO    | molsanity | [stage cell_MUTAG__GINE__SubgraphX__random__seed0] cache hit (282f52bab8f5ae42) — skipping
2026-08-02 23:19:17,126 | INFO    | molsanity | [cell MUTAG__GINE__SubgraphX__random__seed0] DONE — acc=0.53 gt_auroc=0.3419885683957692 n=58 (capped) [cached]
2026-08-02 23:19:17,711 | INFO    | molsanity | [stage cell_MUTAG__GINE__SubgraphX__random__seed1] cache hit (8ae176b3ef0e670e) — skipping
2026-08-02 23:19:17,711 | INFO    | molsanity | [cell MUTAG__GINE__SubgraphX__random__seed1] DONE — acc=0.81 gt_auroc=0.4886552383286263 n=58 (capped) [cached]
2026-08-02 23:19:18,279 | INFO    | molsanity | [stage cell_MUTAG__GINE__SubgraphX__random__seed2] cache hit (f8de002d4d207692) — skipping
2026-08-02 23:19:18,280 | INFO    | molsanity | [cell MUTAG__GINE__SubgraphX__random__seed2] DONE — acc=0.90 gt_auroc=0.3478595989878952 n=58 (capped) [cached]
2026-08-02 23:19:18,845 | INFO    | molsanity | [stage cell_MUTAG__GCN__IntegratedGradients__scaffold__seed0] cache hit (6b582fddf07d1c36) — skipping
2026-08-02 23:19:18,846 | INFO    | molsanity | [cell MUTAG__GCN__IntegratedGradients__scaffold__seed0] DONE — acc=0.25 gt_auroc=0.9789477848578848 n=53 (capped) [cached]
2026-08-02 23:19:19,445 | INFO    | molsanity | [stage cell_MUTAG__GCN__IntegratedGradients__scaffold__seed1] cache hit (701dfa9f6f6592b8) — skipping
2026-08-02 23:19:19,446 | INFO    | molsanity | [cell MUTAG__GCN__IntegratedGradients__scaffold__seed1] DONE — acc=0.25 gt_auroc=0.033764952521889255 n=53 (capped) [cached]
2026-08-02 23:19:20,016 | INFO    | molsanity | [stage cell_MUTAG__GCN__IntegratedGradients__scaffold__seed2] cache hit (f904392543480a60) — skipping
2026-08-02 23:19:20,017 | INFO    | molsanity | [cell MUTAG__GCN__IntegratedGradients__scaffold__seed2] DONE — acc=0.75 gt_auroc=0.1742624180193547 n=53 (capped) [cached]
2026-08-02 23:19:20,657 | INFO    | molsanity | [stage cell_MUTAG__GCN__IntegratedGradients__random__seed0] cache hit (21451882e2988389) — skipping
2026-08-02 23:19:20,658 | INFO    | molsanity | [cell MUTAG__GCN__IntegratedGradients__random__seed0] DONE — acc=0.78 gt_auroc=0.17031666285596303 n=58 (capped) [cached]
2026-08-02 23:19:21,261 | INFO    | molsanity | [stage cell_MUTAG__GCN__IntegratedGradients__random__seed1] cache hit (c1785a15fc28f579) — skipping
2026-08-02 23:19:21,261 | INFO    | molsanity | [cell MUTAG__GCN__IntegratedGradients__random__seed1] DONE — acc=0.36 gt_auroc=0.37853816411318814 n=58 (capped) [cached]
2026-08-02 23:19:21,829 | INFO    | molsanity | [stage cell_MUTAG__GCN__IntegratedGradients__random__seed2] cache hit (f5bbf4903584b021) — skipping
2026-08-02 23:19:21,829 | INFO    | molsanity | [cell MUTAG__GCN__IntegratedGradients__random__seed2] DONE — acc=0.78 gt_auroc=0.5507647576486319 n=58 (capped) [cached]
2026-08-02 23:19:22,511 | INFO    | molsanity | [stage cell_MUTAG__GAT__IntegratedGradients__scaffold__seed0] cache hit (8b6347450d26993d) — skipping
2026-08-02 23:19:22,511 | INFO    | molsanity | [cell MUTAG__GAT__IntegratedGradients__scaffold__seed0] DONE — acc=0.83 gt_auroc=0.4245492273377955 n=53 (capped) [cached]
2026-08-02 23:19:23,288 | INFO    | molsanity | [stage cell_MUTAG__GAT__IntegratedGradients__scaffold__seed1] cache hit (ffb1a0a002b34ac2) — skipping
2026-08-02 23:19:23,288 | INFO    | molsanity | [cell MUTAG__GAT__IntegratedGradients__scaffold__seed1] DONE — acc=0.83 gt_auroc=0.3924290193713056 n=53 (capped) [cached]
2026-08-02 23:19:23,849 | INFO    | molsanity | [stage cell_MUTAG__GAT__IntegratedGradients__scaffold__seed2] cache hit (66205bd7cc37a992) — skipping
2026-08-02 23:19:23,849 | INFO    | molsanity | [cell MUTAG__GAT__IntegratedGradients__scaffold__seed2] DONE — acc=0.75 gt_auroc=0.22234119931123258 n=53 (capped) [cached]
2026-08-02 23:19:24,392 | INFO    | molsanity | [stage cell_MUTAG__GAT__IntegratedGradients__random__seed0] cache hit (181d298c876a0f62) — skipping
2026-08-02 23:19:24,392 | INFO    | molsanity | [cell MUTAG__GAT__IntegratedGradients__random__seed0] DONE — acc=0.74 gt_auroc=0.6887873137492813 n=58 (capped) [cached]
2026-08-02 23:19:24,956 | INFO    | molsanity | [stage cell_MUTAG__GAT__IntegratedGradients__random__seed1] cache hit (df293efa3d4ffeda) — skipping
2026-08-02 23:19:24,956 | INFO    | molsanity | [cell MUTAG__GAT__IntegratedGradients__random__seed1] DONE — acc=0.36 gt_auroc=0.049930825345846155 n=58 (capped) [cached]
2026-08-02 23:19:25,565 | INFO    | molsanity | [stage cell_MUTAG__GAT__IntegratedGradients__random__seed2] cache hit (3dbffbf5617314dd) — skipping
2026-08-02 23:19:25,565 | INFO    | molsanity | [cell MUTAG__GAT__IntegratedGradients__random__seed2] DONE — acc=0.76 gt_auroc=0.4611851433162285 n=58 (capped) [cached]
2026-08-02 23:19:26,138 | INFO    | molsanity | [stage cell_MUTAG__MPNN__IntegratedGradients__scaffold__seed0] cache hit (23ca9f53cf54934a) — skipping
2026-08-02 23:19:26,138 | INFO    | molsanity | [cell MUTAG__MPNN__IntegratedGradients__scaffold__seed0] DONE — acc=0.83 gt_auroc=0.7057657453328928 n=53 (capped) [cached]
2026-08-02 23:19:26,729 | INFO    | molsanity | [stage cell_MUTAG__MPNN__IntegratedGradients__scaffold__seed1] cache hit (71162f7ee864fe77) — skipping
2026-08-02 23:19:26,729 | INFO    | molsanity | [cell MUTAG__MPNN__IntegratedGradients__scaffold__seed1] DONE — acc=0.25 gt_auroc=0.9512012333044519 n=53 (capped) [cached]
2026-08-02 23:19:27,300 | INFO    | molsanity | [stage cell_MUTAG__MPNN__IntegratedGradients__scaffold__seed2] cache hit (3cc18023f6117e0d) — skipping
2026-08-02 23:19:27,300 | INFO    | molsanity | [cell MUTAG__MPNN__IntegratedGradients__scaffold__seed2] DONE — acc=0.83 gt_auroc=0.12351268167028433 n=53 (capped) [cached]
2026-08-02 23:19:27,892 | INFO    | molsanity | [stage cell_MUTAG__MPNN__IntegratedGradients__random__seed0] cache hit (726d4b62e0a51eb7) — skipping
2026-08-02 23:19:27,893 | INFO    | molsanity | [cell MUTAG__MPNN__IntegratedGradients__random__seed0] DONE — acc=0.86 gt_auroc=0.1440280326690063 n=58 (capped) [cached]
2026-08-02 23:19:28,447 | INFO    | molsanity | [stage cell_MUTAG__MPNN__IntegratedGradients__random__seed1] cache hit (b874bd98002c9724) — skipping
2026-08-02 23:19:28,447 | INFO    | molsanity | [cell MUTAG__MPNN__IntegratedGradients__random__seed1] DONE — acc=0.72 gt_auroc=0.038234113586080594 n=58 (capped) [cached]
2026-08-02 23:19:29,035 | INFO    | molsanity | [stage cell_MUTAG__MPNN__IntegratedGradients__random__seed2] cache hit (75b2c2a93e258898) — skipping
2026-08-02 23:19:29,035 | INFO    | molsanity | [cell MUTAG__MPNN__IntegratedGradients__random__seed2] DONE — acc=0.78 gt_auroc=0.12661135606749194 n=58 (capped) [cached]
2026-08-02 23:19:29,600 | INFO    | molsanity | [stage cell_MUTAG__AttentiveFP__IntegratedGradients__scaffold__seed0] cache hit (b070f2b1bf37e1de) — skipping
2026-08-02 23:19:29,601 | INFO    | molsanity | [cell MUTAG__AttentiveFP__IntegratedGradients__scaffold__seed0] DONE — acc=0.72 gt_auroc=0.04384727780954196 n=53 (capped) [cached]
2026-08-02 23:19:30,198 | INFO    | molsanity | [stage cell_MUTAG__AttentiveFP__IntegratedGradients__scaffold__seed1] cache hit (2d642e7e9e09ed56) — skipping
2026-08-02 23:19:30,198 | INFO    | molsanity | [cell MUTAG__AttentiveFP__IntegratedGradients__scaffold__seed1] DONE — acc=0.75 gt_auroc=0.3373382362283582 n=53 (capped) [cached]
2026-08-02 23:19:30,785 | INFO    | molsanity | [stage cell_MUTAG__AttentiveFP__IntegratedGradients__scaffold__seed2] cache hit (170151a3fc969ace) — skipping
2026-08-02 23:19:30,785 | INFO    | molsanity | [cell MUTAG__AttentiveFP__IntegratedGradients__scaffold__seed2] DONE — acc=0.75 gt_auroc=0.04433682248610107 n=53 (capped) [cached]
2026-08-02 23:19:31,359 | INFO    | molsanity | [stage cell_MUTAG__AttentiveFP__IntegratedGradients__random__seed0] cache hit (7b1cba9dd50a0b54) — skipping
2026-08-02 23:19:31,359 | INFO    | molsanity | [cell MUTAG__AttentiveFP__IntegratedGradients__random__seed0] DONE — acc=0.72 gt_auroc=0.04713550901431225 n=58 (capped) [cached]
2026-08-02 23:19:31,932 | INFO    | molsanity | [stage cell_MUTAG__AttentiveFP__IntegratedGradients__random__seed1] cache hit (5674bbc7a064d2db) — skipping
2026-08-02 23:19:31,933 | INFO    | molsanity | [cell MUTAG__AttentiveFP__IntegratedGradients__random__seed1] DONE — acc=0.81 gt_auroc=0.033601925527034955 n=58 (capped) [cached]
2026-08-02 23:19:32,503 | INFO    | molsanity | [stage cell_MUTAG__AttentiveFP__IntegratedGradients__random__seed2] cache hit (a1f43f938b04b56c) — skipping
2026-08-02 23:19:32,503 | INFO    | molsanity | [cell MUTAG__AttentiveFP__IntegratedGradients__random__seed2] DONE — acc=0.67 gt_auroc=0.03910418801392432 n=58 (capped) [cached]
2026-08-02 23:19:33,077 | INFO    | molsanity | [stage cell_MolMotif__GINE__IntegratedGradients__scaffold__seed0] cache hit (60cc9a375c19f445) — skipping
2026-08-02 23:19:33,077 | INFO    | molsanity | [cell MolMotif__GINE__IntegratedGradients__scaffold__seed0] DONE — acc=0.98 gt_auroc=0.8295341221285595 n=200 (capped) [cached]
2026-08-02 23:19:33,629 | INFO    | molsanity | [stage cell_MolMotif__GINE__IntegratedGradients__scaffold__seed1] cache hit (2b7d85127b04ad57) — skipping
2026-08-02 23:19:33,629 | INFO    | molsanity | [cell MolMotif__GINE__IntegratedGradients__scaffold__seed1] DONE — acc=0.98 gt_auroc=0.8059272792718185 n=200 (capped) [cached]
2026-08-02 23:19:34,275 | INFO    | molsanity | [stage cell_MolMotif__GINE__IntegratedGradients__scaffold__seed2] cache hit (fd38808c2c40c993) — skipping
2026-08-02 23:19:34,275 | INFO    | molsanity | [cell MolMotif__GINE__IntegratedGradients__scaffold__seed2] DONE — acc=0.91 gt_auroc=0.9839498607263668 n=200 (capped) [cached]
2026-08-02 23:19:34,825 | INFO    | molsanity | [stage cell_MolMotif__GINE__IntegratedGradients__random__seed0] cache hit (7773f68dbbba59ba) — skipping
2026-08-02 23:19:34,826 | INFO    | molsanity | [cell MolMotif__GINE__IntegratedGradients__random__seed0] DONE — acc=0.97 gt_auroc=0.9191083485338464 n=200 (capped) [cached]
2026-08-02 23:19:35,413 | INFO    | molsanity | [stage cell_MolMotif__GINE__IntegratedGradients__random__seed1] cache hit (893f7bf04718c5b6) — skipping
2026-08-02 23:19:35,413 | INFO    | molsanity | [cell MolMotif__GINE__IntegratedGradients__random__seed1] DONE — acc=0.81 gt_auroc=0.9626544605933575 n=200 (capped) [cached]
2026-08-02 23:19:36,133 | INFO    | molsanity | [stage cell_MolMotif__GINE__IntegratedGradients__random__seed2] cache hit (735a171d5de4d914) — skipping
2026-08-02 23:19:36,133 | INFO    | molsanity | [cell MolMotif__GINE__IntegratedGradients__random__seed2] DONE — acc=1.00 gt_auroc=0.9724428179553897 n=200 (capped) [cached]
2026-08-02 23:19:36,699 | INFO    | molsanity | [stage cell_MolMotif__GINE__Saliency__scaffold__seed0] cache hit (0918df4f00492537) — skipping
2026-08-02 23:19:36,699 | INFO    | molsanity | [cell MolMotif__GINE__Saliency__scaffold__seed0] DONE — acc=0.98 gt_auroc=0.9989183440977171 n=200 (capped) [cached]
2026-08-02 23:19:37,299 | INFO    | molsanity | [stage cell_MolMotif__GINE__Saliency__scaffold__seed1] cache hit (8cdf93ce28edb1d7) — skipping
2026-08-02 23:19:37,300 | INFO    | molsanity | [cell MolMotif__GINE__Saliency__scaffold__seed1] DONE — acc=0.98 gt_auroc=0.995255654426607 n=200 (capped) [cached]
2026-08-02 23:19:37,877 | INFO    | molsanity | [stage cell_MolMotif__GINE__Saliency__scaffold__seed2] cache hit (4c1e50b3c5c3937d) — skipping
2026-08-02 23:19:37,877 | INFO    | molsanity | [cell MolMotif__GINE__Saliency__scaffold__seed2] DONE — acc=0.91 gt_auroc=0.9984666015611943 n=200 (capped) [cached]
2026-08-02 23:19:38,472 | INFO    | molsanity | [stage cell_MolMotif__GINE__Saliency__random__seed0] cache hit (e6306fca9cff3156) — skipping
2026-08-02 23:19:38,472 | INFO    | molsanity | [cell MolMotif__GINE__Saliency__random__seed0] DONE — acc=0.97 gt_auroc=0.9904156582888339 n=200 (capped) [cached]
2026-08-02 23:19:39,051 | INFO    | molsanity | [stage cell_MolMotif__GINE__Saliency__random__seed1] cache hit (3b3496e5c0bd7635) — skipping
2026-08-02 23:19:39,051 | INFO    | molsanity | [cell MolMotif__GINE__Saliency__random__seed1] DONE — acc=0.81 gt_auroc=0.9986173162374535 n=200 (capped) [cached]
2026-08-02 23:19:39,790 | INFO    | molsanity | [stage cell_MolMotif__GINE__Saliency__random__seed2] cache hit (259fc5a6c3bfd4a2) — skipping
2026-08-02 23:19:39,790 | INFO    | molsanity | [cell MolMotif__GINE__Saliency__random__seed2] DONE — acc=1.00 gt_auroc=0.9944049905280087 n=200 (capped) [cached]
2026-08-02 23:19:40,603 | INFO    | molsanity | [stage cell_MolMotif__GINE__InputXGradient__scaffold__seed0] cache hit (7fdf233c3c667bdb) — skipping
2026-08-02 23:19:40,603 | INFO    | molsanity | [cell MolMotif__GINE__InputXGradient__scaffold__seed0] DONE — acc=0.98 gt_auroc=0.9990957912387948 n=200 (capped) [cached]
2026-08-02 23:19:41,178 | INFO    | molsanity | [stage cell_MolMotif__GINE__InputXGradient__scaffold__seed1] cache hit (09d8c2963955bb99) — skipping
2026-08-02 23:19:41,178 | INFO    | molsanity | [cell MolMotif__GINE__InputXGradient__scaffold__seed1] DONE — acc=0.98 gt_auroc=0.9959102935845328 n=200 (capped) [cached]
2026-08-02 23:19:41,786 | INFO    | molsanity | [stage cell_MolMotif__GINE__InputXGradient__scaffold__seed2] cache hit (06920ceef10e7a66) — skipping
2026-08-02 23:19:41,786 | INFO    | molsanity | [cell MolMotif__GINE__InputXGradient__scaffold__seed2] DONE — acc=0.91 gt_auroc=0.9987395537472417 n=200 (capped) [cached]
2026-08-02 23:19:42,363 | INFO    | molsanity | [stage cell_MolMotif__GINE__InputXGradient__random__seed0] cache hit (8a05069648673aaa) — skipping
2026-08-02 23:19:42,363 | INFO    | molsanity | [cell MolMotif__GINE__InputXGradient__random__seed0] DONE — acc=0.97 gt_auroc=0.9863293047406394 n=200 (capped) [cached]
2026-08-02 23:19:42,958 | INFO    | molsanity | [stage cell_MolMotif__GINE__InputXGradient__random__seed1] cache hit (de985a16a2ad46a4) — skipping
2026-08-02 23:19:42,958 | INFO    | molsanity | [cell MolMotif__GINE__InputXGradient__random__seed1] DONE — acc=0.81 gt_auroc=0.9996628421900161 n=200 (capped) [cached]
2026-08-02 23:19:43,530 | INFO    | molsanity | [stage cell_MolMotif__GINE__InputXGradient__random__seed2] cache hit (0ddce8d957af673e) — skipping
2026-08-02 23:19:43,530 | INFO    | molsanity | [cell MolMotif__GINE__InputXGradient__random__seed2] DONE — acc=1.00 gt_auroc=0.9993121892631697 n=200 (capped) [cached]
2026-08-02 23:19:44,116 | INFO    | molsanity | [stage cell_MolMotif__GINE__GuidedBackprop__scaffold__seed0] cache hit (23251fdbde54fd7b) — skipping
2026-08-02 23:19:44,117 | INFO    | molsanity | [cell MolMotif__GINE__GuidedBackprop__scaffold__seed0] DONE — acc=0.98 gt_auroc=0.9935624679649864 n=200 (capped) [cached]
2026-08-02 23:19:44,705 | INFO    | molsanity | [stage cell_MolMotif__GINE__GuidedBackprop__scaffold__seed1] cache hit (7d14964645eae269) — skipping
2026-08-02 23:19:44,706 | INFO    | molsanity | [cell MolMotif__GINE__GuidedBackprop__scaffold__seed1] DONE — acc=0.98 gt_auroc=0.9950358288741971 n=200 (capped) [cached]
2026-08-02 23:19:45,487 | INFO    | molsanity | [stage cell_MolMotif__GINE__GuidedBackprop__scaffold__seed2] cache hit (7375e71eda237a91) — skipping
2026-08-02 23:19:45,488 | INFO    | molsanity | [cell MolMotif__GINE__GuidedBackprop__scaffold__seed2] DONE — acc=0.91 gt_auroc=0.8816589761294222 n=200 (capped) [cached]
2026-08-02 23:19:46,063 | INFO    | molsanity | [stage cell_MolMotif__GINE__GuidedBackprop__random__seed0] cache hit (ab134a29a61beba6) — skipping
2026-08-02 23:19:46,063 | INFO    | molsanity | [cell MolMotif__GINE__GuidedBackprop__random__seed0] DONE — acc=0.97 gt_auroc=0.9814639191095337 n=200 (capped) [cached]
2026-08-02 23:19:46,703 | INFO    | molsanity | [stage cell_MolMotif__GINE__GuidedBackprop__random__seed1] cache hit (9564c53c0dd875af) — skipping
2026-08-02 23:19:46,703 | INFO    | molsanity | [cell MolMotif__GINE__GuidedBackprop__random__seed1] DONE — acc=0.81 gt_auroc=0.9350898441593138 n=200 (capped) [cached]
2026-08-02 23:19:47,837 | INFO    | molsanity | [stage cell_MolMotif__GINE__GuidedBackprop__random__seed2] cache hit (a28584642a3f5671) — skipping
2026-08-02 23:19:47,838 | INFO    | molsanity | [cell MolMotif__GINE__GuidedBackprop__random__seed2] DONE — acc=1.00 gt_auroc=0.9977738438525415 n=200 (capped) [cached]
2026-08-02 23:19:48,415 | INFO    | molsanity | [stage cell_MolMotif__GINE__GNNExplainer__scaffold__seed0] cache hit (05421cba918d3c95) — skipping
2026-08-02 23:19:48,416 | INFO    | molsanity | [cell MolMotif__GINE__GNNExplainer__scaffold__seed0] DONE — acc=0.98 gt_auroc=0.5908150574125223 n=200 (capped) [cached]
2026-08-02 23:19:48,977 | INFO    | molsanity | [stage cell_MolMotif__GINE__GNNExplainer__scaffold__seed1] cache hit (20d6565aa408e8d8) — skipping
2026-08-02 23:19:48,977 | INFO    | molsanity | [cell MolMotif__GINE__GNNExplainer__scaffold__seed1] DONE — acc=0.98 gt_auroc=0.5891556326869961 n=200 (capped) [cached]
2026-08-02 23:19:49,568 | INFO    | molsanity | [stage cell_MolMotif__GINE__GNNExplainer__scaffold__seed2] cache hit (a87c4870058aceb6) — skipping
2026-08-02 23:19:49,569 | INFO    | molsanity | [cell MolMotif__GINE__GNNExplainer__scaffold__seed2] DONE — acc=0.91 gt_auroc=0.6101405707110381 n=200 (capped) [cached]
2026-08-02 23:19:50,129 | INFO    | molsanity | [stage cell_MolMotif__GINE__GNNExplainer__random__seed0] cache hit (b0efd7bc5d969b55) — skipping
2026-08-02 23:19:50,130 | INFO    | molsanity | [cell MolMotif__GINE__GNNExplainer__random__seed0] DONE — acc=0.97 gt_auroc=0.6833528633217354 n=200 (capped) [cached]
2026-08-02 23:19:50,704 | INFO    | molsanity | [stage cell_MolMotif__GINE__GNNExplainer__random__seed1] cache hit (1349a62469128555) — skipping
2026-08-02 23:19:50,704 | INFO    | molsanity | [cell MolMotif__GINE__GNNExplainer__random__seed1] DONE — acc=0.81 gt_auroc=0.6104240422325831 n=200 (capped) [cached]
2026-08-02 23:19:51,333 | INFO    | molsanity | [stage cell_MolMotif__GINE__GNNExplainer__random__seed2] cache hit (216c191e4f4717bf) — skipping
2026-08-02 23:19:51,333 | INFO    | molsanity | [cell MolMotif__GINE__GNNExplainer__random__seed2] DONE — acc=1.00 gt_auroc=0.6304748497589063 n=200 (capped) [cached]
2026-08-02 23:19:51,895 | INFO    | molsanity | [stage cell_MolMotif__GINE__PGExplainer__scaffold__seed0] cache hit (965089d3250dba35) — skipping
2026-08-02 23:19:51,896 | INFO    | molsanity | [cell MolMotif__GINE__PGExplainer__scaffold__seed0] DONE — acc=0.98 gt_auroc=0.7156726768377253 n=200 (capped) [cached]
2026-08-02 23:19:52,464 | INFO    | molsanity | [stage cell_MolMotif__GINE__PGExplainer__scaffold__seed1] cache hit (d8968e12f11bf298) — skipping
2026-08-02 23:19:52,464 | INFO    | molsanity | [cell MolMotif__GINE__PGExplainer__scaffold__seed1] DONE — acc=0.98 gt_auroc=0.49895402478842005 n=200 (capped) [cached]
2026-08-02 23:19:53,024 | INFO    | molsanity | [stage cell_MolMotif__GINE__PGExplainer__scaffold__seed2] cache hit (a391b479b36a3fc7) — skipping
2026-08-02 23:19:53,024 | INFO    | molsanity | [cell MolMotif__GINE__PGExplainer__scaffold__seed2] DONE — acc=0.91 gt_auroc=0.24000507740888108 n=200 (capped) [cached]
2026-08-02 23:19:53,587 | INFO    | molsanity | [stage cell_MolMotif__GINE__PGExplainer__random__seed0] cache hit (ecc17a6e0323b4f1) — skipping
2026-08-02 23:19:53,587 | INFO    | molsanity | [cell MolMotif__GINE__PGExplainer__random__seed0] DONE — acc=0.97 gt_auroc=0.6491229607774095 n=200 (capped) [cached]
2026-08-02 23:19:54,201 | INFO    | molsanity | [stage cell_MolMotif__GINE__PGExplainer__random__seed1] cache hit (3fbebaf742e8ae2d) — skipping
2026-08-02 23:19:54,202 | INFO    | molsanity | [cell MolMotif__GINE__PGExplainer__random__seed1] DONE — acc=0.81 gt_auroc=0.27315924812942816 n=200 (capped) [cached]
2026-08-02 23:19:54,776 | INFO    | molsanity | [stage cell_MolMotif__GINE__PGExplainer__random__seed2] cache hit (dae7e78109385679) — skipping
2026-08-02 23:19:54,776 | INFO    | molsanity | [cell MolMotif__GINE__PGExplainer__random__seed2] DONE — acc=1.00 gt_auroc=0.584361373075497 n=200 (capped) [cached]
2026-08-02 23:19:55,340 | INFO    | molsanity | [stage cell_MolMotif__GINE__SubgraphX__scaffold__seed0] cache hit (92b02a16a9522395) — skipping
2026-08-02 23:19:55,340 | INFO    | molsanity | [cell MolMotif__GINE__SubgraphX__scaffold__seed0] DONE — acc=0.98 gt_auroc=0.474593347727264 n=200 (capped) [cached]
2026-08-02 23:19:55,943 | INFO    | molsanity | [stage cell_MolMotif__GINE__SubgraphX__scaffold__seed1] cache hit (d51d24be055cab9c) — skipping
2026-08-02 23:19:55,943 | INFO    | molsanity | [cell MolMotif__GINE__SubgraphX__scaffold__seed1] DONE — acc=0.98 gt_auroc=0.4895980764369009 n=200 (capped) [cached]
2026-08-02 23:19:56,536 | INFO    | molsanity | [stage cell_MolMotif__GINE__SubgraphX__scaffold__seed2] cache hit (a143261a8658c8e6) — skipping
2026-08-02 23:19:56,536 | INFO    | molsanity | [cell MolMotif__GINE__SubgraphX__scaffold__seed2] DONE — acc=0.91 gt_auroc=0.5125480355506239 n=200 (capped) [cached]
2026-08-02 23:19:57,149 | INFO    | molsanity | [stage cell_MolMotif__GINE__SubgraphX__random__seed0] cache hit (f524971d4fef008c) — skipping
2026-08-02 23:19:57,149 | INFO    | molsanity | [cell MolMotif__GINE__SubgraphX__random__seed0] DONE — acc=0.97 gt_auroc=0.5727481687608074 n=200 (capped) [cached]
2026-08-02 23:19:58,021 | INFO    | molsanity | [stage cell_MolMotif__GINE__SubgraphX__random__seed1] cache hit (bd3f40ddfff6148d) — skipping
2026-08-02 23:19:58,022 | INFO    | molsanity | [cell MolMotif__GINE__SubgraphX__random__seed1] DONE — acc=0.81 gt_auroc=0.5347887380679491 n=200 (capped) [cached]
2026-08-02 23:19:58,596 | INFO    | molsanity | [stage cell_MolMotif__GINE__SubgraphX__random__seed2] cache hit (a7802cd0bbf3262d) — skipping
2026-08-02 23:19:58,597 | INFO    | molsanity | [cell MolMotif__GINE__SubgraphX__random__seed2] DONE — acc=1.00 gt_auroc=0.5557396101480824 n=200 (capped) [cached]
2026-08-02 23:19:59,184 | INFO    | molsanity | [stage cell_MolMotif__GCN__IntegratedGradients__scaffold__seed0] cache hit (e5f05a7a6035e126) — skipping
2026-08-02 23:19:59,184 | INFO    | molsanity | [cell MolMotif__GCN__IntegratedGradients__scaffold__seed0] DONE — acc=0.98 gt_auroc=0.9583683262576951 n=200 (capped) [cached]
2026-08-02 23:19:59,731 | INFO    | molsanity | [stage cell_MolMotif__GCN__IntegratedGradients__scaffold__seed1] cache hit (7ffec3dfbbdd4d31) — skipping
2026-08-02 23:19:59,731 | INFO    | molsanity | [cell MolMotif__GCN__IntegratedGradients__scaffold__seed1] DONE — acc=0.96 gt_auroc=0.9653365421374366 n=200 (capped) [cached]
2026-08-02 23:20:00,294 | INFO    | molsanity | [stage cell_MolMotif__GCN__IntegratedGradients__scaffold__seed2] cache hit (8828c2dfe7d504a3) — skipping
2026-08-02 23:20:00,294 | INFO    | molsanity | [cell MolMotif__GCN__IntegratedGradients__scaffold__seed2] DONE — acc=0.95 gt_auroc=0.8925166806268993 n=200 (capped) [cached]
2026-08-02 23:20:00,866 | INFO    | molsanity | [stage cell_MolMotif__GCN__IntegratedGradients__random__seed0] cache hit (7bffe5f2aba7e3f0) — skipping
2026-08-02 23:20:00,866 | INFO    | molsanity | [cell MolMotif__GCN__IntegratedGradients__random__seed0] DONE — acc=0.97 gt_auroc=0.9977217535815818 n=200 (capped) [cached]
2026-08-02 23:20:01,439 | INFO    | molsanity | [stage cell_MolMotif__GCN__IntegratedGradients__random__seed1] cache hit (e5906f3c84cde342) — skipping
2026-08-02 23:20:01,439 | INFO    | molsanity | [cell MolMotif__GCN__IntegratedGradients__random__seed1] DONE — acc=0.68 gt_auroc=0.9821226072322425 n=200 (capped) [cached]
2026-08-02 23:20:02,013 | INFO    | molsanity | [stage cell_MolMotif__GCN__IntegratedGradients__random__seed2] cache hit (1792d26416588c8b) — skipping
2026-08-02 23:20:02,013 | INFO    | molsanity | [cell MolMotif__GCN__IntegratedGradients__random__seed2] DONE — acc=0.96 gt_auroc=0.8495070580514895 n=200 (capped) [cached]
2026-08-02 23:20:02,651 | INFO    | molsanity | [stage cell_MolMotif__GAT__IntegratedGradients__scaffold__seed0] cache hit (e62617f26dab54ec) — skipping
2026-08-02 23:20:02,651 | INFO    | molsanity | [cell MolMotif__GAT__IntegratedGradients__scaffold__seed0] DONE — acc=0.96 gt_auroc=0.6786317874060145 n=200 (capped) [cached]
2026-08-02 23:20:03,226 | INFO    | molsanity | [stage cell_MolMotif__GAT__IntegratedGradients__scaffold__seed1] cache hit (3f6db528dd62de35) — skipping
2026-08-02 23:20:03,226 | INFO    | molsanity | [cell MolMotif__GAT__IntegratedGradients__scaffold__seed1] DONE — acc=0.97 gt_auroc=0.9457644242032968 n=200 (capped) [cached]
2026-08-02 23:20:03,831 | INFO    | molsanity | [stage cell_MolMotif__GAT__IntegratedGradients__scaffold__seed2] cache hit (83725b5f90d11124) — skipping
2026-08-02 23:20:03,831 | INFO    | molsanity | [cell MolMotif__GAT__IntegratedGradients__scaffold__seed2] DONE — acc=0.99 gt_auroc=0.873009127265564 n=200 (capped) [cached]
2026-08-02 23:20:04,415 | INFO    | molsanity | [stage cell_MolMotif__GAT__IntegratedGradients__random__seed0] cache hit (c8176e03f0d71a9c) — skipping
2026-08-02 23:20:04,415 | INFO    | molsanity | [cell MolMotif__GAT__IntegratedGradients__random__seed0] DONE — acc=1.00 gt_auroc=0.7960669305032867 n=200 (capped) [cached]
2026-08-02 23:20:05,053 | INFO    | molsanity | [stage cell_MolMotif__GAT__IntegratedGradients__random__seed1] cache hit (63d47772ae4950fd) — skipping
2026-08-02 23:20:05,053 | INFO    | molsanity | [cell MolMotif__GAT__IntegratedGradients__random__seed1] DONE — acc=1.00 gt_auroc=0.9957610663283009 n=200 (capped) [cached]
2026-08-02 23:20:05,621 | INFO    | molsanity | [stage cell_MolMotif__GAT__IntegratedGradients__random__seed2] cache hit (49014beca409ad2b) — skipping
2026-08-02 23:20:05,622 | INFO    | molsanity | [cell MolMotif__GAT__IntegratedGradients__random__seed2] DONE — acc=1.00 gt_auroc=0.7331860475743693 n=200 (capped) [cached]
2026-08-02 23:20:06,181 | INFO    | molsanity | [stage cell_MolMotif__MPNN__IntegratedGradients__scaffold__seed0] cache hit (bc21dadc79e0fe20) — skipping
2026-08-02 23:20:06,181 | INFO    | molsanity | [cell MolMotif__MPNN__IntegratedGradients__scaffold__seed0] DONE — acc=0.97 gt_auroc=0.7715475744966365 n=200 (capped) [cached]
2026-08-02 23:20:06,754 | INFO    | molsanity | [stage cell_MolMotif__MPNN__IntegratedGradients__scaffold__seed1] cache hit (fd60c0f2f70f8fff) — skipping
2026-08-02 23:20:06,754 | INFO    | molsanity | [cell MolMotif__MPNN__IntegratedGradients__scaffold__seed1] DONE — acc=0.97 gt_auroc=0.7927840896268697 n=200 (capped) [cached]
2026-08-02 23:20:07,321 | INFO    | molsanity | [stage cell_MolMotif__MPNN__IntegratedGradients__scaffold__seed2] cache hit (51a6b10dfdff0034) — skipping
2026-08-02 23:20:07,321 | INFO    | molsanity | [cell MolMotif__MPNN__IntegratedGradients__scaffold__seed2] DONE — acc=0.98 gt_auroc=0.9395307660859127 n=200 (capped) [cached]
2026-08-02 23:20:07,911 | INFO    | molsanity | [stage cell_MolMotif__MPNN__IntegratedGradients__random__seed0] cache hit (a4d48cabb717271c) — skipping
2026-08-02 23:20:07,911 | INFO    | molsanity | [cell MolMotif__MPNN__IntegratedGradients__random__seed0] DONE — acc=1.00 gt_auroc=0.7825333316487607 n=200 (capped) [cached]
2026-08-02 23:20:08,730 | INFO    | molsanity | [stage cell_MolMotif__MPNN__IntegratedGradients__random__seed1] cache hit (f3423b8b047878df) — skipping
2026-08-02 23:20:08,731 | INFO    | molsanity | [cell MolMotif__MPNN__IntegratedGradients__random__seed1] DONE — acc=1.00 gt_auroc=0.8737012355533246 n=200 (capped) [cached]
2026-08-02 23:20:09,296 | INFO    | molsanity | [stage cell_MolMotif__MPNN__IntegratedGradients__random__seed2] cache hit (f8cf0702bf172a34) — skipping
2026-08-02 23:20:09,296 | INFO    | molsanity | [cell MolMotif__MPNN__IntegratedGradients__random__seed2] DONE — acc=1.00 gt_auroc=0.9617536793811429 n=200 (capped) [cached]
2026-08-02 23:20:09,914 | INFO    | molsanity | [stage cell_MolMotif__AttentiveFP__IntegratedGradients__scaffold__seed0] cache hit (1510ed1d45e18c4c) — skipping
2026-08-02 23:20:09,914 | INFO    | molsanity | [cell MolMotif__AttentiveFP__IntegratedGradients__scaffold__seed0] DONE — acc=0.99 gt_auroc=0.9802314229804233 n=200 (capped) [cached]
2026-08-02 23:20:10,515 | INFO    | molsanity | [stage cell_MolMotif__AttentiveFP__IntegratedGradients__scaffold__seed1] cache hit (8436804812cd1a73) — skipping
2026-08-02 23:20:10,516 | INFO    | molsanity | [cell MolMotif__AttentiveFP__IntegratedGradients__scaffold__seed1] DONE — acc=0.99 gt_auroc=0.9248431084725615 n=200 (capped) [cached]
2026-08-02 23:20:11,070 | INFO    | molsanity | [stage cell_MolMotif__AttentiveFP__IntegratedGradients__scaffold__seed2] cache hit (44317e91a588bcdb) — skipping
2026-08-02 23:20:11,070 | INFO    | molsanity | [cell MolMotif__AttentiveFP__IntegratedGradients__scaffold__seed2] DONE — acc=0.99 gt_auroc=0.995412136250156 n=200 (capped) [cached]
2026-08-02 23:20:11,679 | INFO    | molsanity | [stage cell_MolMotif__AttentiveFP__IntegratedGradients__random__seed0] cache hit (99f978f18a6b92c1) — skipping
2026-08-02 23:20:11,679 | INFO    | molsanity | [cell MolMotif__AttentiveFP__IntegratedGradients__random__seed0] DONE — acc=0.98 gt_auroc=0.9868429032353114 n=200 (capped) [cached]
2026-08-02 23:20:12,305 | INFO    | molsanity | [stage cell_MolMotif__AttentiveFP__IntegratedGradients__random__seed1] cache hit (448039ff236d664e) — skipping
2026-08-02 23:20:12,305 | INFO    | molsanity | [cell MolMotif__AttentiveFP__IntegratedGradients__random__seed1] DONE — acc=0.91 gt_auroc=0.9279166281920552 n=200 (capped) [cached]
2026-08-02 23:20:12,895 | INFO    | molsanity | [stage cell_MolMotif__AttentiveFP__IntegratedGradients__random__seed2] cache hit (2b2845ea9854dc54) — skipping
2026-08-02 23:20:12,895 | INFO    | molsanity | [cell MolMotif__AttentiveFP__IntegratedGradients__random__seed2] DONE — acc=0.97 gt_auroc=0.9862300114597343 n=200 (capped) [cached]
2026-08-02 23:20:12,901 | INFO    | molsanity | [stage cell_ShapeGGen__GINE__IntegratedGradients__scaffold__seed0] running (eef52668a497a83d)
2026-08-02 23:20:14,729 | INFO    | molsanity | ShapeGGen checksum recorded: a6dbcc8a3ff6
2026-08-02 23:20:14,729 | INFO    | molsanity | Loaded ShapeGGen: 164 2-hop subgraphs from 164 nodes (0 skipped)
2026-08-02 23:20:14,871 | ERROR   | molsanity | [cell ShapeGGen__GINE__IntegratedGradients__scaffold__seed0] FAILED — list index out of range (traceback -> logs/error_ShapeGGen__GINE__IntegratedGradients__scaffold__seed0_20260802_231804.log)
2026-08-02 23:20:14,878 | INFO    | molsanity | [stage cell_ShapeGGen__GINE__IntegratedGradients__scaffold__seed1] running (e146e08a2b29cd0d)
2026-08-02 23:20:16,223 | INFO    | molsanity | Loaded ShapeGGen: 164 2-hop subgraphs from 164 nodes (0 skipped)
2026-08-02 23:20:16,228 | ERROR   | molsanity | [cell ShapeGGen__GINE__IntegratedGradients__scaffold__seed1] FAILED — list index out of range (traceback -> logs/error_ShapeGGen__GINE__IntegratedGradients__scaffold__seed1_20260802_231804.log)
2026-08-02 23:20:16,234 | INFO    | molsanity | [stage cell_ShapeGGen__GINE__IntegratedGradients__scaffold__seed2] running (4d488f7b6b26f0f0)
2026-08-02 23:20:17,599 | INFO    | molsanity | Loaded ShapeGGen: 164 2-hop subgraphs from 164 nodes (0 skipped)
2026-08-02 23:20:17,603 | ERROR   | molsanity | [cell ShapeGGen__GINE__IntegratedGradients__scaffold__seed2] FAILED — list index out of range (traceback -> logs/error_ShapeGGen__GINE__IntegratedGradients__scaffold__seed2_20260802_231804.log)
2026-08-02 23:20:18,183 | INFO    | molsanity | [stage cell_ShapeGGen__GINE__IntegratedGradients__random__seed0] cache hit (e69b63396d58c4f5) — skipping
2026-08-02 23:20:18,183 | INFO    | molsanity | [cell ShapeGGen__GINE__IntegratedGradients__random__seed0] DONE — acc=0.74 gt_auroc=0.7316025759073379 n=50 (capped) [cached]
2026-08-02 23:20:18,753 | INFO    | molsanity | [stage cell_ShapeGGen__GINE__IntegratedGradients__random__seed1] cache hit (70e1877a81c0abff) — skipping
2026-08-02 23:20:18,753 | INFO    | molsanity | [cell ShapeGGen__GINE__IntegratedGradients__random__seed1] DONE — acc=0.82 gt_auroc=0.7162817404674897 n=50 (capped) [cached]
2026-08-02 23:20:19,307 | INFO    | molsanity | [stage cell_ShapeGGen__GINE__IntegratedGradients__random__seed2] cache hit (37bfd2771b757675) — skipping
2026-08-02 23:20:19,307 | INFO    | molsanity | [cell ShapeGGen__GINE__IntegratedGradients__random__seed2] DONE — acc=0.78 gt_auroc=0.751419329700282 n=50 (capped) [cached]
2026-08-02 23:20:19,313 | INFO    | molsanity | [stage cell_ShapeGGen__GINE__Saliency__scaffold__seed0] running (d53ae8c3ae75e0c9)
2026-08-02 23:20:20,655 | INFO    | molsanity | Loaded ShapeGGen: 164 2-hop subgraphs from 164 nodes (0 skipped)
2026-08-02 23:20:20,659 | ERROR   | molsanity | [cell ShapeGGen__GINE__Saliency__scaffold__seed0] FAILED — list index out of range (traceback -> logs/error_ShapeGGen__GINE__Saliency__scaffold__seed0_20260802_231804.log)
2026-08-02 23:20:20,665 | INFO    | molsanity | [stage cell_ShapeGGen__GINE__Saliency__scaffold__seed1] running (de26f68a7b0d6b85)
2026-08-02 23:20:22,005 | INFO    | molsanity | Loaded ShapeGGen: 164 2-hop subgraphs from 164 nodes (0 skipped)
2026-08-02 23:20:22,009 | ERROR   | molsanity | [cell ShapeGGen__GINE__Saliency__scaffold__seed1] FAILED — list index out of range (traceback -> logs/error_ShapeGGen__GINE__Saliency__scaffold__seed1_20260802_231804.log)
2026-08-02 23:20:22,015 | INFO    | molsanity | [stage cell_ShapeGGen__GINE__Saliency__scaffold__seed2] running (d1b4e4e24c3c450d)
2026-08-02 23:20:23,356 | INFO    | molsanity | Loaded ShapeGGen: 164 2-hop subgraphs from 164 nodes (0 skipped)
2026-08-02 23:20:23,360 | ERROR   | molsanity | [cell ShapeGGen__GINE__Saliency__scaffold__seed2] FAILED — list index out of range (traceback -> logs/error_ShapeGGen__GINE__Saliency__scaffold__seed2_20260802_231804.log)
2026-08-02 23:20:23,966 | INFO    | molsanity | [stage cell_ShapeGGen__GINE__Saliency__random__seed0] cache hit (8663ac3dc8be667c) — skipping
2026-08-02 23:20:23,966 | INFO    | molsanity | [cell ShapeGGen__GINE__Saliency__random__seed0] DONE — acc=0.74 gt_auroc=0.7617182034676082 n=50 (capped) [cached]
2026-08-02 23:20:24,545 | INFO    | molsanity | [stage cell_ShapeGGen__GINE__Saliency__random__seed1] cache hit (270ef55de1433ccc) — skipping
2026-08-02 23:20:24,546 | INFO    | molsanity | [cell ShapeGGen__GINE__Saliency__random__seed1] DONE — acc=0.82 gt_auroc=0.7762731758852207 n=50 (capped) [cached]
2026-08-02 23:20:25,111 | INFO    | molsanity | [stage cell_ShapeGGen__GINE__Saliency__random__seed2] cache hit (d5252c84bd1007e7) — skipping
2026-08-02 23:20:25,112 | INFO    | molsanity | [cell ShapeGGen__GINE__Saliency__random__seed2] DONE — acc=0.78 gt_auroc=0.769384145550217 n=50 (capped) [cached]
2026-08-02 23:20:25,118 | INFO    | molsanity | [stage cell_ShapeGGen__GINE__InputXGradient__scaffold__seed0] running (0c2a84d5c16a5ae9)
2026-08-02 23:20:26,442 | INFO    | molsanity | Loaded ShapeGGen: 164 2-hop subgraphs from 164 nodes (0 skipped)
2026-08-02 23:20:26,446 | ERROR   | molsanity | [cell ShapeGGen__GINE__InputXGradient__scaffold__seed0] FAILED — list index out of range (traceback -> logs/error_ShapeGGen__GINE__InputXGradient__scaffold__seed0_20260802_231804.log)
2026-08-02 23:20:26,452 | INFO    | molsanity | [stage cell_ShapeGGen__GINE__InputXGradient__scaffold__seed1] running (774b73c8e68146e8)
2026-08-02 23:20:27,781 | INFO    | molsanity | Loaded ShapeGGen: 164 2-hop subgraphs from 164 nodes (0 skipped)
2026-08-02 23:20:27,785 | ERROR   | molsanity | [cell ShapeGGen__GINE__InputXGradient__scaffold__seed1] FAILED — list index out of range (traceback -> logs/error_ShapeGGen__GINE__InputXGradient__scaffold__seed1_20260802_231804.log)
2026-08-02 23:20:27,791 | INFO    | molsanity | [stage cell_ShapeGGen__GINE__InputXGradient__scaffold__seed2] running (33c9ca739a4ed33f)
2026-08-02 23:20:29,135 | INFO    | molsanity | Loaded ShapeGGen: 164 2-hop subgraphs from 164 nodes (0 skipped)
2026-08-02 23:20:29,138 | ERROR   | molsanity | [cell ShapeGGen__GINE__InputXGradient__scaffold__seed2] FAILED — list index out of range (traceback -> logs/error_ShapeGGen__GINE__InputXGradient__scaffold__seed2_20260802_231804.log)
2026-08-02 23:20:29,738 | INFO    | molsanity | [stage cell_ShapeGGen__GINE__InputXGradient__random__seed0] cache hit (dba474bb9978b845) — skipping
2026-08-02 23:20:29,738 | INFO    | molsanity | [cell ShapeGGen__GINE__InputXGradient__random__seed0] DONE — acc=0.74 gt_auroc=0.7240912044304902 n=50 (capped) [cached]
2026-08-02 23:20:30,360 | INFO    | molsanity | [stage cell_ShapeGGen__GINE__InputXGradient__random__seed1] cache hit (0055c09711fc3798) — skipping
2026-08-02 23:20:30,360 | INFO    | molsanity | [cell ShapeGGen__GINE__InputXGradient__random__seed1] DONE — acc=0.82 gt_auroc=0.7180203965359777 n=50 (capped) [cached]
2026-08-02 23:20:31,026 | INFO    | molsanity | [stage cell_ShapeGGen__GINE__InputXGradient__random__seed2] cache hit (c761999c8611d2c2) — skipping
2026-08-02 23:20:31,027 | INFO    | molsanity | [cell ShapeGGen__GINE__InputXGradient__random__seed2] DONE — acc=0.78 gt_auroc=0.7320569259003783 n=50 (capped) [cached]
2026-08-02 23:20:31,033 | INFO    | molsanity | [stage cell_ShapeGGen__GINE__GuidedBackprop__scaffold__seed0] running (dc464deb98342d08)
2026-08-02 23:20:32,355 | INFO    | molsanity | Loaded ShapeGGen: 164 2-hop subgraphs from 164 nodes (0 skipped)
2026-08-02 23:20:32,358 | ERROR   | molsanity | [cell ShapeGGen__GINE__GuidedBackprop__scaffold__seed0] FAILED — list index out of range (traceback -> logs/error_ShapeGGen__GINE__GuidedBackprop__scaffold__seed0_20260802_231804.log)
2026-08-02 23:20:32,364 | INFO    | molsanity | [stage cell_ShapeGGen__GINE__GuidedBackprop__scaffold__seed1] running (b5144351659c3455)
2026-08-02 23:20:33,687 | INFO    | molsanity | Loaded ShapeGGen: 164 2-hop subgraphs from 164 nodes (0 skipped)
2026-08-02 23:20:33,690 | ERROR   | molsanity | [cell ShapeGGen__GINE__GuidedBackprop__scaffold__seed1] FAILED — list index out of range (traceback -> logs/error_ShapeGGen__GINE__GuidedBackprop__scaffold__seed1_20260802_231804.log)
2026-08-02 23:20:33,696 | INFO    | molsanity | [stage cell_ShapeGGen__GINE__GuidedBackprop__scaffold__seed2] running (f44d1cf2bff1d2c9)
2026-08-02 23:20:35,013 | INFO    | molsanity | Loaded ShapeGGen: 164 2-hop subgraphs from 164 nodes (0 skipped)
2026-08-02 23:20:35,017 | ERROR   | molsanity | [cell ShapeGGen__GINE__GuidedBackprop__scaffold__seed2] FAILED — list index out of range (traceback -> logs/error_ShapeGGen__GINE__GuidedBackprop__scaffold__seed2_20260802_231804.log)
2026-08-02 23:20:35,616 | INFO    | molsanity | [stage cell_ShapeGGen__GINE__GuidedBackprop__random__seed0] cache hit (b59cedd47d579019) — skipping
2026-08-02 23:20:35,616 | INFO    | molsanity | [cell ShapeGGen__GINE__GuidedBackprop__random__seed0] DONE — acc=0.74 gt_auroc=0.7540469705558992 n=50 (capped) [cached]
2026-08-02 23:20:36,186 | INFO    | molsanity | [stage cell_ShapeGGen__GINE__GuidedBackprop__random__seed1] cache hit (d5206f9d6c72f37c) — skipping
2026-08-02 23:20:36,187 | INFO    | molsanity | [cell ShapeGGen__GINE__GuidedBackprop__random__seed1] DONE — acc=0.82 gt_auroc=0.7752071797056042 n=50 (capped) [cached]
2026-08-02 23:20:36,781 | INFO    | molsanity | [stage cell_ShapeGGen__GINE__GuidedBackprop__random__seed2] cache hit (72fcb526c0c3a433) — skipping
2026-08-02 23:20:36,781 | INFO    | molsanity | [cell ShapeGGen__GINE__GuidedBackprop__random__seed2] DONE — acc=0.78 gt_auroc=0.7909234349865302 n=50 (capped) [cached]
2026-08-02 23:20:36,787 | INFO    | molsanity | [stage cell_ShapeGGen__GINE__GNNExplainer__scaffold__seed0] running (1e0e0004f220b15f)
2026-08-02 23:20:38,111 | INFO    | molsanity | Loaded ShapeGGen: 164 2-hop subgraphs from 164 nodes (0 skipped)
2026-08-02 23:20:38,114 | ERROR   | molsanity | [cell ShapeGGen__GINE__GNNExplainer__scaffold__seed0] FAILED — list index out of range (traceback -> logs/error_ShapeGGen__GINE__GNNExplainer__scaffold__seed0_20260802_231804.log)
2026-08-02 23:20:38,120 | INFO    | molsanity | [stage cell_ShapeGGen__GINE__GNNExplainer__scaffold__seed1] running (cadfca3a570eddfe)
2026-08-02 23:20:39,434 | INFO    | molsanity | Loaded ShapeGGen: 164 2-hop subgraphs from 164 nodes (0 skipped)
2026-08-02 23:20:39,438 | ERROR   | molsanity | [cell ShapeGGen__GINE__GNNExplainer__scaffold__seed1] FAILED — list index out of range (traceback -> logs/error_ShapeGGen__GINE__GNNExplainer__scaffold__seed1_20260802_231804.log)
2026-08-02 23:20:39,444 | INFO    | molsanity | [stage cell_ShapeGGen__GINE__GNNExplainer__scaffold__seed2] running (9faf72886c7f7c59)
2026-08-02 23:20:40,770 | INFO    | molsanity | Loaded ShapeGGen: 164 2-hop subgraphs from 164 nodes (0 skipped)
2026-08-02 23:20:40,773 | ERROR   | molsanity | [cell ShapeGGen__GINE__GNNExplainer__scaffold__seed2] FAILED — list index out of range (traceback -> logs/error_ShapeGGen__GINE__GNNExplainer__scaffold__seed2_20260802_231804.log)
2026-08-02 23:20:41,357 | INFO    | molsanity | [stage cell_ShapeGGen__GINE__GNNExplainer__random__seed0] cache hit (ead47b99d352cb37) — skipping
2026-08-02 23:20:41,357 | INFO    | molsanity | [cell ShapeGGen__GINE__GNNExplainer__random__seed0] DONE — acc=0.74 gt_auroc=0.5549694652789892 n=50 (capped) [cached]
2026-08-02 23:20:41,937 | INFO    | molsanity | [stage cell_ShapeGGen__GINE__GNNExplainer__random__seed1] cache hit (fb1e4d5f5e6b2ca4) — skipping
2026-08-02 23:20:41,937 | INFO    | molsanity | [cell ShapeGGen__GINE__GNNExplainer__random__seed1] DONE — acc=0.82 gt_auroc=0.6098561532033171 n=50 (capped) [cached]
2026-08-02 23:20:42,528 | INFO    | molsanity | [stage cell_ShapeGGen__GINE__GNNExplainer__random__seed2] cache hit (09ec524930286651) — skipping
2026-08-02 23:20:42,528 | INFO    | molsanity | [cell ShapeGGen__GINE__GNNExplainer__random__seed2] DONE — acc=0.78 gt_auroc=0.4831129766838101 n=50 (capped) [cached]
2026-08-02 23:20:42,534 | INFO    | molsanity | [stage cell_ShapeGGen__GINE__PGExplainer__scaffold__seed0] running (5cb3e0dc4dd51073)
2026-08-02 23:20:43,869 | INFO    | molsanity | Loaded ShapeGGen: 164 2-hop subgraphs from 164 nodes (0 skipped)
2026-08-02 23:20:43,873 | ERROR   | molsanity | [cell ShapeGGen__GINE__PGExplainer__scaffold__seed0] FAILED — list index out of range (traceback -> logs/error_ShapeGGen__GINE__PGExplainer__scaffold__seed0_20260802_231804.log)
2026-08-02 23:20:43,879 | INFO    | molsanity | [stage cell_ShapeGGen__GINE__PGExplainer__scaffold__seed1] running (a892aa636434a2ee)
2026-08-02 23:20:45,207 | INFO    | molsanity | Loaded ShapeGGen: 164 2-hop subgraphs from 164 nodes (0 skipped)
2026-08-02 23:20:45,211 | ERROR   | molsanity | [cell ShapeGGen__GINE__PGExplainer__scaffold__seed1] FAILED — list index out of range (traceback -> logs/error_ShapeGGen__GINE__PGExplainer__scaffold__seed1_20260802_231804.log)
2026-08-02 23:20:45,217 | INFO    | molsanity | [stage cell_ShapeGGen__GINE__PGExplainer__scaffold__seed2] running (c687aa609234b096)
2026-08-02 23:20:46,538 | INFO    | molsanity | Loaded ShapeGGen: 164 2-hop subgraphs from 164 nodes (0 skipped)
2026-08-02 23:20:46,541 | ERROR   | molsanity | [cell ShapeGGen__GINE__PGExplainer__scaffold__seed2] FAILED — list index out of range (traceback -> logs/error_ShapeGGen__GINE__PGExplainer__scaffold__seed2_20260802_231804.log)
2026-08-02 23:20:47,154 | INFO    | molsanity | [stage cell_ShapeGGen__GINE__PGExplainer__random__seed0] cache hit (2e65e0da9460f5a8) — skipping
2026-08-02 23:20:47,154 | INFO    | molsanity | [cell ShapeGGen__GINE__PGExplainer__random__seed0] DONE — acc=0.74 gt_auroc=0.5030558353683354 n=50 (capped) [cached]
2026-08-02 23:20:47,832 | INFO    | molsanity | [stage cell_ShapeGGen__GINE__PGExplainer__random__seed1] cache hit (9320ca1c73d1a513) — skipping
2026-08-02 23:20:47,832 | INFO    | molsanity | [cell ShapeGGen__GINE__PGExplainer__random__seed1] DONE — acc=0.82 gt_auroc=0.5058584091173377 n=50 (capped) [cached]
2026-08-02 23:20:48,408 | INFO    | molsanity | [stage cell_ShapeGGen__GINE__PGExplainer__random__seed2] cache hit (aaa23e13ac402f56) — skipping
2026-08-02 23:20:48,408 | INFO    | molsanity | [cell ShapeGGen__GINE__PGExplainer__random__seed2] DONE — acc=0.78 gt_auroc=0.4889872839792483 n=50 (capped) [cached]
2026-08-02 23:20:48,414 | INFO    | molsanity | [stage cell_ShapeGGen__GINE__SubgraphX__scaffold__seed0] running (e3e5aa457e03ed80)
2026-08-02 23:20:49,732 | INFO    | molsanity | Loaded ShapeGGen: 164 2-hop subgraphs from 164 nodes (0 skipped)
2026-08-02 23:20:49,736 | ERROR   | molsanity | [cell ShapeGGen__GINE__SubgraphX__scaffold__seed0] FAILED — list index out of range (traceback -> logs/error_ShapeGGen__GINE__SubgraphX__scaffold__seed0_20260802_231804.log)
2026-08-02 23:20:49,742 | INFO    | molsanity | [stage cell_ShapeGGen__GINE__SubgraphX__scaffold__seed1] running (f4fd5e8a1856d8e5)
2026-08-02 23:20:51,056 | INFO    | molsanity | Loaded ShapeGGen: 164 2-hop subgraphs from 164 nodes (0 skipped)
2026-08-02 23:20:51,060 | ERROR   | molsanity | [cell ShapeGGen__GINE__SubgraphX__scaffold__seed1] FAILED — list index out of range (traceback -> logs/error_ShapeGGen__GINE__SubgraphX__scaffold__seed1_20260802_231804.log)
2026-08-02 23:20:51,066 | INFO    | molsanity | [stage cell_ShapeGGen__GINE__SubgraphX__scaffold__seed2] running (fd173a44f6bd3fc0)
2026-08-02 23:20:52,387 | INFO    | molsanity | Loaded ShapeGGen: 164 2-hop subgraphs from 164 nodes (0 skipped)
2026-08-02 23:20:52,390 | ERROR   | molsanity | [cell ShapeGGen__GINE__SubgraphX__scaffold__seed2] FAILED — list index out of range (traceback -> logs/error_ShapeGGen__GINE__SubgraphX__scaffold__seed2_20260802_231804.log)
2026-08-02 23:20:52,969 | INFO    | molsanity | [stage cell_ShapeGGen__GINE__SubgraphX__random__seed0] cache hit (c847a8f910708844) — skipping
2026-08-02 23:20:52,970 | INFO    | molsanity | [cell ShapeGGen__GINE__SubgraphX__random__seed0] DONE — acc=0.74 gt_auroc=0.6757917637917638 n=50 (capped) [cached]
2026-08-02 23:20:53,566 | INFO    | molsanity | [stage cell_ShapeGGen__GINE__SubgraphX__random__seed1] cache hit (315c9ae015d88fa1) — skipping
2026-08-02 23:20:53,566 | INFO    | molsanity | [cell ShapeGGen__GINE__SubgraphX__random__seed1] DONE — acc=0.82 gt_auroc=0.6366717383923266 n=50 (capped) [cached]
2026-08-02 23:20:54,132 | INFO    | molsanity | [stage cell_ShapeGGen__GINE__SubgraphX__random__seed2] cache hit (065b41250923a691) — skipping
2026-08-02 23:20:54,133 | INFO    | molsanity | [cell ShapeGGen__GINE__SubgraphX__random__seed2] DONE — acc=0.78 gt_auroc=0.6197210289710289 n=50 (capped) [cached]
2026-08-02 23:20:54,691 | INFO    | molsanity | [stage cell_BBBP__GINE__IntegratedGradients__scaffold__seed0] cache hit (851273faf9ab536c) — skipping
2026-08-02 23:20:54,692 | INFO    | molsanity | [cell BBBP__GINE__IntegratedGradients__scaffold__seed0] DONE — acc=0.92 gt_auroc=nan n=200 (capped) [cached]
2026-08-02 23:20:55,275 | INFO    | molsanity | [stage cell_BBBP__GINE__IntegratedGradients__scaffold__seed1] cache hit (6a2c923f93c7b8ed) — skipping
2026-08-02 23:20:55,275 | INFO    | molsanity | [cell BBBP__GINE__IntegratedGradients__scaffold__seed1] DONE — acc=0.72 gt_auroc=nan n=200 (capped) [cached]
2026-08-02 23:20:55,861 | INFO    | molsanity | [stage cell_BBBP__GINE__IntegratedGradients__scaffold__seed2] cache hit (7c06f2c089d33e23) — skipping
2026-08-02 23:20:55,862 | INFO    | molsanity | [cell BBBP__GINE__IntegratedGradients__scaffold__seed2] DONE — acc=0.84 gt_auroc=nan n=200 (capped) [cached]
2026-08-02 23:20:56,469 | INFO    | molsanity | [stage cell_BBBP__GINE__IntegratedGradients__random__seed0] cache hit (1766fee8e6f62e00) — skipping
2026-08-02 23:20:56,469 | INFO    | molsanity | [cell BBBP__GINE__IntegratedGradients__random__seed0] DONE — acc=0.74 gt_auroc=nan n=200 (capped) [cached]
2026-08-02 23:20:57,089 | INFO    | molsanity | [stage cell_BBBP__GINE__IntegratedGradients__random__seed1] cache hit (3a479b8c22ed04e9) — skipping
2026-08-02 23:20:57,090 | INFO    | molsanity | [cell BBBP__GINE__IntegratedGradients__random__seed1] DONE — acc=0.76 gt_auroc=nan n=200 (capped) [cached]
2026-08-02 23:20:57,624 | INFO    | molsanity | [stage cell_BBBP__GINE__IntegratedGradients__random__seed2] cache hit (58d4ccb56f722293) — skipping
2026-08-02 23:20:57,625 | INFO    | molsanity | [cell BBBP__GINE__IntegratedGradients__random__seed2] DONE — acc=0.69 gt_auroc=nan n=200 (capped) [cached]
2026-08-02 23:20:58,227 | INFO    | molsanity | [stage cell_BBBP__GCN__IntegratedGradients__scaffold__seed0] cache hit (e655d4286916e0c7) — skipping
2026-08-02 23:20:58,227 | INFO    | molsanity | [cell BBBP__GCN__IntegratedGradients__scaffold__seed0] DONE — acc=0.98 gt_auroc=nan n=200 (capped) [cached]
2026-08-02 23:20:58,816 | INFO    | molsanity | [stage cell_BBBP__GCN__IntegratedGradients__scaffold__seed1] cache hit (07a194920c9aca2e) — skipping
2026-08-02 23:20:58,816 | INFO    | molsanity | [cell BBBP__GCN__IntegratedGradients__scaffold__seed1] DONE — acc=0.92 gt_auroc=nan n=200 (capped) [cached]
2026-08-02 23:20:59,389 | INFO    | molsanity | [stage cell_BBBP__GCN__IntegratedGradients__scaffold__seed2] cache hit (794ef1432f57bd98) — skipping
2026-08-02 23:20:59,389 | INFO    | molsanity | [cell BBBP__GCN__IntegratedGradients__scaffold__seed2] DONE — acc=0.97 gt_auroc=nan n=200 (capped) [cached]
2026-08-02 23:20:59,976 | INFO    | molsanity | [stage cell_BBBP__GCN__IntegratedGradients__random__seed0] cache hit (97e624ae7bac4c6f) — skipping
2026-08-02 23:20:59,976 | INFO    | molsanity | [cell BBBP__GCN__IntegratedGradients__random__seed0] DONE — acc=0.73 gt_auroc=nan n=200 (capped) [cached]
2026-08-02 23:21:00,567 | INFO    | molsanity | [stage cell_BBBP__GCN__IntegratedGradients__random__seed1] cache hit (8fa850c34e93d915) — skipping
2026-08-02 23:21:00,567 | INFO    | molsanity | [cell BBBP__GCN__IntegratedGradients__random__seed1] DONE — acc=0.71 gt_auroc=nan n=200 (capped) [cached]
2026-08-02 23:21:01,127 | INFO    | molsanity | [stage cell_BBBP__GCN__IntegratedGradients__random__seed2] cache hit (6aec3bd316e4ac32) — skipping
2026-08-02 23:21:01,127 | INFO    | molsanity | [cell BBBP__GCN__IntegratedGradients__random__seed2] DONE — acc=0.78 gt_auroc=nan n=200 (capped) [cached]
2026-08-02 23:21:01,707 | INFO    | molsanity | [stage cell_BBBP__GAT__IntegratedGradients__scaffold__seed0] cache hit (2c3ea111639a5b96) — skipping
2026-08-02 23:21:01,707 | INFO    | molsanity | [cell BBBP__GAT__IntegratedGradients__scaffold__seed0] DONE — acc=0.99 gt_auroc=nan n=200 (capped) [cached]
2026-08-02 23:21:02,297 | INFO    | molsanity | [stage cell_BBBP__GAT__IntegratedGradients__scaffold__seed1] cache hit (090dd63f1156b367) — skipping
2026-08-02 23:21:02,298 | INFO    | molsanity | [cell BBBP__GAT__IntegratedGradients__scaffold__seed1] DONE — acc=0.89 gt_auroc=nan n=200 (capped) [cached]
2026-08-02 23:21:02,880 | INFO    | molsanity | [stage cell_BBBP__GAT__IntegratedGradients__scaffold__seed2] cache hit (649c25c54a3e2962) — skipping
2026-08-02 23:21:02,881 | INFO    | molsanity | [cell BBBP__GAT__IntegratedGradients__scaffold__seed2] DONE — acc=0.97 gt_auroc=nan n=200 (capped) [cached]
2026-08-02 23:21:03,459 | INFO    | molsanity | [stage cell_BBBP__GAT__IntegratedGradients__random__seed0] cache hit (4ef782b360928de3) — skipping
2026-08-02 23:21:03,459 | INFO    | molsanity | [cell BBBP__GAT__IntegratedGradients__random__seed0] DONE — acc=0.73 gt_auroc=nan n=200 (capped) [cached]
2026-08-02 23:21:04,109 | INFO    | molsanity | [stage cell_BBBP__GAT__IntegratedGradients__random__seed1] cache hit (897437302aa8e7cb) — skipping
2026-08-02 23:21:04,110 | INFO    | molsanity | [cell BBBP__GAT__IntegratedGradients__random__seed1] DONE — acc=0.74 gt_auroc=nan n=200 (capped) [cached]
2026-08-02 23:21:04,694 | INFO    | molsanity | [stage cell_BBBP__GAT__IntegratedGradients__random__seed2] cache hit (a28c2d80eef8438c) — skipping
2026-08-02 23:21:04,694 | INFO    | molsanity | [cell BBBP__GAT__IntegratedGradients__random__seed2] DONE — acc=0.73 gt_auroc=nan n=200 (capped) [cached]
2026-08-02 23:21:05,283 | INFO    | molsanity | [stage cell_BBBP__MPNN__IntegratedGradients__scaffold__seed0] cache hit (78cab4b450f7fca9) — skipping
2026-08-02 23:21:05,284 | INFO    | molsanity | [cell BBBP__MPNN__IntegratedGradients__scaffold__seed0] DONE — acc=0.87 gt_auroc=nan n=200 (capped) [cached]
2026-08-02 23:21:05,841 | INFO    | molsanity | [stage cell_BBBP__MPNN__IntegratedGradients__scaffold__seed1] cache hit (35ecc7ce5cdc27f1) — skipping
2026-08-02 23:21:05,842 | INFO    | molsanity | [cell BBBP__MPNN__IntegratedGradients__scaffold__seed1] DONE — acc=0.01 gt_auroc=nan n=200 (capped) [cached]
2026-08-02 23:21:06,420 | INFO    | molsanity | [stage cell_BBBP__MPNN__IntegratedGradients__scaffold__seed2] cache hit (191d40e9910e10e0) — skipping
2026-08-02 23:21:06,421 | INFO    | molsanity | [cell BBBP__MPNN__IntegratedGradients__scaffold__seed2] DONE — acc=0.95 gt_auroc=nan n=200 (capped) [cached]
2026-08-02 23:21:07,000 | INFO    | molsanity | [stage cell_BBBP__MPNN__IntegratedGradients__random__seed0] cache hit (259bfcff5920d193) — skipping
2026-08-02 23:21:07,001 | INFO    | molsanity | [cell BBBP__MPNN__IntegratedGradients__random__seed0] DONE — acc=0.74 gt_auroc=nan n=200 (capped) [cached]
2026-08-02 23:21:07,646 | INFO    | molsanity | [stage cell_BBBP__MPNN__IntegratedGradients__random__seed1] cache hit (71d15d32099b69f0) — skipping
2026-08-02 23:21:07,647 | INFO    | molsanity | [cell BBBP__MPNN__IntegratedGradients__random__seed1] DONE — acc=0.78 gt_auroc=nan n=200 (capped) [cached]
2026-08-02 23:21:08,261 | INFO    | molsanity | [stage cell_BBBP__MPNN__IntegratedGradients__random__seed2] cache hit (9c1171139589c678) — skipping
2026-08-02 23:21:08,262 | INFO    | molsanity | [cell BBBP__MPNN__IntegratedGradients__random__seed2] DONE — acc=0.76 gt_auroc=nan n=200 (capped) [cached]
2026-08-02 23:21:08,848 | INFO    | molsanity | [stage cell_BBBP__AttentiveFP__IntegratedGradients__scaffold__seed0] cache hit (9e1df31e6d538da3) — skipping
2026-08-02 23:21:08,849 | INFO    | molsanity | [cell BBBP__AttentiveFP__IntegratedGradients__scaffold__seed0] DONE — acc=0.94 gt_auroc=nan n=200 (capped) [cached]
2026-08-02 23:21:09,699 | INFO    | molsanity | [stage cell_BBBP__AttentiveFP__IntegratedGradients__scaffold__seed1] cache hit (e1d7e57e973ad2b4) — skipping
2026-08-02 23:21:09,700 | INFO    | molsanity | [cell BBBP__AttentiveFP__IntegratedGradients__scaffold__seed1] DONE — acc=0.90 gt_auroc=nan n=200 (capped) [cached]
2026-08-02 23:21:10,287 | INFO    | molsanity | [stage cell_BBBP__AttentiveFP__IntegratedGradients__scaffold__seed2] cache hit (a17cbb33efdc8b39) — skipping
2026-08-02 23:21:10,287 | INFO    | molsanity | [cell BBBP__AttentiveFP__IntegratedGradients__scaffold__seed2] DONE — acc=0.94 gt_auroc=nan n=200 (capped) [cached]
2026-08-02 23:21:10,869 | INFO    | molsanity | [stage cell_BBBP__AttentiveFP__IntegratedGradients__random__seed0] cache hit (8d98cabf852eacf9) — skipping
2026-08-02 23:21:10,870 | INFO    | molsanity | [cell BBBP__AttentiveFP__IntegratedGradients__random__seed0] DONE — acc=0.79 gt_auroc=nan n=200 (capped) [cached]
2026-08-02 23:21:11,439 | INFO    | molsanity | [stage cell_BBBP__AttentiveFP__IntegratedGradients__random__seed1] cache hit (5d8e710bfc70d62c) — skipping
2026-08-02 23:21:11,439 | INFO    | molsanity | [cell BBBP__AttentiveFP__IntegratedGradients__random__seed1] DONE — acc=0.74 gt_auroc=nan n=200 (capped) [cached]
2026-08-02 23:21:12,045 | INFO    | molsanity | [stage cell_BBBP__AttentiveFP__IntegratedGradients__random__seed2] cache hit (ee8a665c47fe21d0) — skipping
2026-08-02 23:21:12,046 | INFO    | molsanity | [cell BBBP__AttentiveFP__IntegratedGradients__random__seed2] DONE — acc=0.74 gt_auroc=nan n=200 (capped) [cached]
2026-08-02 23:21:12,617 | INFO    | molsanity | [stage cell_BBBP__GINE__GNNExplainer__scaffold__seed0] cache hit (f264ebddc7c8550a) — skipping
2026-08-02 23:21:12,617 | INFO    | molsanity | [cell BBBP__GINE__GNNExplainer__scaffold__seed0] DONE — acc=0.92 gt_auroc=nan n=200 (capped) [cached]
2026-08-02 23:21:13,190 | INFO    | molsanity | [stage cell_BBBP__GINE__GNNExplainer__scaffold__seed1] cache hit (18ce643f4b91e756) — skipping
2026-08-02 23:21:13,191 | INFO    | molsanity | [cell BBBP__GINE__GNNExplainer__scaffold__seed1] DONE — acc=0.72 gt_auroc=nan n=200 (capped) [cached]
2026-08-02 23:21:13,782 | INFO    | molsanity | [stage cell_BBBP__GINE__GNNExplainer__scaffold__seed2] cache hit (9be380cdaf32c534) — skipping
2026-08-02 23:21:13,782 | INFO    | molsanity | [cell BBBP__GINE__GNNExplainer__scaffold__seed2] DONE — acc=0.84 gt_auroc=nan n=200 (capped) [cached]
2026-08-02 23:21:14,371 | INFO    | molsanity | [stage cell_BBBP__GINE__GNNExplainer__random__seed0] cache hit (749f28a040b20fc0) — skipping
2026-08-02 23:21:14,371 | INFO    | molsanity | [cell BBBP__GINE__GNNExplainer__random__seed0] DONE — acc=0.74 gt_auroc=nan n=200 (capped) [cached]
2026-08-02 23:21:14,971 | INFO    | molsanity | [stage cell_BBBP__GINE__GNNExplainer__random__seed1] cache hit (f3100ac4ad9626d7) — skipping
2026-08-02 23:21:14,971 | INFO    | molsanity | [cell BBBP__GINE__GNNExplainer__random__seed1] DONE — acc=0.76 gt_auroc=nan n=200 (capped) [cached]
2026-08-02 23:21:15,604 | INFO    | molsanity | [stage cell_BBBP__GINE__GNNExplainer__random__seed2] cache hit (5a5bff4e1e597a0b) — skipping
2026-08-02 23:21:15,604 | INFO    | molsanity | [cell BBBP__GINE__GNNExplainer__random__seed2] DONE — acc=0.69 gt_auroc=nan n=200 (capped) [cached]
2026-08-02 23:21:16,209 | INFO    | molsanity | [stage cell_BBBP__GINE__PGExplainer__scaffold__seed0] cache hit (f732ab9edb07e060) — skipping
2026-08-02 23:21:16,210 | INFO    | molsanity | [cell BBBP__GINE__PGExplainer__scaffold__seed0] DONE — acc=0.92 gt_auroc=nan n=200 (capped) [cached]
2026-08-02 23:21:16,904 | INFO    | molsanity | [stage cell_BBBP__GINE__PGExplainer__scaffold__seed1] cache hit (73761a27865507dd) — skipping
2026-08-02 23:21:16,905 | INFO    | molsanity | [cell BBBP__GINE__PGExplainer__scaffold__seed1] DONE — acc=0.72 gt_auroc=nan n=200 (capped) [cached]
2026-08-02 23:21:17,485 | INFO    | molsanity | [stage cell_BBBP__GINE__PGExplainer__scaffold__seed2] cache hit (537bcd3b67d1ef35) — skipping
2026-08-02 23:21:17,486 | INFO    | molsanity | [cell BBBP__GINE__PGExplainer__scaffold__seed2] DONE — acc=0.84 gt_auroc=nan n=200 (capped) [cached]
2026-08-02 23:21:18,083 | INFO    | molsanity | [stage cell_BBBP__GINE__PGExplainer__random__seed0] cache hit (083dc79dabd290f7) — skipping
2026-08-02 23:21:18,083 | INFO    | molsanity | [cell BBBP__GINE__PGExplainer__random__seed0] DONE — acc=0.74 gt_auroc=nan n=200 (capped) [cached]
2026-08-02 23:21:18,686 | INFO    | molsanity | [stage cell_BBBP__GINE__PGExplainer__random__seed1] cache hit (0bde44ef776b9bbb) — skipping
2026-08-02 23:21:18,686 | INFO    | molsanity | [cell BBBP__GINE__PGExplainer__random__seed1] DONE — acc=0.76 gt_auroc=nan n=200 (capped) [cached]
2026-08-02 23:21:19,339 | INFO    | molsanity | [stage cell_BBBP__GINE__PGExplainer__random__seed2] cache hit (be6ed06a29938302) — skipping
2026-08-02 23:21:19,339 | INFO    | molsanity | [cell BBBP__GINE__PGExplainer__random__seed2] DONE — acc=0.69 gt_auroc=nan n=200 (capped) [cached]
2026-08-02 23:21:19,918 | INFO    | molsanity | [stage cell_BACE__GINE__IntegratedGradients__scaffold__seed0] cache hit (408fc2613238de38) — skipping
2026-08-02 23:21:19,918 | INFO    | molsanity | [cell BACE__GINE__IntegratedGradients__scaffold__seed0] DONE — acc=0.47 gt_auroc=nan n=200 (capped) [cached]
2026-08-02 23:21:20,567 | INFO    | molsanity | [stage cell_BACE__GINE__IntegratedGradients__scaffold__seed1] cache hit (f1d1aa06b3c23088) — skipping
2026-08-02 23:21:20,567 | INFO    | molsanity | [cell BACE__GINE__IntegratedGradients__scaffold__seed1] DONE — acc=0.77 gt_auroc=nan n=200 (capped) [cached]
2026-08-02 23:21:21,129 | INFO    | molsanity | [stage cell_BACE__GINE__IntegratedGradients__scaffold__seed2] cache hit (4b021f736152aa3f) — skipping
2026-08-02 23:21:21,130 | INFO    | molsanity | [cell BACE__GINE__IntegratedGradients__scaffold__seed2] DONE — acc=0.01 gt_auroc=nan n=200 (capped) [cached]
2026-08-02 23:21:21,730 | INFO    | molsanity | [stage cell_BACE__GINE__IntegratedGradients__random__seed0] cache hit (62bd5c98b624d17b) — skipping
2026-08-02 23:21:21,730 | INFO    | molsanity | [cell BACE__GINE__IntegratedGradients__random__seed0] DONE — acc=0.81 gt_auroc=nan n=200 (capped) [cached]
2026-08-02 23:21:22,344 | INFO    | molsanity | [stage cell_BACE__GINE__IntegratedGradients__random__seed1] cache hit (ef321e57338855b1) — skipping
2026-08-02 23:21:22,344 | INFO    | molsanity | [cell BACE__GINE__IntegratedGradients__random__seed1] DONE — acc=0.69 gt_auroc=nan n=200 (capped) [cached]
2026-08-02 23:21:22,971 | INFO    | molsanity | [stage cell_BACE__GINE__IntegratedGradients__random__seed2] cache hit (616493c37b3a4b48) — skipping
2026-08-02 23:21:22,972 | INFO    | molsanity | [cell BACE__GINE__IntegratedGradients__random__seed2] DONE — acc=0.69 gt_auroc=nan n=200 (capped) [cached]
2026-08-02 23:21:23,570 | INFO    | molsanity | [stage cell_BACE__GCN__IntegratedGradients__scaffold__seed0] cache hit (94578c99cbad8048) — skipping
2026-08-02 23:21:23,571 | INFO    | molsanity | [cell BACE__GCN__IntegratedGradients__scaffold__seed0] DONE — acc=0.83 gt_auroc=nan n=200 (capped) [cached]
2026-08-02 23:21:24,169 | INFO    | molsanity | [stage cell_BACE__GCN__IntegratedGradients__scaffold__seed1] cache hit (8dbd914e826c95d3) — skipping
2026-08-02 23:21:24,169 | INFO    | molsanity | [cell BACE__GCN__IntegratedGradients__scaffold__seed1] DONE — acc=0.58 gt_auroc=nan n=200 (capped) [cached]
2026-08-02 23:21:24,761 | INFO    | molsanity | [stage cell_BACE__GCN__IntegratedGradients__scaffold__seed2] cache hit (b5b12add9489f05e) — skipping
2026-08-02 23:21:24,761 | INFO    | molsanity | [cell BACE__GCN__IntegratedGradients__scaffold__seed2] DONE — acc=0.85 gt_auroc=nan n=200 (capped) [cached]
2026-08-02 23:21:25,340 | INFO    | molsanity | [stage cell_BACE__GCN__IntegratedGradients__random__seed0] cache hit (50b899accda5e601) — skipping
2026-08-02 23:21:25,340 | INFO    | molsanity | [cell BACE__GCN__IntegratedGradients__random__seed0] DONE — acc=0.72 gt_auroc=nan n=200 (capped) [cached]
2026-08-02 23:21:26,005 | INFO    | molsanity | [stage cell_BACE__GCN__IntegratedGradients__random__seed1] cache hit (5a3b30e5ac79122c) — skipping
2026-08-02 23:21:26,006 | INFO    | molsanity | [cell BACE__GCN__IntegratedGradients__random__seed1] DONE — acc=0.58 gt_auroc=nan n=200 (capped) [cached]
2026-08-02 23:21:26,590 | INFO    | molsanity | [stage cell_BACE__GCN__IntegratedGradients__random__seed2] cache hit (097457d8917f414d) — skipping
2026-08-02 23:21:26,591 | INFO    | molsanity | [cell BACE__GCN__IntegratedGradients__random__seed2] DONE — acc=0.85 gt_auroc=nan n=200 (capped) [cached]
2026-08-02 23:21:27,241 | INFO    | molsanity | [stage cell_ESOL__GINE__IntegratedGradients__scaffold__seed0] cache hit (16de47332ba07643) — skipping
2026-08-02 23:21:27,241 | INFO    | molsanity | [cell ESOL__GINE__IntegratedGradients__scaffold__seed0] DONE — rmse=0.929 r2=0.778 n=200 (capped) [cached]
2026-08-02 23:21:27,820 | INFO    | molsanity | [stage cell_ESOL__GINE__IntegratedGradients__scaffold__seed1] cache hit (3d612503a2d8dc57) — skipping
2026-08-02 23:21:27,820 | INFO    | molsanity | [cell ESOL__GINE__IntegratedGradients__scaffold__seed1] DONE — rmse=0.928 r2=0.812 n=200 (capped) [cached]
2026-08-02 23:21:28,512 | INFO    | molsanity | [stage cell_ESOL__GINE__IntegratedGradients__scaffold__seed2] cache hit (9070e8164d679dfe) — skipping
2026-08-02 23:21:28,512 | INFO    | molsanity | [cell ESOL__GINE__IntegratedGradients__scaffold__seed2] DONE — rmse=0.886 r2=0.829 n=200 (capped) [cached]
2026-08-02 23:21:29,097 | INFO    | molsanity | [stage cell_ESOL__GINE__IntegratedGradients__random__seed0] cache hit (8218e99ed9c0dc34) — skipping
2026-08-02 23:21:29,097 | INFO    | molsanity | [cell ESOL__GINE__IntegratedGradients__random__seed0] DONE — rmse=0.788 r2=0.869 n=200 (capped) [cached]
2026-08-02 23:21:29,690 | INFO    | molsanity | [stage cell_ESOL__GINE__IntegratedGradients__random__seed1] cache hit (d1ad8c89018b0c63) — skipping
2026-08-02 23:21:29,690 | INFO    | molsanity | [cell ESOL__GINE__IntegratedGradients__random__seed1] DONE — rmse=0.832 r2=0.825 n=200 (capped) [cached]
2026-08-02 23:21:30,235 | INFO    | molsanity | [stage cell_ESOL__GINE__IntegratedGradients__random__seed2] cache hit (27e8c3ec6510e3be) — skipping
2026-08-02 23:21:30,235 | INFO    | molsanity | [cell ESOL__GINE__IntegratedGradients__random__seed2] DONE — rmse=0.879 r2=0.833 n=200 (capped) [cached]
2026-08-02 23:21:30,806 | INFO    | molsanity | [stage cell_ESOL__GCN__IntegratedGradients__scaffold__seed0] cache hit (2275fe6ef50f2630) — skipping
2026-08-02 23:21:30,806 | INFO    | molsanity | [cell ESOL__GCN__IntegratedGradients__scaffold__seed0] DONE — rmse=1.017 r2=0.734 n=200 (capped) [cached]
2026-08-02 23:21:31,371 | INFO    | molsanity | [stage cell_ESOL__GCN__IntegratedGradients__scaffold__seed1] cache hit (34e30510614d8a71) — skipping
2026-08-02 23:21:31,371 | INFO    | molsanity | [cell ESOL__GCN__IntegratedGradients__scaffold__seed1] DONE — rmse=1.062 r2=0.755 n=200 (capped) [cached]
2026-08-02 23:21:31,953 | INFO    | molsanity | [stage cell_ESOL__GCN__IntegratedGradients__scaffold__seed2] cache hit (ff91c20e85f5322e) — skipping
2026-08-02 23:21:31,953 | INFO    | molsanity | [cell ESOL__GCN__IntegratedGradients__scaffold__seed2] DONE — rmse=0.972 r2=0.794 n=200 (capped) [cached]
2026-08-02 23:21:32,534 | INFO    | molsanity | [stage cell_ESOL__GCN__IntegratedGradients__random__seed0] cache hit (640aad6e80e96528) — skipping
2026-08-02 23:21:32,534 | INFO    | molsanity | [cell ESOL__GCN__IntegratedGradients__random__seed0] DONE — rmse=0.951 r2=0.809 n=200 (capped) [cached]
2026-08-02 23:21:33,164 | INFO    | molsanity | [stage cell_ESOL__GCN__IntegratedGradients__random__seed1] cache hit (cf42557ccdcf2c8c) — skipping
2026-08-02 23:21:33,164 | INFO    | molsanity | [cell ESOL__GCN__IntegratedGradients__random__seed1] DONE — rmse=0.929 r2=0.782 n=200 (capped) [cached]
2026-08-02 23:21:33,746 | INFO    | molsanity | [stage cell_ESOL__GCN__IntegratedGradients__random__seed2] cache hit (bdbc2f2468065ec0) — skipping
2026-08-02 23:21:33,746 | INFO    | molsanity | [cell ESOL__GCN__IntegratedGradients__random__seed2] DONE — rmse=0.961 r2=0.800 n=200 (capped) [cached]
2026-08-02 23:21:34,356 | INFO    | molsanity | [stage cell_ESOL__GAT__IntegratedGradients__scaffold__seed0] cache hit (8dd01c3a6b641e19) — skipping
2026-08-02 23:21:34,356 | INFO    | molsanity | [cell ESOL__GAT__IntegratedGradients__scaffold__seed0] DONE — rmse=0.793 r2=0.838 n=200 (capped) [cached]
2026-08-02 23:21:35,090 | INFO    | molsanity | [stage cell_ESOL__GAT__IntegratedGradients__scaffold__seed1] cache hit (37142f426a95dbd1) — skipping
2026-08-02 23:21:35,091 | INFO    | molsanity | [cell ESOL__GAT__IntegratedGradients__scaffold__seed1] DONE — rmse=0.829 r2=0.850 n=200 (capped) [cached]
2026-08-02 23:21:35,743 | INFO    | molsanity | [stage cell_ESOL__GAT__IntegratedGradients__scaffold__seed2] cache hit (f315bd4ef9044e7b) — skipping
2026-08-02 23:21:35,743 | INFO    | molsanity | [cell ESOL__GAT__IntegratedGradients__scaffold__seed2] DONE — rmse=0.894 r2=0.826 n=200 (capped) [cached]
2026-08-02 23:21:36,354 | INFO    | molsanity | [stage cell_ESOL__GAT__IntegratedGradients__random__seed0] cache hit (4e7c72df1429bbbc) — skipping
2026-08-02 23:21:36,354 | INFO    | molsanity | [cell ESOL__GAT__IntegratedGradients__random__seed0] DONE — rmse=0.730 r2=0.888 n=200 (capped) [cached]
2026-08-02 23:21:36,924 | INFO    | molsanity | [stage cell_ESOL__GAT__IntegratedGradients__random__seed1] cache hit (951800e1cc2bd5e1) — skipping
2026-08-02 23:21:36,925 | INFO    | molsanity | [cell ESOL__GAT__IntegratedGradients__random__seed1] DONE — rmse=0.810 r2=0.834 n=200 (capped) [cached]
2026-08-02 23:21:37,509 | INFO    | molsanity | [stage cell_ESOL__GAT__IntegratedGradients__random__seed2] cache hit (f095ba43615fe14f) — skipping
2026-08-02 23:21:37,509 | INFO    | molsanity | [cell ESOL__GAT__IntegratedGradients__random__seed2] DONE — rmse=0.751 r2=0.878 n=200 (capped) [cached]
2026-08-02 23:21:38,092 | INFO    | molsanity | [stage cell_ESOL__GINE__GNNExplainer__scaffold__seed0] cache hit (7290ba94b7487a08) — skipping
2026-08-02 23:21:38,093 | INFO    | molsanity | [cell ESOL__GINE__GNNExplainer__scaffold__seed0] DONE — rmse=0.929 r2=0.778 n=200 (capped) [cached]
2026-08-02 23:21:38,701 | INFO    | molsanity | [stage cell_ESOL__GINE__GNNExplainer__scaffold__seed1] cache hit (5b72749783aa65e5) — skipping
2026-08-02 23:21:38,702 | INFO    | molsanity | [cell ESOL__GINE__GNNExplainer__scaffold__seed1] DONE — rmse=0.928 r2=0.812 n=200 (capped) [cached]
2026-08-02 23:21:39,260 | INFO    | molsanity | [stage cell_ESOL__GINE__GNNExplainer__scaffold__seed2] cache hit (d53d4b4230d6c8d8) — skipping
2026-08-02 23:21:39,261 | INFO    | molsanity | [cell ESOL__GINE__GNNExplainer__scaffold__seed2] DONE — rmse=0.886 r2=0.829 n=200 (capped) [cached]
2026-08-02 23:21:39,864 | INFO    | molsanity | [stage cell_ESOL__GINE__GNNExplainer__random__seed0] cache hit (af707ff00bdea59b) — skipping
2026-08-02 23:21:39,864 | INFO    | molsanity | [cell ESOL__GINE__GNNExplainer__random__seed0] DONE — rmse=0.788 r2=0.869 n=200 (capped) [cached]
2026-08-02 23:21:40,423 | INFO    | molsanity | [stage cell_ESOL__GINE__GNNExplainer__random__seed1] cache hit (3238e78a3cdfde4c) — skipping
2026-08-02 23:21:40,424 | INFO    | molsanity | [cell ESOL__GINE__GNNExplainer__random__seed1] DONE — rmse=0.832 r2=0.825 n=200 (capped) [cached]
2026-08-02 23:21:41,010 | INFO    | molsanity | [stage cell_ESOL__GINE__GNNExplainer__random__seed2] cache hit (e440bdac1bdddbd6) — skipping
2026-08-02 23:21:41,010 | INFO    | molsanity | [cell ESOL__GINE__GNNExplainer__random__seed2] DONE — rmse=0.879 r2=0.833 n=200 (capped) [cached]
2026-08-02 23:21:41,592 | INFO    | molsanity | [stage cell_FreeSolv__GINE__IntegratedGradients__scaffold__seed0] cache hit (cc27a081446cf415) — skipping
2026-08-02 23:21:41,592 | INFO    | molsanity | [cell FreeSolv__GINE__IntegratedGradients__scaffold__seed0] DONE — rmse=1.304 r2=0.881 n=193 (capped) [cached]
2026-08-02 23:21:42,170 | INFO    | molsanity | [stage cell_FreeSolv__GINE__IntegratedGradients__scaffold__seed1] cache hit (73309ab096238680) — skipping
2026-08-02 23:21:42,170 | INFO    | molsanity | [cell FreeSolv__GINE__IntegratedGradients__scaffold__seed1] DONE — rmse=1.425 r2=0.847 n=193 (capped) [cached]
2026-08-02 23:21:42,747 | INFO    | molsanity | [stage cell_FreeSolv__GINE__IntegratedGradients__scaffold__seed2] cache hit (d512eca559c15be8) — skipping
2026-08-02 23:21:42,748 | INFO    | molsanity | [cell FreeSolv__GINE__IntegratedGradients__scaffold__seed2] DONE — rmse=1.529 r2=0.824 n=193 (capped) [cached]
2026-08-02 23:21:43,334 | INFO    | molsanity | [stage cell_FreeSolv__GINE__IntegratedGradients__random__seed0] cache hit (e37e54902b3b27f2) — skipping
2026-08-02 23:21:43,334 | INFO    | molsanity | [cell FreeSolv__GINE__IntegratedGradients__random__seed0] DONE — rmse=1.486 r2=0.803 n=193 (capped) [cached]
2026-08-02 23:21:43,945 | INFO    | molsanity | [stage cell_FreeSolv__GINE__IntegratedGradients__random__seed1] cache hit (755629c999add9fa) — skipping
2026-08-02 23:21:43,945 | INFO    | molsanity | [cell FreeSolv__GINE__IntegratedGradients__random__seed1] DONE — rmse=1.346 r2=0.857 n=193 (capped) [cached]
2026-08-02 23:21:44,520 | INFO    | molsanity | [stage cell_FreeSolv__GINE__IntegratedGradients__random__seed2] cache hit (4fe3440a6afcfa1d) — skipping
2026-08-02 23:21:44,520 | INFO    | molsanity | [cell FreeSolv__GINE__IntegratedGradients__random__seed2] DONE — rmse=1.618 r2=0.830 n=193 (capped) [cached]
2026-08-02 23:21:45,096 | INFO    | molsanity | [stage cell_Lipophilicity__GINE__IntegratedGradients__scaffold__seed0] cache hit (0118b18e0ae70d9b) — skipping
2026-08-02 23:21:45,096 | INFO    | molsanity | [cell Lipophilicity__GINE__IntegratedGradients__scaffold__seed0] DONE — rmse=0.749 r2=0.614 n=200 (capped) [cached]
2026-08-02 23:21:45,753 | INFO    | molsanity | [stage cell_Lipophilicity__GINE__IntegratedGradients__scaffold__seed1] cache hit (5936367a77cfc41f) — skipping
2026-08-02 23:21:45,754 | INFO    | molsanity | [cell Lipophilicity__GINE__IntegratedGradients__scaffold__seed1] DONE — rmse=0.764 r2=0.599 n=200 (capped) [cached]
2026-08-02 23:21:46,338 | INFO    | molsanity | [stage cell_Lipophilicity__GINE__IntegratedGradients__scaffold__seed2] cache hit (d7ea174908d6379c) — skipping
2026-08-02 23:21:46,339 | INFO    | molsanity | [cell Lipophilicity__GINE__IntegratedGradients__scaffold__seed2] DONE — rmse=0.754 r2=0.609 n=200 (capped) [cached]
2026-08-02 23:21:46,958 | INFO    | molsanity | [stage cell_Lipophilicity__GINE__IntegratedGradients__random__seed0] cache hit (e3a5ee20c3670067) — skipping
2026-08-02 23:21:46,958 | INFO    | molsanity | [cell Lipophilicity__GINE__IntegratedGradients__random__seed0] DONE — rmse=0.737 r2=0.617 n=200 (capped) [cached]
2026-08-02 23:21:47,546 | INFO    | molsanity | [stage cell_Lipophilicity__GINE__IntegratedGradients__random__seed1] cache hit (a94062edc9757ea9) — skipping
2026-08-02 23:21:47,546 | INFO    | molsanity | [cell Lipophilicity__GINE__IntegratedGradients__random__seed1] DONE — rmse=0.798 r2=0.527 n=200 (capped) [cached]
2026-08-02 23:21:48,174 | INFO    | molsanity | [stage cell_Lipophilicity__GINE__IntegratedGradients__random__seed2] cache hit (cff04b44b7374bca) — skipping
2026-08-02 23:21:48,174 | INFO    | molsanity | [cell Lipophilicity__GINE__IntegratedGradients__random__seed2] DONE — rmse=0.783 r2=0.563 n=200 (capped) [cached]
2026-08-02 23:21:48,743 | INFO    | molsanity | [stage cell_ClinTox__GINE__IntegratedGradients__scaffold__seed0] cache hit (95a2156d0c2352ea) — skipping
2026-08-02 23:21:48,743 | INFO    | molsanity | [cell ClinTox__GINE__IntegratedGradients__scaffold__seed0] DONE — acc=0.81 gt_auroc=nan n=200 (capped) [cached]
2026-08-02 23:21:49,307 | INFO    | molsanity | [stage cell_ClinTox__GINE__IntegratedGradients__scaffold__seed1] cache hit (f132ffb928b8b399) — skipping
2026-08-02 23:21:49,307 | INFO    | molsanity | [cell ClinTox__GINE__IntegratedGradients__scaffold__seed1] DONE — acc=0.79 gt_auroc=nan n=200 (capped) [cached]
2026-08-02 23:21:49,980 | INFO    | molsanity | [stage cell_ClinTox__GINE__IntegratedGradients__scaffold__seed2] cache hit (2725581e2a72d784) — skipping
2026-08-02 23:21:49,980 | INFO    | molsanity | [cell ClinTox__GINE__IntegratedGradients__scaffold__seed2] DONE — acc=0.66 gt_auroc=nan n=200 (capped) [cached]
2026-08-02 23:21:50,619 | INFO    | molsanity | [stage cell_ClinTox__GINE__IntegratedGradients__random__seed0] cache hit (0d7f68d396c9ca33) — skipping
2026-08-02 23:21:50,619 | INFO    | molsanity | [cell ClinTox__GINE__IntegratedGradients__random__seed0] DONE — acc=0.72 gt_auroc=nan n=200 (capped) [cached]
2026-08-02 23:21:51,191 | INFO    | molsanity | [stage cell_ClinTox__GINE__IntegratedGradients__random__seed1] cache hit (e4915976da24c8e9) — skipping
2026-08-02 23:21:51,191 | INFO    | molsanity | [cell ClinTox__GINE__IntegratedGradients__random__seed1] DONE — acc=0.76 gt_auroc=nan n=200 (capped) [cached]
2026-08-02 23:21:51,744 | INFO    | molsanity | [stage cell_ClinTox__GINE__IntegratedGradients__random__seed2] cache hit (a26afbddb86ca7ee) — skipping
2026-08-02 23:21:51,744 | INFO    | molsanity | [cell ClinTox__GINE__IntegratedGradients__random__seed2] DONE — acc=0.70 gt_auroc=nan n=200 (capped) [cached]
2026-08-02 23:21:52,300 | INFO    | molsanity | [stage cell_ClinTox__GINE__GNNExplainer__scaffold__seed0] cache hit (0410f50093df6f0e) — skipping
2026-08-02 23:21:52,300 | INFO    | molsanity | [cell ClinTox__GINE__GNNExplainer__scaffold__seed0] DONE — acc=0.81 gt_auroc=nan n=200 (capped) [cached]
2026-08-02 23:21:52,308 | INFO    | molsanity | [stage cell_ClinTox__GINE__GNNExplainer__scaffold__seed1] running (0c706be26e5c3c48)
2026-08-02 23:21:55,066 | INFO    | molsanity | ClinTox: reduced to single task #1 (CT_TOX), 1480 labelled molecules
2026-08-02 23:21:55,121 | INFO    | molsanity | ClinTox checksum recorded: 1eda8813cda8
2026-08-02 23:21:55,121 | INFO    | molsanity | Loaded ClinTox: 1480 graphs, checksum 1eda8813cda8
2026-08-02 23:21:57,647 | INFO    | molsanity | Scaffold split: 1480 scaffolds -> train 888 / val 148 / test 444
2026-08-02 23:21:58,695 | INFO    | molsanity | Loaded existing checkpoint gine_ba47c6df3e15116b.pt
2026-08-02 23:21:59,449 | INFO    | molsanity | [cell ClinTox__GINE__GNNExplainer__scaffold] auditing 200 molecules (capped from 444)
2026-08-02 23:21:59,455 | INFO    | molsanity | [cell ClinTox__GINE__GNNExplainer__scaffold] auditing on 12 worker processes (CPU)
2026-08-02 23:22:38,572 | INFO    | molsanity | [cell ClinTox__GINE__GNNExplainer__scaffold] 200 molecules in 0.7 min (0.20s each, 12 workers)
2026-08-02 23:22:40,831 | INFO    | molsanity | Wrote GT-validation figure: artifacts/figures/ClinTox__GINE__GNNExplainer__scaffold/gt_validation.pdf (+ .svg)
2026-08-02 23:22:41,424 | INFO    | molsanity | Wrote molecule attribution SVG: artifacts/figures/ClinTox__GINE__GNNExplainer__scaffold/case_molecule.svg (GT atoms: [])
2026-08-02 23:22:43,408 | INFO    | molsanity | [cell ClinTox__GINE__GNNExplainer__scaffold__seed1] DONE — acc=0.79 gt_auroc=nan n=200 (capped)
2026-08-02 23:22:43,417 | INFO    | molsanity | [stage cell_ClinTox__GINE__GNNExplainer__scaffold__seed2] running (d01907fd02acd8f7)
2026-08-02 23:22:43,735 | INFO    | molsanity | ClinTox: reduced to single task #1 (CT_TOX), 1480 labelled molecules
2026-08-02 23:22:43,793 | INFO    | molsanity | Loaded ClinTox: 1480 graphs, checksum 1eda8813cda8
2026-08-02 23:22:46,364 | INFO    | molsanity | Scaffold split: 1480 scaffolds -> train 888 / val 148 / test 444
2026-08-02 23:22:47,169 | INFO    | molsanity | Loaded existing checkpoint gine_34584b44d53a42a9.pt
2026-08-02 23:22:47,956 | INFO    | molsanity | [cell ClinTox__GINE__GNNExplainer__scaffold] auditing 200 molecules (capped from 444)
2026-08-02 23:22:47,959 | INFO    | molsanity | [cell ClinTox__GINE__GNNExplainer__scaffold] auditing on 12 worker processes (CPU)
2026-08-02 23:23:24,694 | INFO    | molsanity | [cell ClinTox__GINE__GNNExplainer__scaffold] 200 molecules in 0.6 min (0.18s each, 12 workers)
2026-08-02 23:23:25,140 | INFO    | molsanity | Wrote GT-validation figure: artifacts/figures/ClinTox__GINE__GNNExplainer__scaffold/gt_validation.pdf (+ .svg)
2026-08-02 23:23:25,150 | INFO    | molsanity | Wrote molecule attribution SVG: artifacts/figures/ClinTox__GINE__GNNExplainer__scaffold/case_molecule.svg (GT atoms: [])
2026-08-02 23:23:25,949 | INFO    | molsanity | [cell ClinTox__GINE__GNNExplainer__scaffold__seed2] DONE — acc=0.66 gt_auroc=nan n=200 (capped)
2026-08-02 23:23:25,957 | INFO    | molsanity | [stage cell_ClinTox__GINE__GNNExplainer__random__seed0] running (fef42c70558eae2f)
2026-08-02 23:23:26,281 | INFO    | molsanity | ClinTox: reduced to single task #1 (CT_TOX), 1480 labelled molecules
2026-08-02 23:23:26,340 | INFO    | molsanity | Loaded ClinTox: 1480 graphs, checksum 1eda8813cda8
2026-08-02 23:23:27,349 | INFO    | molsanity | Loaded existing checkpoint gine_81524887c7adee3c.pt
2026-08-02 23:23:28,168 | INFO    | molsanity | [cell ClinTox__GINE__GNNExplainer__random] auditing 200 molecules (capped from 444)
2026-08-02 23:23:28,171 | INFO    | molsanity | [cell ClinTox__GINE__GNNExplainer__random] auditing on 12 worker processes (CPU)
2026-08-02 23:24:04,838 | INFO    | molsanity | [cell ClinTox__GINE__GNNExplainer__random] 200 molecules in 0.6 min (0.18s each, 12 workers)
2026-08-02 23:24:06,821 | INFO    | molsanity | Wrote GT-validation figure: artifacts/figures/ClinTox__GINE__GNNExplainer__random/gt_validation.pdf (+ .svg)
2026-08-02 23:24:07,623 | INFO    | molsanity | Wrote molecule attribution SVG: artifacts/figures/ClinTox__GINE__GNNExplainer__random/case_molecule.svg (GT atoms: [])
2026-08-02 23:24:10,020 | INFO    | molsanity | [cell ClinTox__GINE__GNNExplainer__random__seed0] DONE — acc=0.72 gt_auroc=nan n=200 (capped)
2026-08-02 23:24:10,029 | INFO    | molsanity | [stage cell_ClinTox__GINE__GNNExplainer__random__seed1] running (3ee71b4ebfb09641)
2026-08-02 23:24:10,339 | INFO    | molsanity | ClinTox: reduced to single task #1 (CT_TOX), 1480 labelled molecules
2026-08-02 23:24:10,397 | INFO    | molsanity | Loaded ClinTox: 1480 graphs, checksum 1eda8813cda8
2026-08-02 23:24:11,199 | INFO    | molsanity | Loaded existing checkpoint gine_fbfa4ff78a93a73e.pt
2026-08-02 23:24:11,998 | INFO    | molsanity | [cell ClinTox__GINE__GNNExplainer__random] auditing 200 molecules (capped from 444)
2026-08-02 23:24:12,001 | INFO    | molsanity | [cell ClinTox__GINE__GNNExplainer__random] auditing on 12 worker processes (CPU)
2026-08-02 23:24:47,848 | INFO    | molsanity | [cell ClinTox__GINE__GNNExplainer__random] 200 molecules in 0.6 min (0.18s each, 12 workers)
2026-08-02 23:24:48,287 | INFO    | molsanity | Wrote GT-validation figure: artifacts/figures/ClinTox__GINE__GNNExplainer__random/gt_validation.pdf (+ .svg)
2026-08-02 23:24:48,295 | INFO    | molsanity | Wrote molecule attribution SVG: artifacts/figures/ClinTox__GINE__GNNExplainer__random/case_molecule.svg (GT atoms: [])
2026-08-02 23:24:49,090 | INFO    | molsanity | [cell ClinTox__GINE__GNNExplainer__random__seed1] DONE — acc=0.76 gt_auroc=nan n=200 (capped)
2026-08-02 23:24:49,099 | INFO    | molsanity | [stage cell_ClinTox__GINE__GNNExplainer__random__seed2] running (2a44b02629043836)
2026-08-02 23:24:49,733 | INFO    | molsanity | ClinTox: reduced to single task #1 (CT_TOX), 1480 labelled molecules
2026-08-02 23:24:49,791 | INFO    | molsanity | Loaded ClinTox: 1480 graphs, checksum 1eda8813cda8
2026-08-02 23:24:50,372 | INFO    | molsanity | Loaded existing checkpoint gine_055141d997e01cb6.pt
2026-08-02 23:24:51,228 | INFO    | molsanity | [cell ClinTox__GINE__GNNExplainer__random] auditing 200 molecules (capped from 444)
2026-08-02 23:24:51,231 | INFO    | molsanity | [cell ClinTox__GINE__GNNExplainer__random] auditing on 12 worker processes (CPU)
2026-08-02 23:25:28,905 | INFO    | molsanity | [cell ClinTox__GINE__GNNExplainer__random] 200 molecules in 0.6 min (0.19s each, 12 workers)
2026-08-02 23:25:29,365 | INFO    | molsanity | Wrote GT-validation figure: artifacts/figures/ClinTox__GINE__GNNExplainer__random/gt_validation.pdf (+ .svg)
2026-08-02 23:25:29,383 | INFO    | molsanity | Wrote molecule attribution SVG: artifacts/figures/ClinTox__GINE__GNNExplainer__random/case_molecule.svg (GT atoms: [])
2026-08-02 23:25:30,229 | INFO    | molsanity | [cell ClinTox__GINE__GNNExplainer__random__seed2] DONE — acc=0.70 gt_auroc=nan n=200 (capped)
2026-08-02 23:25:30,238 | INFO    | molsanity | [stage cell_SIDER__GINE__IntegratedGradients__scaffold__seed0] running (25942b42bd3c42df)
2026-08-02 23:25:33,118 | INFO    | molsanity | SIDER: reduced to single task #0 (Hepatobiliary disorders), 1427 labelled molecules
2026-08-02 23:25:33,181 | INFO    | molsanity | SIDER checksum recorded: 42bf0d88fb5e
2026-08-02 23:25:33,182 | INFO    | molsanity | Loaded SIDER: 1427 graphs, checksum 42bf0d88fb5e
2026-08-02 23:25:36,312 | INFO    | molsanity | Scaffold split: 1427 scaffolds -> train 856 / val 142 / test 429
2026-08-02 23:25:37,130 | INFO    | molsanity | Loaded existing checkpoint gine_5281be77a9e8e1fc.pt
2026-08-02 23:25:38,046 | INFO    | molsanity | [cell SIDER__GINE__IntegratedGradients__scaffold] auditing 200 molecules (capped from 429)
2026-08-02 23:25:38,050 | INFO    | molsanity | [cell SIDER__GINE__IntegratedGradients__scaffold] auditing on 12 worker processes (CPU)
2026-08-02 23:25:51,746 | INFO    | molsanity | [cell SIDER__GINE__IntegratedGradients__scaffold] 200 molecules in 0.2 min (0.07s each, 12 workers)
2026-08-02 23:25:54,743 | INFO    | molsanity | Wrote GT-validation figure: artifacts/figures/SIDER__GINE__IntegratedGradients__scaffold/gt_validation.pdf (+ .svg)
2026-08-02 23:25:55,653 | INFO    | molsanity | Wrote molecule attribution SVG: artifacts/figures/SIDER__GINE__IntegratedGradients__scaffold/case_molecule.svg (GT atoms: [])
2026-08-02 23:25:57,336 | INFO    | molsanity | [cell SIDER__GINE__IntegratedGradients__scaffold__seed0] DONE — acc=0.60 gt_auroc=nan n=200 (capped)
2026-08-02 23:25:57,345 | INFO    | molsanity | [stage cell_SIDER__GINE__IntegratedGradients__scaffold__seed1] running (5a50fdab7615fe71)
2026-08-02 23:25:57,653 | INFO    | molsanity | SIDER: reduced to single task #0 (Hepatobiliary disorders), 1427 labelled molecules
2026-08-02 23:25:57,714 | INFO    | molsanity | Loaded SIDER: 1427 graphs, checksum 42bf0d88fb5e
2026-08-02 23:26:00,834 | INFO    | molsanity | Scaffold split: 1427 scaffolds -> train 856 / val 142 / test 429
2026-08-02 23:26:01,626 | INFO    | molsanity | Loaded existing checkpoint gine_ba47c6df3e15116b.pt
2026-08-02 23:26:02,415 | INFO    | molsanity | [cell SIDER__GINE__IntegratedGradients__scaffold] auditing 200 molecules (capped from 429)
2026-08-02 23:26:02,418 | INFO    | molsanity | [cell SIDER__GINE__IntegratedGradients__scaffold] auditing on 12 worker processes (CPU)
2026-08-02 23:26:15,993 | INFO    | molsanity | [cell SIDER__GINE__IntegratedGradients__scaffold] 200 molecules in 0.2 min (0.07s each, 12 workers)
2026-08-02 23:26:16,458 | INFO    | molsanity | Wrote GT-validation figure: artifacts/figures/SIDER__GINE__IntegratedGradients__scaffold/gt_validation.pdf (+ .svg)
2026-08-02 23:26:16,466 | INFO    | molsanity | Wrote molecule attribution SVG: artifacts/figures/SIDER__GINE__IntegratedGradients__scaffold/case_molecule.svg (GT atoms: [])
2026-08-02 23:26:16,511 | INFO    | molsanity | [cell SIDER__GINE__IntegratedGradients__scaffold__seed1] DONE — acc=0.62 gt_auroc=nan n=200 (capped)
2026-08-02 23:26:16,520 | INFO    | molsanity | [stage cell_SIDER__GINE__IntegratedGradients__scaffold__seed2] running (917d54c88ee402b6)
2026-08-02 23:26:16,830 | INFO    | molsanity | SIDER: reduced to single task #0 (Hepatobiliary disorders), 1427 labelled molecules
2026-08-02 23:26:16,892 | INFO    | molsanity | Loaded SIDER: 1427 graphs, checksum 42bf0d88fb5e
2026-08-02 23:26:19,983 | INFO    | molsanity | Scaffold split: 1427 scaffolds -> train 856 / val 142 / test 429
2026-08-02 23:26:20,804 | INFO    | molsanity | Loaded existing checkpoint gine_34584b44d53a42a9.pt
2026-08-02 23:26:21,612 | INFO    | molsanity | [cell SIDER__GINE__IntegratedGradients__scaffold] auditing 200 molecules (capped from 429)
2026-08-02 23:26:21,616 | INFO    | molsanity | [cell SIDER__GINE__IntegratedGradients__scaffold] auditing on 12 worker processes (CPU)
2026-08-02 23:26:37,207 | INFO    | molsanity | [cell SIDER__GINE__IntegratedGradients__scaffold] 200 molecules in 0.3 min (0.08s each, 12 workers)
2026-08-02 23:26:37,659 | INFO    | molsanity | Wrote GT-validation figure: artifacts/figures/SIDER__GINE__IntegratedGradients__scaffold/gt_validation.pdf (+ .svg)
2026-08-02 23:26:37,676 | INFO    | molsanity | Wrote molecule attribution SVG: artifacts/figures/SIDER__GINE__IntegratedGradients__scaffold/case_molecule.svg (GT atoms: [])
2026-08-02 23:26:37,721 | INFO    | molsanity | [cell SIDER__GINE__IntegratedGradients__scaffold__seed2] DONE — acc=0.58 gt_auroc=nan n=200 (capped)
2026-08-02 23:26:37,729 | INFO    | molsanity | [stage cell_SIDER__GINE__IntegratedGradients__random__seed0] running (ff853290aee210c4)
2026-08-02 23:26:38,338 | INFO    | molsanity | SIDER: reduced to single task #0 (Hepatobiliary disorders), 1427 labelled molecules
2026-08-02 23:26:38,399 | INFO    | molsanity | Loaded SIDER: 1427 graphs, checksum 42bf0d88fb5e
2026-08-02 23:26:39,243 | INFO    | molsanity | Loaded existing checkpoint gine_81524887c7adee3c.pt
2026-08-02 23:26:40,115 | INFO    | molsanity | [cell SIDER__GINE__IntegratedGradients__random] auditing 200 molecules (capped from 429)
2026-08-02 23:26:40,119 | INFO    | molsanity | [cell SIDER__GINE__IntegratedGradients__random] auditing on 12 worker processes (CPU)
2026-08-02 23:26:55,913 | INFO    | molsanity | [cell SIDER__GINE__IntegratedGradients__random] 200 molecules in 0.3 min (0.08s each, 12 workers)
2026-08-02 23:26:58,279 | INFO    | molsanity | Wrote GT-validation figure: artifacts/figures/SIDER__GINE__IntegratedGradients__random/gt_validation.pdf (+ .svg)
2026-08-02 23:26:59,163 | INFO    | molsanity | Wrote molecule attribution SVG: artifacts/figures/SIDER__GINE__IntegratedGradients__random/case_molecule.svg (GT atoms: [])
2026-08-02 23:27:00,659 | INFO    | molsanity | [cell SIDER__GINE__IntegratedGradients__random__seed0] DONE — acc=0.67 gt_auroc=nan n=200 (capped)
2026-08-02 23:27:00,668 | INFO    | molsanity | [stage cell_SIDER__GINE__IntegratedGradients__random__seed1] running (aecc4fbded884979)
2026-08-02 23:27:00,979 | INFO    | molsanity | SIDER: reduced to single task #0 (Hepatobiliary disorders), 1427 labelled molecules
2026-08-02 23:27:01,041 | INFO    | molsanity | Loaded SIDER: 1427 graphs, checksum 42bf0d88fb5e
2026-08-02 23:27:01,852 | INFO    | molsanity | Loaded existing checkpoint gine_fbfa4ff78a93a73e.pt
2026-08-02 23:27:02,631 | INFO    | molsanity | [cell SIDER__GINE__IntegratedGradients__random] auditing 200 molecules (capped from 429)
2026-08-02 23:27:02,634 | INFO    | molsanity | [cell SIDER__GINE__IntegratedGradients__random] auditing on 12 worker processes (CPU)
2026-08-02 23:27:18,978 | INFO    | molsanity | [cell SIDER__GINE__IntegratedGradients__random] 200 molecules in 0.3 min (0.08s each, 12 workers)
2026-08-02 23:27:19,436 | INFO    | molsanity | Wrote GT-validation figure: artifacts/figures/SIDER__GINE__IntegratedGradients__random/gt_validation.pdf (+ .svg)
2026-08-02 23:27:19,446 | INFO    | molsanity | Wrote molecule attribution SVG: artifacts/figures/SIDER__GINE__IntegratedGradients__random/case_molecule.svg (GT atoms: [])
2026-08-02 23:27:19,490 | INFO    | molsanity | [cell SIDER__GINE__IntegratedGradients__random__seed1] DONE — acc=0.61 gt_auroc=nan n=200 (capped)
2026-08-02 23:27:19,499 | INFO    | molsanity | [stage cell_SIDER__GINE__IntegratedGradients__random__seed2] running (12df6edbfbf228cc)
2026-08-02 23:27:19,805 | INFO    | molsanity | SIDER: reduced to single task #0 (Hepatobiliary disorders), 1427 labelled molecules
2026-08-02 23:27:19,866 | INFO    | molsanity | Loaded SIDER: 1427 graphs, checksum 42bf0d88fb5e
2026-08-02 23:27:20,666 | INFO    | molsanity | Loaded existing checkpoint gine_055141d997e01cb6.pt
2026-08-02 23:27:21,465 | INFO    | molsanity | [cell SIDER__GINE__IntegratedGradients__random] auditing 200 molecules (capped from 429)
2026-08-02 23:27:21,468 | INFO    | molsanity | [cell SIDER__GINE__IntegratedGradients__random] auditing on 12 worker processes (CPU)
2026-08-02 23:27:34,880 | INFO    | molsanity | [cell SIDER__GINE__IntegratedGradients__random] 200 molecules in 0.2 min (0.07s each, 12 workers)
2026-08-02 23:27:35,369 | INFO    | molsanity | Wrote GT-validation figure: artifacts/figures/SIDER__GINE__IntegratedGradients__random/gt_validation.pdf (+ .svg)
2026-08-02 23:27:35,376 | INFO    | molsanity | Wrote molecule attribution SVG: artifacts/figures/SIDER__GINE__IntegratedGradients__random/case_molecule.svg (GT atoms: [])
2026-08-02 23:27:35,420 | INFO    | molsanity | [cell SIDER__GINE__IntegratedGradients__random__seed2] DONE — acc=0.65 gt_auroc=nan n=200 (capped)
2026-08-02 23:27:35,428 | INFO    | molsanity | [stage cell_SIDER__GCN__IntegratedGradients__scaffold__seed0] running (278ac2358d8bfd5c)
2026-08-02 23:27:35,735 | INFO    | molsanity | SIDER: reduced to single task #0 (Hepatobiliary disorders), 1427 labelled molecules
2026-08-02 23:27:35,796 | INFO    | molsanity | Loaded SIDER: 1427 graphs, checksum 42bf0d88fb5e
2026-08-02 23:27:38,889 | INFO    | molsanity | Scaffold split: 1427 scaffolds -> train 856 / val 142 / test 429
2026-08-02 23:27:39,831 | INFO    | molsanity | Loaded existing checkpoint gcn_d9216bef68cf8971.pt
2026-08-02 23:27:40,776 | INFO    | molsanity | [cell SIDER__GCN__IntegratedGradients__scaffold] auditing 200 molecules (capped from 429)
2026-08-02 23:27:40,778 | INFO    | molsanity | [cell SIDER__GCN__IntegratedGradients__scaffold] auditing on 12 worker processes (CPU)
2026-08-02 23:27:55,795 | INFO    | molsanity | [cell SIDER__GCN__IntegratedGradients__scaffold] 200 molecules in 0.3 min (0.08s each, 12 workers)
2026-08-02 23:27:58,030 | INFO    | molsanity | Wrote GT-validation figure: artifacts/figures/SIDER__GCN__IntegratedGradients__scaffold/gt_validation.pdf (+ .svg)
2026-08-02 23:27:58,921 | INFO    | molsanity | Wrote molecule attribution SVG: artifacts/figures/SIDER__GCN__IntegratedGradients__scaffold/case_molecule.svg (GT atoms: [])
2026-08-02 23:28:01,445 | INFO    | molsanity | [cell SIDER__GCN__IntegratedGradients__scaffold__seed0] DONE — acc=0.60 gt_auroc=nan n=200 (capped)
2026-08-02 23:28:01,454 | INFO    | molsanity | [stage cell_SIDER__GCN__IntegratedGradients__scaffold__seed1] running (7a794fef51181bd3)
2026-08-02 23:28:02,091 | INFO    | molsanity | SIDER: reduced to single task #0 (Hepatobiliary disorders), 1427 labelled molecules
2026-08-02 23:28:02,153 | INFO    | molsanity | Loaded SIDER: 1427 graphs, checksum 42bf0d88fb5e
2026-08-02 23:28:05,263 | INFO    | molsanity | Scaffold split: 1427 scaffolds -> train 856 / val 142 / test 429
2026-08-02 23:28:05,964 | INFO    | molsanity | Loaded existing checkpoint gcn_5cbb4655d5b6f29c.pt
2026-08-02 23:28:06,707 | INFO    | molsanity | [cell SIDER__GCN__IntegratedGradients__scaffold] auditing 200 molecules (capped from 429)
2026-08-02 23:28:06,710 | INFO    | molsanity | [cell SIDER__GCN__IntegratedGradients__scaffold] auditing on 12 worker processes (CPU)
2026-08-02 23:28:21,851 | INFO    | molsanity | [cell SIDER__GCN__IntegratedGradients__scaffold] 200 molecules in 0.3 min (0.08s each, 12 workers)
2026-08-02 23:28:22,301 | INFO    | molsanity | Wrote GT-validation figure: artifacts/figures/SIDER__GCN__IntegratedGradients__scaffold/gt_validation.pdf (+ .svg)
2026-08-02 23:28:22,310 | INFO    | molsanity | Wrote molecule attribution SVG: artifacts/figures/SIDER__GCN__IntegratedGradients__scaffold/case_molecule.svg (GT atoms: [])
2026-08-02 23:28:22,355 | INFO    | molsanity | [cell SIDER__GCN__IntegratedGradients__scaffold__seed1] DONE — acc=0.65 gt_auroc=nan n=200 (capped)
2026-08-02 23:28:22,364 | INFO    | molsanity | [stage cell_SIDER__GCN__IntegratedGradients__scaffold__seed2] running (3c8cbaa44820a326)
2026-08-02 23:28:22,672 | INFO    | molsanity | SIDER: reduced to single task #0 (Hepatobiliary disorders), 1427 labelled molecules
2026-08-02 23:28:22,733 | INFO    | molsanity | Loaded SIDER: 1427 graphs, checksum 42bf0d88fb5e
2026-08-02 23:28:25,853 | INFO    | molsanity | Scaffold split: 1427 scaffolds -> train 856 / val 142 / test 429
2026-08-02 23:28:26,680 | INFO    | molsanity | Loaded existing checkpoint gcn_f99d3aae04bdd733.pt
2026-08-02 23:28:27,528 | INFO    | molsanity | [cell SIDER__GCN__IntegratedGradients__scaffold] auditing 200 molecules (capped from 429)
2026-08-02 23:28:27,531 | INFO    | molsanity | [cell SIDER__GCN__IntegratedGradients__scaffold] auditing on 12 worker processes (CPU)
2026-08-02 23:28:42,599 | INFO    | molsanity | [cell SIDER__GCN__IntegratedGradients__scaffold] 200 molecules in 0.3 min (0.08s each, 12 workers)
2026-08-02 23:28:43,072 | INFO    | molsanity | Wrote GT-validation figure: artifacts/figures/SIDER__GCN__IntegratedGradients__scaffold/gt_validation.pdf (+ .svg)
2026-08-02 23:28:43,080 | INFO    | molsanity | Wrote molecule attribution SVG: artifacts/figures/SIDER__GCN__IntegratedGradients__scaffold/case_molecule.svg (GT atoms: [])
2026-08-02 23:28:43,128 | INFO    | molsanity | [cell SIDER__GCN__IntegratedGradients__scaffold__seed2] DONE — acc=0.57 gt_auroc=nan n=200 (capped)
2026-08-02 23:28:43,137 | INFO    | molsanity | [stage cell_SIDER__GCN__IntegratedGradients__random__seed0] running (a03ebb8ef197a68d)
2026-08-02 23:28:43,453 | INFO    | molsanity | SIDER: reduced to single task #0 (Hepatobiliary disorders), 1427 labelled molecules
2026-08-02 23:28:43,512 | INFO    | molsanity | Loaded SIDER: 1427 graphs, checksum 42bf0d88fb5e
2026-08-02 23:28:44,471 | INFO    | molsanity | Loaded existing checkpoint gcn_604a180f83e0893f.pt
2026-08-02 23:28:45,621 | INFO    | molsanity | [cell SIDER__GCN__IntegratedGradients__random] auditing 200 molecules (capped from 429)
2026-08-02 23:28:45,623 | INFO    | molsanity | [cell SIDER__GCN__IntegratedGradients__random] auditing on 12 worker processes (CPU)
2026-08-02 23:29:00,693 | INFO    | molsanity | [cell SIDER__GCN__IntegratedGradients__random] 200 molecules in 0.3 min (0.08s each, 12 workers)
2026-08-02 23:29:02,608 | INFO    | molsanity | Wrote GT-validation figure: artifacts/figures/SIDER__GCN__IntegratedGradients__random/gt_validation.pdf (+ .svg)
2026-08-02 23:29:03,560 | INFO    | molsanity | Wrote molecule attribution SVG: artifacts/figures/SIDER__GCN__IntegratedGradients__random/case_molecule.svg (GT atoms: [])
2026-08-02 23:29:05,204 | INFO    | molsanity | [cell SIDER__GCN__IntegratedGradients__random__seed0] DONE — acc=0.68 gt_auroc=nan n=200 (capped)
2026-08-02 23:29:05,214 | INFO    | molsanity | [stage cell_SIDER__GCN__IntegratedGradients__random__seed1] running (171b58ef0496e5c9)
2026-08-02 23:29:05,518 | INFO    | molsanity | SIDER: reduced to single task #0 (Hepatobiliary disorders), 1427 labelled molecules
2026-08-02 23:29:05,587 | INFO    | molsanity | Loaded SIDER: 1427 graphs, checksum 42bf0d88fb5e
2026-08-02 23:29:06,364 | INFO    | molsanity | Loaded existing checkpoint gcn_dad5f21f0dee0734.pt
2026-08-02 23:29:07,138 | INFO    | molsanity | [cell SIDER__GCN__IntegratedGradients__random] auditing 200 molecules (capped from 429)
2026-08-02 23:29:07,141 | INFO    | molsanity | [cell SIDER__GCN__IntegratedGradients__random] auditing on 12 worker processes (CPU)
2026-08-02 23:29:22,427 | INFO    | molsanity | [cell SIDER__GCN__IntegratedGradients__random] 200 molecules in 0.3 min (0.08s each, 12 workers)
2026-08-02 23:29:22,879 | INFO    | molsanity | Wrote GT-validation figure: artifacts/figures/SIDER__GCN__IntegratedGradients__random/gt_validation.pdf (+ .svg)
2026-08-02 23:29:22,888 | INFO    | molsanity | Wrote molecule attribution SVG: artifacts/figures/SIDER__GCN__IntegratedGradients__random/case_molecule.svg (GT atoms: [])
2026-08-02 23:29:22,933 | INFO    | molsanity | [cell SIDER__GCN__IntegratedGradients__random__seed1] DONE — acc=0.62 gt_auroc=nan n=200 (capped)
2026-08-02 23:29:22,942 | INFO    | molsanity | [stage cell_SIDER__GCN__IntegratedGradients__random__seed2] running (ec44ca54c03dc64c)
2026-08-02 23:29:23,256 | INFO    | molsanity | SIDER: reduced to single task #0 (Hepatobiliary disorders), 1427 labelled molecules
2026-08-02 23:29:23,317 | INFO    | molsanity | Loaded SIDER: 1427 graphs, checksum 42bf0d88fb5e
2026-08-02 23:29:24,127 | INFO    | molsanity | Loaded existing checkpoint gcn_d6a5270b7d695768.pt
2026-08-02 23:29:25,066 | INFO    | molsanity | [cell SIDER__GCN__IntegratedGradients__random] auditing 200 molecules (capped from 429)
2026-08-02 23:29:25,068 | INFO    | molsanity | [cell SIDER__GCN__IntegratedGradients__random] auditing on 12 worker processes (CPU)
2026-08-02 23:29:40,070 | INFO    | molsanity | [cell SIDER__GCN__IntegratedGradients__random] 200 molecules in 0.3 min (0.08s each, 12 workers)
2026-08-02 23:29:40,853 | INFO    | molsanity | Wrote GT-validation figure: artifacts/figures/SIDER__GCN__IntegratedGradients__random/gt_validation.pdf (+ .svg)
2026-08-02 23:29:40,861 | INFO    | molsanity | Wrote molecule attribution SVG: artifacts/figures/SIDER__GCN__IntegratedGradients__random/case_molecule.svg (GT atoms: [])
2026-08-02 23:29:40,904 | INFO    | molsanity | [cell SIDER__GCN__IntegratedGradients__random__seed2] DONE — acc=0.63 gt_auroc=nan n=200 (capped)
2026-08-02 23:29:40,913 | INFO    | molsanity | [stage cell_Tox21__GINE__IntegratedGradients__scaffold__seed0] running (656915373a8c802d)
2026-08-02 23:29:50,366 | INFO    | molsanity | Tox21: reduced to single task #0 (NR-AR), 7258 labelled molecules
2026-08-02 23:29:50,611 | INFO    | molsanity | Tox21 checksum recorded: 09988a6b0bfc
2026-08-02 23:29:50,612 | INFO    | molsanity | Loaded Tox21: 7258 graphs, checksum 09988a6b0bfc
2026-08-02 23:30:00,409 | INFO    | molsanity | Scaffold split: 7226 scaffolds -> train 4354 / val 725 / test 2179
2026-08-02 23:30:01,335 | INFO    | molsanity | Loaded existing checkpoint gine_5281be77a9e8e1fc.pt
2026-08-02 23:30:02,337 | INFO    | molsanity | [cell Tox21__GINE__IntegratedGradients__scaffold] auditing 200 molecules (capped from 2179)
2026-08-02 23:30:02,341 | INFO    | molsanity | [cell Tox21__GINE__IntegratedGradients__scaffold] auditing on 12 worker processes (CPU)
2026-08-02 23:30:17,676 | INFO    | molsanity | [cell Tox21__GINE__IntegratedGradients__scaffold] 200 molecules in 0.3 min (0.08s each, 12 workers)
2026-08-02 23:30:19,811 | INFO    | molsanity | Wrote GT-validation figure: artifacts/figures/Tox21__GINE__IntegratedGradients__scaffold/gt_validation.pdf (+ .svg)
2026-08-02 23:30:20,614 | INFO    | molsanity | Wrote molecule attribution SVG: artifacts/figures/Tox21__GINE__IntegratedGradients__scaffold/case_molecule.svg (GT atoms: [])
2026-08-02 23:30:22,255 | INFO    | molsanity | [cell Tox21__GINE__IntegratedGradients__scaffold__seed0] DONE — acc=0.97 gt_auroc=nan n=200 (capped)
2026-08-02 23:30:22,265 | INFO    | molsanity | [stage cell_Tox21__GINE__IntegratedGradients__scaffold__seed1] running (1a1a0eb2ddb2f3b9)
2026-08-02 23:30:24,131 | INFO    | molsanity | Tox21: reduced to single task #0 (NR-AR), 7258 labelled molecules
2026-08-02 23:30:24,379 | INFO    | molsanity | Loaded Tox21: 7258 graphs, checksum 09988a6b0bfc
2026-08-02 23:30:34,133 | INFO    | molsanity | Scaffold split: 7226 scaffolds -> train 4354 / val 725 / test 2179
2026-08-02 23:30:34,954 | INFO    | molsanity | Loaded existing checkpoint gine_ba47c6df3e15116b.pt
2026-08-02 23:30:35,873 | INFO    | molsanity | [cell Tox21__GINE__IntegratedGradients__scaffold] auditing 200 molecules (capped from 2179)
2026-08-02 23:30:35,877 | INFO    | molsanity | [cell Tox21__GINE__IntegratedGradients__scaffold] auditing on 12 worker processes (CPU)
2026-08-02 23:30:50,908 | INFO    | molsanity | [cell Tox21__GINE__IntegratedGradients__scaffold] 200 molecules in 0.3 min (0.08s each, 12 workers)
2026-08-02 23:30:51,377 | INFO    | molsanity | Wrote GT-validation figure: artifacts/figures/Tox21__GINE__IntegratedGradients__scaffold/gt_validation.pdf (+ .svg)
2026-08-02 23:30:51,384 | INFO    | molsanity | Wrote molecule attribution SVG: artifacts/figures/Tox21__GINE__IntegratedGradients__scaffold/case_molecule.svg (GT atoms: [])
2026-08-02 23:30:51,467 | INFO    | molsanity | [cell Tox21__GINE__IntegratedGradients__scaffold__seed1] DONE — acc=0.95 gt_auroc=nan n=200 (capped)
2026-08-02 23:30:51,476 | INFO    | molsanity | [stage cell_Tox21__GINE__IntegratedGradients__scaffold__seed2] running (c1d577d2617ae144)
2026-08-02 23:30:53,345 | INFO    | molsanity | Tox21: reduced to single task #0 (NR-AR), 7258 labelled molecules
2026-08-02 23:30:53,594 | INFO    | molsanity | Loaded Tox21: 7258 graphs, checksum 09988a6b0bfc
2026-08-02 23:31:03,425 | INFO    | molsanity | Scaffold split: 7226 scaffolds -> train 4354 / val 725 / test 2179
2026-08-02 23:31:04,184 | INFO    | molsanity | Loaded existing checkpoint gine_34584b44d53a42a9.pt
2026-08-02 23:31:04,963 | INFO    | molsanity | [cell Tox21__GINE__IntegratedGradients__scaffold] auditing 200 molecules (capped from 2179)
2026-08-02 23:31:04,967 | INFO    | molsanity | [cell Tox21__GINE__IntegratedGradients__scaffold] auditing on 12 worker processes (CPU)
2026-08-02 23:31:20,023 | INFO    | molsanity | [cell Tox21__GINE__IntegratedGradients__scaffold] 200 molecules in 0.3 min (0.08s each, 12 workers)
2026-08-02 23:31:20,487 | INFO    | molsanity | Wrote GT-validation figure: artifacts/figures/Tox21__GINE__IntegratedGradients__scaffold/gt_validation.pdf (+ .svg)
2026-08-02 23:31:20,494 | INFO    | molsanity | Wrote molecule attribution SVG: artifacts/figures/Tox21__GINE__IntegratedGradients__scaffold/case_molecule.svg (GT atoms: [])
2026-08-02 23:31:20,577 | INFO    | molsanity | [cell Tox21__GINE__IntegratedGradients__scaffold__seed2] DONE — acc=0.64 gt_auroc=nan n=200 (capped)
2026-08-02 23:31:20,586 | INFO    | molsanity | [stage cell_Tox21__GINE__IntegratedGradients__random__seed0] running (e117b2aa552d6fb6)
2026-08-02 23:31:22,431 | INFO    | molsanity | Tox21: reduced to single task #0 (NR-AR), 7258 labelled molecules
2026-08-02 23:31:22,679 | INFO    | molsanity | Loaded Tox21: 7258 graphs, checksum 09988a6b0bfc
2026-08-02 23:31:23,751 | INFO    | molsanity | Loaded existing checkpoint gine_81524887c7adee3c.pt
2026-08-02 23:31:24,687 | INFO    | molsanity | [cell Tox21__GINE__IntegratedGradients__random] auditing 200 molecules (capped from 2179)
2026-08-02 23:31:24,690 | INFO    | molsanity | [cell Tox21__GINE__IntegratedGradients__random] auditing on 12 worker processes (CPU)
2026-08-02 23:31:40,028 | INFO    | molsanity | [cell Tox21__GINE__IntegratedGradients__random] 200 molecules in 0.3 min (0.08s each, 12 workers)
2026-08-02 23:31:42,272 | INFO    | molsanity | Wrote GT-validation figure: artifacts/figures/Tox21__GINE__IntegratedGradients__random/gt_validation.pdf (+ .svg)
2026-08-02 23:31:43,164 | INFO    | molsanity | Wrote molecule attribution SVG: artifacts/figures/Tox21__GINE__IntegratedGradients__random/case_molecule.svg (GT atoms: [])
2026-08-02 23:31:45,092 | INFO    | molsanity | [cell Tox21__GINE__IntegratedGradients__random__seed0] DONE — acc=0.94 gt_auroc=nan n=200 (capped)
2026-08-02 23:31:45,101 | INFO    | molsanity | [stage cell_Tox21__GINE__IntegratedGradients__random__seed1] running (fcf08d231c685ae3)
2026-08-02 23:31:46,967 | INFO    | molsanity | Tox21: reduced to single task #0 (NR-AR), 7258 labelled molecules
2026-08-02 23:31:47,221 | INFO    | molsanity | Loaded Tox21: 7258 graphs, checksum 09988a6b0bfc
2026-08-02 23:31:48,118 | INFO    | molsanity | Loaded existing checkpoint gine_fbfa4ff78a93a73e.pt
2026-08-02 23:31:48,916 | INFO    | molsanity | [cell Tox21__GINE__IntegratedGradients__random] auditing 200 molecules (capped from 2179)
2026-08-02 23:31:48,920 | INFO    | molsanity | [cell Tox21__GINE__IntegratedGradients__random] auditing on 12 worker processes (CPU)
2026-08-02 23:32:03,056 | INFO    | molsanity | [cell Tox21__GINE__IntegratedGradients__random] 200 molecules in 0.2 min (0.07s each, 12 workers)
2026-08-02 23:32:03,518 | INFO    | molsanity | Wrote GT-validation figure: artifacts/figures/Tox21__GINE__IntegratedGradients__random/gt_validation.pdf (+ .svg)
2026-08-02 23:32:03,526 | INFO    | molsanity | Wrote molecule attribution SVG: artifacts/figures/Tox21__GINE__IntegratedGradients__random/case_molecule.svg (GT atoms: [])
2026-08-02 23:32:03,607 | INFO    | molsanity | [cell Tox21__GINE__IntegratedGradients__random__seed1] DONE — acc=0.95 gt_auroc=nan n=200 (capped)
2026-08-02 23:32:03,616 | INFO    | molsanity | [stage cell_Tox21__GINE__IntegratedGradients__random__seed2] running (85ddfea98e12cd3c)
2026-08-02 23:32:05,471 | INFO    | molsanity | Tox21: reduced to single task #0 (NR-AR), 7258 labelled molecules
2026-08-02 23:32:05,717 | INFO    | molsanity | Loaded Tox21: 7258 graphs, checksum 09988a6b0bfc
2026-08-02 23:32:06,645 | INFO    | molsanity | Loaded existing checkpoint gine_055141d997e01cb6.pt
2026-08-02 23:32:07,450 | INFO    | molsanity | [cell Tox21__GINE__IntegratedGradients__random] auditing 200 molecules (capped from 2179)
2026-08-02 23:32:07,453 | INFO    | molsanity | [cell Tox21__GINE__IntegratedGradients__random] auditing on 12 worker processes (CPU)
2026-08-02 23:32:22,837 | INFO    | molsanity | [cell Tox21__GINE__IntegratedGradients__random] 200 molecules in 0.3 min (0.08s each, 12 workers)
2026-08-02 23:32:23,324 | INFO    | molsanity | Wrote GT-validation figure: artifacts/figures/Tox21__GINE__IntegratedGradients__random/gt_validation.pdf (+ .svg)
2026-08-02 23:32:23,332 | INFO    | molsanity | Wrote molecule attribution SVG: artifacts/figures/Tox21__GINE__IntegratedGradients__random/case_molecule.svg (GT atoms: [])
2026-08-02 23:32:23,420 | INFO    | molsanity | [cell Tox21__GINE__IntegratedGradients__random__seed2] DONE — acc=0.93 gt_auroc=nan n=200 (capped)
2026-08-02 23:32:23,430 | INFO    | molsanity | [stage cell_BA-2Motifs__GINE__IntegratedGradients__scaffold__seed0] running (8bb6c36471dde14f)
2026-08-02 23:32:24,825 | INFO    | molsanity | BA-2Motifs checksum recorded: fecc0a8aa094
2026-08-02 23:32:24,825 | INFO    | molsanity | Loaded BA-2Motifs: 1000 graphs, checksum fecc0a8aa094
2026-08-02 23:32:26,003 | INFO    | molsanity | class-aware split: moved scaffold group (1 mols, class 0) from train to val for coverage
2026-08-02 23:32:26,003 | INFO    | molsanity | class-aware split: moved scaffold group (1 mols, class 0) from train to test for coverage
2026-08-02 23:32:26,003 | INFO    | molsanity | Scaffold split: 996 scaffolds -> train 598 / val 101 / test 301
2026-08-02 23:32:26,836 | INFO    | molsanity | Loaded existing checkpoint gine_5281be77a9e8e1fc.pt
2026-08-02 23:32:27,635 | INFO    | molsanity | [cell BA-2Motifs__GINE__IntegratedGradients__scaffold] auditing 200 molecules (capped from 301)
2026-08-02 23:32:27,639 | INFO    | molsanity | [cell BA-2Motifs__GINE__IntegratedGradients__scaffold] auditing on 12 worker processes (CPU)
2026-08-02 23:32:41,753 | INFO    | molsanity | [cell BA-2Motifs__GINE__IntegratedGradients__scaffold] 200 molecules in 0.2 min (0.07s each, 12 workers)
2026-08-02 23:32:43,836 | INFO    | molsanity | Wrote GT-validation figure: artifacts/figures/BA-2Motifs__GINE__IntegratedGradients__scaffold/gt_validation.pdf (+ .svg)
2026-08-02 23:32:43,838 | INFO    | molsanity | Skipping molecule SVG (no aligned mol for case_molecule.svg)
2026-08-02 23:32:45,378 | INFO    | molsanity | [cell BA-2Motifs__GINE__IntegratedGradients__scaffold__seed0] DONE — acc=0.98 gt_auroc=0.8615 n=200 (capped)
2026-08-02 23:32:45,387 | INFO    | molsanity | [stage cell_BA-2Motifs__GINE__IntegratedGradients__scaffold__seed1] running (5aa6f6ba1f6bd6f5)
2026-08-02 23:32:45,816 | INFO    | molsanity | Loaded BA-2Motifs: 1000 graphs, checksum fecc0a8aa094
2026-08-02 23:32:46,976 | INFO    | molsanity | class-aware split: moved scaffold group (1 mols, class 0) from train to val for coverage
2026-08-02 23:32:46,977 | INFO    | molsanity | class-aware split: moved scaffold group (1 mols, class 0) from train to test for coverage
2026-08-02 23:32:46,977 | INFO    | molsanity | Scaffold split: 996 scaffolds -> train 598 / val 101 / test 301
2026-08-02 23:32:47,666 | INFO    | molsanity | Loaded existing checkpoint gine_ba47c6df3e15116b.pt
2026-08-02 23:32:48,442 | INFO    | molsanity | [cell BA-2Motifs__GINE__IntegratedGradients__scaffold] auditing 200 molecules (capped from 301)
2026-08-02 23:32:48,446 | INFO    | molsanity | [cell BA-2Motifs__GINE__IntegratedGradients__scaffold] auditing on 12 worker processes (CPU)
2026-08-02 23:33:02,333 | INFO    | molsanity | [cell BA-2Motifs__GINE__IntegratedGradients__scaffold] 200 molecules in 0.2 min (0.07s each, 12 workers)
2026-08-02 23:33:02,869 | INFO    | molsanity | Wrote GT-validation figure: artifacts/figures/BA-2Motifs__GINE__IntegratedGradients__scaffold/gt_validation.pdf (+ .svg)
2026-08-02 23:33:02,871 | INFO    | molsanity | Skipping molecule SVG (no aligned mol for case_molecule.svg)
2026-08-02 23:33:02,915 | INFO    | molsanity | [cell BA-2Motifs__GINE__IntegratedGradients__scaffold__seed1] DONE — acc=0.99 gt_auroc=0.8916000000000001 n=200 (capped)
2026-08-02 23:33:02,924 | INFO    | molsanity | [stage cell_BA-2Motifs__GINE__IntegratedGradients__scaffold__seed2] running (630a06d7a1554a7e)
2026-08-02 23:33:03,049 | INFO    | molsanity | Loaded BA-2Motifs: 1000 graphs, checksum fecc0a8aa094
2026-08-02 23:33:04,224 | INFO    | molsanity | class-aware split: moved scaffold group (1 mols, class 0) from train to val for coverage
2026-08-02 23:33:04,225 | INFO    | molsanity | class-aware split: moved scaffold group (1 mols, class 0) from train to test for coverage
2026-08-02 23:33:04,225 | INFO    | molsanity | Scaffold split: 996 scaffolds -> train 598 / val 101 / test 301
2026-08-02 23:33:05,036 | INFO    | molsanity | Loaded existing checkpoint gine_34584b44d53a42a9.pt
2026-08-02 23:33:05,988 | INFO    | molsanity | [cell BA-2Motifs__GINE__IntegratedGradients__scaffold] auditing 200 molecules (capped from 301)
2026-08-02 23:33:05,992 | INFO    | molsanity | [cell BA-2Motifs__GINE__IntegratedGradients__scaffold] auditing on 12 worker processes (CPU)
2026-08-02 23:33:19,791 | INFO    | molsanity | [cell BA-2Motifs__GINE__IntegratedGradients__scaffold] 200 molecules in 0.2 min (0.07s each, 12 workers)
2026-08-02 23:33:20,298 | INFO    | molsanity | Wrote GT-validation figure: artifacts/figures/BA-2Motifs__GINE__IntegratedGradients__scaffold/gt_validation.pdf (+ .svg)
2026-08-02 23:33:20,300 | INFO    | molsanity | Skipping molecule SVG (no aligned mol for case_molecule.svg)
2026-08-02 23:33:20,353 | INFO    | molsanity | [cell BA-2Motifs__GINE__IntegratedGradients__scaffold__seed2] DONE — acc=0.90 gt_auroc=0.9468000000000001 n=200 (capped)
2026-08-02 23:33:20,363 | INFO    | molsanity | [stage cell_BA-2Motifs__GINE__IntegratedGradients__random__seed0] running (9e1837540070e5d1)
2026-08-02 23:33:20,488 | INFO    | molsanity | Loaded BA-2Motifs: 1000 graphs, checksum fecc0a8aa094
2026-08-02 23:33:21,411 | INFO    | molsanity | Loaded existing checkpoint gine_81524887c7adee3c.pt
2026-08-02 23:33:22,229 | INFO    | molsanity | [cell BA-2Motifs__GINE__IntegratedGradients__random] auditing 200 molecules (capped from 300)
2026-08-02 23:33:22,233 | INFO    | molsanity | [cell BA-2Motifs__GINE__IntegratedGradients__random] auditing on 12 worker processes (CPU)
2026-08-02 23:33:35,992 | INFO    | molsanity | [cell BA-2Motifs__GINE__IntegratedGradients__random] 200 molecules in 0.2 min (0.07s each, 12 workers)
2026-08-02 23:33:37,915 | INFO    | molsanity | Wrote GT-validation figure: artifacts/figures/BA-2Motifs__GINE__IntegratedGradients__random/gt_validation.pdf (+ .svg)
2026-08-02 23:33:37,916 | INFO    | molsanity | Skipping molecule SVG (no aligned mol for case_molecule.svg)
2026-08-02 23:33:39,460 | INFO    | molsanity | [cell BA-2Motifs__GINE__IntegratedGradients__random__seed0] DONE — acc=0.78 gt_auroc=0.9962000000000001 n=200 (capped)
2026-08-02 23:33:39,475 | INFO    | molsanity | [stage cell_BA-2Motifs__GINE__IntegratedGradients__random__seed1] running (48db032102114365)
2026-08-02 23:33:39,614 | INFO    | molsanity | Loaded BA-2Motifs: 1000 graphs, checksum fecc0a8aa094
2026-08-02 23:33:40,466 | INFO    | molsanity | Loaded existing checkpoint gine_fbfa4ff78a93a73e.pt
2026-08-02 23:33:41,318 | INFO    | molsanity | [cell BA-2Motifs__GINE__IntegratedGradients__random] auditing 200 molecules (capped from 300)
2026-08-02 23:33:41,321 | INFO    | molsanity | [cell BA-2Motifs__GINE__IntegratedGradients__random] auditing on 12 worker processes (CPU)
2026-08-02 23:33:54,780 | INFO    | molsanity | [cell BA-2Motifs__GINE__IntegratedGradients__random] 200 molecules in 0.2 min (0.07s each, 12 workers)
2026-08-02 23:33:55,307 | INFO    | molsanity | Wrote GT-validation figure: artifacts/figures/BA-2Motifs__GINE__IntegratedGradients__random/gt_validation.pdf (+ .svg)
2026-08-02 23:33:55,308 | INFO    | molsanity | Skipping molecule SVG (no aligned mol for case_molecule.svg)
2026-08-02 23:33:55,348 | INFO    | molsanity | [cell BA-2Motifs__GINE__IntegratedGradients__random__seed1] DONE — acc=0.65 gt_auroc=1.0 n=200 (capped)
2026-08-02 23:33:55,357 | INFO    | molsanity | [stage cell_BA-2Motifs__GINE__IntegratedGradients__random__seed2] running (af3ba8633c6f6ee0)
2026-08-02 23:33:55,484 | INFO    | molsanity | Loaded BA-2Motifs: 1000 graphs, checksum fecc0a8aa094
2026-08-02 23:33:56,289 | INFO    | molsanity | Loaded existing checkpoint gine_055141d997e01cb6.pt
2026-08-02 23:33:57,081 | INFO    | molsanity | [cell BA-2Motifs__GINE__IntegratedGradients__random] auditing 200 molecules (capped from 300)
2026-08-02 23:33:57,084 | INFO    | molsanity | [cell BA-2Motifs__GINE__IntegratedGradients__random] auditing on 12 worker processes (CPU)
2026-08-02 23:34:10,631 | INFO    | molsanity | [cell BA-2Motifs__GINE__IntegratedGradients__random] 200 molecules in 0.2 min (0.07s each, 12 workers)
2026-08-02 23:34:11,154 | INFO    | molsanity | Wrote GT-validation figure: artifacts/figures/BA-2Motifs__GINE__IntegratedGradients__random/gt_validation.pdf (+ .svg)
2026-08-02 23:34:11,156 | INFO    | molsanity | Skipping molecule SVG (no aligned mol for case_molecule.svg)
2026-08-02 23:34:11,208 | INFO    | molsanity | [cell BA-2Motifs__GINE__IntegratedGradients__random__seed2] DONE — acc=0.88 gt_auroc=0.9940000000000001 n=200 (capped)
2026-08-02 23:34:11,218 | INFO    | molsanity | [stage cell_BA-2Motifs__GINE__Saliency__scaffold__seed0] running (cefbf9d673c608bf)
2026-08-02 23:34:11,349 | INFO    | molsanity | Loaded BA-2Motifs: 1000 graphs, checksum fecc0a8aa094
2026-08-02 23:34:12,543 | INFO    | molsanity | class-aware split: moved scaffold group (1 mols, class 0) from train to val for coverage
2026-08-02 23:34:12,544 | INFO    | molsanity | class-aware split: moved scaffold group (1 mols, class 0) from train to test for coverage
2026-08-02 23:34:12,544 | INFO    | molsanity | Scaffold split: 996 scaffolds -> train 598 / val 101 / test 301
2026-08-02 23:34:12,564 | INFO    | molsanity | Loaded existing checkpoint gine_5281be77a9e8e1fc.pt
2026-08-02 23:34:12,592 | INFO    | molsanity | [cell BA-2Motifs__GINE__Saliency__scaffold] auditing 200 molecules (capped from 301)
2026-08-02 23:34:12,595 | INFO    | molsanity | [cell BA-2Motifs__GINE__Saliency__scaffold] auditing on 12 worker processes (CPU)
2026-08-02 23:34:14,030 | INFO    | molsanity | [cell BA-2Motifs__GINE__Saliency__scaffold] 200 molecules in 0.0 min (0.01s each, 12 workers)
2026-08-02 23:34:16,112 | INFO    | molsanity | Wrote GT-validation figure: artifacts/figures/BA-2Motifs__GINE__Saliency__scaffold/gt_validation.pdf (+ .svg)
2026-08-02 23:34:16,113 | INFO    | molsanity | Skipping molecule SVG (no aligned mol for case_molecule.svg)
2026-08-02 23:34:18,448 | INFO    | molsanity | [cell BA-2Motifs__GINE__Saliency__scaffold__seed0] DONE — acc=0.98 gt_auroc=0.8948 n=200 (capped)
2026-08-02 23:34:18,458 | INFO    | molsanity | [stage cell_BA-2Motifs__GINE__Saliency__scaffold__seed1] running (83deab4f9bfe3a9f)
2026-08-02 23:34:18,584 | INFO    | molsanity | Loaded BA-2Motifs: 1000 graphs, checksum fecc0a8aa094
2026-08-02 23:34:19,723 | INFO    | molsanity | class-aware split: moved scaffold group (1 mols, class 0) from train to val for coverage
2026-08-02 23:34:19,724 | INFO    | molsanity | class-aware split: moved scaffold group (1 mols, class 0) from train to test for coverage
2026-08-02 23:34:19,724 | INFO    | molsanity | Scaffold split: 996 scaffolds -> train 598 / val 101 / test 301
2026-08-02 23:34:19,744 | INFO    | molsanity | Loaded existing checkpoint gine_ba47c6df3e15116b.pt
2026-08-02 23:34:19,769 | INFO    | molsanity | [cell BA-2Motifs__GINE__Saliency__scaffold] auditing 200 molecules (capped from 301)
2026-08-02 23:34:19,773 | INFO    | molsanity | [cell BA-2Motifs__GINE__Saliency__scaffold] auditing on 12 worker processes (CPU)
2026-08-02 23:34:21,220 | INFO    | molsanity | [cell BA-2Motifs__GINE__Saliency__scaffold] 200 molecules in 0.0 min (0.01s each, 12 workers)
2026-08-02 23:34:21,750 | INFO    | molsanity | Wrote GT-validation figure: artifacts/figures/BA-2Motifs__GINE__Saliency__scaffold/gt_validation.pdf (+ .svg)
2026-08-02 23:34:21,751 | INFO    | molsanity | Skipping molecule SVG (no aligned mol for case_molecule.svg)
2026-08-02 23:34:22,542 | INFO    | molsanity | [cell BA-2Motifs__GINE__Saliency__scaffold__seed1] DONE — acc=0.99 gt_auroc=0.9347 n=200 (capped)
2026-08-02 23:34:22,558 | INFO    | molsanity | [stage cell_BA-2Motifs__GINE__Saliency__scaffold__seed2] running (07ff49766c8087c1)
2026-08-02 23:34:22,694 | INFO    | molsanity | Loaded BA-2Motifs: 1000 graphs, checksum fecc0a8aa094
2026-08-02 23:34:23,830 | INFO    | molsanity | class-aware split: moved scaffold group (1 mols, class 0) from train to val for coverage
2026-08-02 23:34:23,831 | INFO    | molsanity | class-aware split: moved scaffold group (1 mols, class 0) from train to test for coverage
2026-08-02 23:34:23,831 | INFO    | molsanity | Scaffold split: 996 scaffolds -> train 598 / val 101 / test 301
2026-08-02 23:34:23,851 | INFO    | molsanity | Loaded existing checkpoint gine_34584b44d53a42a9.pt
2026-08-02 23:34:23,879 | INFO    | molsanity | [cell BA-2Motifs__GINE__Saliency__scaffold] auditing 200 molecules (capped from 301)
2026-08-02 23:34:23,882 | INFO    | molsanity | [cell BA-2Motifs__GINE__Saliency__scaffold] auditing on 12 worker processes (CPU)
2026-08-02 23:34:25,315 | INFO    | molsanity | [cell BA-2Motifs__GINE__Saliency__scaffold] 200 molecules in 0.0 min (0.01s each, 12 workers)
2026-08-02 23:34:25,814 | INFO    | molsanity | Wrote GT-validation figure: artifacts/figures/BA-2Motifs__GINE__Saliency__scaffold/gt_validation.pdf (+ .svg)
2026-08-02 23:34:25,815 | INFO    | molsanity | Skipping molecule SVG (no aligned mol for case_molecule.svg)
2026-08-02 23:34:26,653 | INFO    | molsanity | [cell BA-2Motifs__GINE__Saliency__scaffold__seed2] DONE — acc=0.90 gt_auroc=0.96335 n=200 (capped)
2026-08-02 23:34:26,663 | INFO    | molsanity | [stage cell_BA-2Motifs__GINE__Saliency__random__seed0] running (2ca54770606dec25)
2026-08-02 23:34:26,793 | INFO    | molsanity | Loaded BA-2Motifs: 1000 graphs, checksum fecc0a8aa094
2026-08-02 23:34:26,835 | INFO    | molsanity | Loaded existing checkpoint gine_81524887c7adee3c.pt
2026-08-02 23:34:26,859 | INFO    | molsanity | [cell BA-2Motifs__GINE__Saliency__random] auditing 200 molecules (capped from 300)
2026-08-02 23:34:26,863 | INFO    | molsanity | [cell BA-2Motifs__GINE__Saliency__random] auditing on 12 worker processes (CPU)
2026-08-02 23:34:28,280 | INFO    | molsanity | [cell BA-2Motifs__GINE__Saliency__random] 200 molecules in 0.0 min (0.01s each, 12 workers)
2026-08-02 23:34:30,762 | INFO    | molsanity | Wrote GT-validation figure: artifacts/figures/BA-2Motifs__GINE__Saliency__random/gt_validation.pdf (+ .svg)
2026-08-02 23:34:30,763 | INFO    | molsanity | Skipping molecule SVG (no aligned mol for case_molecule.svg)
2026-08-02 23:34:33,154 | INFO    | molsanity | [cell BA-2Motifs__GINE__Saliency__random__seed0] DONE — acc=0.78 gt_auroc=0.9995 n=200 (capped)
2026-08-02 23:34:33,165 | INFO    | molsanity | [stage cell_BA-2Motifs__GINE__Saliency__random__seed1] running (eabb1fc3c74eafff)
2026-08-02 23:34:33,302 | INFO    | molsanity | Loaded BA-2Motifs: 1000 graphs, checksum fecc0a8aa094
2026-08-02 23:34:33,353 | INFO    | molsanity | Loaded existing checkpoint gine_fbfa4ff78a93a73e.pt
2026-08-02 23:34:33,380 | INFO    | molsanity | [cell BA-2Motifs__GINE__Saliency__random] auditing 200 molecules (capped from 300)
2026-08-02 23:34:33,383 | INFO    | molsanity | [cell BA-2Motifs__GINE__Saliency__random] auditing on 12 worker processes (CPU)
2026-08-02 23:34:34,890 | INFO    | molsanity | [cell BA-2Motifs__GINE__Saliency__random] 200 molecules in 0.0 min (0.01s each, 12 workers)
2026-08-02 23:34:35,394 | INFO    | molsanity | Wrote GT-validation figure: artifacts/figures/BA-2Motifs__GINE__Saliency__random/gt_validation.pdf (+ .svg)
2026-08-02 23:34:35,395 | INFO    | molsanity | Skipping molecule SVG (no aligned mol for case_molecule.svg)
2026-08-02 23:34:36,207 | INFO    | molsanity | [cell BA-2Motifs__GINE__Saliency__random__seed1] DONE — acc=0.65 gt_auroc=0.9964000000000002 n=200 (capped)
2026-08-02 23:34:36,217 | INFO    | molsanity | [stage cell_BA-2Motifs__GINE__Saliency__random__seed2] running (abc19219c0909b9c)
2026-08-02 23:34:36,342 | INFO    | molsanity | Loaded BA-2Motifs: 1000 graphs, checksum fecc0a8aa094
2026-08-02 23:34:36,384 | INFO    | molsanity | Loaded existing checkpoint gine_055141d997e01cb6.pt
2026-08-02 23:34:36,409 | INFO    | molsanity | [cell BA-2Motifs__GINE__Saliency__random] auditing 200 molecules (capped from 300)
2026-08-02 23:34:36,412 | INFO    | molsanity | [cell BA-2Motifs__GINE__Saliency__random] auditing on 12 worker processes (CPU)
2026-08-02 23:34:37,952 | INFO    | molsanity | [cell BA-2Motifs__GINE__Saliency__random] 200 molecules in 0.0 min (0.01s each, 12 workers)
2026-08-02 23:34:38,483 | INFO    | molsanity | Wrote GT-validation figure: artifacts/figures/BA-2Motifs__GINE__Saliency__random/gt_validation.pdf (+ .svg)
2026-08-02 23:34:38,485 | INFO    | molsanity | Skipping molecule SVG (no aligned mol for case_molecule.svg)
2026-08-02 23:34:39,293 | INFO    | molsanity | [cell BA-2Motifs__GINE__Saliency__random__seed2] DONE — acc=0.88 gt_auroc=0.92785 n=200 (capped)
2026-08-02 23:34:39,303 | INFO    | molsanity | [stage cell_BA-2Motifs__GINE__InputXGradient__scaffold__seed0] running (6cf4afb215f30aa3)
2026-08-02 23:34:39,430 | INFO    | molsanity | Loaded BA-2Motifs: 1000 graphs, checksum fecc0a8aa094
2026-08-02 23:34:40,593 | INFO    | molsanity | class-aware split: moved scaffold group (1 mols, class 0) from train to val for coverage
2026-08-02 23:34:40,594 | INFO    | molsanity | class-aware split: moved scaffold group (1 mols, class 0) from train to test for coverage
2026-08-02 23:34:40,594 | INFO    | molsanity | Scaffold split: 996 scaffolds -> train 598 / val 101 / test 301
2026-08-02 23:34:40,617 | INFO    | molsanity | Loaded existing checkpoint gine_5281be77a9e8e1fc.pt
2026-08-02 23:34:40,644 | INFO    | molsanity | [cell BA-2Motifs__GINE__InputXGradient__scaffold] auditing 200 molecules (capped from 301)
2026-08-02 23:34:40,647 | INFO    | molsanity | [cell BA-2Motifs__GINE__InputXGradient__scaffold] auditing on 12 worker processes (CPU)
2026-08-02 23:34:42,148 | INFO    | molsanity | [cell BA-2Motifs__GINE__InputXGradient__scaffold] 200 molecules in 0.0 min (0.01s each, 12 workers)
2026-08-02 23:34:44,262 | INFO    | molsanity | Wrote GT-validation figure: artifacts/figures/BA-2Motifs__GINE__InputXGradient__scaffold/gt_validation.pdf (+ .svg)
2026-08-02 23:34:44,264 | INFO    | molsanity | Skipping molecule SVG (no aligned mol for case_molecule.svg)
2026-08-02 23:34:46,631 | INFO    | molsanity | [cell BA-2Motifs__GINE__InputXGradient__scaffold__seed0] DONE — acc=0.98 gt_auroc=0.8948 n=200 (capped)
2026-08-02 23:34:46,641 | INFO    | molsanity | [stage cell_BA-2Motifs__GINE__InputXGradient__scaffold__seed1] running (cc0d4d358ac7f40c)
2026-08-02 23:34:46,770 | INFO    | molsanity | Loaded BA-2Motifs: 1000 graphs, checksum fecc0a8aa094
2026-08-02 23:34:47,949 | INFO    | molsanity | class-aware split: moved scaffold group (1 mols, class 0) from train to val for coverage
2026-08-02 23:34:47,950 | INFO    | molsanity | class-aware split: moved scaffold group (1 mols, class 0) from train to test for coverage
2026-08-02 23:34:47,950 | INFO    | molsanity | Scaffold split: 996 scaffolds -> train 598 / val 101 / test 301
2026-08-02 23:34:47,970 | INFO    | molsanity | Loaded existing checkpoint gine_ba47c6df3e15116b.pt
2026-08-02 23:34:47,996 | INFO    | molsanity | [cell BA-2Motifs__GINE__InputXGradient__scaffold] auditing 200 molecules (capped from 301)
2026-08-02 23:34:47,999 | INFO    | molsanity | [cell BA-2Motifs__GINE__InputXGradient__scaffold] auditing on 12 worker processes (CPU)
2026-08-02 23:34:49,540 | INFO    | molsanity | [cell BA-2Motifs__GINE__InputXGradient__scaffold] 200 molecules in 0.0 min (0.01s each, 12 workers)
2026-08-02 23:34:50,087 | INFO    | molsanity | Wrote GT-validation figure: artifacts/figures/BA-2Motifs__GINE__InputXGradient__scaffold/gt_validation.pdf (+ .svg)
2026-08-02 23:34:50,089 | INFO    | molsanity | Skipping molecule SVG (no aligned mol for case_molecule.svg)
2026-08-02 23:34:50,919 | INFO    | molsanity | [cell BA-2Motifs__GINE__InputXGradient__scaffold__seed1] DONE — acc=0.99 gt_auroc=0.9347 n=200 (capped)
2026-08-02 23:34:50,929 | INFO    | molsanity | [stage cell_BA-2Motifs__GINE__InputXGradient__scaffold__seed2] running (fb86480fe7de502c)
2026-08-02 23:34:51,057 | INFO    | molsanity | Loaded BA-2Motifs: 1000 graphs, checksum fecc0a8aa094
2026-08-02 23:34:52,218 | INFO    | molsanity | class-aware split: moved scaffold group (1 mols, class 0) from train to val for coverage
2026-08-02 23:34:52,218 | INFO    | molsanity | class-aware split: moved scaffold group (1 mols, class 0) from train to test for coverage
2026-08-02 23:34:52,219 | INFO    | molsanity | Scaffold split: 996 scaffolds -> train 598 / val 101 / test 301
2026-08-02 23:34:52,240 | INFO    | molsanity | Loaded existing checkpoint gine_34584b44d53a42a9.pt
2026-08-02 23:34:52,267 | INFO    | molsanity | [cell BA-2Motifs__GINE__InputXGradient__scaffold] auditing 200 molecules (capped from 301)
2026-08-02 23:34:52,270 | INFO    | molsanity | [cell BA-2Motifs__GINE__InputXGradient__scaffold] auditing on 12 worker processes (CPU)
2026-08-02 23:34:53,698 | INFO    | molsanity | [cell BA-2Motifs__GINE__InputXGradient__scaffold] 200 molecules in 0.0 min (0.01s each, 12 workers)
2026-08-02 23:34:54,207 | INFO    | molsanity | Wrote GT-validation figure: artifacts/figures/BA-2Motifs__GINE__InputXGradient__scaffold/gt_validation.pdf (+ .svg)
2026-08-02 23:34:54,208 | INFO    | molsanity | Skipping molecule SVG (no aligned mol for case_molecule.svg)
2026-08-02 23:34:55,030 | INFO    | molsanity | [cell BA-2Motifs__GINE__InputXGradient__scaffold__seed2] DONE — acc=0.90 gt_auroc=0.96335 n=200 (capped)
2026-08-02 23:34:55,041 | INFO    | molsanity | [stage cell_BA-2Motifs__GINE__InputXGradient__random__seed0] running (84dbbe7a4e587b77)
2026-08-02 23:34:55,167 | INFO    | molsanity | Loaded BA-2Motifs: 1000 graphs, checksum fecc0a8aa094
2026-08-02 23:34:55,211 | INFO    | molsanity | Loaded existing checkpoint gine_81524887c7adee3c.pt
2026-08-02 23:34:55,238 | INFO    | molsanity | [cell BA-2Motifs__GINE__InputXGradient__random] auditing 200 molecules (capped from 300)
2026-08-02 23:34:55,241 | INFO    | molsanity | [cell BA-2Motifs__GINE__InputXGradient__random] auditing on 12 worker processes (CPU)
2026-08-02 23:34:56,686 | INFO    | molsanity | [cell BA-2Motifs__GINE__InputXGradient__random] 200 molecules in 0.0 min (0.01s each, 12 workers)
2026-08-02 23:34:58,647 | INFO    | molsanity | Wrote GT-validation figure: artifacts/figures/BA-2Motifs__GINE__InputXGradient__random/gt_validation.pdf (+ .svg)
2026-08-02 23:34:58,649 | INFO    | molsanity | Skipping molecule SVG (no aligned mol for case_molecule.svg)
2026-08-02 23:35:01,059 | INFO    | molsanity | [cell BA-2Motifs__GINE__InputXGradient__random__seed0] DONE — acc=0.78 gt_auroc=0.9995 n=200 (capped)
2026-08-02 23:35:01,070 | INFO    | molsanity | [stage cell_BA-2Motifs__GINE__InputXGradient__random__seed1] running (f431440a6d122124)
2026-08-02 23:35:01,199 | INFO    | molsanity | Loaded BA-2Motifs: 1000 graphs, checksum fecc0a8aa094
2026-08-02 23:35:01,243 | INFO    | molsanity | Loaded existing checkpoint gine_fbfa4ff78a93a73e.pt
2026-08-02 23:35:01,271 | INFO    | molsanity | [cell BA-2Motifs__GINE__InputXGradient__random] auditing 200 molecules (capped from 300)
2026-08-02 23:35:01,274 | INFO    | molsanity | [cell BA-2Motifs__GINE__InputXGradient__random] auditing on 12 worker processes (CPU)
2026-08-02 23:35:02,818 | INFO    | molsanity | [cell BA-2Motifs__GINE__InputXGradient__random] 200 molecules in 0.0 min (0.01s each, 12 workers)
2026-08-02 23:35:03,327 | INFO    | molsanity | Wrote GT-validation figure: artifacts/figures/BA-2Motifs__GINE__InputXGradient__random/gt_validation.pdf (+ .svg)
2026-08-02 23:35:03,328 | INFO    | molsanity | Skipping molecule SVG (no aligned mol for case_molecule.svg)
2026-08-02 23:35:04,145 | INFO    | molsanity | [cell BA-2Motifs__GINE__InputXGradient__random__seed1] DONE — acc=0.65 gt_auroc=0.9964000000000002 n=200 (capped)
2026-08-02 23:35:04,154 | INFO    | molsanity | [stage cell_BA-2Motifs__GINE__InputXGradient__random__seed2] running (344cc4c3424ac5fd)
2026-08-02 23:35:04,281 | INFO    | molsanity | Loaded BA-2Motifs: 1000 graphs, checksum fecc0a8aa094
2026-08-02 23:35:04,324 | INFO    | molsanity | Loaded existing checkpoint gine_055141d997e01cb6.pt
2026-08-02 23:35:04,351 | INFO    | molsanity | [cell BA-2Motifs__GINE__InputXGradient__random] auditing 200 molecules (capped from 300)
2026-08-02 23:35:04,355 | INFO    | molsanity | [cell BA-2Motifs__GINE__InputXGradient__random] auditing on 12 worker processes (CPU)
2026-08-02 23:35:05,774 | INFO    | molsanity | [cell BA-2Motifs__GINE__InputXGradient__random] 200 molecules in 0.0 min (0.01s each, 12 workers)
2026-08-02 23:35:06,287 | INFO    | molsanity | Wrote GT-validation figure: artifacts/figures/BA-2Motifs__GINE__InputXGradient__random/gt_validation.pdf (+ .svg)
2026-08-02 23:35:06,288 | INFO    | molsanity | Skipping molecule SVG (no aligned mol for case_molecule.svg)
2026-08-02 23:35:07,097 | INFO    | molsanity | [cell BA-2Motifs__GINE__InputXGradient__random__seed2] DONE — acc=0.88 gt_auroc=0.92785 n=200 (capped)
2026-08-02 23:35:07,107 | INFO    | molsanity | [stage cell_BA-2Motifs__GINE__GuidedBackprop__scaffold__seed0] running (db470b5ecae3270d)
2026-08-02 23:35:07,583 | INFO    | molsanity | Loaded BA-2Motifs: 1000 graphs, checksum fecc0a8aa094
2026-08-02 23:35:08,740 | INFO    | molsanity | class-aware split: moved scaffold group (1 mols, class 0) from train to val for coverage
2026-08-02 23:35:08,740 | INFO    | molsanity | class-aware split: moved scaffold group (1 mols, class 0) from train to test for coverage
2026-08-02 23:35:08,740 | INFO    | molsanity | Scaffold split: 996 scaffolds -> train 598 / val 101 / test 301
2026-08-02 23:35:08,761 | INFO    | molsanity | Loaded existing checkpoint gine_5281be77a9e8e1fc.pt
2026-08-02 23:35:08,786 | INFO    | molsanity | [cell BA-2Motifs__GINE__GuidedBackprop__scaffold] auditing 200 molecules (capped from 301)
2026-08-02 23:35:08,789 | INFO    | molsanity | [cell BA-2Motifs__GINE__GuidedBackprop__scaffold] auditing on 12 worker processes (CPU)
2026-08-02 23:35:10,277 | INFO    | molsanity | [cell BA-2Motifs__GINE__GuidedBackprop__scaffold] 200 molecules in 0.0 min (0.01s each, 12 workers)
2026-08-02 23:35:12,341 | INFO    | molsanity | Wrote GT-validation figure: artifacts/figures/BA-2Motifs__GINE__GuidedBackprop__scaffold/gt_validation.pdf (+ .svg)
2026-08-02 23:35:12,342 | INFO    | molsanity | Skipping molecule SVG (no aligned mol for case_molecule.svg)
2026-08-02 23:35:14,698 | INFO    | molsanity | [cell BA-2Motifs__GINE__GuidedBackprop__scaffold__seed0] DONE — acc=0.98 gt_auroc=0.8495999999999999 n=200 (capped)
2026-08-02 23:35:14,708 | INFO    | molsanity | [stage cell_BA-2Motifs__GINE__GuidedBackprop__scaffold__seed1] running (da3fbb284fdd68c8)
2026-08-02 23:35:14,835 | INFO    | molsanity | Loaded BA-2Motifs: 1000 graphs, checksum fecc0a8aa094
2026-08-02 23:35:16,022 | INFO    | molsanity | class-aware split: moved scaffold group (1 mols, class 0) from train to val for coverage
2026-08-02 23:35:16,023 | INFO    | molsanity | class-aware split: moved scaffold group (1 mols, class 0) from train to test for coverage
2026-08-02 23:35:16,023 | INFO    | molsanity | Scaffold split: 996 scaffolds -> train 598 / val 101 / test 301
2026-08-02 23:35:16,046 | INFO    | molsanity | Loaded existing checkpoint gine_ba47c6df3e15116b.pt
2026-08-02 23:35:16,072 | INFO    | molsanity | [cell BA-2Motifs__GINE__GuidedBackprop__scaffold] auditing 200 molecules (capped from 301)
2026-08-02 23:35:16,076 | INFO    | molsanity | [cell BA-2Motifs__GINE__GuidedBackprop__scaffold] auditing on 12 worker processes (CPU)
2026-08-02 23:35:17,673 | INFO    | molsanity | [cell BA-2Motifs__GINE__GuidedBackprop__scaffold] 200 molecules in 0.0 min (0.01s each, 12 workers)
2026-08-02 23:35:18,180 | INFO    | molsanity | Wrote GT-validation figure: artifacts/figures/BA-2Motifs__GINE__GuidedBackprop__scaffold/gt_validation.pdf (+ .svg)
2026-08-02 23:35:18,182 | INFO    | molsanity | Skipping molecule SVG (no aligned mol for case_molecule.svg)
2026-08-02 23:35:18,975 | INFO    | molsanity | [cell BA-2Motifs__GINE__GuidedBackprop__scaffold__seed1] DONE — acc=0.99 gt_auroc=0.9341499999999999 n=200 (capped)
2026-08-02 23:35:18,985 | INFO    | molsanity | [stage cell_BA-2Motifs__GINE__GuidedBackprop__scaffold__seed2] running (e4292ec6617eb576)
2026-08-02 23:35:19,111 | INFO    | molsanity | Loaded BA-2Motifs: 1000 graphs, checksum fecc0a8aa094
2026-08-02 23:35:20,266 | INFO    | molsanity | class-aware split: moved scaffold group (1 mols, class 0) from train to val for coverage
2026-08-02 23:35:20,266 | INFO    | molsanity | class-aware split: moved scaffold group (1 mols, class 0) from train to test for coverage
2026-08-02 23:35:20,266 | INFO    | molsanity | Scaffold split: 996 scaffolds -> train 598 / val 101 / test 301
2026-08-02 23:35:20,286 | INFO    | molsanity | Loaded existing checkpoint gine_34584b44d53a42a9.pt
2026-08-02 23:35:20,312 | INFO    | molsanity | [cell BA-2Motifs__GINE__GuidedBackprop__scaffold] auditing 200 molecules (capped from 301)
2026-08-02 23:35:20,316 | INFO    | molsanity | [cell BA-2Motifs__GINE__GuidedBackprop__scaffold] auditing on 12 worker processes (CPU)
2026-08-02 23:35:21,805 | INFO    | molsanity | [cell BA-2Motifs__GINE__GuidedBackprop__scaffold] 200 molecules in 0.0 min (0.01s each, 12 workers)
2026-08-02 23:35:22,333 | INFO    | molsanity | Wrote GT-validation figure: artifacts/figures/BA-2Motifs__GINE__GuidedBackprop__scaffold/gt_validation.pdf (+ .svg)
2026-08-02 23:35:22,334 | INFO    | molsanity | Skipping molecule SVG (no aligned mol for case_molecule.svg)
2026-08-02 23:35:23,137 | INFO    | molsanity | [cell BA-2Motifs__GINE__GuidedBackprop__scaffold__seed2] DONE — acc=0.90 gt_auroc=0.9076500000000002 n=200 (capped)
2026-08-02 23:35:23,148 | INFO    | molsanity | [stage cell_BA-2Motifs__GINE__GuidedBackprop__random__seed0] running (e77186ed69701e7f)
2026-08-02 23:35:23,283 | INFO    | molsanity | Loaded BA-2Motifs: 1000 graphs, checksum fecc0a8aa094
2026-08-02 23:35:23,326 | INFO    | molsanity | Loaded existing checkpoint gine_81524887c7adee3c.pt
2026-08-02 23:35:23,354 | INFO    | molsanity | [cell BA-2Motifs__GINE__GuidedBackprop__random] auditing 200 molecules (capped from 300)
2026-08-02 23:35:23,357 | INFO    | molsanity | [cell BA-2Motifs__GINE__GuidedBackprop__random] auditing on 12 worker processes (CPU)
2026-08-02 23:35:24,834 | INFO    | molsanity | [cell BA-2Motifs__GINE__GuidedBackprop__random] 200 molecules in 0.0 min (0.01s each, 12 workers)
2026-08-02 23:35:26,855 | INFO    | molsanity | Wrote GT-validation figure: artifacts/figures/BA-2Motifs__GINE__GuidedBackprop__random/gt_validation.pdf (+ .svg)
2026-08-02 23:35:26,856 | INFO    | molsanity | Skipping molecule SVG (no aligned mol for case_molecule.svg)
2026-08-02 23:35:29,224 | INFO    | molsanity | [cell BA-2Motifs__GINE__GuidedBackprop__random__seed0] DONE — acc=0.78 gt_auroc=0.9229 n=200 (capped)
2026-08-02 23:35:29,235 | INFO    | molsanity | [stage cell_BA-2Motifs__GINE__GuidedBackprop__random__seed1] running (76bb18783cc82745)
2026-08-02 23:35:29,362 | INFO    | molsanity | Loaded BA-2Motifs: 1000 graphs, checksum fecc0a8aa094
2026-08-02 23:35:29,406 | INFO    | molsanity | Loaded existing checkpoint gine_fbfa4ff78a93a73e.pt
2026-08-02 23:35:29,431 | INFO    | molsanity | [cell BA-2Motifs__GINE__GuidedBackprop__random] auditing 200 molecules (capped from 300)
2026-08-02 23:35:29,434 | INFO    | molsanity | [cell BA-2Motifs__GINE__GuidedBackprop__random] auditing on 12 worker processes (CPU)
2026-08-02 23:35:31,013 | INFO    | molsanity | [cell BA-2Motifs__GINE__GuidedBackprop__random] 200 molecules in 0.0 min (0.01s each, 12 workers)
2026-08-02 23:35:31,520 | INFO    | molsanity | Wrote GT-validation figure: artifacts/figures/BA-2Motifs__GINE__GuidedBackprop__random/gt_validation.pdf (+ .svg)
2026-08-02 23:35:31,522 | INFO    | molsanity | Skipping molecule SVG (no aligned mol for case_molecule.svg)
2026-08-02 23:35:32,335 | INFO    | molsanity | [cell BA-2Motifs__GINE__GuidedBackprop__random__seed1] DONE — acc=0.65 gt_auroc=0.9629000000000001 n=200 (capped)
2026-08-02 23:35:32,345 | INFO    | molsanity | [stage cell_BA-2Motifs__GINE__GuidedBackprop__random__seed2] running (55e0f44d804fdf5d)
2026-08-02 23:35:32,471 | INFO    | molsanity | Loaded BA-2Motifs: 1000 graphs, checksum fecc0a8aa094
2026-08-02 23:35:32,511 | INFO    | molsanity | Loaded existing checkpoint gine_055141d997e01cb6.pt
2026-08-02 23:35:32,537 | INFO    | molsanity | [cell BA-2Motifs__GINE__GuidedBackprop__random] auditing 200 molecules (capped from 300)
2026-08-02 23:35:32,540 | INFO    | molsanity | [cell BA-2Motifs__GINE__GuidedBackprop__random] auditing on 12 worker processes (CPU)
2026-08-02 23:35:34,051 | INFO    | molsanity | [cell BA-2Motifs__GINE__GuidedBackprop__random] 200 molecules in 0.0 min (0.01s each, 12 workers)
2026-08-02 23:35:34,565 | INFO    | molsanity | Wrote GT-validation figure: artifacts/figures/BA-2Motifs__GINE__GuidedBackprop__random/gt_validation.pdf (+ .svg)
2026-08-02 23:35:34,567 | INFO    | molsanity | Skipping molecule SVG (no aligned mol for case_molecule.svg)
2026-08-02 23:35:35,358 | INFO    | molsanity | [cell BA-2Motifs__GINE__GuidedBackprop__random__seed2] DONE — acc=0.88 gt_auroc=0.94825 n=200 (capped)
2026-08-02 23:35:35,368 | INFO    | molsanity | [stage cell_BA-2Motifs__GINE__GNNExplainer__scaffold__seed0] running (de59de526d2f5bcd)
2026-08-02 23:35:35,495 | INFO    | molsanity | Loaded BA-2Motifs: 1000 graphs, checksum fecc0a8aa094
2026-08-02 23:35:36,647 | INFO    | molsanity | class-aware split: moved scaffold group (1 mols, class 0) from train to val for coverage
2026-08-02 23:35:36,648 | INFO    | molsanity | class-aware split: moved scaffold group (1 mols, class 0) from train to test for coverage
2026-08-02 23:35:36,648 | INFO    | molsanity | Scaffold split: 996 scaffolds -> train 598 / val 101 / test 301
2026-08-02 23:35:36,668 | INFO    | molsanity | Loaded existing checkpoint gine_5281be77a9e8e1fc.pt
2026-08-02 23:35:36,693 | INFO    | molsanity | [cell BA-2Motifs__GINE__GNNExplainer__scaffold] auditing 200 molecules (capped from 301)
2026-08-02 23:35:36,696 | INFO    | molsanity | [cell BA-2Motifs__GINE__GNNExplainer__scaffold] auditing on 12 worker processes (CPU)
2026-08-02 23:36:10,786 | INFO    | molsanity | [cell BA-2Motifs__GINE__GNNExplainer__scaffold] 200 molecules in 0.6 min (0.17s each, 12 workers)
2026-08-02 23:36:12,840 | INFO    | molsanity | Wrote GT-validation figure: artifacts/figures/BA-2Motifs__GINE__GNNExplainer__scaffold/gt_validation.pdf (+ .svg)
2026-08-02 23:36:12,841 | INFO    | molsanity | Skipping molecule SVG (no aligned mol for case_molecule.svg)
2026-08-02 23:36:15,205 | INFO    | molsanity | [cell BA-2Motifs__GINE__GNNExplainer__scaffold__seed0] DONE — acc=0.98 gt_auroc=0.48475000000000007 n=200 (capped)
2026-08-02 23:36:15,215 | INFO    | molsanity | [stage cell_BA-2Motifs__GINE__GNNExplainer__scaffold__seed1] running (405390d7d554056d)
2026-08-02 23:36:15,341 | INFO    | molsanity | Loaded BA-2Motifs: 1000 graphs, checksum fecc0a8aa094
2026-08-02 23:36:16,491 | INFO    | molsanity | class-aware split: moved scaffold group (1 mols, class 0) from train to val for coverage
2026-08-02 23:36:16,492 | INFO    | molsanity | class-aware split: moved scaffold group (1 mols, class 0) from train to test for coverage
2026-08-02 23:36:16,492 | INFO    | molsanity | Scaffold split: 996 scaffolds -> train 598 / val 101 / test 301
2026-08-02 23:36:16,513 | INFO    | molsanity | Loaded existing checkpoint gine_ba47c6df3e15116b.pt
2026-08-02 23:36:16,539 | INFO    | molsanity | [cell BA-2Motifs__GINE__GNNExplainer__scaffold] auditing 200 molecules (capped from 301)
2026-08-02 23:36:16,542 | INFO    | molsanity | [cell BA-2Motifs__GINE__GNNExplainer__scaffold] auditing on 12 worker processes (CPU)
2026-08-02 23:36:50,629 | INFO    | molsanity | [cell BA-2Motifs__GINE__GNNExplainer__scaffold] 200 molecules in 0.6 min (0.17s each, 12 workers)
2026-08-02 23:36:51,150 | INFO    | molsanity | Wrote GT-validation figure: artifacts/figures/BA-2Motifs__GINE__GNNExplainer__scaffold/gt_validation.pdf (+ .svg)
2026-08-02 23:36:51,151 | INFO    | molsanity | Skipping molecule SVG (no aligned mol for case_molecule.svg)
2026-08-02 23:36:51,962 | INFO    | molsanity | [cell BA-2Motifs__GINE__GNNExplainer__scaffold__seed1] DONE — acc=0.99 gt_auroc=0.49970000000000003 n=200 (capped)
2026-08-02 23:36:51,972 | INFO    | molsanity | [stage cell_BA-2Motifs__GINE__GNNExplainer__scaffold__seed2] running (5da1c91bd5b237ba)
2026-08-02 23:36:52,099 | INFO    | molsanity | Loaded BA-2Motifs: 1000 graphs, checksum fecc0a8aa094
2026-08-02 23:36:53,236 | INFO    | molsanity | class-aware split: moved scaffold group (1 mols, class 0) from train to val for coverage
2026-08-02 23:36:53,236 | INFO    | molsanity | class-aware split: moved scaffold group (1 mols, class 0) from train to test for coverage
2026-08-02 23:36:53,237 | INFO    | molsanity | Scaffold split: 996 scaffolds -> train 598 / val 101 / test 301
2026-08-02 23:36:53,256 | INFO    | molsanity | Loaded existing checkpoint gine_34584b44d53a42a9.pt
2026-08-02 23:36:53,285 | INFO    | molsanity | [cell BA-2Motifs__GINE__GNNExplainer__scaffold] auditing 200 molecules (capped from 301)
2026-08-02 23:36:53,288 | INFO    | molsanity | [cell BA-2Motifs__GINE__GNNExplainer__scaffold] auditing on 12 worker processes (CPU)
2026-08-02 23:37:27,530 | INFO    | molsanity | [cell BA-2Motifs__GINE__GNNExplainer__scaffold] 200 molecules in 0.6 min (0.17s each, 12 workers)
2026-08-02 23:37:28,052 | INFO    | molsanity | Wrote GT-validation figure: artifacts/figures/BA-2Motifs__GINE__GNNExplainer__scaffold/gt_validation.pdf (+ .svg)
2026-08-02 23:37:28,053 | INFO    | molsanity | Skipping molecule SVG (no aligned mol for case_molecule.svg)
2026-08-02 23:37:28,839 | INFO    | molsanity | [cell BA-2Motifs__GINE__GNNExplainer__scaffold__seed2] DONE — acc=0.90 gt_auroc=0.5034000000000001 n=200 (capped)
2026-08-02 23:37:28,849 | INFO    | molsanity | [stage cell_BA-2Motifs__GINE__GNNExplainer__random__seed0] running (8c54b7a80c1b2409)
2026-08-02 23:37:29,324 | INFO    | molsanity | Loaded BA-2Motifs: 1000 graphs, checksum fecc0a8aa094
2026-08-02 23:37:29,365 | INFO    | molsanity | Loaded existing checkpoint gine_81524887c7adee3c.pt
2026-08-02 23:37:29,390 | INFO    | molsanity | [cell BA-2Motifs__GINE__GNNExplainer__random] auditing 200 molecules (capped from 300)
2026-08-02 23:37:29,393 | INFO    | molsanity | [cell BA-2Motifs__GINE__GNNExplainer__random] auditing on 12 worker processes (CPU)
2026-08-02 23:38:03,874 | INFO    | molsanity | [cell BA-2Motifs__GINE__GNNExplainer__random] 200 molecules in 0.6 min (0.17s each, 12 workers)
2026-08-02 23:38:06,008 | INFO    | molsanity | Wrote GT-validation figure: artifacts/figures/BA-2Motifs__GINE__GNNExplainer__random/gt_validation.pdf (+ .svg)
2026-08-02 23:38:06,010 | INFO    | molsanity | Skipping molecule SVG (no aligned mol for case_molecule.svg)
2026-08-02 23:38:08,316 | INFO    | molsanity | [cell BA-2Motifs__GINE__GNNExplainer__random__seed0] DONE — acc=0.78 gt_auroc=0.50115 n=200 (capped)
2026-08-02 23:38:08,327 | INFO    | molsanity | [stage cell_BA-2Motifs__GINE__GNNExplainer__random__seed1] running (a6216cbfec316168)
2026-08-02 23:38:08,453 | INFO    | molsanity | Loaded BA-2Motifs: 1000 graphs, checksum fecc0a8aa094
2026-08-02 23:38:08,497 | INFO    | molsanity | Loaded existing checkpoint gine_fbfa4ff78a93a73e.pt
2026-08-02 23:38:08,522 | INFO    | molsanity | [cell BA-2Motifs__GINE__GNNExplainer__random] auditing 200 molecules (capped from 300)
2026-08-02 23:38:08,525 | INFO    | molsanity | [cell BA-2Motifs__GINE__GNNExplainer__random] auditing on 12 worker processes (CPU)
2026-08-02 23:38:42,858 | INFO    | molsanity | [cell BA-2Motifs__GINE__GNNExplainer__random] 200 molecules in 0.6 min (0.17s each, 12 workers)
2026-08-02 23:38:43,378 | INFO    | molsanity | Wrote GT-validation figure: artifacts/figures/BA-2Motifs__GINE__GNNExplainer__random/gt_validation.pdf (+ .svg)
2026-08-02 23:38:43,379 | INFO    | molsanity | Skipping molecule SVG (no aligned mol for case_molecule.svg)
2026-08-02 23:38:44,261 | INFO    | molsanity | [cell BA-2Motifs__GINE__GNNExplainer__random__seed1] DONE — acc=0.65 gt_auroc=0.4585 n=200 (capped)
2026-08-02 23:38:44,272 | INFO    | molsanity | [stage cell_BA-2Motifs__GINE__GNNExplainer__random__seed2] running (cd0f05ec3de61c28)
2026-08-02 23:38:44,398 | INFO    | molsanity | Loaded BA-2Motifs: 1000 graphs, checksum fecc0a8aa094
2026-08-02 23:38:44,440 | INFO    | molsanity | Loaded existing checkpoint gine_055141d997e01cb6.pt
2026-08-02 23:38:44,466 | INFO    | molsanity | [cell BA-2Motifs__GINE__GNNExplainer__random] auditing 200 molecules (capped from 300)
2026-08-02 23:38:44,470 | INFO    | molsanity | [cell BA-2Motifs__GINE__GNNExplainer__random] auditing on 12 worker processes (CPU)
2026-08-02 23:39:18,725 | INFO    | molsanity | [cell BA-2Motifs__GINE__GNNExplainer__random] 200 molecules in 0.6 min (0.17s each, 12 workers)
2026-08-02 23:39:19,252 | INFO    | molsanity | Wrote GT-validation figure: artifacts/figures/BA-2Motifs__GINE__GNNExplainer__random/gt_validation.pdf (+ .svg)
2026-08-02 23:39:19,253 | INFO    | molsanity | Skipping molecule SVG (no aligned mol for case_molecule.svg)
2026-08-02 23:39:20,112 | INFO    | molsanity | [cell BA-2Motifs__GINE__GNNExplainer__random__seed2] DONE — acc=0.88 gt_auroc=0.5737000000000001 n=200 (capped)
2026-08-02 23:39:20,123 | INFO    | molsanity | [stage cell_BA-2Motifs__GINE__PGExplainer__scaffold__seed0] running (73dc5e773bd4ab89)
2026-08-02 23:39:20,253 | INFO    | molsanity | Loaded BA-2Motifs: 1000 graphs, checksum fecc0a8aa094
2026-08-02 23:39:21,429 | INFO    | molsanity | class-aware split: moved scaffold group (1 mols, class 0) from train to val for coverage
2026-08-02 23:39:21,429 | INFO    | molsanity | class-aware split: moved scaffold group (1 mols, class 0) from train to test for coverage
2026-08-02 23:39:21,430 | INFO    | molsanity | Scaffold split: 996 scaffolds -> train 598 / val 101 / test 301
2026-08-02 23:39:21,450 | INFO    | molsanity | Loaded existing checkpoint gine_5281be77a9e8e1fc.pt
2026-08-02 23:41:09,213 | INFO    | molsanity | PGExplainer trained on 200 graphs (30 epochs), final loss 0.7966
2026-08-02 23:42:15,295 | INFO    | molsanity | PGExplainer trained on 200 graphs (30 epochs), final loss 0.0345
2026-08-02 23:42:15,295 | INFO    | molsanity | [cell BA-2Motifs__GINE__PGExplainer__scaffold] auditing 200 molecules (capped from 301)
2026-08-02 23:42:15,303 | INFO    | molsanity | [cell BA-2Motifs__GINE__PGExplainer__scaffold] auditing on 12 worker processes (CPU)
2026-08-02 23:42:16,555 | INFO    | molsanity | [cell BA-2Motifs__GINE__PGExplainer__scaffold] 200 molecules in 0.0 min (0.01s each, 12 workers)
2026-08-02 23:42:18,610 | INFO    | molsanity | Wrote GT-validation figure: artifacts/figures/BA-2Motifs__GINE__PGExplainer__scaffold/gt_validation.pdf (+ .svg)
2026-08-02 23:42:18,611 | INFO    | molsanity | Skipping molecule SVG (no aligned mol for case_molecule.svg)
2026-08-02 23:42:20,899 | INFO    | molsanity | [cell BA-2Motifs__GINE__PGExplainer__scaffold__seed0] DONE — acc=0.98 gt_auroc=0.9538499999999999 n=200 (capped)
2026-08-02 23:42:20,909 | INFO    | molsanity | [stage cell_BA-2Motifs__GINE__PGExplainer__scaffold__seed1] running (47ca046ea99035e0)
2026-08-02 23:42:21,037 | INFO    | molsanity | Loaded BA-2Motifs: 1000 graphs, checksum fecc0a8aa094
2026-08-02 23:42:22,205 | INFO    | molsanity | class-aware split: moved scaffold group (1 mols, class 0) from train to val for coverage
2026-08-02 23:42:22,206 | INFO    | molsanity | class-aware split: moved scaffold group (1 mols, class 0) from train to test for coverage
2026-08-02 23:42:22,206 | INFO    | molsanity | Scaffold split: 996 scaffolds -> train 598 / val 101 / test 301
2026-08-02 23:42:22,226 | INFO    | molsanity | Loaded existing checkpoint gine_ba47c6df3e15116b.pt
2026-08-02 23:44:09,667 | INFO    | molsanity | PGExplainer trained on 200 graphs (30 epochs), final loss 0.4510
2026-08-02 23:45:15,162 | INFO    | molsanity | PGExplainer trained on 200 graphs (30 epochs), final loss 0.0328
2026-08-02 23:45:15,163 | INFO    | molsanity | [cell BA-2Motifs__GINE__PGExplainer__scaffold] auditing 200 molecules (capped from 301)
2026-08-02 23:45:15,170 | INFO    | molsanity | [cell BA-2Motifs__GINE__PGExplainer__scaffold] auditing on 12 worker processes (CPU)
2026-08-02 23:45:16,479 | INFO    | molsanity | [cell BA-2Motifs__GINE__PGExplainer__scaffold] 200 molecules in 0.0 min (0.01s each, 12 workers)
2026-08-02 23:45:17,009 | INFO    | molsanity | Wrote GT-validation figure: artifacts/figures/BA-2Motifs__GINE__PGExplainer__scaffold/gt_validation.pdf (+ .svg)
2026-08-02 23:45:17,010 | INFO    | molsanity | Skipping molecule SVG (no aligned mol for case_molecule.svg)
2026-08-02 23:45:17,815 | INFO    | molsanity | [cell BA-2Motifs__GINE__PGExplainer__scaffold__seed1] DONE — acc=0.99 gt_auroc=0.8572749999999999 n=200 (capped)
2026-08-02 23:45:17,826 | INFO    | molsanity | [stage cell_BA-2Motifs__GINE__PGExplainer__scaffold__seed2] running (6899226b0af7833e)
2026-08-02 23:45:17,953 | INFO    | molsanity | Loaded BA-2Motifs: 1000 graphs, checksum fecc0a8aa094
2026-08-02 23:45:19,107 | INFO    | molsanity | class-aware split: moved scaffold group (1 mols, class 0) from train to val for coverage
2026-08-02 23:45:19,107 | INFO    | molsanity | class-aware split: moved scaffold group (1 mols, class 0) from train to test for coverage
2026-08-02 23:45:19,108 | INFO    | molsanity | Scaffold split: 996 scaffolds -> train 598 / val 101 / test 301
2026-08-02 23:45:19,129 | INFO    | molsanity | Loaded existing checkpoint gine_34584b44d53a42a9.pt
2026-08-02 23:47:06,577 | INFO    | molsanity | PGExplainer trained on 200 graphs (30 epochs), final loss 0.7301
2026-08-02 23:48:12,149 | INFO    | molsanity | PGExplainer trained on 200 graphs (30 epochs), final loss 0.1182
2026-08-02 23:48:12,150 | INFO    | molsanity | [cell BA-2Motifs__GINE__PGExplainer__scaffold] auditing 200 molecules (capped from 301)
2026-08-02 23:48:12,157 | INFO    | molsanity | [cell BA-2Motifs__GINE__PGExplainer__scaffold] auditing on 12 worker processes (CPU)
2026-08-02 23:48:13,385 | INFO    | molsanity | [cell BA-2Motifs__GINE__PGExplainer__scaffold] 200 molecules in 0.0 min (0.01s each, 12 workers)
2026-08-02 23:48:13,902 | INFO    | molsanity | Wrote GT-validation figure: artifacts/figures/BA-2Motifs__GINE__PGExplainer__scaffold/gt_validation.pdf (+ .svg)
2026-08-02 23:48:13,904 | INFO    | molsanity | Skipping molecule SVG (no aligned mol for case_molecule.svg)
2026-08-02 23:48:14,790 | INFO    | molsanity | [cell BA-2Motifs__GINE__PGExplainer__scaffold__seed2] DONE — acc=0.90 gt_auroc=0.8807250000000001 n=200 (capped)
2026-08-02 23:48:14,800 | INFO    | molsanity | [stage cell_BA-2Motifs__GINE__PGExplainer__random__seed0] running (b4d573e3462ff45d)
2026-08-02 23:48:14,926 | INFO    | molsanity | Loaded BA-2Motifs: 1000 graphs, checksum fecc0a8aa094
2026-08-02 23:48:14,968 | INFO    | molsanity | Loaded existing checkpoint gine_81524887c7adee3c.pt
2026-08-02 23:50:02,504 | INFO    | molsanity | PGExplainer trained on 200 graphs (30 epochs), final loss 0.4382
2026-08-02 23:51:07,551 | INFO    | molsanity | PGExplainer trained on 200 graphs (30 epochs), final loss 0.0356
2026-08-02 23:51:07,551 | INFO    | molsanity | [cell BA-2Motifs__GINE__PGExplainer__random] auditing 200 molecules (capped from 300)
2026-08-02 23:51:07,558 | INFO    | molsanity | [cell BA-2Motifs__GINE__PGExplainer__random] auditing on 12 worker processes (CPU)
2026-08-02 23:51:08,873 | INFO    | molsanity | [cell BA-2Motifs__GINE__PGExplainer__random] 200 molecules in 0.0 min (0.01s each, 12 workers)
2026-08-02 23:51:12,235 | INFO    | molsanity | Wrote GT-validation figure: artifacts/figures/BA-2Motifs__GINE__PGExplainer__random/gt_validation.pdf (+ .svg)
2026-08-02 23:51:12,236 | INFO    | molsanity | Skipping molecule SVG (no aligned mol for case_molecule.svg)
2026-08-02 23:51:15,376 | INFO    | molsanity | [cell BA-2Motifs__GINE__PGExplainer__random__seed0] DONE — acc=0.78 gt_auroc=0.4854 n=200 (capped)
2026-08-02 23:51:15,386 | INFO    | molsanity | [stage cell_BA-2Motifs__GINE__PGExplainer__random__seed1] running (9953b37606eb8adb)
2026-08-02 23:51:15,511 | INFO    | molsanity | Loaded BA-2Motifs: 1000 graphs, checksum fecc0a8aa094
2026-08-02 23:51:15,553 | INFO    | molsanity | Loaded existing checkpoint gine_fbfa4ff78a93a73e.pt
2026-08-02 23:53:04,675 | INFO    | molsanity | PGExplainer trained on 200 graphs (30 epochs), final loss 0.4980
2026-08-02 23:54:10,700 | INFO    | molsanity | PGExplainer trained on 200 graphs (30 epochs), final loss 2.0745
2026-08-02 23:54:10,701 | INFO    | molsanity | [cell BA-2Motifs__GINE__PGExplainer__random] auditing 200 molecules (capped from 300)
2026-08-02 23:54:10,708 | INFO    | molsanity | [cell BA-2Motifs__GINE__PGExplainer__random] auditing on 12 worker processes (CPU)
2026-08-02 23:54:11,963 | INFO    | molsanity | [cell BA-2Motifs__GINE__PGExplainer__random] 200 molecules in 0.0 min (0.01s each, 12 workers)
2026-08-02 23:54:12,463 | INFO    | molsanity | Wrote GT-validation figure: artifacts/figures/BA-2Motifs__GINE__PGExplainer__random/gt_validation.pdf (+ .svg)
2026-08-02 23:54:12,464 | INFO    | molsanity | Skipping molecule SVG (no aligned mol for case_molecule.svg)
2026-08-02 23:54:13,141 | INFO    | molsanity | [cell BA-2Motifs__GINE__PGExplainer__random__seed1] DONE — acc=0.65 gt_auroc=0.6038000000000001 n=200 (capped)
2026-08-02 23:54:13,151 | INFO    | molsanity | [stage cell_BA-2Motifs__GINE__PGExplainer__random__seed2] running (21e97723c03dbaa5)
2026-08-02 23:54:13,278 | INFO    | molsanity | Loaded BA-2Motifs: 1000 graphs, checksum fecc0a8aa094
2026-08-02 23:54:13,322 | INFO    | molsanity | Loaded existing checkpoint gine_055141d997e01cb6.pt
2026-08-02 23:56:01,340 | INFO    | molsanity | PGExplainer trained on 200 graphs (30 epochs), final loss 0.7411
2026-08-02 23:57:07,321 | INFO    | molsanity | PGExplainer trained on 200 graphs (30 epochs), final loss 0.0709
2026-08-02 23:57:07,321 | INFO    | molsanity | [cell BA-2Motifs__GINE__PGExplainer__random] auditing 200 molecules (capped from 300)
2026-08-02 23:57:07,329 | INFO    | molsanity | [cell BA-2Motifs__GINE__PGExplainer__random] auditing on 12 worker processes (CPU)
2026-08-02 23:57:08,581 | INFO    | molsanity | [cell BA-2Motifs__GINE__PGExplainer__random] 200 molecules in 0.0 min (0.01s each, 12 workers)
2026-08-02 23:57:09,086 | INFO    | molsanity | Wrote GT-validation figure: artifacts/figures/BA-2Motifs__GINE__PGExplainer__random/gt_validation.pdf (+ .svg)
2026-08-02 23:57:09,087 | INFO    | molsanity | Skipping molecule SVG (no aligned mol for case_molecule.svg)
2026-08-02 23:57:09,922 | INFO    | molsanity | [cell BA-2Motifs__GINE__PGExplainer__random__seed2] DONE — acc=0.88 gt_auroc=0.10402499999999999 n=200 (capped)
2026-08-02 23:57:09,933 | INFO    | molsanity | [stage cell_DILI__GINE__IntegratedGradients__scaffold__seed0] running (42ebcfddbde4b3df)
2026-08-02 23:57:12,462 | INFO    | molsanity | DILI: skipped 3 unparseable molecules
2026-08-02 23:57:12,479 | INFO    | molsanity | DILI checksum recorded: 65deb1aabaed
2026-08-02 23:57:12,480 | INFO    | molsanity | Loaded DILI (TDC Tox/DILI): 472 graphs, checksum 65deb1aabaed
2026-08-02 23:57:13,249 | INFO    | molsanity | Scaffold split: 472 scaffolds -> train 283 / val 47 / test 142
2026-08-02 23:57:14,097 | INFO    | molsanity | Loaded existing checkpoint gine_5281be77a9e8e1fc.pt
2026-08-02 23:57:14,717 | INFO    | molsanity | [cell DILI__GINE__IntegratedGradients__scaffold] auditing 142 molecules
2026-08-02 23:57:14,720 | INFO    | molsanity | [cell DILI__GINE__IntegratedGradients__scaffold] auditing on 12 worker processes (CPU)
2026-08-02 23:57:15,146 | WARNING | molsanity | [cell DILI__GINE__IntegratedGradients__scaffold] worker pool failed (RuntimeError: Unable to handle autograd's threading in combination with fork-based multiprocessing. See https://github.com/pytorch/pytorch/wiki/Autograd-and-Fork) — falling back to the serial path for this cell
2026-08-02 23:58:15,187 | INFO    | molsanity | [cell DILI__GINE__IntegratedGradients__scaffold] 126/142 molecules (0.5s each, ~0 min left)
2026-08-02 23:58:25,127 | INFO    | molsanity | Wrote GT-validation figure: artifacts/figures/DILI__GINE__IntegratedGradients__scaffold/gt_validation.pdf (+ .svg)
2026-08-02 23:58:26,083 | INFO    | molsanity | Wrote molecule attribution SVG: artifacts/figures/DILI__GINE__IntegratedGradients__scaffold/case_molecule.svg (GT atoms: [])
2026-08-02 23:58:27,875 | INFO    | molsanity | [cell DILI__GINE__IntegratedGradients__scaffold__seed0] DONE — acc=0.77 gt_auroc=nan n=142 (capped)
2026-08-02 23:58:27,886 | INFO    | molsanity | [stage cell_DILI__GINE__IntegratedGradients__scaffold__seed1] running (ba4ae26cccabf7be)
2026-08-02 23:58:28,339 | INFO    | molsanity | DILI: skipped 3 unparseable molecules
2026-08-02 23:58:28,358 | INFO    | molsanity | Loaded DILI (TDC Tox/DILI): 472 graphs, checksum 65deb1aabaed
2026-08-02 23:58:29,131 | INFO    | molsanity | Scaffold split: 472 scaffolds -> train 283 / val 47 / test 142
2026-08-02 23:58:29,992 | INFO    | molsanity | Loaded existing checkpoint gine_ba47c6df3e15116b.pt
2026-08-02 23:58:30,764 | INFO    | molsanity | [cell DILI__GINE__IntegratedGradients__scaffold] auditing 142 molecules
2026-08-02 23:58:30,768 | INFO    | molsanity | [cell DILI__GINE__IntegratedGradients__scaffold] auditing on 12 worker processes (CPU)
2026-08-02 23:58:31,163 | WARNING | molsanity | [cell DILI__GINE__IntegratedGradients__scaffold] worker pool failed (RuntimeError: Unable to handle autograd's threading in combination with fork-based multiprocessing. See https://github.com/pytorch/pytorch/wiki/Autograd-and-Fork) — falling back to the serial path for this cell
2026-08-02 23:59:31,493 | INFO    | molsanity | [cell DILI__GINE__IntegratedGradients__scaffold] 126/142 molecules (0.5s each, ~0 min left)
2026-08-02 23:59:39,955 | INFO    | molsanity | Wrote GT-validation figure: artifacts/figures/DILI__GINE__IntegratedGradients__scaffold/gt_validation.pdf (+ .svg)
2026-08-02 23:59:39,963 | INFO    | molsanity | Wrote molecule attribution SVG: artifacts/figures/DILI__GINE__IntegratedGradients__scaffold/case_molecule.svg (GT atoms: [])
2026-08-02 23:59:40,007 | INFO    | molsanity | [cell DILI__GINE__IntegratedGradients__scaffold__seed1] DONE — acc=0.78 gt_auroc=nan n=142 (capped)
2026-08-02 23:59:40,017 | INFO    | molsanity | [stage cell_DILI__GINE__IntegratedGradients__scaffold__seed2] running (0fafc44cd481456b)
2026-08-02 23:59:40,468 | INFO    | molsanity | DILI: skipped 3 unparseable molecules
2026-08-02 23:59:40,486 | INFO    | molsanity | Loaded DILI (TDC Tox/DILI): 472 graphs, checksum 65deb1aabaed
2026-08-02 23:59:41,245 | INFO    | molsanity | Scaffold split: 472 scaffolds -> train 283 / val 47 / test 142
2026-08-02 23:59:42,045 | INFO    | molsanity | Loaded existing checkpoint gine_34584b44d53a42a9.pt
2026-08-02 23:59:42,838 | INFO    | molsanity | [cell DILI__GINE__IntegratedGradients__scaffold] auditing 142 molecules
2026-08-02 23:59:42,842 | INFO    | molsanity | [cell DILI__GINE__IntegratedGradients__scaffold] auditing on 12 worker processes (CPU)
2026-08-02 23:59:43,237 | WARNING | molsanity | [cell DILI__GINE__IntegratedGradients__scaffold] worker pool failed (RuntimeError: Unable to handle autograd's threading in combination with fork-based multiprocessing. See https://github.com/pytorch/pytorch/wiki/Autograd-and-Fork) — falling back to the serial path for this cell
2026-08-03 00:00:43,347 | INFO    | molsanity | [cell DILI__GINE__IntegratedGradients__scaffold] 125/142 molecules (0.5s each, ~0 min left)
2026-08-03 00:00:52,472 | INFO    | molsanity | Wrote GT-validation figure: artifacts/figures/DILI__GINE__IntegratedGradients__scaffold/gt_validation.pdf (+ .svg)
2026-08-03 00:00:52,481 | INFO    | molsanity | Wrote molecule attribution SVG: artifacts/figures/DILI__GINE__IntegratedGradients__scaffold/case_molecule.svg (GT atoms: [])
2026-08-03 00:00:52,517 | INFO    | molsanity | [cell DILI__GINE__IntegratedGradients__scaffold__seed2] DONE — acc=0.71 gt_auroc=nan n=142 (capped)
2026-08-03 00:00:52,527 | INFO    | molsanity | [stage cell_DILI__GINE__IntegratedGradients__random__seed0] running (3e97a237b21c5405)
2026-08-03 00:00:52,979 | INFO    | molsanity | DILI: skipped 3 unparseable molecules
2026-08-03 00:00:52,997 | INFO    | molsanity | Loaded DILI (TDC Tox/DILI): 472 graphs, checksum 65deb1aabaed
2026-08-03 00:00:53,725 | INFO    | molsanity | Loaded existing checkpoint gine_81524887c7adee3c.pt
2026-08-03 00:00:54,354 | INFO    | molsanity | [cell DILI__GINE__IntegratedGradients__random] auditing 142 molecules
2026-08-03 00:00:54,357 | INFO    | molsanity | [cell DILI__GINE__IntegratedGradients__random] auditing on 12 worker processes (CPU)
2026-08-03 00:00:54,759 | WARNING | molsanity | [cell DILI__GINE__IntegratedGradients__random] worker pool failed (RuntimeError: Unable to handle autograd's threading in combination with fork-based multiprocessing. See https://github.com/pytorch/pytorch/wiki/Autograd-and-Fork) — falling back to the serial path for this cell
2026-08-03 00:01:54,777 | INFO    | molsanity | [cell DILI__GINE__IntegratedGradients__random] 126/142 molecules (0.5s each, ~0 min left)
2026-08-03 00:02:04,405 | INFO    | molsanity | Wrote GT-validation figure: artifacts/figures/DILI__GINE__IntegratedGradients__random/gt_validation.pdf (+ .svg)
2026-08-03 00:02:05,318 | INFO    | molsanity | Wrote molecule attribution SVG: artifacts/figures/DILI__GINE__IntegratedGradients__random/case_molecule.svg (GT atoms: [])
2026-08-03 00:02:06,961 | INFO    | molsanity | [cell DILI__GINE__IntegratedGradients__random__seed0] DONE — acc=0.82 gt_auroc=nan n=142 (capped)
2026-08-03 00:02:06,971 | INFO    | molsanity | [stage cell_DILI__GINE__IntegratedGradients__random__seed1] running (9d5b016bfa039a6e)
2026-08-03 00:02:07,426 | INFO    | molsanity | DILI: skipped 3 unparseable molecules
2026-08-03 00:02:07,443 | INFO    | molsanity | Loaded DILI (TDC Tox/DILI): 472 graphs, checksum 65deb1aabaed
2026-08-03 00:02:08,256 | INFO    | molsanity | Loaded existing checkpoint gine_fbfa4ff78a93a73e.pt
2026-08-03 00:02:09,073 | INFO    | molsanity | [cell DILI__GINE__IntegratedGradients__random] auditing 142 molecules
2026-08-03 00:02:09,077 | INFO    | molsanity | [cell DILI__GINE__IntegratedGradients__random] auditing on 12 worker processes (CPU)
2026-08-03 00:02:09,464 | WARNING | molsanity | [cell DILI__GINE__IntegratedGradients__random] worker pool failed (RuntimeError: Unable to handle autograd's threading in combination with fork-based multiprocessing. See https://github.com/pytorch/pytorch/wiki/Autograd-and-Fork) — falling back to the serial path for this cell
2026-08-03 00:03:09,547 | INFO    | molsanity | [cell DILI__GINE__IntegratedGradients__random] 127/142 molecules (0.5s each, ~0 min left)
2026-08-03 00:03:17,536 | INFO    | molsanity | Wrote GT-validation figure: artifacts/figures/DILI__GINE__IntegratedGradients__random/gt_validation.pdf (+ .svg)
2026-08-03 00:03:17,543 | INFO    | molsanity | Wrote molecule attribution SVG: artifacts/figures/DILI__GINE__IntegratedGradients__random/case_molecule.svg (GT atoms: [])
2026-08-03 00:03:17,577 | INFO    | molsanity | [cell DILI__GINE__IntegratedGradients__random__seed1] DONE — acc=0.61 gt_auroc=nan n=142 (capped)
2026-08-03 00:03:17,586 | INFO    | molsanity | [stage cell_DILI__GINE__IntegratedGradients__random__seed2] running (f84505b13d17583f)
2026-08-03 00:03:18,032 | INFO    | molsanity | DILI: skipped 3 unparseable molecules
2026-08-03 00:03:18,050 | INFO    | molsanity | Loaded DILI (TDC Tox/DILI): 472 graphs, checksum 65deb1aabaed
2026-08-03 00:03:18,846 | INFO    | molsanity | Loaded existing checkpoint gine_055141d997e01cb6.pt
2026-08-03 00:03:19,808 | INFO    | molsanity | [cell DILI__GINE__IntegratedGradients__random] auditing 142 molecules
2026-08-03 00:03:19,811 | INFO    | molsanity | [cell DILI__GINE__IntegratedGradients__random] auditing on 12 worker processes (CPU)
2026-08-03 00:03:20,184 | WARNING | molsanity | [cell DILI__GINE__IntegratedGradients__random] worker pool failed (RuntimeError: Unable to handle autograd's threading in combination with fork-based multiprocessing. See https://github.com/pytorch/pytorch/wiki/Autograd-and-Fork) — falling back to the serial path for this cell
2026-08-03 00:04:20,461 | INFO    | molsanity | [cell DILI__GINE__IntegratedGradients__random] 129/142 molecules (0.5s each, ~0 min left)
2026-08-03 00:04:27,161 | INFO    | molsanity | Wrote GT-validation figure: artifacts/figures/DILI__GINE__IntegratedGradients__random/gt_validation.pdf (+ .svg)
2026-08-03 00:04:27,167 | INFO    | molsanity | Wrote molecule attribution SVG: artifacts/figures/DILI__GINE__IntegratedGradients__random/case_molecule.svg (GT atoms: [])
2026-08-03 00:04:27,198 | INFO    | molsanity | [cell DILI__GINE__IntegratedGradients__random__seed2] DONE — acc=0.70 gt_auroc=nan n=142 (capped)
2026-08-03 00:04:27,208 | INFO    | molsanity | [stage cell_hERG__GINE__IntegratedGradients__scaffold__seed0] running (918ee04c39507de4)
2026-08-03 00:04:29,839 | INFO    | molsanity | hERG checksum recorded: 998f4e965b89
2026-08-03 00:04:29,839 | INFO    | molsanity | Loaded hERG (TDC Tox/hERG): 655 graphs, checksum 998f4e965b89
2026-08-03 00:04:31,031 | INFO    | molsanity | Scaffold split: 655 scaffolds -> train 393 / val 65 / test 197
2026-08-03 00:04:32,010 | INFO    | molsanity | Loaded existing checkpoint gine_5281be77a9e8e1fc.pt
2026-08-03 00:04:32,925 | INFO    | molsanity | [cell hERG__GINE__IntegratedGradients__scaffold] auditing 197 molecules
2026-08-03 00:04:32,929 | INFO    | molsanity | [cell hERG__GINE__IntegratedGradients__scaffold] auditing on 12 worker processes (CPU)
2026-08-03 00:04:33,319 | WARNING | molsanity | [cell hERG__GINE__IntegratedGradients__scaffold] worker pool failed (RuntimeError: Unable to handle autograd's threading in combination with fork-based multiprocessing. See https://github.com/pytorch/pytorch/wiki/Autograd-and-Fork) — falling back to the serial path for this cell
2026-08-03 00:05:33,574 | INFO    | molsanity | [cell hERG__GINE__IntegratedGradients__scaffold] 130/197 molecules (0.5s each, ~1 min left)
2026-08-03 00:06:07,751 | INFO    | molsanity | Wrote GT-validation figure: artifacts/figures/hERG__GINE__IntegratedGradients__scaffold/gt_validation.pdf (+ .svg)
2026-08-03 00:06:08,659 | INFO    | molsanity | Wrote molecule attribution SVG: artifacts/figures/hERG__GINE__IntegratedGradients__scaffold/case_molecule.svg (GT atoms: [])
2026-08-03 00:06:10,351 | INFO    | molsanity | [cell hERG__GINE__IntegratedGradients__scaffold__seed0] DONE — acc=0.69 gt_auroc=nan n=197 (capped)
2026-08-03 00:06:10,361 | INFO    | molsanity | [stage cell_hERG__GINE__IntegratedGradients__scaffold__seed1] running (182816cd7a1e487d)
2026-08-03 00:06:11,086 | INFO    | molsanity | Loaded hERG (TDC Tox/hERG): 655 graphs, checksum 998f4e965b89
2026-08-03 00:06:12,290 | INFO    | molsanity | Scaffold split: 655 scaffolds -> train 393 / val 65 / test 197
2026-08-03 00:06:13,058 | INFO    | molsanity | Loaded existing checkpoint gine_ba47c6df3e15116b.pt
2026-08-03 00:06:13,806 | INFO    | molsanity | [cell hERG__GINE__IntegratedGradients__scaffold] auditing 197 molecules
2026-08-03 00:06:13,810 | INFO    | molsanity | [cell hERG__GINE__IntegratedGradients__scaffold] auditing on 12 worker processes (CPU)
2026-08-03 00:06:14,209 | WARNING | molsanity | [cell hERG__GINE__IntegratedGradients__scaffold] worker pool failed (RuntimeError: Unable to handle autograd's threading in combination with fork-based multiprocessing. See https://github.com/pytorch/pytorch/wiki/Autograd-and-Fork) — falling back to the serial path for this cell
2026-08-03 00:07:14,422 | INFO    | molsanity | [cell hERG__GINE__IntegratedGradients__scaffold] 128/197 molecules (0.5s each, ~1 min left)
2026-08-03 00:07:47,585 | INFO    | molsanity | Wrote GT-validation figure: artifacts/figures/hERG__GINE__IntegratedGradients__scaffold/gt_validation.pdf (+ .svg)
2026-08-03 00:07:47,593 | INFO    | molsanity | Wrote molecule attribution SVG: artifacts/figures/hERG__GINE__IntegratedGradients__scaffold/case_molecule.svg (GT atoms: [])
2026-08-03 00:07:47,629 | INFO    | molsanity | [cell hERG__GINE__IntegratedGradients__scaffold__seed1] DONE — acc=0.20 gt_auroc=nan n=197 (capped)
2026-08-03 00:07:47,639 | INFO    | molsanity | [stage cell_hERG__GINE__IntegratedGradients__scaffold__seed2] running (6cb7f05fdb7eb38d)
2026-08-03 00:07:48,352 | INFO    | molsanity | Loaded hERG (TDC Tox/hERG): 655 graphs, checksum 998f4e965b89
2026-08-03 00:07:49,561 | INFO    | molsanity | Scaffold split: 655 scaffolds -> train 393 / val 65 / test 197
2026-08-03 00:07:50,370 | INFO    | molsanity | Loaded existing checkpoint gine_34584b44d53a42a9.pt
2026-08-03 00:07:51,168 | INFO    | molsanity | [cell hERG__GINE__IntegratedGradients__scaffold] auditing 197 molecules
2026-08-03 00:07:51,172 | INFO    | molsanity | [cell hERG__GINE__IntegratedGradients__scaffold] auditing on 12 worker processes (CPU)
2026-08-03 00:07:51,587 | WARNING | molsanity | [cell hERG__GINE__IntegratedGradients__scaffold] worker pool failed (RuntimeError: Unable to handle autograd's threading in combination with fork-based multiprocessing. See https://github.com/pytorch/pytorch/wiki/Autograd-and-Fork) — falling back to the serial path for this cell
2026-08-03 00:08:51,617 | INFO    | molsanity | [cell hERG__GINE__IntegratedGradients__scaffold] 128/197 molecules (0.5s each, ~1 min left)
2026-08-03 00:09:24,956 | INFO    | molsanity | Wrote GT-validation figure: artifacts/figures/hERG__GINE__IntegratedGradients__scaffold/gt_validation.pdf (+ .svg)
2026-08-03 00:09:24,964 | INFO    | molsanity | Wrote molecule attribution SVG: artifacts/figures/hERG__GINE__IntegratedGradients__scaffold/case_molecule.svg (GT atoms: [])
2026-08-03 00:09:25,000 | INFO    | molsanity | [cell hERG__GINE__IntegratedGradients__scaffold__seed2] DONE — acc=0.20 gt_auroc=nan n=197 (capped)
2026-08-03 00:09:25,010 | INFO    | molsanity | [stage cell_hERG__GINE__IntegratedGradients__random__seed0] running (e7a074fcbf925577)
2026-08-03 00:09:25,751 | INFO    | molsanity | Loaded hERG (TDC Tox/hERG): 655 graphs, checksum 998f4e965b89
2026-08-03 00:09:26,678 | INFO    | molsanity | Loaded existing checkpoint gine_81524887c7adee3c.pt
2026-08-03 00:09:27,660 | INFO    | molsanity | [cell hERG__GINE__IntegratedGradients__random] auditing 197 molecules
2026-08-03 00:09:27,664 | INFO    | molsanity | [cell hERG__GINE__IntegratedGradients__random] auditing on 12 worker processes (CPU)
2026-08-03 00:09:28,048 | WARNING | molsanity | [cell hERG__GINE__IntegratedGradients__random] worker pool failed (RuntimeError: Unable to handle autograd's threading in combination with fork-based multiprocessing. See https://github.com/pytorch/pytorch/wiki/Autograd-and-Fork) — falling back to the serial path for this cell
2026-08-03 00:10:28,334 | INFO    | molsanity | [cell hERG__GINE__IntegratedGradients__random] 125/197 molecules (0.5s each, ~1 min left)
2026-08-03 00:11:06,407 | INFO    | molsanity | Wrote GT-validation figure: artifacts/figures/hERG__GINE__IntegratedGradients__random/gt_validation.pdf (+ .svg)
2026-08-03 00:11:07,199 | INFO    | molsanity | Wrote molecule attribution SVG: artifacts/figures/hERG__GINE__IntegratedGradients__random/case_molecule.svg (GT atoms: [])
2026-08-03 00:11:09,019 | INFO    | molsanity | [cell hERG__GINE__IntegratedGradients__random__seed0] DONE — acc=0.79 gt_auroc=nan n=197 (capped)
2026-08-03 00:11:09,029 | INFO    | molsanity | [stage cell_hERG__GINE__IntegratedGradients__random__seed1] running (398bf504c4eb5974)
2026-08-03 00:11:09,751 | INFO    | molsanity | Loaded hERG (TDC Tox/hERG): 655 graphs, checksum 998f4e965b89
2026-08-03 00:11:10,540 | INFO    | molsanity | Loaded existing checkpoint gine_fbfa4ff78a93a73e.pt
2026-08-03 00:11:11,358 | INFO    | molsanity | [cell hERG__GINE__IntegratedGradients__random] auditing 197 molecules
2026-08-03 00:11:11,362 | INFO    | molsanity | [cell hERG__GINE__IntegratedGradients__random] auditing on 12 worker processes (CPU)
2026-08-03 00:11:11,768 | WARNING | molsanity | [cell hERG__GINE__IntegratedGradients__random] worker pool failed (RuntimeError: Unable to handle autograd's threading in combination with fork-based multiprocessing. See https://github.com/pytorch/pytorch/wiki/Autograd-and-Fork) — falling back to the serial path for this cell
2026-08-03 00:12:11,965 | INFO    | molsanity | [cell hERG__GINE__IntegratedGradients__random] 125/197 molecules (0.5s each, ~1 min left)
2026-08-03 00:12:46,928 | INFO    | molsanity | Wrote GT-validation figure: artifacts/figures/hERG__GINE__IntegratedGradients__random/gt_validation.pdf (+ .svg)
2026-08-03 00:12:46,935 | INFO    | molsanity | Wrote molecule attribution SVG: artifacts/figures/hERG__GINE__IntegratedGradients__random/case_molecule.svg (GT atoms: [])
2026-08-03 00:12:46,987 | INFO    | molsanity | [cell hERG__GINE__IntegratedGradients__random__seed1] DONE — acc=0.43 gt_auroc=nan n=197 (capped)
2026-08-03 00:12:46,998 | INFO    | molsanity | [stage cell_hERG__GINE__IntegratedGradients__random__seed2] running (5e662f6ad6385d83)
2026-08-03 00:12:47,716 | INFO    | molsanity | Loaded hERG (TDC Tox/hERG): 655 graphs, checksum 998f4e965b89
2026-08-03 00:12:48,398 | INFO    | molsanity | Loaded existing checkpoint gine_055141d997e01cb6.pt
2026-08-03 00:12:49,210 | INFO    | molsanity | [cell hERG__GINE__IntegratedGradients__random] auditing 197 molecules
2026-08-03 00:12:49,214 | INFO    | molsanity | [cell hERG__GINE__IntegratedGradients__random] auditing on 12 worker processes (CPU)
2026-08-03 00:12:49,611 | WARNING | molsanity | [cell hERG__GINE__IntegratedGradients__random] worker pool failed (RuntimeError: Unable to handle autograd's threading in combination with fork-based multiprocessing. See https://github.com/pytorch/pytorch/wiki/Autograd-and-Fork) — falling back to the serial path for this cell
2026-08-03 00:13:49,851 | INFO    | molsanity | [cell hERG__GINE__IntegratedGradients__random] 125/197 molecules (0.5s each, ~1 min left)
2026-08-03 00:14:25,672 | INFO    | molsanity | Wrote GT-validation figure: artifacts/figures/hERG__GINE__IntegratedGradients__random/gt_validation.pdf (+ .svg)
2026-08-03 00:14:25,680 | INFO    | molsanity | Wrote molecule attribution SVG: artifacts/figures/hERG__GINE__IntegratedGradients__random/case_molecule.svg (GT atoms: [])
2026-08-03 00:14:25,719 | INFO    | molsanity | [cell hERG__GINE__IntegratedGradients__random__seed2] DONE — acc=0.74 gt_auroc=nan n=197 (capped)
2026-08-03 00:14:25,767 | INFO    | molsanity | Wrote SEED_VARIANCE.md (129 cells with >1 seed)
2026-08-03 00:14:25,767 | INFO    | molsanity | Wrote SEED_VARIANCE.md (129 multi-seed cells)
2026-08-03 00:15:31,640 | INFO    | molsanity | Wrote ABSTENTION.md (5 signals ranked)
2026-08-03 00:15:31,641 | INFO    | molsanity | Wrote ABSTENTION.md (5 signals ranked over 21435 records)
2026-08-03 00:15:31,650 | INFO    | molsanity | Wrote RATIONALE_USE.md (4266 molecules where the model reads the ground truth, 597 anti-aligned despite that)
2026-08-03 00:15:35,103 | INFO    | molsanity | Wrote BENCHMARK.md (129 cells)
2026-08-03 00:15:36,271 | INFO    | molsanity | Wrote BENCHMARK_GT.md (faithfulness-vs-ground-truth)
2026-08-03 00:15:38,958 | INFO    | molsanity | Wrote summary figure: artifacts/figures/_summary/attributor_gt_bar_MUTAG.pdf
2026-08-03 00:15:41,344 | INFO    | molsanity | Wrote summary figure: artifacts/figures/_summary/attributor_gt_bar_SynthMotifs.pdf
2026-08-03 00:15:43,892 | INFO    | molsanity | Wrote summary figure: artifacts/figures/_summary/faithfulness_stability_ecdf.pdf
2026-08-03 00:15:46,606 | INFO    | molsanity | Wrote summary figure: artifacts/figures/_summary/regime_stratification.pdf
2026-08-03 00:15:49,345 | INFO    | molsanity | Wrote rich figure: artifacts/figures/_summary/joint_faithful_correct.pdf
2026-08-03 00:15:51,763 | INFO    | molsanity | Wrote rich figure: artifacts/figures/_summary/raincloud_gt_MUTAG.pdf
2026-08-03 00:15:54,200 | INFO    | molsanity | Wrote rich figure: artifacts/figures/_summary/heatmap_gt.pdf
2026-08-03 00:15:58,554 | INFO    | molsanity | Wrote composite figure: artifacts/figures/_summary/results_composite.pdf
2026-08-03 00:15:58,586 | INFO    | molsanity | Loaded MUTAG: 188 graphs, checksum de1d4cec357f
2026-08-03 00:15:58,874 | INFO    | molsanity | Scaffold split: 52 scaffolds -> train 150 / val 18 / test 20
2026-08-03 00:15:59,705 | INFO    | molsanity | Loaded existing checkpoint gine_c98efc007771f38d.pt
2026-08-03 00:16:07,436 | INFO    | molsanity | Wrote molecule grid: artifacts/figures/_summary/molgrid_MUTAG.pdf
2026-08-03 00:16:09,244 | INFO    | molsanity | Generated SynthMotifs: 1000 graphs (house/cycle), exact node GT
2026-08-03 00:16:09,280 | INFO    | molsanity | SynthMotifs checksum recorded: dec19662af21
2026-08-03 00:16:09,280 | INFO    | molsanity | Loaded SynthMotifs: 1000 graphs, checksum dec19662af21
2026-08-03 00:16:10,959 | INFO    | molsanity | Scaffold split: 1000 scaffolds -> train 800 / val 100 / test 100
2026-08-03 00:16:11,887 | INFO    | molsanity | Loaded existing checkpoint gine_c98efc007771f38d.pt
2026-08-03 00:16:18,617 | INFO    | molsanity | Wrote molecule grid: artifacts/figures/_summary/molgrid_SynthMotifs.pdf
2026-08-03 00:16:18,629 | INFO    | molsanity | Wrote 10 summary figure(s)
2026-08-03 00:16:19,754 | WARNING | molsanity | Dissociation figure generation failed: need two analysed regimes for the dissociation figure
2026-08-03 00:19:17,937 | INFO    | molsanity | Collected figures -> figures/ (366 files, 129 cells)
2026-08-03 00:19:17,937 | INFO    | molsanity | === Run complete: {'done': 387, 'failed': 21, 'skipped': 0, 'running': 0} ===
