2026-08-05 07:13:59,950 | INFO    | molsanity | === MolSanity run: full.yaml (seed=0) ===
2026-08-05 07:14:03,119 | INFO    | molsanity | Preflight: attributor dependencies OK.
2026-08-05 07:14:03,121 | INFO    | molsanity | Seeds: [0, 1, 2]
2026-08-05 07:14:03,534 | INFO    | molsanity | [stage cell_SynthMotifs__GINE__IntegratedGradients__scaffold__seed0] cache hit (f27d4f634a6b3108) — skipping
2026-08-05 07:14:03,534 | INFO    | molsanity | [cell SynthMotifs__GINE__IntegratedGradients__scaffold__seed0] DONE — acc=0.91 gt_auroc=0.97744 n=200 (capped) [cached]
2026-08-05 07:14:03,951 | INFO    | molsanity | [stage cell_SynthMotifs__GINE__IntegratedGradients__scaffold__seed1] cache hit (fa1093e519ff4552) — skipping
2026-08-05 07:14:03,951 | INFO    | molsanity | [cell SynthMotifs__GINE__IntegratedGradients__scaffold__seed1] DONE — acc=0.96 gt_auroc=0.9764400000000001 n=200 (capped) [cached]
2026-08-05 07:14:04,316 | INFO    | molsanity | [stage cell_SynthMotifs__GINE__IntegratedGradients__scaffold__seed2] cache hit (ed76f6ca9aec96f7) — skipping
2026-08-05 07:14:04,316 | INFO    | molsanity | [cell SynthMotifs__GINE__IntegratedGradients__scaffold__seed2] DONE — acc=0.97 gt_auroc=0.9664400000000001 n=200 (capped) [cached]
2026-08-05 07:14:04,703 | INFO    | molsanity | [stage cell_SynthMotifs__GINE__IntegratedGradients__random__seed0] cache hit (02753f4e809ce5f5) — skipping
2026-08-05 07:14:04,703 | INFO    | molsanity | [cell SynthMotifs__GINE__IntegratedGradients__random__seed0] DONE — acc=0.98 gt_auroc=0.9968800000000002 n=200 (capped) [cached]
2026-08-05 07:14:05,150 | INFO    | molsanity | [stage cell_SynthMotifs__GINE__IntegratedGradients__random__seed1] cache hit (7d175e0f92c82ad0) — skipping
2026-08-05 07:14:05,150 | INFO    | molsanity | [cell SynthMotifs__GINE__IntegratedGradients__random__seed1] DONE — acc=0.98 gt_auroc=0.99576 n=200 (capped) [cached]
2026-08-05 07:14:05,569 | INFO    | molsanity | [stage cell_SynthMotifs__GINE__IntegratedGradients__random__seed2] cache hit (1565f585e9b5541c) — skipping
2026-08-05 07:14:05,569 | INFO    | molsanity | [cell SynthMotifs__GINE__IntegratedGradients__random__seed2] DONE — acc=0.94 gt_auroc=0.97708 n=200 (capped) [cached]
2026-08-05 07:14:06,182 | INFO    | molsanity | [stage cell_SynthMotifs__GINE__Saliency__scaffold__seed0] cache hit (48c0da9ec625aa1b) — skipping
2026-08-05 07:14:06,182 | INFO    | molsanity | [cell SynthMotifs__GINE__Saliency__scaffold__seed0] DONE — acc=0.91 gt_auroc=0.98556 n=200 (capped) [cached]
2026-08-05 07:14:06,578 | INFO    | molsanity | [stage cell_SynthMotifs__GINE__Saliency__scaffold__seed1] cache hit (f25166dbe4c4fd71) — skipping
2026-08-05 07:14:06,578 | INFO    | molsanity | [cell SynthMotifs__GINE__Saliency__scaffold__seed1] DONE — acc=0.96 gt_auroc=0.91632 n=200 (capped) [cached]
2026-08-05 07:14:06,970 | INFO    | molsanity | [stage cell_SynthMotifs__GINE__Saliency__scaffold__seed2] cache hit (1072fc88b967a5a2) — skipping
2026-08-05 07:14:06,970 | INFO    | molsanity | [cell SynthMotifs__GINE__Saliency__scaffold__seed2] DONE — acc=0.97 gt_auroc=0.96884 n=200 (capped) [cached]
2026-08-05 07:14:07,670 | INFO    | molsanity | [stage cell_SynthMotifs__GINE__Saliency__random__seed0] cache hit (f35ee62bd3a2fd8c) — skipping
2026-08-05 07:14:07,670 | INFO    | molsanity | [cell SynthMotifs__GINE__Saliency__random__seed0] DONE — acc=0.98 gt_auroc=0.9934000000000001 n=200 (capped) [cached]
2026-08-05 07:14:08,198 | INFO    | molsanity | [stage cell_SynthMotifs__GINE__Saliency__random__seed1] cache hit (b12bf657be55d0c6) — skipping
2026-08-05 07:14:08,198 | INFO    | molsanity | [cell SynthMotifs__GINE__Saliency__random__seed1] DONE — acc=0.98 gt_auroc=0.98276 n=200 (capped) [cached]
2026-08-05 07:14:08,558 | INFO    | molsanity | [stage cell_SynthMotifs__GINE__Saliency__random__seed2] cache hit (00333c65a3925cbb) — skipping
2026-08-05 07:14:08,559 | INFO    | molsanity | [cell SynthMotifs__GINE__Saliency__random__seed2] DONE — acc=0.94 gt_auroc=0.9599599999999999 n=200 (capped) [cached]
2026-08-05 07:14:09,186 | INFO    | molsanity | [stage cell_SynthMotifs__GINE__InputXGradient__scaffold__seed0] cache hit (0523697f3cf545a1) — skipping
2026-08-05 07:14:09,186 | INFO    | molsanity | [cell SynthMotifs__GINE__InputXGradient__scaffold__seed0] DONE — acc=0.91 gt_auroc=0.99192 n=200 (capped) [cached]
2026-08-05 07:14:09,584 | INFO    | molsanity | [stage cell_SynthMotifs__GINE__InputXGradient__scaffold__seed1] cache hit (6a835c600f152d2c) — skipping
2026-08-05 07:14:09,584 | INFO    | molsanity | [cell SynthMotifs__GINE__InputXGradient__scaffold__seed1] DONE — acc=0.96 gt_auroc=0.9107599999999999 n=200 (capped) [cached]
2026-08-05 07:14:09,953 | INFO    | molsanity | [stage cell_SynthMotifs__GINE__InputXGradient__scaffold__seed2] cache hit (a767378d0f597e76) — skipping
2026-08-05 07:14:09,953 | INFO    | molsanity | [cell SynthMotifs__GINE__InputXGradient__scaffold__seed2] DONE — acc=0.97 gt_auroc=0.9607600000000001 n=200 (capped) [cached]
2026-08-05 07:14:10,336 | INFO    | molsanity | [stage cell_SynthMotifs__GINE__InputXGradient__random__seed0] cache hit (55c7baf914e35f27) — skipping
2026-08-05 07:14:10,336 | INFO    | molsanity | [cell SynthMotifs__GINE__InputXGradient__random__seed0] DONE — acc=0.98 gt_auroc=0.9872 n=200 (capped) [cached]
2026-08-05 07:14:10,988 | INFO    | molsanity | [stage cell_SynthMotifs__GINE__InputXGradient__random__seed1] cache hit (f0b3d5309ccd3f1a) — skipping
2026-08-05 07:14:10,988 | INFO    | molsanity | [cell SynthMotifs__GINE__InputXGradient__random__seed1] DONE — acc=0.98 gt_auroc=0.9632 n=200 (capped) [cached]
2026-08-05 07:14:11,404 | INFO    | molsanity | [stage cell_SynthMotifs__GINE__InputXGradient__random__seed2] cache hit (3745ebf4616a742c) — skipping
2026-08-05 07:14:11,404 | INFO    | molsanity | [cell SynthMotifs__GINE__InputXGradient__random__seed2] DONE — acc=0.94 gt_auroc=0.9592400000000001 n=200 (capped) [cached]
2026-08-05 07:14:11,780 | INFO    | molsanity | [stage cell_SynthMotifs__GINE__GuidedBackprop__scaffold__seed0] cache hit (f070359dac6e41bf) — skipping
2026-08-05 07:14:11,780 | INFO    | molsanity | [cell SynthMotifs__GINE__GuidedBackprop__scaffold__seed0] DONE — acc=0.91 gt_auroc=0.9814799999999999 n=200 (capped) [cached]
2026-08-05 07:14:12,429 | INFO    | molsanity | [stage cell_SynthMotifs__GINE__GuidedBackprop__scaffold__seed1] cache hit (02b1fdece75cf491) — skipping
2026-08-05 07:14:12,429 | INFO    | molsanity | [cell SynthMotifs__GINE__GuidedBackprop__scaffold__seed1] DONE — acc=0.96 gt_auroc=0.9720799999999999 n=200 (capped) [cached]
2026-08-05 07:14:12,790 | INFO    | molsanity | [stage cell_SynthMotifs__GINE__GuidedBackprop__scaffold__seed2] cache hit (fd15f1f7db0eea88) — skipping
2026-08-05 07:14:12,790 | INFO    | molsanity | [cell SynthMotifs__GINE__GuidedBackprop__scaffold__seed2] DONE — acc=0.97 gt_auroc=0.97012 n=200 (capped) [cached]
2026-08-05 07:14:13,429 | INFO    | molsanity | [stage cell_SynthMotifs__GINE__GuidedBackprop__random__seed0] cache hit (638a07f5d6d7d957) — skipping
2026-08-05 07:14:13,429 | INFO    | molsanity | [cell SynthMotifs__GINE__GuidedBackprop__random__seed0] DONE — acc=0.98 gt_auroc=0.9992 n=200 (capped) [cached]
2026-08-05 07:14:14,059 | INFO    | molsanity | [stage cell_SynthMotifs__GINE__GuidedBackprop__random__seed1] cache hit (3e0b9edcddbc52d1) — skipping
2026-08-05 07:14:14,059 | INFO    | molsanity | [cell SynthMotifs__GINE__GuidedBackprop__random__seed1] DONE — acc=0.98 gt_auroc=0.9887999999999999 n=200 (capped) [cached]
2026-08-05 07:14:14,553 | INFO    | molsanity | [stage cell_SynthMotifs__GINE__GuidedBackprop__random__seed2] cache hit (77c447e50517c08c) — skipping
2026-08-05 07:14:14,553 | INFO    | molsanity | [cell SynthMotifs__GINE__GuidedBackprop__random__seed2] DONE — acc=0.94 gt_auroc=0.9957600000000001 n=200 (capped) [cached]
2026-08-05 07:14:14,945 | INFO    | molsanity | [stage cell_SynthMotifs__GINE__GNNExplainer__scaffold__seed0] cache hit (7c81382c624ab22e) — skipping
2026-08-05 07:14:14,945 | INFO    | molsanity | [cell SynthMotifs__GINE__GNNExplainer__scaffold__seed0] DONE — acc=0.91 gt_auroc=0.4738800000000001 n=200 (capped) [cached]
2026-08-05 07:14:15,588 | INFO    | molsanity | [stage cell_SynthMotifs__GINE__GNNExplainer__scaffold__seed1] cache hit (877603bc23fac794) — skipping
2026-08-05 07:14:15,588 | INFO    | molsanity | [cell SynthMotifs__GINE__GNNExplainer__scaffold__seed1] DONE — acc=0.96 gt_auroc=0.87772 n=200 (capped) [cached]
2026-08-05 07:14:16,078 | INFO    | molsanity | [stage cell_SynthMotifs__GINE__GNNExplainer__scaffold__seed2] cache hit (6b443ac2d04a9fd0) — skipping
2026-08-05 07:14:16,078 | INFO    | molsanity | [cell SynthMotifs__GINE__GNNExplainer__scaffold__seed2] DONE — acc=0.97 gt_auroc=0.57452 n=200 (capped) [cached]
2026-08-05 07:14:16,712 | INFO    | molsanity | [stage cell_SynthMotifs__GINE__GNNExplainer__random__seed0] cache hit (1de202a37979e9ea) — skipping
2026-08-05 07:14:16,712 | INFO    | molsanity | [cell SynthMotifs__GINE__GNNExplainer__random__seed0] DONE — acc=0.98 gt_auroc=0.5642 n=200 (capped) [cached]
2026-08-05 07:14:17,156 | INFO    | molsanity | [stage cell_SynthMotifs__GINE__GNNExplainer__random__seed1] cache hit (8340e3487494e388) — skipping
2026-08-05 07:14:17,156 | INFO    | molsanity | [cell SynthMotifs__GINE__GNNExplainer__random__seed1] DONE — acc=0.98 gt_auroc=0.63536 n=200 (capped) [cached]
2026-08-05 07:14:17,624 | INFO    | molsanity | [stage cell_SynthMotifs__GINE__GNNExplainer__random__seed2] cache hit (1bb1d5c3685e28db) — skipping
2026-08-05 07:14:17,624 | INFO    | molsanity | [cell SynthMotifs__GINE__GNNExplainer__random__seed2] DONE — acc=0.94 gt_auroc=0.6977600000000002 n=200 (capped) [cached]
2026-08-05 07:14:18,259 | INFO    | molsanity | [stage cell_SynthMotifs__GINE__PGExplainer__scaffold__seed0] cache hit (4d50e6059b8ac06a) — skipping
2026-08-05 07:14:18,259 | INFO    | molsanity | [cell SynthMotifs__GINE__PGExplainer__scaffold__seed0] DONE — acc=0.91 gt_auroc=0.44195999999999996 n=200 (capped) [cached]
2026-08-05 07:14:18,676 | INFO    | molsanity | [stage cell_SynthMotifs__GINE__PGExplainer__scaffold__seed1] cache hit (869972bae0db86de) — skipping
2026-08-05 07:14:18,676 | INFO    | molsanity | [cell SynthMotifs__GINE__PGExplainer__scaffold__seed1] DONE — acc=0.96 gt_auroc=0.28966 n=200 (capped) [cached]
2026-08-05 07:14:19,333 | INFO    | molsanity | [stage cell_SynthMotifs__GINE__PGExplainer__scaffold__seed2] cache hit (4ab8bc3689fdfa84) — skipping
2026-08-05 07:14:19,333 | INFO    | molsanity | [cell SynthMotifs__GINE__PGExplainer__scaffold__seed2] DONE — acc=0.97 gt_auroc=0.33104 n=200 (capped) [cached]
2026-08-05 07:14:19,984 | INFO    | molsanity | [stage cell_SynthMotifs__GINE__PGExplainer__random__seed0] cache hit (53469b066322fe83) — skipping
2026-08-05 07:14:19,984 | INFO    | molsanity | [cell SynthMotifs__GINE__PGExplainer__random__seed0] DONE — acc=0.98 gt_auroc=0.46025999999999995 n=200 (capped) [cached]
2026-08-05 07:14:20,450 | INFO    | molsanity | [stage cell_SynthMotifs__GINE__PGExplainer__random__seed1] cache hit (3d9086e35d1f027f) — skipping
2026-08-05 07:14:20,450 | INFO    | molsanity | [cell SynthMotifs__GINE__PGExplainer__random__seed1] DONE — acc=0.98 gt_auroc=0.47098 n=200 (capped) [cached]
2026-08-05 07:14:21,082 | INFO    | molsanity | [stage cell_SynthMotifs__GINE__PGExplainer__random__seed2] cache hit (696827c803f6b42b) — skipping
2026-08-05 07:14:21,082 | INFO    | molsanity | [cell SynthMotifs__GINE__PGExplainer__random__seed2] DONE — acc=0.94 gt_auroc=0.31392000000000003 n=200 (capped) [cached]
2026-08-05 07:14:21,519 | INFO    | molsanity | [stage cell_SynthMotifs__GINE__SubgraphX__scaffold__seed0] cache hit (7e4a7e8647613e73) — skipping
2026-08-05 07:14:21,520 | INFO    | molsanity | [cell SynthMotifs__GINE__SubgraphX__scaffold__seed0] DONE — acc=0.91 gt_auroc=0.6311 n=200 (capped) [cached]
2026-08-05 07:14:21,885 | INFO    | molsanity | [stage cell_SynthMotifs__GINE__SubgraphX__scaffold__seed1] cache hit (4dd6958e32ea5044) — skipping
2026-08-05 07:14:21,885 | INFO    | molsanity | [cell SynthMotifs__GINE__SubgraphX__scaffold__seed1] DONE — acc=0.96 gt_auroc=0.8443 n=200 (capped) [cached]
2026-08-05 07:14:22,262 | INFO    | molsanity | [stage cell_SynthMotifs__GINE__SubgraphX__scaffold__seed2] cache hit (0ea5f6bf53f6f994) — skipping
2026-08-05 07:14:22,262 | INFO    | molsanity | [cell SynthMotifs__GINE__SubgraphX__scaffold__seed2] DONE — acc=0.97 gt_auroc=0.779 n=200 (capped) [cached]
2026-08-05 07:14:22,934 | INFO    | molsanity | [stage cell_SynthMotifs__GINE__SubgraphX__random__seed0] cache hit (494517c96ed94269) — skipping
2026-08-05 07:14:22,935 | INFO    | molsanity | [cell SynthMotifs__GINE__SubgraphX__random__seed0] DONE — acc=0.98 gt_auroc=0.6419999999999999 n=200 (capped) [cached]
2026-08-05 07:14:23,317 | INFO    | molsanity | [stage cell_SynthMotifs__GINE__SubgraphX__random__seed1] cache hit (ac86cb2b18b32abf) — skipping
2026-08-05 07:14:23,317 | INFO    | molsanity | [cell SynthMotifs__GINE__SubgraphX__random__seed1] DONE — acc=0.98 gt_auroc=0.8237000000000001 n=200 (capped) [cached]
2026-08-05 07:14:23,710 | INFO    | molsanity | [stage cell_SynthMotifs__GINE__SubgraphX__random__seed2] cache hit (e32ec76efe0fa024) — skipping
2026-08-05 07:14:23,710 | INFO    | molsanity | [cell SynthMotifs__GINE__SubgraphX__random__seed2] DONE — acc=0.94 gt_auroc=0.8449999999999999 n=200 (capped) [cached]
2026-08-05 07:14:24,099 | INFO    | molsanity | [stage cell_SynthMotifs__GCN__IntegratedGradients__scaffold__seed0] cache hit (93c6faae035847ce) — skipping
2026-08-05 07:14:24,099 | INFO    | molsanity | [cell SynthMotifs__GCN__IntegratedGradients__scaffold__seed0] DONE — acc=0.63 gt_auroc=0.94524 n=200 (capped) [cached]
2026-08-05 07:14:24,553 | INFO    | molsanity | [stage cell_SynthMotifs__GCN__IntegratedGradients__scaffold__seed1] cache hit (cd1aa77250512dd0) — skipping
2026-08-05 07:14:24,553 | INFO    | molsanity | [cell SynthMotifs__GCN__IntegratedGradients__scaffold__seed1] DONE — acc=0.97 gt_auroc=0.93392 n=200 (capped) [cached]
2026-08-05 07:14:25,179 | INFO    | molsanity | [stage cell_SynthMotifs__GCN__IntegratedGradients__scaffold__seed2] cache hit (1e184a0bb887065b) — skipping
2026-08-05 07:14:25,179 | INFO    | molsanity | [cell SynthMotifs__GCN__IntegratedGradients__scaffold__seed2] DONE — acc=0.97 gt_auroc=0.9807600000000001 n=200 (capped) [cached]
2026-08-05 07:14:25,610 | INFO    | molsanity | [stage cell_SynthMotifs__GCN__IntegratedGradients__random__seed0] cache hit (ec9bf3b952b08fe6) — skipping
2026-08-05 07:14:25,610 | INFO    | molsanity | [cell SynthMotifs__GCN__IntegratedGradients__random__seed0] DONE — acc=0.69 gt_auroc=0.58304 n=200 (capped) [cached]
2026-08-05 07:14:26,167 | INFO    | molsanity | [stage cell_SynthMotifs__GCN__IntegratedGradients__random__seed1] cache hit (1e664288be969189) — skipping
2026-08-05 07:14:26,167 | INFO    | molsanity | [cell SynthMotifs__GCN__IntegratedGradients__random__seed1] DONE — acc=0.98 gt_auroc=0.98348 n=200 (capped) [cached]
2026-08-05 07:14:26,560 | INFO    | molsanity | [stage cell_SynthMotifs__GCN__IntegratedGradients__random__seed2] cache hit (c9fe87952bebe4f6) — skipping
2026-08-05 07:14:26,560 | INFO    | molsanity | [cell SynthMotifs__GCN__IntegratedGradients__random__seed2] DONE — acc=0.99 gt_auroc=0.9902799999999999 n=200 (capped) [cached]
2026-08-05 07:14:27,200 | INFO    | molsanity | [stage cell_SynthMotifs__GAT__IntegratedGradients__scaffold__seed0] cache hit (c1bc112c68f2ebc8) — skipping
2026-08-05 07:14:27,200 | INFO    | molsanity | [cell SynthMotifs__GAT__IntegratedGradients__scaffold__seed0] DONE — acc=0.99 gt_auroc=0.8317599999999998 n=200 (capped) [cached]
2026-08-05 07:14:27,602 | INFO    | molsanity | [stage cell_SynthMotifs__GAT__IntegratedGradients__scaffold__seed1] cache hit (cbb5fed3e1d0a971) — skipping
2026-08-05 07:14:27,602 | INFO    | molsanity | [cell SynthMotifs__GAT__IntegratedGradients__scaffold__seed1] DONE — acc=0.62 gt_auroc=0.98536 n=200 (capped) [cached]
2026-08-05 07:14:27,961 | INFO    | molsanity | [stage cell_SynthMotifs__GAT__IntegratedGradients__scaffold__seed2] cache hit (fb62a29424f5b693) — skipping
2026-08-05 07:14:27,961 | INFO    | molsanity | [cell SynthMotifs__GAT__IntegratedGradients__scaffold__seed2] DONE — acc=0.99 gt_auroc=0.9197600000000001 n=200 (capped) [cached]
2026-08-05 07:14:28,320 | INFO    | molsanity | [stage cell_SynthMotifs__GAT__IntegratedGradients__random__seed0] cache hit (6bf8cf15f56cd9d6) — skipping
2026-08-05 07:14:28,320 | INFO    | molsanity | [cell SynthMotifs__GAT__IntegratedGradients__random__seed0] DONE — acc=0.99 gt_auroc=0.9200800000000001 n=200 (capped) [cached]
2026-08-05 07:14:28,730 | INFO    | molsanity | [stage cell_SynthMotifs__GAT__IntegratedGradients__random__seed1] cache hit (8c9d530c6a6a33e1) — skipping
2026-08-05 07:14:28,731 | INFO    | molsanity | [cell SynthMotifs__GAT__IntegratedGradients__random__seed1] DONE — acc=0.98 gt_auroc=0.8164 n=200 (capped) [cached]
2026-08-05 07:14:29,114 | INFO    | molsanity | [stage cell_SynthMotifs__GAT__IntegratedGradients__random__seed2] cache hit (cb7e6f949af6680b) — skipping
2026-08-05 07:14:29,114 | INFO    | molsanity | [cell SynthMotifs__GAT__IntegratedGradients__random__seed2] DONE — acc=0.99 gt_auroc=0.64168 n=200 (capped) [cached]
2026-08-05 07:14:29,541 | INFO    | molsanity | [stage cell_SynthMotifs__MPNN__IntegratedGradients__scaffold__seed0] cache hit (b23ab13d6292eb0f) — skipping
2026-08-05 07:14:29,541 | INFO    | molsanity | [cell SynthMotifs__MPNN__IntegratedGradients__scaffold__seed0] DONE — acc=0.98 gt_auroc=0.8294400000000002 n=200 (capped) [cached]
2026-08-05 07:14:30,004 | INFO    | molsanity | [stage cell_SynthMotifs__MPNN__IntegratedGradients__scaffold__seed1] cache hit (349d98d8f482e271) — skipping
2026-08-05 07:14:30,004 | INFO    | molsanity | [cell SynthMotifs__MPNN__IntegratedGradients__scaffold__seed1] DONE — acc=0.82 gt_auroc=0.847 n=200 (capped) [cached]
2026-08-05 07:14:30,375 | INFO    | molsanity | [stage cell_SynthMotifs__MPNN__IntegratedGradients__scaffold__seed2] cache hit (e757bfbaedb6e737) — skipping
2026-08-05 07:14:30,375 | INFO    | molsanity | [cell SynthMotifs__MPNN__IntegratedGradients__scaffold__seed2] DONE — acc=0.71 gt_auroc=0.8597999999999999 n=200 (capped) [cached]
2026-08-05 07:14:30,761 | INFO    | molsanity | [stage cell_SynthMotifs__MPNN__IntegratedGradients__random__seed0] cache hit (6e5c645637de4293) — skipping
2026-08-05 07:14:30,761 | INFO    | molsanity | [cell SynthMotifs__MPNN__IntegratedGradients__random__seed0] DONE — acc=0.98 gt_auroc=0.81172 n=200 (capped) [cached]
2026-08-05 07:14:31,177 | INFO    | molsanity | [stage cell_SynthMotifs__MPNN__IntegratedGradients__random__seed1] cache hit (0645410eeb3f861d) — skipping
2026-08-05 07:14:31,177 | INFO    | molsanity | [cell SynthMotifs__MPNN__IntegratedGradients__random__seed1] DONE — acc=0.99 gt_auroc=0.8999600000000001 n=200 (capped) [cached]
2026-08-05 07:14:31,600 | INFO    | molsanity | [stage cell_SynthMotifs__MPNN__IntegratedGradients__random__seed2] cache hit (33dded6901cb933f) — skipping
2026-08-05 07:14:31,600 | INFO    | molsanity | [cell SynthMotifs__MPNN__IntegratedGradients__random__seed2] DONE — acc=1.00 gt_auroc=0.9031199999999999 n=200 (capped) [cached]
2026-08-05 07:14:32,221 | INFO    | molsanity | [stage cell_SynthMotifs__AttentiveFP__IntegratedGradients__scaffold__seed0] cache hit (4afe2fd53e0a3ed1) — skipping
2026-08-05 07:14:32,221 | INFO    | molsanity | [cell SynthMotifs__AttentiveFP__IntegratedGradients__scaffold__seed0] DONE — acc=0.93 gt_auroc=0.82336 n=200 (capped) [cached]
2026-08-05 07:14:32,616 | INFO    | molsanity | [stage cell_SynthMotifs__AttentiveFP__IntegratedGradients__scaffold__seed1] cache hit (c0fed849721aa0aa) — skipping
2026-08-05 07:14:32,616 | INFO    | molsanity | [cell SynthMotifs__AttentiveFP__IntegratedGradients__scaffold__seed1] DONE — acc=0.98 gt_auroc=0.8785200000000001 n=200 (capped) [cached]
2026-08-05 07:14:33,277 | INFO    | molsanity | [stage cell_SynthMotifs__AttentiveFP__IntegratedGradients__scaffold__seed2] cache hit (be9204f8d5531447) — skipping
2026-08-05 07:14:33,277 | INFO    | molsanity | [cell SynthMotifs__AttentiveFP__IntegratedGradients__scaffold__seed2] DONE — acc=0.98 gt_auroc=0.9090400000000001 n=200 (capped) [cached]
2026-08-05 07:14:33,663 | INFO    | molsanity | [stage cell_SynthMotifs__AttentiveFP__IntegratedGradients__random__seed0] cache hit (be6310cea51da325) — skipping
2026-08-05 07:14:33,663 | INFO    | molsanity | [cell SynthMotifs__AttentiveFP__IntegratedGradients__random__seed0] DONE — acc=0.97 gt_auroc=0.7764 n=200 (capped) [cached]
2026-08-05 07:14:34,082 | INFO    | molsanity | [stage cell_SynthMotifs__AttentiveFP__IntegratedGradients__random__seed1] cache hit (31821c4b22e4c233) — skipping
2026-08-05 07:14:34,082 | INFO    | molsanity | [cell SynthMotifs__AttentiveFP__IntegratedGradients__random__seed1] DONE — acc=0.98 gt_auroc=0.9398400000000001 n=200 (capped) [cached]
2026-08-05 07:14:34,699 | INFO    | molsanity | [stage cell_SynthMotifs__AttentiveFP__IntegratedGradients__random__seed2] cache hit (036246f8fc4bfa9f) — skipping
2026-08-05 07:14:34,699 | INFO    | molsanity | [cell SynthMotifs__AttentiveFP__IntegratedGradients__random__seed2] DONE — acc=0.98 gt_auroc=0.8982399999999999 n=200 (capped) [cached]
2026-08-05 07:14:35,338 | INFO    | molsanity | [stage cell_MUTAG__GINE__IntegratedGradients__scaffold__seed0] cache hit (3aa3e31d4f2c8067) — skipping
2026-08-05 07:14:35,338 | INFO    | molsanity | [cell MUTAG__GINE__IntegratedGradients__scaffold__seed0] DONE — acc=0.51 gt_auroc=0.6857638133026588 n=53 (capped) [cached]
2026-08-05 07:14:35,728 | INFO    | molsanity | [stage cell_MUTAG__GINE__IntegratedGradients__scaffold__seed1] cache hit (7b2d5302e2cf4d5a) — skipping
2026-08-05 07:14:35,728 | INFO    | molsanity | [cell MUTAG__GINE__IntegratedGradients__scaffold__seed1] DONE — acc=0.91 gt_auroc=0.7148753967288928 n=53 (capped) [cached]
2026-08-05 07:14:36,101 | INFO    | molsanity | [stage cell_MUTAG__GINE__IntegratedGradients__scaffold__seed2] cache hit (edf5c9bd02ec2ff9) — skipping
2026-08-05 07:14:36,102 | INFO    | molsanity | [cell MUTAG__GINE__IntegratedGradients__scaffold__seed2] DONE — acc=0.79 gt_auroc=0.30161212877639065 n=53 (capped) [cached]
2026-08-05 07:14:36,491 | INFO    | molsanity | [stage cell_MUTAG__GINE__IntegratedGradients__random__seed0] cache hit (d4fbdab4b540d133) — skipping
2026-08-05 07:14:36,491 | INFO    | molsanity | [cell MUTAG__GINE__IntegratedGradients__random__seed0] DONE — acc=0.53 gt_auroc=0.052496601888082625 n=58 (capped) [cached]
2026-08-05 07:14:36,871 | INFO    | molsanity | [stage cell_MUTAG__GINE__IntegratedGradients__random__seed1] cache hit (4300ff5c400332c8) — skipping
2026-08-05 07:14:36,871 | INFO    | molsanity | [cell MUTAG__GINE__IntegratedGradients__random__seed1] DONE — acc=0.81 gt_auroc=0.6122331818809479 n=58 (capped) [cached]
2026-08-05 07:14:37,507 | INFO    | molsanity | [stage cell_MUTAG__GINE__IntegratedGradients__random__seed2] cache hit (89ae96df2404e600) — skipping
2026-08-05 07:14:37,507 | INFO    | molsanity | [cell MUTAG__GINE__IntegratedGradients__random__seed2] DONE — acc=0.90 gt_auroc=0.4956688191982309 n=58 (capped) [cached]
2026-08-05 07:14:37,868 | INFO    | molsanity | [stage cell_MUTAG__GINE__Saliency__scaffold__seed0] cache hit (886aacf56665b7cb) — skipping
2026-08-05 07:14:37,869 | INFO    | molsanity | [cell MUTAG__GINE__Saliency__scaffold__seed0] DONE — acc=0.51 gt_auroc=0.12444117675804692 n=53 (capped) [cached]
2026-08-05 07:14:38,439 | INFO    | molsanity | [stage cell_MUTAG__GINE__Saliency__scaffold__seed1] cache hit (606cd1db79af7956) — skipping
2026-08-05 07:14:38,439 | INFO    | molsanity | [cell MUTAG__GINE__Saliency__scaffold__seed1] DONE — acc=0.91 gt_auroc=0.027005045761982496 n=53 (capped) [cached]
2026-08-05 07:14:38,824 | INFO    | molsanity | [stage cell_MUTAG__GINE__Saliency__scaffold__seed2] cache hit (167142f522ce4857) — skipping
2026-08-05 07:14:38,824 | INFO    | molsanity | [cell MUTAG__GINE__Saliency__scaffold__seed2] DONE — acc=0.79 gt_auroc=0.0016273035140959662 n=53 (capped) [cached]
2026-08-05 07:14:39,196 | INFO    | molsanity | [stage cell_MUTAG__GINE__Saliency__random__seed0] cache hit (ae49521b02afcf41) — skipping
2026-08-05 07:14:39,196 | INFO    | molsanity | [cell MUTAG__GINE__Saliency__random__seed0] DONE — acc=0.53 gt_auroc=0.029480792196309433 n=58 (capped) [cached]
2026-08-05 07:14:39,600 | INFO    | molsanity | [stage cell_MUTAG__GINE__Saliency__random__seed1] cache hit (341703ac7e1ee699) — skipping
2026-08-05 07:14:39,600 | INFO    | molsanity | [cell MUTAG__GINE__Saliency__random__seed1] DONE — acc=0.81 gt_auroc=0.005584599740279254 n=58 (capped) [cached]
2026-08-05 07:14:39,970 | INFO    | molsanity | [stage cell_MUTAG__GINE__Saliency__random__seed2] cache hit (6904078b43ef0b42) — skipping
2026-08-05 07:14:39,970 | INFO    | molsanity | [cell MUTAG__GINE__Saliency__random__seed2] DONE — acc=0.90 gt_auroc=0.0017959770114942526 n=58 (capped) [cached]
2026-08-05 07:14:40,384 | INFO    | molsanity | [stage cell_MUTAG__GINE__InputXGradient__scaffold__seed0] cache hit (8a69ae0f024b66ab) — skipping
2026-08-05 07:14:40,384 | INFO    | molsanity | [cell MUTAG__GINE__InputXGradient__scaffold__seed0] DONE — acc=0.51 gt_auroc=0.2099770343111075 n=53 (capped) [cached]
2026-08-05 07:14:41,048 | INFO    | molsanity | [stage cell_MUTAG__GINE__InputXGradient__scaffold__seed1] cache hit (47c3447c89b5bee4) — skipping
2026-08-05 07:14:41,048 | INFO    | molsanity | [cell MUTAG__GINE__InputXGradient__scaffold__seed1] DONE — acc=0.91 gt_auroc=0.06037560858593045 n=53 (capped) [cached]
2026-08-05 07:14:41,476 | INFO    | molsanity | [stage cell_MUTAG__GINE__InputXGradient__scaffold__seed2] cache hit (85619246ec667780) — skipping
2026-08-05 07:14:41,476 | INFO    | molsanity | [cell MUTAG__GINE__InputXGradient__scaffold__seed2] DONE — acc=0.79 gt_auroc=0.07852186145748852 n=53 (capped) [cached]
2026-08-05 07:14:42,118 | INFO    | molsanity | [stage cell_MUTAG__GINE__InputXGradient__random__seed0] cache hit (3728be81bab9db42) — skipping
2026-08-05 07:14:42,119 | INFO    | molsanity | [cell MUTAG__GINE__InputXGradient__random__seed0] DONE — acc=0.53 gt_auroc=0.06584852774000848 n=58 (capped) [cached]
2026-08-05 07:14:42,540 | INFO    | molsanity | [stage cell_MUTAG__GINE__InputXGradient__random__seed1] cache hit (9c9fb4c30aa1cbe1) — skipping
2026-08-05 07:14:42,540 | INFO    | molsanity | [cell MUTAG__GINE__InputXGradient__random__seed1] DONE — acc=0.81 gt_auroc=0.024886085918833865 n=58 (capped) [cached]
2026-08-05 07:14:42,944 | INFO    | molsanity | [stage cell_MUTAG__GINE__InputXGradient__random__seed2] cache hit (46c5b9d3394a9393) — skipping
2026-08-05 07:14:42,944 | INFO    | molsanity | [cell MUTAG__GINE__InputXGradient__random__seed2] DONE — acc=0.90 gt_auroc=0.013035591483867345 n=58 (capped) [cached]
2026-08-05 07:14:43,368 | INFO    | molsanity | [stage cell_MUTAG__GINE__GuidedBackprop__scaffold__seed0] cache hit (1401efa11d38d147) — skipping
2026-08-05 07:14:43,369 | INFO    | molsanity | [cell MUTAG__GINE__GuidedBackprop__scaffold__seed0] DONE — acc=0.51 gt_auroc=0.06735656028108858 n=53 (capped) [cached]
2026-08-05 07:14:43,747 | INFO    | molsanity | [stage cell_MUTAG__GINE__GuidedBackprop__scaffold__seed1] cache hit (508c1dce024c96b7) — skipping
2026-08-05 07:14:43,747 | INFO    | molsanity | [cell MUTAG__GINE__GuidedBackprop__scaffold__seed1] DONE — acc=0.91 gt_auroc=0.06100073981594515 n=53 (capped) [cached]
2026-08-05 07:14:44,187 | INFO    | molsanity | [stage cell_MUTAG__GINE__GuidedBackprop__scaffold__seed2] cache hit (15d18328bfb11175) — skipping
2026-08-05 07:14:44,187 | INFO    | molsanity | [cell MUTAG__GINE__GuidedBackprop__scaffold__seed2] DONE — acc=0.79 gt_auroc=0.012858664745457197 n=53 (capped) [cached]
2026-08-05 07:14:44,603 | INFO    | molsanity | [stage cell_MUTAG__GINE__GuidedBackprop__random__seed0] cache hit (f64a56eee9ff5c02) — skipping
2026-08-05 07:14:44,603 | INFO    | molsanity | [cell MUTAG__GINE__GuidedBackprop__random__seed0] DONE — acc=0.53 gt_auroc=0.22485861510962932 n=58 (capped) [cached]
2026-08-05 07:14:45,023 | INFO    | molsanity | [stage cell_MUTAG__GINE__GuidedBackprop__random__seed1] cache hit (5197fd8710dcaee0) — skipping
2026-08-05 07:14:45,024 | INFO    | molsanity | [cell MUTAG__GINE__GuidedBackprop__random__seed1] DONE — acc=0.81 gt_auroc=0.030085411861861092 n=58 (capped) [cached]
2026-08-05 07:14:45,465 | INFO    | molsanity | [stage cell_MUTAG__GINE__GuidedBackprop__random__seed2] cache hit (c58f165f2742c7f0) — skipping
2026-08-05 07:14:45,465 | INFO    | molsanity | [cell MUTAG__GINE__GuidedBackprop__random__seed2] DONE — acc=0.90 gt_auroc=0.03692739346897562 n=58 (capped) [cached]
2026-08-05 07:14:45,880 | INFO    | molsanity | [stage cell_MUTAG__GINE__GNNExplainer__scaffold__seed0] cache hit (84e09c645ef35380) — skipping
2026-08-05 07:14:45,880 | INFO    | molsanity | [cell MUTAG__GINE__GNNExplainer__scaffold__seed0] DONE — acc=0.51 gt_auroc=0.6751190823194153 n=53 (capped) [cached]
2026-08-05 07:14:46,289 | INFO    | molsanity | [stage cell_MUTAG__GINE__GNNExplainer__scaffold__seed1] cache hit (71c01e99c60dbd10) — skipping
2026-08-05 07:14:46,290 | INFO    | molsanity | [cell MUTAG__GINE__GNNExplainer__scaffold__seed1] DONE — acc=0.91 gt_auroc=0.8224781192109161 n=53 (capped) [cached]
2026-08-05 07:14:46,660 | INFO    | molsanity | [stage cell_MUTAG__GINE__GNNExplainer__scaffold__seed2] cache hit (b13e9906b126d7f8) — skipping
2026-08-05 07:14:46,660 | INFO    | molsanity | [cell MUTAG__GINE__GNNExplainer__scaffold__seed2] DONE — acc=0.79 gt_auroc=0.8260556632088263 n=53 (capped) [cached]
2026-08-05 07:14:47,044 | INFO    | molsanity | [stage cell_MUTAG__GINE__GNNExplainer__random__seed0] cache hit (83f6206f8aa6c800) — skipping
2026-08-05 07:14:47,044 | INFO    | molsanity | [cell MUTAG__GINE__GNNExplainer__random__seed0] DONE — acc=0.53 gt_auroc=0.4478129307680524 n=58 (capped) [cached]
2026-08-05 07:14:47,649 | INFO    | molsanity | [stage cell_MUTAG__GINE__GNNExplainer__random__seed1] cache hit (4c93fbf63929b159) — skipping
2026-08-05 07:14:47,649 | INFO    | molsanity | [cell MUTAG__GINE__GNNExplainer__random__seed1] DONE — acc=0.81 gt_auroc=0.7279442813882203 n=58 (capped) [cached]
2026-08-05 07:14:48,044 | INFO    | molsanity | [stage cell_MUTAG__GINE__GNNExplainer__random__seed2] cache hit (d51b0fcc9cc85506) — skipping
2026-08-05 07:14:48,044 | INFO    | molsanity | [cell MUTAG__GINE__GNNExplainer__random__seed2] DONE — acc=0.90 gt_auroc=0.8578171940748005 n=58 (capped) [cached]
2026-08-05 07:14:48,745 | INFO    | molsanity | [stage cell_MUTAG__GINE__PGExplainer__scaffold__seed0] cache hit (c1d1767bb7d18e6b) — skipping
2026-08-05 07:14:48,745 | INFO    | molsanity | [cell MUTAG__GINE__PGExplainer__scaffold__seed0] DONE — acc=0.51 gt_auroc=0.23129212475771851 n=53 (capped) [cached]
2026-08-05 07:14:49,135 | INFO    | molsanity | [stage cell_MUTAG__GINE__PGExplainer__scaffold__seed1] cache hit (2846485f506ee8a2) — skipping
2026-08-05 07:14:49,135 | INFO    | molsanity | [cell MUTAG__GINE__PGExplainer__scaffold__seed1] DONE — acc=0.91 gt_auroc=0.3672124267088196 n=53 (capped) [cached]
2026-08-05 07:14:49,533 | INFO    | molsanity | [stage cell_MUTAG__GINE__PGExplainer__scaffold__seed2] cache hit (454ab3acec162b4d) — skipping
2026-08-05 07:14:49,534 | INFO    | molsanity | [cell MUTAG__GINE__PGExplainer__scaffold__seed2] DONE — acc=0.79 gt_auroc=0.3603304321464698 n=53 (capped) [cached]
2026-08-05 07:14:50,167 | INFO    | molsanity | [stage cell_MUTAG__GINE__PGExplainer__random__seed0] cache hit (0aed256a98e6c327) — skipping
2026-08-05 07:14:50,167 | INFO    | molsanity | [cell MUTAG__GINE__PGExplainer__random__seed0] DONE — acc=0.53 gt_auroc=0.9956896551724138 n=58 (capped) [cached]
2026-08-05 07:14:50,654 | INFO    | molsanity | [stage cell_MUTAG__GINE__PGExplainer__random__seed1] cache hit (4e0253c0191cb1ed) — skipping
2026-08-05 07:14:50,654 | INFO    | molsanity | [cell MUTAG__GINE__PGExplainer__random__seed1] DONE — acc=0.81 gt_auroc=0.7430817492176518 n=58 (capped) [cached]
2026-08-05 07:14:51,051 | INFO    | molsanity | [stage cell_MUTAG__GINE__PGExplainer__random__seed2] cache hit (1789fc5a744c78e5) — skipping
2026-08-05 07:14:51,051 | INFO    | molsanity | [cell MUTAG__GINE__PGExplainer__random__seed2] DONE — acc=0.90 gt_auroc=0.250733136876646 n=58 (capped) [cached]
2026-08-05 07:14:51,441 | INFO    | molsanity | [stage cell_MUTAG__GINE__SubgraphX__scaffold__seed0] cache hit (e88aef366a7722a7) — skipping
2026-08-05 07:14:51,441 | INFO    | molsanity | [cell MUTAG__GINE__SubgraphX__scaffold__seed0] DONE — acc=0.51 gt_auroc=0.5150219624068126 n=53 (capped) [cached]
2026-08-05 07:14:51,886 | INFO    | molsanity | [stage cell_MUTAG__GINE__SubgraphX__scaffold__seed1] cache hit (15c14087dffd2309) — skipping
2026-08-05 07:14:51,886 | INFO    | molsanity | [cell MUTAG__GINE__SubgraphX__scaffold__seed1] DONE — acc=0.91 gt_auroc=0.3324233372374327 n=53 (capped) [cached]
2026-08-05 07:14:52,335 | INFO    | molsanity | [stage cell_MUTAG__GINE__SubgraphX__scaffold__seed2] cache hit (914146596faee488) — skipping
2026-08-05 07:14:52,335 | INFO    | molsanity | [cell MUTAG__GINE__SubgraphX__scaffold__seed2] DONE — acc=0.79 gt_auroc=0.3302130159580215 n=53 (capped) [cached]
2026-08-05 07:14:52,989 | INFO    | molsanity | [stage cell_MUTAG__GINE__SubgraphX__random__seed0] cache hit (282f52bab8f5ae42) — skipping
2026-08-05 07:14:52,989 | INFO    | molsanity | [cell MUTAG__GINE__SubgraphX__random__seed0] DONE — acc=0.53 gt_auroc=0.3419885683957692 n=58 (capped) [cached]
2026-08-05 07:14:53,391 | INFO    | molsanity | [stage cell_MUTAG__GINE__SubgraphX__random__seed1] cache hit (8ae176b3ef0e670e) — skipping
2026-08-05 07:14:53,391 | INFO    | molsanity | [cell MUTAG__GINE__SubgraphX__random__seed1] DONE — acc=0.81 gt_auroc=0.4886552383286263 n=58 (capped) [cached]
2026-08-05 07:14:53,774 | INFO    | molsanity | [stage cell_MUTAG__GINE__SubgraphX__random__seed2] cache hit (f8de002d4d207692) — skipping
2026-08-05 07:14:53,774 | INFO    | molsanity | [cell MUTAG__GINE__SubgraphX__random__seed2] DONE — acc=0.90 gt_auroc=0.3478595989878952 n=58 (capped) [cached]
2026-08-05 07:14:54,149 | INFO    | molsanity | [stage cell_MUTAG__GCN__IntegratedGradients__scaffold__seed0] cache hit (1aec3a4d13b00ce5) — skipping
2026-08-05 07:14:54,149 | INFO    | molsanity | [cell MUTAG__GCN__IntegratedGradients__scaffold__seed0] DONE — acc=0.79 gt_auroc=0.10078474419484408 n=53 (capped) [cached]
2026-08-05 07:14:54,510 | INFO    | molsanity | [stage cell_MUTAG__GCN__IntegratedGradients__scaffold__seed1] cache hit (987d95b23073b8d9) — skipping
2026-08-05 07:14:54,510 | INFO    | molsanity | [cell MUTAG__GCN__IntegratedGradients__scaffold__seed1] DONE — acc=0.83 gt_auroc=0.06600783809440856 n=53 (capped) [cached]
2026-08-05 07:14:55,185 | INFO    | molsanity | [stage cell_MUTAG__GCN__IntegratedGradients__scaffold__seed2] cache hit (56935e47e1de306f) — skipping
2026-08-05 07:14:55,185 | INFO    | molsanity | [cell MUTAG__GCN__IntegratedGradients__scaffold__seed2] DONE — acc=0.77 gt_auroc=0.08287440557140889 n=53 (capped) [cached]
2026-08-05 07:14:55,806 | INFO    | molsanity | [stage cell_MUTAG__GCN__IntegratedGradients__random__seed0] cache hit (21451882e2988389) — skipping
2026-08-05 07:14:55,806 | INFO    | molsanity | [cell MUTAG__GCN__IntegratedGradients__random__seed0] DONE — acc=0.78 gt_auroc=0.17031666285596303 n=58 (capped) [cached]
2026-08-05 07:14:56,258 | INFO    | molsanity | [stage cell_MUTAG__GCN__IntegratedGradients__random__seed1] cache hit (c1785a15fc28f579) — skipping
2026-08-05 07:14:56,258 | INFO    | molsanity | [cell MUTAG__GCN__IntegratedGradients__random__seed1] DONE — acc=0.36 gt_auroc=0.37853816411318814 n=58 (capped) [cached]
2026-08-05 07:14:56,677 | INFO    | molsanity | [stage cell_MUTAG__GCN__IntegratedGradients__random__seed2] cache hit (f5bbf4903584b021) — skipping
2026-08-05 07:14:56,677 | INFO    | molsanity | [cell MUTAG__GCN__IntegratedGradients__random__seed2] DONE — acc=0.78 gt_auroc=0.5507647576486319 n=58 (capped) [cached]
2026-08-05 07:14:57,343 | INFO    | molsanity | [stage cell_MUTAG__GAT__IntegratedGradients__scaffold__seed0] cache hit (bc637799aa54464b) — skipping
2026-08-05 07:14:57,343 | INFO    | molsanity | [cell MUTAG__GAT__IntegratedGradients__scaffold__seed0] DONE — acc=0.77 gt_auroc=0.8476313698428016 n=53 (capped) [cached]
2026-08-05 07:14:57,754 | INFO    | molsanity | [stage cell_MUTAG__GAT__IntegratedGradients__scaffold__seed1] cache hit (f51d94842206d854) — skipping
2026-08-05 07:14:57,754 | INFO    | molsanity | [cell MUTAG__GAT__IntegratedGradients__scaffold__seed1] DONE — acc=0.87 gt_auroc=0.018066191012916875 n=53 (capped) [cached]
2026-08-05 07:14:58,143 | INFO    | molsanity | [stage cell_MUTAG__GAT__IntegratedGradients__scaffold__seed2] cache hit (2cb0852469803a0f) — skipping
2026-08-05 07:14:58,143 | INFO    | molsanity | [cell MUTAG__GAT__IntegratedGradients__scaffold__seed2] DONE — acc=0.83 gt_auroc=0.7333940733496781 n=53 (capped) [cached]
2026-08-05 07:14:58,502 | INFO    | molsanity | [stage cell_MUTAG__GAT__IntegratedGradients__random__seed0] cache hit (181d298c876a0f62) — skipping
2026-08-05 07:14:58,502 | INFO    | molsanity | [cell MUTAG__GAT__IntegratedGradients__random__seed0] DONE — acc=0.74 gt_auroc=0.6887873137492813 n=58 (capped) [cached]
2026-08-05 07:14:58,845 | INFO    | molsanity | [stage cell_MUTAG__GAT__IntegratedGradients__random__seed1] cache hit (df293efa3d4ffeda) — skipping
2026-08-05 07:14:58,845 | INFO    | molsanity | [cell MUTAG__GAT__IntegratedGradients__random__seed1] DONE — acc=0.36 gt_auroc=0.049930825345846155 n=58 (capped) [cached]
2026-08-05 07:14:59,342 | INFO    | molsanity | [stage cell_MUTAG__GAT__IntegratedGradients__random__seed2] cache hit (3dbffbf5617314dd) — skipping
2026-08-05 07:14:59,342 | INFO    | molsanity | [cell MUTAG__GAT__IntegratedGradients__random__seed2] DONE — acc=0.76 gt_auroc=0.4611851433162285 n=58 (capped) [cached]
2026-08-05 07:14:59,854 | INFO    | molsanity | [stage cell_MUTAG__MPNN__IntegratedGradients__scaffold__seed0] cache hit (884e00526fe5582c) — skipping
2026-08-05 07:14:59,854 | INFO    | molsanity | [cell MUTAG__MPNN__IntegratedGradients__scaffold__seed0] DONE — acc=0.91 gt_auroc=0.11021901907029544 n=53 (capped) [cached]
2026-08-05 07:15:00,501 | INFO    | molsanity | [stage cell_MUTAG__MPNN__IntegratedGradients__scaffold__seed1] cache hit (933b58c76b1c60c0) — skipping
2026-08-05 07:15:00,501 | INFO    | molsanity | [cell MUTAG__MPNN__IntegratedGradients__scaffold__seed1] DONE — acc=0.85 gt_auroc=0.07895972157903346 n=53 (capped) [cached]
2026-08-05 07:15:00,862 | INFO    | molsanity | [stage cell_MUTAG__MPNN__IntegratedGradients__scaffold__seed2] cache hit (ec0a15ac2d8e8af7) — skipping
2026-08-05 07:15:00,862 | INFO    | molsanity | [cell MUTAG__MPNN__IntegratedGradients__scaffold__seed2] DONE — acc=0.75 gt_auroc=0.3008370437060781 n=53 (capped) [cached]
2026-08-05 07:15:01,350 | INFO    | molsanity | [stage cell_MUTAG__MPNN__IntegratedGradients__random__seed0] cache hit (726d4b62e0a51eb7) — skipping
2026-08-05 07:15:01,350 | INFO    | molsanity | [cell MUTAG__MPNN__IntegratedGradients__random__seed0] DONE — acc=0.86 gt_auroc=0.1440280326690063 n=58 (capped) [cached]
2026-08-05 07:15:02,028 | INFO    | molsanity | [stage cell_MUTAG__MPNN__IntegratedGradients__random__seed1] cache hit (b874bd98002c9724) — skipping
2026-08-05 07:15:02,028 | INFO    | molsanity | [cell MUTAG__MPNN__IntegratedGradients__random__seed1] DONE — acc=0.72 gt_auroc=0.038234113586080594 n=58 (capped) [cached]
2026-08-05 07:15:02,426 | INFO    | molsanity | [stage cell_MUTAG__MPNN__IntegratedGradients__random__seed2] cache hit (75b2c2a93e258898) — skipping
2026-08-05 07:15:02,426 | INFO    | molsanity | [cell MUTAG__MPNN__IntegratedGradients__random__seed2] DONE — acc=0.78 gt_auroc=0.12661135606749194 n=58 (capped) [cached]
2026-08-05 07:15:02,822 | INFO    | molsanity | [stage cell_MUTAG__AttentiveFP__IntegratedGradients__scaffold__seed0] cache hit (050d50e5fc81a66b) — skipping
2026-08-05 07:15:02,822 | INFO    | molsanity | [cell MUTAG__AttentiveFP__IntegratedGradients__scaffold__seed0] DONE — acc=0.77 gt_auroc=0.022913269264545625 n=53 (capped) [cached]
2026-08-05 07:15:03,188 | INFO    | molsanity | [stage cell_MUTAG__AttentiveFP__IntegratedGradients__scaffold__seed1] cache hit (ed1f54a252fe9690) — skipping
2026-08-05 07:15:03,188 | INFO    | molsanity | [cell MUTAG__AttentiveFP__IntegratedGradients__scaffold__seed1] DONE — acc=0.77 gt_auroc=0.015734517260599393 n=53 (capped) [cached]
2026-08-05 07:15:03,586 | INFO    | molsanity | [stage cell_MUTAG__AttentiveFP__IntegratedGradients__scaffold__seed2] cache hit (5e43e5f7ee293544) — skipping
2026-08-05 07:15:03,586 | INFO    | molsanity | [cell MUTAG__AttentiveFP__IntegratedGradients__scaffold__seed2] DONE — acc=0.77 gt_auroc=0.048679458515751506 n=53 (capped) [cached]
2026-08-05 07:15:04,007 | INFO    | molsanity | [stage cell_MUTAG__AttentiveFP__IntegratedGradients__random__seed0] cache hit (7b1cba9dd50a0b54) — skipping
2026-08-05 07:15:04,007 | INFO    | molsanity | [cell MUTAG__AttentiveFP__IntegratedGradients__random__seed0] DONE — acc=0.72 gt_auroc=0.04713550901431225 n=58 (capped) [cached]
2026-08-05 07:15:04,384 | INFO    | molsanity | [stage cell_MUTAG__AttentiveFP__IntegratedGradients__random__seed1] cache hit (5674bbc7a064d2db) — skipping
2026-08-05 07:15:04,384 | INFO    | molsanity | [cell MUTAG__AttentiveFP__IntegratedGradients__random__seed1] DONE — acc=0.81 gt_auroc=0.033601925527034955 n=58 (capped) [cached]
2026-08-05 07:15:04,934 | INFO    | molsanity | [stage cell_MUTAG__AttentiveFP__IntegratedGradients__random__seed2] cache hit (a1f43f938b04b56c) — skipping
2026-08-05 07:15:04,934 | INFO    | molsanity | [cell MUTAG__AttentiveFP__IntegratedGradients__random__seed2] DONE — acc=0.67 gt_auroc=0.03910418801392432 n=58 (capped) [cached]
2026-08-05 07:15:05,330 | INFO    | molsanity | [stage cell_MolMotif__GINE__IntegratedGradients__scaffold__seed0] cache hit (4fafd7e7532b15d8) — skipping
2026-08-05 07:15:05,330 | INFO    | molsanity | [cell MolMotif__GINE__IntegratedGradients__scaffold__seed0] DONE — acc=0.98 gt_auroc=0.8872513393214997 n=200 (capped) [cached]
2026-08-05 07:15:05,977 | INFO    | molsanity | [stage cell_MolMotif__GINE__IntegratedGradients__scaffold__seed1] cache hit (5d6a7f5a47d6761d) — skipping
2026-08-05 07:15:05,977 | INFO    | molsanity | [cell MolMotif__GINE__IntegratedGradients__scaffold__seed1] DONE — acc=0.97 gt_auroc=0.8646057970815498 n=200 (capped) [cached]
2026-08-05 07:15:06,383 | INFO    | molsanity | [stage cell_MolMotif__GINE__IntegratedGradients__scaffold__seed2] cache hit (aee292435297bc82) — skipping
2026-08-05 07:15:06,383 | INFO    | molsanity | [cell MolMotif__GINE__IntegratedGradients__scaffold__seed2] DONE — acc=0.96 gt_auroc=0.9387627737554669 n=200 (capped) [cached]
2026-08-05 07:15:06,785 | INFO    | molsanity | [stage cell_MolMotif__GINE__IntegratedGradients__random__seed0] cache hit (7773f68dbbba59ba) — skipping
2026-08-05 07:15:06,786 | INFO    | molsanity | [cell MolMotif__GINE__IntegratedGradients__random__seed0] DONE — acc=0.97 gt_auroc=0.9191083485338464 n=200 (capped) [cached]
2026-08-05 07:15:07,194 | INFO    | molsanity | [stage cell_MolMotif__GINE__IntegratedGradients__random__seed1] cache hit (893f7bf04718c5b6) — skipping
2026-08-05 07:15:07,194 | INFO    | molsanity | [cell MolMotif__GINE__IntegratedGradients__random__seed1] DONE — acc=0.81 gt_auroc=0.9626544605933575 n=200 (capped) [cached]
2026-08-05 07:15:07,844 | INFO    | molsanity | [stage cell_MolMotif__GINE__IntegratedGradients__random__seed2] cache hit (735a171d5de4d914) — skipping
2026-08-05 07:15:07,844 | INFO    | molsanity | [cell MolMotif__GINE__IntegratedGradients__random__seed2] DONE — acc=1.00 gt_auroc=0.9724428179553897 n=200 (capped) [cached]
2026-08-05 07:15:08,242 | INFO    | molsanity | [stage cell_MolMotif__GINE__Saliency__scaffold__seed0] cache hit (c14be6f9b367a438) — skipping
2026-08-05 07:15:08,243 | INFO    | molsanity | [cell MolMotif__GINE__Saliency__scaffold__seed0] DONE — acc=0.98 gt_auroc=0.9985966202960584 n=200 (capped) [cached]
2026-08-05 07:15:08,689 | INFO    | molsanity | [stage cell_MolMotif__GINE__Saliency__scaffold__seed1] cache hit (59cee291c3c1a2b0) — skipping
2026-08-05 07:15:08,689 | INFO    | molsanity | [cell MolMotif__GINE__Saliency__scaffold__seed1] DONE — acc=0.97 gt_auroc=1.0 n=200 (capped) [cached]
2026-08-05 07:15:09,406 | INFO    | molsanity | [stage cell_MolMotif__GINE__Saliency__scaffold__seed2] cache hit (2f6eb2b7c713b7c0) — skipping
2026-08-05 07:15:09,406 | INFO    | molsanity | [cell MolMotif__GINE__Saliency__scaffold__seed2] DONE — acc=0.96 gt_auroc=0.9921665535261887 n=200 (capped) [cached]
2026-08-05 07:15:09,780 | INFO    | molsanity | [stage cell_MolMotif__GINE__Saliency__random__seed0] cache hit (e6306fca9cff3156) — skipping
2026-08-05 07:15:09,780 | INFO    | molsanity | [cell MolMotif__GINE__Saliency__random__seed0] DONE — acc=0.97 gt_auroc=0.9904156582888339 n=200 (capped) [cached]
2026-08-05 07:15:10,419 | INFO    | molsanity | [stage cell_MolMotif__GINE__Saliency__random__seed1] cache hit (3b3496e5c0bd7635) — skipping
2026-08-05 07:15:10,419 | INFO    | molsanity | [cell MolMotif__GINE__Saliency__random__seed1] DONE — acc=0.81 gt_auroc=0.9986173162374535 n=200 (capped) [cached]
2026-08-05 07:15:10,899 | INFO    | molsanity | [stage cell_MolMotif__GINE__Saliency__random__seed2] cache hit (259fc5a6c3bfd4a2) — skipping
2026-08-05 07:15:10,899 | INFO    | molsanity | [cell MolMotif__GINE__Saliency__random__seed2] DONE — acc=1.00 gt_auroc=0.9944049905280087 n=200 (capped) [cached]
2026-08-05 07:15:11,527 | INFO    | molsanity | [stage cell_MolMotif__GINE__InputXGradient__scaffold__seed0] cache hit (b6dbd259357d4a11) — skipping
2026-08-05 07:15:11,527 | INFO    | molsanity | [cell MolMotif__GINE__InputXGradient__scaffold__seed0] DONE — acc=0.98 gt_auroc=0.9993144729802034 n=200 (capped) [cached]
2026-08-05 07:15:11,946 | INFO    | molsanity | [stage cell_MolMotif__GINE__InputXGradient__scaffold__seed1] cache hit (8f33f13ae346d361) — skipping
2026-08-05 07:15:11,946 | INFO    | molsanity | [cell MolMotif__GINE__InputXGradient__scaffold__seed1] DONE — acc=0.97 gt_auroc=0.999676424877067 n=200 (capped) [cached]
2026-08-05 07:15:12,603 | INFO    | molsanity | [stage cell_MolMotif__GINE__InputXGradient__scaffold__seed2] cache hit (afe9f6d338bdc0aa) — skipping
2026-08-05 07:15:12,603 | INFO    | molsanity | [cell MolMotif__GINE__InputXGradient__scaffold__seed2] DONE — acc=0.96 gt_auroc=0.9977460772074123 n=200 (capped) [cached]
2026-08-05 07:15:13,004 | INFO    | molsanity | [stage cell_MolMotif__GINE__InputXGradient__random__seed0] cache hit (8a05069648673aaa) — skipping
2026-08-05 07:15:13,004 | INFO    | molsanity | [cell MolMotif__GINE__InputXGradient__random__seed0] DONE — acc=0.97 gt_auroc=0.9863293047406394 n=200 (capped) [cached]
2026-08-05 07:15:13,419 | INFO    | molsanity | [stage cell_MolMotif__GINE__InputXGradient__random__seed1] cache hit (de985a16a2ad46a4) — skipping
2026-08-05 07:15:13,419 | INFO    | molsanity | [cell MolMotif__GINE__InputXGradient__random__seed1] DONE — acc=0.81 gt_auroc=0.9996628421900161 n=200 (capped) [cached]
2026-08-05 07:15:13,792 | INFO    | molsanity | [stage cell_MolMotif__GINE__InputXGradient__random__seed2] cache hit (0ddce8d957af673e) — skipping
2026-08-05 07:15:13,792 | INFO    | molsanity | [cell MolMotif__GINE__InputXGradient__random__seed2] DONE — acc=1.00 gt_auroc=0.9993121892631697 n=200 (capped) [cached]
2026-08-05 07:15:14,170 | INFO    | molsanity | [stage cell_MolMotif__GINE__GuidedBackprop__scaffold__seed0] cache hit (2f69364dbcdeb027) — skipping
2026-08-05 07:15:14,170 | INFO    | molsanity | [cell MolMotif__GINE__GuidedBackprop__scaffold__seed0] DONE — acc=0.98 gt_auroc=0.9956365290828677 n=200 (capped) [cached]
2026-08-05 07:15:14,524 | INFO    | molsanity | [stage cell_MolMotif__GINE__GuidedBackprop__scaffold__seed1] cache hit (27d266683e8b6661) — skipping
2026-08-05 07:15:14,524 | INFO    | molsanity | [cell MolMotif__GINE__GuidedBackprop__scaffold__seed1] DONE — acc=0.97 gt_auroc=0.9997080696543114 n=200 (capped) [cached]
2026-08-05 07:15:14,915 | INFO    | molsanity | [stage cell_MolMotif__GINE__GuidedBackprop__scaffold__seed2] cache hit (d77850655893a9e0) — skipping
2026-08-05 07:15:14,915 | INFO    | molsanity | [cell MolMotif__GINE__GuidedBackprop__scaffold__seed2] DONE — acc=0.96 gt_auroc=0.9700619959014363 n=200 (capped) [cached]
2026-08-05 07:15:15,597 | INFO    | molsanity | [stage cell_MolMotif__GINE__GuidedBackprop__random__seed0] cache hit (ab134a29a61beba6) — skipping
2026-08-05 07:15:15,597 | INFO    | molsanity | [cell MolMotif__GINE__GuidedBackprop__random__seed0] DONE — acc=0.97 gt_auroc=0.9814639191095337 n=200 (capped) [cached]
2026-08-05 07:15:15,973 | INFO    | molsanity | [stage cell_MolMotif__GINE__GuidedBackprop__random__seed1] cache hit (9564c53c0dd875af) — skipping
2026-08-05 07:15:15,973 | INFO    | molsanity | [cell MolMotif__GINE__GuidedBackprop__random__seed1] DONE — acc=0.81 gt_auroc=0.9350898441593138 n=200 (capped) [cached]
2026-08-05 07:15:16,373 | INFO    | molsanity | [stage cell_MolMotif__GINE__GuidedBackprop__random__seed2] cache hit (a28584642a3f5671) — skipping
2026-08-05 07:15:16,374 | INFO    | molsanity | [cell MolMotif__GINE__GuidedBackprop__random__seed2] DONE — acc=1.00 gt_auroc=0.9977738438525415 n=200 (capped) [cached]
2026-08-05 07:15:16,775 | INFO    | molsanity | [stage cell_MolMotif__GINE__GNNExplainer__scaffold__seed0] cache hit (b20e0dc36dc896a7) — skipping
2026-08-05 07:15:16,775 | INFO    | molsanity | [cell MolMotif__GINE__GNNExplainer__scaffold__seed0] DONE — acc=0.98 gt_auroc=0.6215234000395884 n=200 (capped) [cached]
2026-08-05 07:15:17,193 | INFO    | molsanity | [stage cell_MolMotif__GINE__GNNExplainer__scaffold__seed1] cache hit (1de053cb1a19d0b8) — skipping
2026-08-05 07:15:17,193 | INFO    | molsanity | [cell MolMotif__GINE__GNNExplainer__scaffold__seed1] DONE — acc=0.97 gt_auroc=0.5910566077352983 n=200 (capped) [cached]
2026-08-05 07:15:17,596 | INFO    | molsanity | [stage cell_MolMotif__GINE__GNNExplainer__scaffold__seed2] cache hit (f75631b8b6d9ae8e) — skipping
2026-08-05 07:15:17,596 | INFO    | molsanity | [cell MolMotif__GINE__GNNExplainer__scaffold__seed2] DONE — acc=0.96 gt_auroc=0.6363645465108255 n=200 (capped) [cached]
2026-08-05 07:15:17,962 | INFO    | molsanity | [stage cell_MolMotif__GINE__GNNExplainer__random__seed0] cache hit (b0efd7bc5d969b55) — skipping
2026-08-05 07:15:17,962 | INFO    | molsanity | [cell MolMotif__GINE__GNNExplainer__random__seed0] DONE — acc=0.97 gt_auroc=0.6833528633217354 n=200 (capped) [cached]
2026-08-05 07:15:18,352 | INFO    | molsanity | [stage cell_MolMotif__GINE__GNNExplainer__random__seed1] cache hit (1349a62469128555) — skipping
2026-08-05 07:15:18,352 | INFO    | molsanity | [cell MolMotif__GINE__GNNExplainer__random__seed1] DONE — acc=0.81 gt_auroc=0.6104240422325831 n=200 (capped) [cached]
2026-08-05 07:15:18,751 | INFO    | molsanity | [stage cell_MolMotif__GINE__GNNExplainer__random__seed2] cache hit (216c191e4f4717bf) — skipping
2026-08-05 07:15:18,751 | INFO    | molsanity | [cell MolMotif__GINE__GNNExplainer__random__seed2] DONE — acc=1.00 gt_auroc=0.6304748497589063 n=200 (capped) [cached]
2026-08-05 07:15:19,142 | INFO    | molsanity | [stage cell_MolMotif__GINE__PGExplainer__scaffold__seed0] cache hit (542706328b1acf7a) — skipping
2026-08-05 07:15:19,142 | INFO    | molsanity | [cell MolMotif__GINE__PGExplainer__scaffold__seed0] DONE — acc=0.98 gt_auroc=0.29042856768644304 n=200 (capped) [cached]
2026-08-05 07:15:19,817 | INFO    | molsanity | [stage cell_MolMotif__GINE__PGExplainer__scaffold__seed1] cache hit (2e16cb49d0e839a2) — skipping
2026-08-05 07:15:19,817 | INFO    | molsanity | [cell MolMotif__GINE__PGExplainer__scaffold__seed1] DONE — acc=0.97 gt_auroc=0.7252322479957498 n=200 (capped) [cached]
2026-08-05 07:15:20,491 | INFO    | molsanity | [stage cell_MolMotif__GINE__PGExplainer__scaffold__seed2] cache hit (81deeee30f436283) — skipping
2026-08-05 07:15:20,491 | INFO    | molsanity | [cell MolMotif__GINE__PGExplainer__scaffold__seed2] DONE — acc=0.96 gt_auroc=0.5226177828754137 n=200 (capped) [cached]
2026-08-05 07:15:20,917 | INFO    | molsanity | [stage cell_MolMotif__GINE__PGExplainer__random__seed0] cache hit (ecc17a6e0323b4f1) — skipping
2026-08-05 07:15:20,917 | INFO    | molsanity | [cell MolMotif__GINE__PGExplainer__random__seed0] DONE — acc=0.97 gt_auroc=0.6491229607774095 n=200 (capped) [cached]
2026-08-05 07:15:21,303 | INFO    | molsanity | [stage cell_MolMotif__GINE__PGExplainer__random__seed1] cache hit (3fbebaf742e8ae2d) — skipping
2026-08-05 07:15:21,303 | INFO    | molsanity | [cell MolMotif__GINE__PGExplainer__random__seed1] DONE — acc=0.81 gt_auroc=0.27315924812942816 n=200 (capped) [cached]
2026-08-05 07:15:21,707 | INFO    | molsanity | [stage cell_MolMotif__GINE__PGExplainer__random__seed2] cache hit (dae7e78109385679) — skipping
2026-08-05 07:15:21,708 | INFO    | molsanity | [cell MolMotif__GINE__PGExplainer__random__seed2] DONE — acc=1.00 gt_auroc=0.584361373075497 n=200 (capped) [cached]
2026-08-05 07:15:22,099 | INFO    | molsanity | [stage cell_MolMotif__GINE__SubgraphX__scaffold__seed0] cache hit (fa0ccd5385f0b57c) — skipping
2026-08-05 07:15:22,099 | INFO    | molsanity | [cell MolMotif__GINE__SubgraphX__scaffold__seed0] DONE — acc=0.98 gt_auroc=0.38703945386421246 n=200 (capped) [cached]
2026-08-05 07:15:22,491 | INFO    | molsanity | [stage cell_MolMotif__GINE__SubgraphX__scaffold__seed1] cache hit (bfb268fe343ef853) — skipping
2026-08-05 07:15:22,491 | INFO    | molsanity | [cell MolMotif__GINE__SubgraphX__scaffold__seed1] DONE — acc=0.97 gt_auroc=0.542883496562216 n=200 (capped) [cached]
2026-08-05 07:15:23,154 | INFO    | molsanity | [stage cell_MolMotif__GINE__SubgraphX__scaffold__seed2] cache hit (95be198e0dc2b20a) — skipping
2026-08-05 07:15:23,154 | INFO    | molsanity | [cell MolMotif__GINE__SubgraphX__scaffold__seed2] DONE — acc=0.96 gt_auroc=0.4755095303048627 n=200 (capped) [cached]
2026-08-05 07:15:23,527 | INFO    | molsanity | [stage cell_MolMotif__GINE__SubgraphX__random__seed0] cache hit (f524971d4fef008c) — skipping
2026-08-05 07:15:23,527 | INFO    | molsanity | [cell MolMotif__GINE__SubgraphX__random__seed0] DONE — acc=0.97 gt_auroc=0.5727481687608074 n=200 (capped) [cached]
2026-08-05 07:15:24,175 | INFO    | molsanity | [stage cell_MolMotif__GINE__SubgraphX__random__seed1] cache hit (bd3f40ddfff6148d) — skipping
2026-08-05 07:15:24,175 | INFO    | molsanity | [cell MolMotif__GINE__SubgraphX__random__seed1] DONE — acc=0.81 gt_auroc=0.5347887380679491 n=200 (capped) [cached]
2026-08-05 07:15:24,578 | INFO    | molsanity | [stage cell_MolMotif__GINE__SubgraphX__random__seed2] cache hit (a7802cd0bbf3262d) — skipping
2026-08-05 07:15:24,578 | INFO    | molsanity | [cell MolMotif__GINE__SubgraphX__random__seed2] DONE — acc=1.00 gt_auroc=0.5557396101480824 n=200 (capped) [cached]
2026-08-05 07:15:25,092 | INFO    | molsanity | [stage cell_MolMotif__GCN__IntegratedGradients__scaffold__seed0] cache hit (10ef5101341204b9) — skipping
2026-08-05 07:15:25,093 | INFO    | molsanity | [cell MolMotif__GCN__IntegratedGradients__scaffold__seed0] DONE — acc=0.99 gt_auroc=0.9996781367041199 n=200 (capped) [cached]
2026-08-05 07:15:25,476 | INFO    | molsanity | [stage cell_MolMotif__GCN__IntegratedGradients__scaffold__seed1] cache hit (4c74234ddffdcce7) — skipping
2026-08-05 07:15:25,477 | INFO    | molsanity | [cell MolMotif__GCN__IntegratedGradients__scaffold__seed1] DONE — acc=0.96 gt_auroc=0.9915553974590687 n=200 (capped) [cached]
2026-08-05 07:15:25,891 | INFO    | molsanity | [stage cell_MolMotif__GCN__IntegratedGradients__scaffold__seed2] cache hit (0190d14965e6d313) — skipping
2026-08-05 07:15:25,891 | INFO    | molsanity | [cell MolMotif__GCN__IntegratedGradients__scaffold__seed2] DONE — acc=0.95 gt_auroc=0.9731603369911394 n=200 (capped) [cached]
2026-08-05 07:15:26,528 | INFO    | molsanity | [stage cell_MolMotif__GCN__IntegratedGradients__random__seed0] cache hit (7bffe5f2aba7e3f0) — skipping
2026-08-05 07:15:26,529 | INFO    | molsanity | [cell MolMotif__GCN__IntegratedGradients__random__seed0] DONE — acc=0.97 gt_auroc=0.9977217535815818 n=200 (capped) [cached]
2026-08-05 07:15:26,874 | INFO    | molsanity | [stage cell_MolMotif__GCN__IntegratedGradients__random__seed1] cache hit (e5906f3c84cde342) — skipping
2026-08-05 07:15:26,875 | INFO    | molsanity | [cell MolMotif__GCN__IntegratedGradients__random__seed1] DONE — acc=0.68 gt_auroc=0.9821226072322425 n=200 (capped) [cached]
2026-08-05 07:15:27,251 | INFO    | molsanity | [stage cell_MolMotif__GCN__IntegratedGradients__random__seed2] cache hit (1792d26416588c8b) — skipping
2026-08-05 07:15:27,251 | INFO    | molsanity | [cell MolMotif__GCN__IntegratedGradients__random__seed2] DONE — acc=0.96 gt_auroc=0.8495070580514895 n=200 (capped) [cached]
2026-08-05 07:15:27,645 | INFO    | molsanity | [stage cell_MolMotif__GAT__IntegratedGradients__scaffold__seed0] cache hit (a3ec6adbbda0ca4d) — skipping
2026-08-05 07:15:27,645 | INFO    | molsanity | [cell MolMotif__GAT__IntegratedGradients__scaffold__seed0] DONE — acc=0.99 gt_auroc=0.7666227580296474 n=200 (capped) [cached]
2026-08-05 07:15:28,299 | INFO    | molsanity | [stage cell_MolMotif__GAT__IntegratedGradients__scaffold__seed1] cache hit (575221a054bb8803) — skipping
2026-08-05 07:15:28,299 | INFO    | molsanity | [cell MolMotif__GAT__IntegratedGradients__scaffold__seed1] DONE — acc=0.99 gt_auroc=0.9218149436163022 n=200 (capped) [cached]
2026-08-05 07:15:28,708 | INFO    | molsanity | [stage cell_MolMotif__GAT__IntegratedGradients__scaffold__seed2] cache hit (4b9c1080f69e48fb) — skipping
2026-08-05 07:15:28,708 | INFO    | molsanity | [cell MolMotif__GAT__IntegratedGradients__scaffold__seed2] DONE — acc=1.00 gt_auroc=0.7056690926567717 n=200 (capped) [cached]
2026-08-05 07:15:29,117 | INFO    | molsanity | [stage cell_MolMotif__GAT__IntegratedGradients__random__seed0] cache hit (c8176e03f0d71a9c) — skipping
2026-08-05 07:15:29,118 | INFO    | molsanity | [cell MolMotif__GAT__IntegratedGradients__random__seed0] DONE — acc=1.00 gt_auroc=0.7960669305032867 n=200 (capped) [cached]
2026-08-05 07:15:29,775 | INFO    | molsanity | [stage cell_MolMotif__GAT__IntegratedGradients__random__seed1] cache hit (63d47772ae4950fd) — skipping
2026-08-05 07:15:29,775 | INFO    | molsanity | [cell MolMotif__GAT__IntegratedGradients__random__seed1] DONE — acc=1.00 gt_auroc=0.9957610663283009 n=200 (capped) [cached]
2026-08-05 07:15:30,311 | INFO    | molsanity | [stage cell_MolMotif__GAT__IntegratedGradients__random__seed2] cache hit (49014beca409ad2b) — skipping
2026-08-05 07:15:30,311 | INFO    | molsanity | [cell MolMotif__GAT__IntegratedGradients__random__seed2] DONE — acc=1.00 gt_auroc=0.7331860475743693 n=200 (capped) [cached]
2026-08-05 07:15:30,667 | INFO    | molsanity | [stage cell_MolMotif__MPNN__IntegratedGradients__scaffold__seed0] cache hit (1c293225e19eecac) — skipping
2026-08-05 07:15:30,668 | INFO    | molsanity | [cell MolMotif__MPNN__IntegratedGradients__scaffold__seed0] DONE — acc=1.00 gt_auroc=0.8455157204154758 n=200 (capped) [cached]
2026-08-05 07:15:31,112 | INFO    | molsanity | [stage cell_MolMotif__MPNN__IntegratedGradients__scaffold__seed1] cache hit (b600e14e979d39cd) — skipping
2026-08-05 07:15:31,112 | INFO    | molsanity | [cell MolMotif__MPNN__IntegratedGradients__scaffold__seed1] DONE — acc=0.99 gt_auroc=0.7912524395709797 n=200 (capped) [cached]
2026-08-05 07:15:31,526 | INFO    | molsanity | [stage cell_MolMotif__MPNN__IntegratedGradients__scaffold__seed2] cache hit (21a873e8bdbbf324) — skipping
2026-08-05 07:15:31,526 | INFO    | molsanity | [cell MolMotif__MPNN__IntegratedGradients__scaffold__seed2] DONE — acc=1.00 gt_auroc=0.9764832449089392 n=200 (capped) [cached]
2026-08-05 07:15:32,185 | INFO    | molsanity | [stage cell_MolMotif__MPNN__IntegratedGradients__random__seed0] cache hit (a4d48cabb717271c) — skipping
2026-08-05 07:15:32,185 | INFO    | molsanity | [cell MolMotif__MPNN__IntegratedGradients__random__seed0] DONE — acc=1.00 gt_auroc=0.7825333316487607 n=200 (capped) [cached]
2026-08-05 07:15:32,592 | INFO    | molsanity | [stage cell_MolMotif__MPNN__IntegratedGradients__random__seed1] cache hit (f3423b8b047878df) — skipping
2026-08-05 07:15:32,592 | INFO    | molsanity | [cell MolMotif__MPNN__IntegratedGradients__random__seed1] DONE — acc=1.00 gt_auroc=0.8737012355533246 n=200 (capped) [cached]
2026-08-05 07:15:33,245 | INFO    | molsanity | [stage cell_MolMotif__MPNN__IntegratedGradients__random__seed2] cache hit (f8cf0702bf172a34) — skipping
2026-08-05 07:15:33,245 | INFO    | molsanity | [cell MolMotif__MPNN__IntegratedGradients__random__seed2] DONE — acc=1.00 gt_auroc=0.9617536793811429 n=200 (capped) [cached]
2026-08-05 07:15:33,651 | INFO    | molsanity | [stage cell_MolMotif__AttentiveFP__IntegratedGradients__scaffold__seed0] cache hit (aeaf87a00c0702d9) — skipping
2026-08-05 07:15:33,651 | INFO    | molsanity | [cell MolMotif__AttentiveFP__IntegratedGradients__scaffold__seed0] DONE — acc=0.98 gt_auroc=0.9805262281342162 n=200 (capped) [cached]
2026-08-05 07:15:34,292 | INFO    | molsanity | [stage cell_MolMotif__AttentiveFP__IntegratedGradients__scaffold__seed1] cache hit (2aca99da69e7fe78) — skipping
2026-08-05 07:15:34,292 | INFO    | molsanity | [cell MolMotif__AttentiveFP__IntegratedGradients__scaffold__seed1] DONE — acc=0.99 gt_auroc=0.9778009819426804 n=200 (capped) [cached]
2026-08-05 07:15:34,888 | INFO    | molsanity | [stage cell_MolMotif__AttentiveFP__IntegratedGradients__scaffold__seed2] cache hit (c9ae11501c6b61e3) — skipping
2026-08-05 07:15:34,888 | INFO    | molsanity | [cell MolMotif__AttentiveFP__IntegratedGradients__scaffold__seed2] DONE — acc=0.97 gt_auroc=0.8103977141923847 n=200 (capped) [cached]
2026-08-05 07:15:35,303 | INFO    | molsanity | [stage cell_MolMotif__AttentiveFP__IntegratedGradients__random__seed0] cache hit (99f978f18a6b92c1) — skipping
2026-08-05 07:15:35,303 | INFO    | molsanity | [cell MolMotif__AttentiveFP__IntegratedGradients__random__seed0] DONE — acc=0.98 gt_auroc=0.9868429032353114 n=200 (capped) [cached]
2026-08-05 07:15:35,977 | INFO    | molsanity | [stage cell_MolMotif__AttentiveFP__IntegratedGradients__random__seed1] cache hit (448039ff236d664e) — skipping
2026-08-05 07:15:35,977 | INFO    | molsanity | [cell MolMotif__AttentiveFP__IntegratedGradients__random__seed1] DONE — acc=0.91 gt_auroc=0.9279166281920552 n=200 (capped) [cached]
2026-08-05 07:15:36,665 | INFO    | molsanity | [stage cell_MolMotif__AttentiveFP__IntegratedGradients__random__seed2] cache hit (2b2845ea9854dc54) — skipping
2026-08-05 07:15:36,665 | INFO    | molsanity | [cell MolMotif__AttentiveFP__IntegratedGradients__random__seed2] DONE — acc=0.97 gt_auroc=0.9862300114597343 n=200 (capped) [cached]
2026-08-05 07:15:37,203 | INFO    | molsanity | [stage cell_MolMotifHard__GINE__IntegratedGradients__scaffold__seed0] cache hit (5cf2c4ff45fb7f7b) — skipping
2026-08-05 07:15:37,203 | INFO    | molsanity | [cell MolMotifHard__GINE__IntegratedGradients__scaffold__seed0] DONE — acc=0.97 gt_auroc=0.9882567151830456 n=200 (capped) [cached]
2026-08-05 07:15:37,730 | INFO    | molsanity | [stage cell_MolMotifHard__GINE__IntegratedGradients__scaffold__seed1] cache hit (cf5410c57da30d2e) — skipping
2026-08-05 07:15:37,731 | INFO    | molsanity | [cell MolMotifHard__GINE__IntegratedGradients__scaffold__seed1] DONE — acc=0.89 gt_auroc=0.9926875093569516 n=200 (capped) [cached]
2026-08-05 07:15:38,279 | INFO    | molsanity | [stage cell_MolMotifHard__GINE__IntegratedGradients__scaffold__seed2] cache hit (3689c1b66418915b) — skipping
2026-08-05 07:15:38,279 | INFO    | molsanity | [cell MolMotifHard__GINE__IntegratedGradients__scaffold__seed2] DONE — acc=0.82 gt_auroc=0.9998105342932929 n=200 (capped) [cached]
2026-08-05 07:15:38,842 | INFO    | molsanity | [stage cell_MolMotifHard__GINE__IntegratedGradients__random__seed0] cache hit (31046423b1cc80b9) — skipping
2026-08-05 07:15:38,842 | INFO    | molsanity | [cell MolMotifHard__GINE__IntegratedGradients__random__seed0] DONE — acc=0.89 gt_auroc=0.9826099460539403 n=200 (capped) [cached]
2026-08-05 07:15:39,331 | INFO    | molsanity | [stage cell_MolMotifHard__GINE__IntegratedGradients__random__seed1] cache hit (a5c7e6c564f677d7) — skipping
2026-08-05 07:15:39,331 | INFO    | molsanity | [cell MolMotifHard__GINE__IntegratedGradients__random__seed1] DONE — acc=0.97 gt_auroc=0.988674154792576 n=200 (capped) [cached]
2026-08-05 07:15:39,720 | INFO    | molsanity | [stage cell_MolMotifHard__GINE__IntegratedGradients__random__seed2] cache hit (620627dd812005c5) — skipping
2026-08-05 07:15:39,720 | INFO    | molsanity | [cell MolMotifHard__GINE__IntegratedGradients__random__seed2] DONE — acc=0.95 gt_auroc=0.9816650437213497 n=200 (capped) [cached]
2026-08-05 07:15:40,251 | INFO    | molsanity | [stage cell_MolMotifHard__GINE__Saliency__scaffold__seed0] cache hit (11b53407db387c7b) — skipping
2026-08-05 07:15:40,251 | INFO    | molsanity | [cell MolMotifHard__GINE__Saliency__scaffold__seed0] DONE — acc=0.97 gt_auroc=0.9992398931959371 n=200 (capped) [cached]
2026-08-05 07:15:40,615 | INFO    | molsanity | [stage cell_MolMotifHard__GINE__Saliency__scaffold__seed1] cache hit (84695e9ec3b22aaa) — skipping
2026-08-05 07:15:40,615 | INFO    | molsanity | [cell MolMotifHard__GINE__Saliency__scaffold__seed1] DONE — acc=0.89 gt_auroc=0.9993383916981872 n=200 (capped) [cached]
2026-08-05 07:15:41,032 | INFO    | molsanity | [stage cell_MolMotifHard__GINE__Saliency__scaffold__seed2] cache hit (388c81094fb602e3) — skipping
2026-08-05 07:15:41,033 | INFO    | molsanity | [cell MolMotifHard__GINE__Saliency__scaffold__seed2] DONE — acc=0.82 gt_auroc=0.9995810174381603 n=200 (capped) [cached]
2026-08-05 07:15:41,425 | INFO    | molsanity | [stage cell_MolMotifHard__GINE__Saliency__random__seed0] cache hit (ca6b506e4957302c) — skipping
2026-08-05 07:15:41,425 | INFO    | molsanity | [cell MolMotifHard__GINE__Saliency__random__seed0] DONE — acc=0.89 gt_auroc=0.9999451754385965 n=200 (capped) [cached]
2026-08-05 07:15:41,901 | INFO    | molsanity | [stage cell_MolMotifHard__GINE__Saliency__random__seed1] cache hit (0d286b57495fd0ab) — skipping
2026-08-05 07:15:41,901 | INFO    | molsanity | [cell MolMotifHard__GINE__Saliency__random__seed1] DONE — acc=0.97 gt_auroc=0.9987573099415205 n=200 (capped) [cached]
2026-08-05 07:15:42,290 | INFO    | molsanity | [stage cell_MolMotifHard__GINE__Saliency__random__seed2] cache hit (6c332bb7c3802693) — skipping
2026-08-05 07:15:42,290 | INFO    | molsanity | [cell MolMotifHard__GINE__Saliency__random__seed2] DONE — acc=0.95 gt_auroc=0.9940608647020284 n=200 (capped) [cached]
2026-08-05 07:15:42,813 | INFO    | molsanity | [stage cell_MolMotifHard__GINE__InputXGradient__scaffold__seed0] cache hit (900e8fe103e6ed5f) — skipping
2026-08-05 07:15:42,813 | INFO    | molsanity | [cell MolMotifHard__GINE__InputXGradient__scaffold__seed0] DONE — acc=0.97 gt_auroc=0.986452806682023 n=200 (capped) [cached]
2026-08-05 07:15:43,327 | INFO    | molsanity | [stage cell_MolMotifHard__GINE__InputXGradient__scaffold__seed1] cache hit (8b191a16e68de4d0) — skipping
2026-08-05 07:15:43,327 | INFO    | molsanity | [cell MolMotifHard__GINE__InputXGradient__scaffold__seed1] DONE — acc=0.89 gt_auroc=0.9982839440967519 n=200 (capped) [cached]
2026-08-05 07:15:43,863 | INFO    | molsanity | [stage cell_MolMotifHard__GINE__InputXGradient__scaffold__seed2] cache hit (abbe9256a408876a) — skipping
2026-08-05 07:15:43,863 | INFO    | molsanity | [cell MolMotifHard__GINE__InputXGradient__scaffold__seed2] DONE — acc=0.82 gt_auroc=0.9995686546179157 n=200 (capped) [cached]
2026-08-05 07:15:44,422 | INFO    | molsanity | [stage cell_MolMotifHard__GINE__InputXGradient__random__seed0] cache hit (e94852b76e520d99) — skipping
2026-08-05 07:15:44,422 | INFO    | molsanity | [cell MolMotifHard__GINE__InputXGradient__random__seed0] DONE — acc=0.89 gt_auroc=0.9998198621553885 n=200 (capped) [cached]
2026-08-05 07:15:44,946 | INFO    | molsanity | [stage cell_MolMotifHard__GINE__InputXGradient__random__seed1] cache hit (dfde8b05873280c3) — skipping
2026-08-05 07:15:44,946 | INFO    | molsanity | [cell MolMotifHard__GINE__InputXGradient__random__seed1] DONE — acc=0.97 gt_auroc=1.0 n=200 (capped) [cached]
2026-08-05 07:15:45,458 | INFO    | molsanity | [stage cell_MolMotifHard__GINE__InputXGradient__random__seed2] cache hit (b49f1e5f43943434) — skipping
2026-08-05 07:15:45,458 | INFO    | molsanity | [cell MolMotifHard__GINE__InputXGradient__random__seed2] DONE — acc=0.95 gt_auroc=0.9884513469050107 n=200 (capped) [cached]
2026-08-05 07:15:45,867 | INFO    | molsanity | [stage cell_MolMotifHard__GINE__GuidedBackprop__scaffold__seed0] cache hit (ef7563cfbdc2095d) — skipping
2026-08-05 07:15:45,867 | INFO    | molsanity | [cell MolMotifHard__GINE__GuidedBackprop__scaffold__seed0] DONE — acc=0.97 gt_auroc=0.9559260029573744 n=200 (capped) [cached]
2026-08-05 07:15:46,425 | INFO    | molsanity | [stage cell_MolMotifHard__GINE__GuidedBackprop__scaffold__seed1] cache hit (a80526bfa3aa9c59) — skipping
2026-08-05 07:15:46,425 | INFO    | molsanity | [cell MolMotifHard__GINE__GuidedBackprop__scaffold__seed1] DONE — acc=0.89 gt_auroc=0.8456070983925981 n=200 (capped) [cached]
2026-08-05 07:15:46,905 | INFO    | molsanity | [stage cell_MolMotifHard__GINE__GuidedBackprop__scaffold__seed2] cache hit (ded080571e489176) — skipping
2026-08-05 07:15:46,905 | INFO    | molsanity | [cell MolMotifHard__GINE__GuidedBackprop__scaffold__seed2] DONE — acc=0.82 gt_auroc=0.8235841204112005 n=200 (capped) [cached]
2026-08-05 07:15:47,360 | INFO    | molsanity | [stage cell_MolMotifHard__GINE__GuidedBackprop__random__seed0] cache hit (665e2d05cc01fb7b) — skipping
2026-08-05 07:15:47,360 | INFO    | molsanity | [cell MolMotifHard__GINE__GuidedBackprop__random__seed0] DONE — acc=0.89 gt_auroc=0.8559043913722311 n=200 (capped) [cached]
2026-08-05 07:15:47,827 | INFO    | molsanity | [stage cell_MolMotifHard__GINE__GuidedBackprop__random__seed1] cache hit (b3c0030a46eab870) — skipping
2026-08-05 07:15:47,827 | INFO    | molsanity | [cell MolMotifHard__GINE__GuidedBackprop__random__seed1] DONE — acc=0.97 gt_auroc=0.9779059579248082 n=200 (capped) [cached]
2026-08-05 07:15:48,321 | INFO    | molsanity | [stage cell_MolMotifHard__GINE__GuidedBackprop__random__seed2] cache hit (e7876c0df0bea3b2) — skipping
2026-08-05 07:15:48,321 | INFO    | molsanity | [cell MolMotifHard__GINE__GuidedBackprop__random__seed2] DONE — acc=0.95 gt_auroc=0.9225887224305866 n=200 (capped) [cached]
2026-08-05 07:15:48,825 | INFO    | molsanity | [stage cell_MolMotifHard__GINE__GNNExplainer__scaffold__seed0] cache hit (61fd91f33ddc7897) — skipping
2026-08-05 07:15:48,825 | INFO    | molsanity | [cell MolMotifHard__GINE__GNNExplainer__scaffold__seed0] DONE — acc=0.97 gt_auroc=0.34923354814776797 n=200 (capped) [cached]
2026-08-05 07:15:49,370 | INFO    | molsanity | [stage cell_MolMotifHard__GINE__GNNExplainer__scaffold__seed1] cache hit (25f9b44f9deb7de6) — skipping
2026-08-05 07:15:49,370 | INFO    | molsanity | [cell MolMotifHard__GINE__GNNExplainer__scaffold__seed1] DONE — acc=0.89 gt_auroc=0.6080934070504095 n=200 (capped) [cached]
2026-08-05 07:15:49,859 | INFO    | molsanity | [stage cell_MolMotifHard__GINE__GNNExplainer__scaffold__seed2] cache hit (992765a919260e11) — skipping
2026-08-05 07:15:49,859 | INFO    | molsanity | [cell MolMotifHard__GINE__GNNExplainer__scaffold__seed2] DONE — acc=0.82 gt_auroc=0.30269625980334136 n=200 (capped) [cached]
2026-08-05 07:15:50,281 | INFO    | molsanity | [stage cell_MolMotifHard__GINE__GNNExplainer__random__seed0] cache hit (4ea834b7e0bb1d41) — skipping
2026-08-05 07:15:50,281 | INFO    | molsanity | [cell MolMotifHard__GINE__GNNExplainer__random__seed0] DONE — acc=0.89 gt_auroc=0.2875174114285327 n=200 (capped) [cached]
2026-08-05 07:15:50,823 | INFO    | molsanity | [stage cell_MolMotifHard__GINE__GNNExplainer__random__seed1] cache hit (aa0aa3e4514f9b99) — skipping
2026-08-05 07:15:50,823 | INFO    | molsanity | [cell MolMotifHard__GINE__GNNExplainer__random__seed1] DONE — acc=0.97 gt_auroc=0.3797157696620219 n=200 (capped) [cached]
2026-08-05 07:15:51,334 | INFO    | molsanity | [stage cell_MolMotifHard__GINE__GNNExplainer__random__seed2] cache hit (5a2beb09a1605fb3) — skipping
2026-08-05 07:15:51,334 | INFO    | molsanity | [cell MolMotifHard__GINE__GNNExplainer__random__seed2] DONE — acc=0.95 gt_auroc=0.5711507788639638 n=200 (capped) [cached]
2026-08-05 07:15:51,834 | INFO    | molsanity | [stage cell_MolMotifHard__GINE__PGExplainer__scaffold__seed0] cache hit (563c8396fec0bf36) — skipping
2026-08-05 07:15:51,834 | INFO    | molsanity | [cell MolMotifHard__GINE__PGExplainer__scaffold__seed0] DONE — acc=0.97 gt_auroc=0.2559069563317036 n=200 (capped) [cached]
2026-08-05 07:15:52,398 | INFO    | molsanity | [stage cell_MolMotifHard__GINE__PGExplainer__scaffold__seed1] cache hit (704b2206b3392e9e) — skipping
2026-08-05 07:15:52,399 | INFO    | molsanity | [cell MolMotifHard__GINE__PGExplainer__scaffold__seed1] DONE — acc=0.89 gt_auroc=0.30791250177709184 n=200 (capped) [cached]
2026-08-05 07:15:52,807 | INFO    | molsanity | [stage cell_MolMotifHard__GINE__PGExplainer__scaffold__seed2] cache hit (32634099ac2c1f1d) — skipping
2026-08-05 07:15:52,807 | INFO    | molsanity | [cell MolMotifHard__GINE__PGExplainer__scaffold__seed2] DONE — acc=0.82 gt_auroc=0.5648912192733716 n=200 (capped) [cached]
2026-08-05 07:15:53,368 | INFO    | molsanity | [stage cell_MolMotifHard__GINE__PGExplainer__random__seed0] cache hit (ec5a10c28fa09c43) — skipping
2026-08-05 07:15:53,368 | INFO    | molsanity | [cell MolMotifHard__GINE__PGExplainer__random__seed0] DONE — acc=0.89 gt_auroc=0.581669676739298 n=200 (capped) [cached]
2026-08-05 07:15:53,974 | INFO    | molsanity | [stage cell_MolMotifHard__GINE__PGExplainer__random__seed1] cache hit (bc53b956214bd402) — skipping
2026-08-05 07:15:53,974 | INFO    | molsanity | [cell MolMotifHard__GINE__PGExplainer__random__seed1] DONE — acc=0.97 gt_auroc=0.46161214345130663 n=200 (capped) [cached]
2026-08-05 07:15:54,515 | INFO    | molsanity | [stage cell_MolMotifHard__GINE__PGExplainer__random__seed2] cache hit (16960ae970c92790) — skipping
2026-08-05 07:15:54,515 | INFO    | molsanity | [cell MolMotifHard__GINE__PGExplainer__random__seed2] DONE — acc=0.95 gt_auroc=0.49317471077714475 n=200 (capped) [cached]
2026-08-05 07:15:54,908 | INFO    | molsanity | [stage cell_MolMotifHard__GINE__SubgraphX__scaffold__seed0] cache hit (f1aa52c5da4e7c61) — skipping
2026-08-05 07:15:54,908 | INFO    | molsanity | [cell MolMotifHard__GINE__SubgraphX__scaffold__seed0] DONE — acc=0.97 gt_auroc=0.4357853908561232 n=200 (capped) [cached]
2026-08-05 07:15:55,315 | INFO    | molsanity | [stage cell_MolMotifHard__GINE__SubgraphX__scaffold__seed1] cache hit (480f5930b79b7cd3) — skipping
2026-08-05 07:15:55,315 | INFO    | molsanity | [cell MolMotifHard__GINE__SubgraphX__scaffold__seed1] DONE — acc=0.89 gt_auroc=0.5365574538065653 n=200 (capped) [cached]
2026-08-05 07:15:55,770 | INFO    | molsanity | [stage cell_MolMotifHard__GINE__SubgraphX__scaffold__seed2] cache hit (e15aa1930f50b977) — skipping
2026-08-05 07:15:55,770 | INFO    | molsanity | [cell MolMotifHard__GINE__SubgraphX__scaffold__seed2] DONE — acc=0.82 gt_auroc=0.44317061966589766 n=200 (capped) [cached]
2026-08-05 07:15:56,177 | INFO    | molsanity | [stage cell_MolMotifHard__GINE__SubgraphX__random__seed0] cache hit (6ef6e0e6039f9cb2) — skipping
2026-08-05 07:15:56,177 | INFO    | molsanity | [cell MolMotifHard__GINE__SubgraphX__random__seed0] DONE — acc=0.89 gt_auroc=0.3624728793326058 n=200 (capped) [cached]
2026-08-05 07:15:56,539 | INFO    | molsanity | [stage cell_MolMotifHard__GINE__SubgraphX__random__seed1] cache hit (14930d443953b48e) — skipping
2026-08-05 07:15:56,539 | INFO    | molsanity | [cell MolMotifHard__GINE__SubgraphX__random__seed1] DONE — acc=0.97 gt_auroc=0.44194322264471236 n=200 (capped) [cached]
2026-08-05 07:15:56,928 | INFO    | molsanity | [stage cell_MolMotifHard__GINE__SubgraphX__random__seed2] cache hit (163febe666c8f7ee) — skipping
2026-08-05 07:15:56,928 | INFO    | molsanity | [cell MolMotifHard__GINE__SubgraphX__random__seed2] DONE — acc=0.95 gt_auroc=0.4207801437829535 n=200 (capped) [cached]
2026-08-05 07:15:57,300 | INFO    | molsanity | [stage cell_MolMotifHard__GCN__IntegratedGradients__scaffold__seed0] cache hit (b1ad5a1fd93caf66) — skipping
2026-08-05 07:15:57,300 | INFO    | molsanity | [cell MolMotifHard__GCN__IntegratedGradients__scaffold__seed0] DONE — acc=0.89 gt_auroc=0.910099792601565 n=200 (capped) [cached]
2026-08-05 07:15:57,676 | INFO    | molsanity | [stage cell_MolMotifHard__GCN__IntegratedGradients__scaffold__seed1] cache hit (026dc3025b397123) — skipping
2026-08-05 07:15:57,676 | INFO    | molsanity | [cell MolMotifHard__GCN__IntegratedGradients__scaffold__seed1] DONE — acc=0.87 gt_auroc=0.7155950795348857 n=200 (capped) [cached]
2026-08-05 07:15:58,059 | INFO    | molsanity | [stage cell_MolMotifHard__GCN__IntegratedGradients__scaffold__seed2] cache hit (39e1a084a080f415) — skipping
2026-08-05 07:15:58,060 | INFO    | molsanity | [cell MolMotifHard__GCN__IntegratedGradients__scaffold__seed2] DONE — acc=0.78 gt_auroc=0.9723231275366908 n=200 (capped) [cached]
2026-08-05 07:15:58,443 | INFO    | molsanity | [stage cell_MolMotifHard__GCN__IntegratedGradients__random__seed0] cache hit (77a7ff7a93cb04fd) — skipping
2026-08-05 07:15:58,444 | INFO    | molsanity | [cell MolMotifHard__GCN__IntegratedGradients__random__seed0] DONE — acc=0.91 gt_auroc=0.8503340759497364 n=200 (capped) [cached]
2026-08-05 07:15:58,811 | INFO    | molsanity | [stage cell_MolMotifHard__GCN__IntegratedGradients__random__seed1] cache hit (c5e69f3e8583fd72) — skipping
2026-08-05 07:15:58,811 | INFO    | molsanity | [cell MolMotifHard__GCN__IntegratedGradients__random__seed1] DONE — acc=0.77 gt_auroc=0.9456413768475541 n=200 (capped) [cached]
2026-08-05 07:15:59,187 | INFO    | molsanity | [stage cell_MolMotifHard__GCN__IntegratedGradients__random__seed2] cache hit (7f68c258903929bf) — skipping
2026-08-05 07:15:59,187 | INFO    | molsanity | [cell MolMotifHard__GCN__IntegratedGradients__random__seed2] DONE — acc=0.97 gt_auroc=0.9084014342848091 n=200 (capped) [cached]
2026-08-05 07:15:59,595 | INFO    | molsanity | [stage cell_MolMotifHard__GAT__IntegratedGradients__scaffold__seed0] cache hit (7f1b224025ba2711) — skipping
2026-08-05 07:15:59,596 | INFO    | molsanity | [cell MolMotifHard__GAT__IntegratedGradients__scaffold__seed0] DONE — acc=0.96 gt_auroc=0.9081808445474281 n=200 (capped) [cached]
2026-08-05 07:15:59,987 | INFO    | molsanity | [stage cell_MolMotifHard__GAT__IntegratedGradients__scaffold__seed1] cache hit (81ab4d5d64168f48) — skipping
2026-08-05 07:15:59,987 | INFO    | molsanity | [cell MolMotifHard__GAT__IntegratedGradients__scaffold__seed1] DONE — acc=0.95 gt_auroc=0.732434802512263 n=200 (capped) [cached]
2026-08-05 07:16:00,372 | INFO    | molsanity | [stage cell_MolMotifHard__GAT__IntegratedGradients__scaffold__seed2] cache hit (53d98cf4eddcff3e) — skipping
2026-08-05 07:16:00,372 | INFO    | molsanity | [cell MolMotifHard__GAT__IntegratedGradients__scaffold__seed2] DONE — acc=0.96 gt_auroc=0.781639759296402 n=200 (capped) [cached]
2026-08-05 07:16:00,771 | INFO    | molsanity | [stage cell_MolMotifHard__GAT__IntegratedGradients__random__seed0] cache hit (f8e0f9c50e538604) — skipping
2026-08-05 07:16:00,772 | INFO    | molsanity | [cell MolMotifHard__GAT__IntegratedGradients__random__seed0] DONE — acc=0.98 gt_auroc=0.9287071735238328 n=200 (capped) [cached]
2026-08-05 07:16:01,179 | INFO    | molsanity | [stage cell_MolMotifHard__GAT__IntegratedGradients__random__seed1] cache hit (9de412c400335b63) — skipping
2026-08-05 07:16:01,179 | INFO    | molsanity | [cell MolMotifHard__GAT__IntegratedGradients__random__seed1] DONE — acc=0.92 gt_auroc=0.6633164534493319 n=200 (capped) [cached]
2026-08-05 07:16:01,614 | INFO    | molsanity | [stage cell_MolMotifHard__GAT__IntegratedGradients__random__seed2] cache hit (e6e3d259a1061612) — skipping
2026-08-05 07:16:01,614 | INFO    | molsanity | [cell MolMotifHard__GAT__IntegratedGradients__random__seed2] DONE — acc=0.99 gt_auroc=0.7878621890463006 n=200 (capped) [cached]
2026-08-05 07:16:01,987 | INFO    | molsanity | [stage cell_MolMotifHard__MPNN__IntegratedGradients__scaffold__seed0] cache hit (2d7e654677a235bf) — skipping
2026-08-05 07:16:01,987 | INFO    | molsanity | [cell MolMotifHard__MPNN__IntegratedGradients__scaffold__seed0] DONE — acc=0.98 gt_auroc=0.976133801654066 n=200 (capped) [cached]
2026-08-05 07:16:02,340 | INFO    | molsanity | [stage cell_MolMotifHard__MPNN__IntegratedGradients__scaffold__seed1] cache hit (630dfecad3893b85) — skipping
2026-08-05 07:16:02,341 | INFO    | molsanity | [cell MolMotifHard__MPNN__IntegratedGradients__scaffold__seed1] DONE — acc=0.98 gt_auroc=0.9377983658446041 n=200 (capped) [cached]
2026-08-05 07:16:02,719 | INFO    | molsanity | [stage cell_MolMotifHard__MPNN__IntegratedGradients__scaffold__seed2] cache hit (35051b177d85a1b2) — skipping
2026-08-05 07:16:02,719 | INFO    | molsanity | [cell MolMotifHard__MPNN__IntegratedGradients__scaffold__seed2] DONE — acc=0.99 gt_auroc=0.9823198195069943 n=200 (capped) [cached]
2026-08-05 07:16:03,165 | INFO    | molsanity | [stage cell_MolMotifHard__MPNN__IntegratedGradients__random__seed0] cache hit (adbdca53a9dd4760) — skipping
2026-08-05 07:16:03,165 | INFO    | molsanity | [cell MolMotifHard__MPNN__IntegratedGradients__random__seed0] DONE — acc=0.97 gt_auroc=0.9231895134305398 n=200 (capped) [cached]
2026-08-05 07:16:03,531 | INFO    | molsanity | [stage cell_MolMotifHard__MPNN__IntegratedGradients__random__seed1] cache hit (ea1071b846a3f5c7) — skipping
2026-08-05 07:16:03,532 | INFO    | molsanity | [cell MolMotifHard__MPNN__IntegratedGradients__random__seed1] DONE — acc=0.98 gt_auroc=0.9678255956108992 n=200 (capped) [cached]
2026-08-05 07:16:03,944 | INFO    | molsanity | [stage cell_MolMotifHard__MPNN__IntegratedGradients__random__seed2] cache hit (6692eb913b28b607) — skipping
2026-08-05 07:16:03,944 | INFO    | molsanity | [cell MolMotifHard__MPNN__IntegratedGradients__random__seed2] DONE — acc=0.77 gt_auroc=0.9693179023534414 n=200 (capped) [cached]
2026-08-05 07:16:04,307 | INFO    | molsanity | [stage cell_MolMotifHard__AttentiveFP__IntegratedGradients__scaffold__seed0] cache hit (1774fc60d2653f13) — skipping
2026-08-05 07:16:04,307 | INFO    | molsanity | [cell MolMotifHard__AttentiveFP__IntegratedGradients__scaffold__seed0] DONE — acc=0.99 gt_auroc=0.9091646582190515 n=200 (capped) [cached]
2026-08-05 07:16:04,695 | INFO    | molsanity | [stage cell_MolMotifHard__AttentiveFP__IntegratedGradients__scaffold__seed1] cache hit (1f17701860311dc1) — skipping
2026-08-05 07:16:04,696 | INFO    | molsanity | [cell MolMotifHard__AttentiveFP__IntegratedGradients__scaffold__seed1] DONE — acc=0.98 gt_auroc=0.9174566898057384 n=200 (capped) [cached]
2026-08-05 07:16:05,048 | INFO    | molsanity | [stage cell_MolMotifHard__AttentiveFP__IntegratedGradients__scaffold__seed2] cache hit (c254280e3e5a2897) — skipping
2026-08-05 07:16:05,049 | INFO    | molsanity | [cell MolMotifHard__AttentiveFP__IntegratedGradients__scaffold__seed2] DONE — acc=0.95 gt_auroc=0.8739042665607619 n=200 (capped) [cached]
2026-08-05 07:16:05,489 | INFO    | molsanity | [stage cell_MolMotifHard__AttentiveFP__IntegratedGradients__random__seed0] cache hit (30da1717b5271a1b) — skipping
2026-08-05 07:16:05,489 | INFO    | molsanity | [cell MolMotifHard__AttentiveFP__IntegratedGradients__random__seed0] DONE — acc=0.96 gt_auroc=0.9550967454970305 n=200 (capped) [cached]
2026-08-05 07:16:05,888 | INFO    | molsanity | [stage cell_MolMotifHard__AttentiveFP__IntegratedGradients__random__seed1] cache hit (98061def3dc2e7cf) — skipping
2026-08-05 07:16:05,888 | INFO    | molsanity | [cell MolMotifHard__AttentiveFP__IntegratedGradients__random__seed1] DONE — acc=0.98 gt_auroc=0.8776671343352404 n=200 (capped) [cached]
2026-08-05 07:16:06,253 | INFO    | molsanity | [stage cell_MolMotifHard__AttentiveFP__IntegratedGradients__random__seed2] cache hit (2b1d60427a9d82df) — skipping
2026-08-05 07:16:06,253 | INFO    | molsanity | [cell MolMotifHard__AttentiveFP__IntegratedGradients__random__seed2] DONE — acc=0.97 gt_auroc=0.8011116369685078 n=200 (capped) [cached]
2026-08-05 07:16:06,957 | INFO    | molsanity | [stage cell_FluorideCarbonyl__GINE__IntegratedGradients__scaffold__seed0] cache hit (99a034fabaf38933) — skipping
2026-08-05 07:16:06,957 | INFO    | molsanity | [cell FluorideCarbonyl__GINE__IntegratedGradients__scaffold__seed0] DONE — acc=0.90 gt_auroc=0.6727373872791927 n=200 (capped) [cached]
2026-08-05 07:16:07,604 | INFO    | molsanity | [stage cell_FluorideCarbonyl__GINE__IntegratedGradients__scaffold__seed1] cache hit (71a75390bb48b432) — skipping
2026-08-05 07:16:07,604 | INFO    | molsanity | [cell FluorideCarbonyl__GINE__IntegratedGradients__scaffold__seed1] DONE — acc=0.95 gt_auroc=0.8687584024079171 n=200 (capped) [cached]
2026-08-05 07:16:08,327 | INFO    | molsanity | [stage cell_FluorideCarbonyl__GINE__IntegratedGradients__scaffold__seed2] cache hit (c2117a6efe47ea34) — skipping
2026-08-05 07:16:08,327 | INFO    | molsanity | [cell FluorideCarbonyl__GINE__IntegratedGradients__scaffold__seed2] DONE — acc=0.94 gt_auroc=0.7805910642300404 n=200 (capped) [cached]
2026-08-05 07:16:09,050 | INFO    | molsanity | [stage cell_FluorideCarbonyl__GINE__IntegratedGradients__random__seed0] cache hit (45f1fbac797784b5) — skipping
2026-08-05 07:16:09,050 | INFO    | molsanity | [cell FluorideCarbonyl__GINE__IntegratedGradients__random__seed0] DONE — acc=0.96 gt_auroc=0.7896658812874837 n=200 (capped) [cached]
2026-08-05 07:16:09,749 | INFO    | molsanity | [stage cell_FluorideCarbonyl__GINE__IntegratedGradients__random__seed1] cache hit (9fee80660942682f) — skipping
2026-08-05 07:16:09,749 | INFO    | molsanity | [cell FluorideCarbonyl__GINE__IntegratedGradients__random__seed1] DONE — acc=0.92 gt_auroc=0.7184650370364722 n=200 (capped) [cached]
2026-08-05 07:16:10,484 | INFO    | molsanity | [stage cell_FluorideCarbonyl__GINE__IntegratedGradients__random__seed2] cache hit (9a4a14047cc43a4a) — skipping
2026-08-05 07:16:10,484 | INFO    | molsanity | [cell FluorideCarbonyl__GINE__IntegratedGradients__random__seed2] DONE — acc=0.95 gt_auroc=0.7645890519308483 n=200 (capped) [cached]
2026-08-05 07:16:11,186 | INFO    | molsanity | [stage cell_FluorideCarbonyl__GINE__Saliency__scaffold__seed0] cache hit (a205e67887b38810) — skipping
2026-08-05 07:16:11,186 | INFO    | molsanity | [cell FluorideCarbonyl__GINE__Saliency__scaffold__seed0] DONE — acc=0.90 gt_auroc=0.7684106437366932 n=200 (capped) [cached]
2026-08-05 07:16:11,875 | INFO    | molsanity | [stage cell_FluorideCarbonyl__GINE__Saliency__scaffold__seed1] cache hit (e309fe1d467a1ee7) — skipping
2026-08-05 07:16:11,876 | INFO    | molsanity | [cell FluorideCarbonyl__GINE__Saliency__scaffold__seed1] DONE — acc=0.95 gt_auroc=0.7979590103452223 n=200 (capped) [cached]
2026-08-05 07:16:12,584 | INFO    | molsanity | [stage cell_FluorideCarbonyl__GINE__Saliency__scaffold__seed2] cache hit (b445c00f6a3a86f7) — skipping
2026-08-05 07:16:12,584 | INFO    | molsanity | [cell FluorideCarbonyl__GINE__Saliency__scaffold__seed2] DONE — acc=0.94 gt_auroc=0.8700419521405586 n=200 (capped) [cached]
2026-08-05 07:16:13,255 | INFO    | molsanity | [stage cell_FluorideCarbonyl__GINE__Saliency__random__seed0] cache hit (631382e5833af1b1) — skipping
2026-08-05 07:16:13,255 | INFO    | molsanity | [cell FluorideCarbonyl__GINE__Saliency__random__seed0] DONE — acc=0.96 gt_auroc=0.8422386561061241 n=200 (capped) [cached]
2026-08-05 07:16:13,928 | INFO    | molsanity | [stage cell_FluorideCarbonyl__GINE__Saliency__random__seed1] cache hit (7713e07957ae9f87) — skipping
2026-08-05 07:16:13,928 | INFO    | molsanity | [cell FluorideCarbonyl__GINE__Saliency__random__seed1] DONE — acc=0.92 gt_auroc=0.8433658898360391 n=200 (capped) [cached]
2026-08-05 07:16:14,619 | INFO    | molsanity | [stage cell_FluorideCarbonyl__GINE__Saliency__random__seed2] cache hit (3ad51bd5740dd148) — skipping
2026-08-05 07:16:14,619 | INFO    | molsanity | [cell FluorideCarbonyl__GINE__Saliency__random__seed2] DONE — acc=0.95 gt_auroc=0.8721130531009464 n=200 (capped) [cached]
2026-08-05 07:16:15,352 | INFO    | molsanity | [stage cell_FluorideCarbonyl__GINE__InputXGradient__scaffold__seed0] cache hit (5a16028a69d8f0e9) — skipping
2026-08-05 07:16:15,352 | INFO    | molsanity | [cell FluorideCarbonyl__GINE__InputXGradient__scaffold__seed0] DONE — acc=0.90 gt_auroc=0.7247209845770287 n=200 (capped) [cached]
2026-08-05 07:16:16,022 | INFO    | molsanity | [stage cell_FluorideCarbonyl__GINE__InputXGradient__scaffold__seed1] cache hit (83c48a2b5c81c0b1) — skipping
2026-08-05 07:16:16,022 | INFO    | molsanity | [cell FluorideCarbonyl__GINE__InputXGradient__scaffold__seed1] DONE — acc=0.95 gt_auroc=0.7939678060357322 n=200 (capped) [cached]
2026-08-05 07:16:16,796 | INFO    | molsanity | [stage cell_FluorideCarbonyl__GINE__InputXGradient__scaffold__seed2] cache hit (2ef211bf0663bfea) — skipping
2026-08-05 07:16:16,796 | INFO    | molsanity | [cell FluorideCarbonyl__GINE__InputXGradient__scaffold__seed2] DONE — acc=0.94 gt_auroc=0.8279913697109942 n=200 (capped) [cached]
2026-08-05 07:16:17,542 | INFO    | molsanity | [stage cell_FluorideCarbonyl__GINE__InputXGradient__random__seed0] cache hit (a5ca421efc1ea5af) — skipping
2026-08-05 07:16:17,542 | INFO    | molsanity | [cell FluorideCarbonyl__GINE__InputXGradient__random__seed0] DONE — acc=0.96 gt_auroc=0.8184521255132194 n=200 (capped) [cached]
2026-08-05 07:16:18,265 | INFO    | molsanity | [stage cell_FluorideCarbonyl__GINE__InputXGradient__random__seed1] cache hit (5762c26385ef4e42) — skipping
2026-08-05 07:16:18,265 | INFO    | molsanity | [cell FluorideCarbonyl__GINE__InputXGradient__random__seed1] DONE — acc=0.92 gt_auroc=0.7752158022195206 n=200 (capped) [cached]
2026-08-05 07:16:18,985 | INFO    | molsanity | [stage cell_FluorideCarbonyl__GINE__InputXGradient__random__seed2] cache hit (f0ed379c3621f1ce) — skipping
2026-08-05 07:16:18,985 | INFO    | molsanity | [cell FluorideCarbonyl__GINE__InputXGradient__random__seed2] DONE — acc=0.95 gt_auroc=0.843493304395798 n=200 (capped) [cached]
2026-08-05 07:16:19,696 | INFO    | molsanity | [stage cell_FluorideCarbonyl__GINE__GuidedBackprop__scaffold__seed0] cache hit (a3f1fa7b14559573) — skipping
2026-08-05 07:16:19,696 | INFO    | molsanity | [cell FluorideCarbonyl__GINE__GuidedBackprop__scaffold__seed0] DONE — acc=0.90 gt_auroc=0.8511911626236293 n=200 (capped) [cached]
2026-08-05 07:16:20,428 | INFO    | molsanity | [stage cell_FluorideCarbonyl__GINE__GuidedBackprop__scaffold__seed1] cache hit (eb84aff5916cc1c5) — skipping
2026-08-05 07:16:20,428 | INFO    | molsanity | [cell FluorideCarbonyl__GINE__GuidedBackprop__scaffold__seed1] DONE — acc=0.95 gt_auroc=0.9133647949046398 n=200 (capped) [cached]
2026-08-05 07:16:21,140 | INFO    | molsanity | [stage cell_FluorideCarbonyl__GINE__GuidedBackprop__scaffold__seed2] cache hit (81d646490169bb02) — skipping
2026-08-05 07:16:21,140 | INFO    | molsanity | [cell FluorideCarbonyl__GINE__GuidedBackprop__scaffold__seed2] DONE — acc=0.94 gt_auroc=0.9625258639948963 n=200 (capped) [cached]
2026-08-05 07:16:21,846 | INFO    | molsanity | [stage cell_FluorideCarbonyl__GINE__GuidedBackprop__random__seed0] cache hit (c4b92026615691e6) — skipping
2026-08-05 07:16:21,846 | INFO    | molsanity | [cell FluorideCarbonyl__GINE__GuidedBackprop__random__seed0] DONE — acc=0.96 gt_auroc=0.8845343543456301 n=200 (capped) [cached]
2026-08-05 07:16:22,584 | INFO    | molsanity | [stage cell_FluorideCarbonyl__GINE__GuidedBackprop__random__seed1] cache hit (0349efe61ddc020b) — skipping
2026-08-05 07:16:22,584 | INFO    | molsanity | [cell FluorideCarbonyl__GINE__GuidedBackprop__random__seed1] DONE — acc=0.92 gt_auroc=0.8848139065266015 n=200 (capped) [cached]
2026-08-05 07:16:23,246 | INFO    | molsanity | [stage cell_FluorideCarbonyl__GINE__GuidedBackprop__random__seed2] cache hit (010c401ace00a138) — skipping
2026-08-05 07:16:23,246 | INFO    | molsanity | [cell FluorideCarbonyl__GINE__GuidedBackprop__random__seed2] DONE — acc=0.95 gt_auroc=0.8808376136379827 n=200 (capped) [cached]
2026-08-05 07:16:23,933 | INFO    | molsanity | [stage cell_FluorideCarbonyl__GINE__GNNExplainer__scaffold__seed0] cache hit (23bb5b614031f6b5) — skipping
2026-08-05 07:16:23,933 | INFO    | molsanity | [cell FluorideCarbonyl__GINE__GNNExplainer__scaffold__seed0] DONE — acc=0.90 gt_auroc=0.46254361259718285 n=200 (capped) [cached]
2026-08-05 07:16:24,642 | INFO    | molsanity | [stage cell_FluorideCarbonyl__GINE__GNNExplainer__scaffold__seed1] cache hit (576088bf50c6c0a9) — skipping
2026-08-05 07:16:24,642 | INFO    | molsanity | [cell FluorideCarbonyl__GINE__GNNExplainer__scaffold__seed1] DONE — acc=0.95 gt_auroc=0.639799858785594 n=200 (capped) [cached]
2026-08-05 07:16:25,320 | INFO    | molsanity | [stage cell_FluorideCarbonyl__GINE__GNNExplainer__scaffold__seed2] cache hit (13d3fc91ec1d57f4) — skipping
2026-08-05 07:16:25,320 | INFO    | molsanity | [cell FluorideCarbonyl__GINE__GNNExplainer__scaffold__seed2] DONE — acc=0.94 gt_auroc=0.6196709667634355 n=200 (capped) [cached]
2026-08-05 07:16:26,042 | INFO    | molsanity | [stage cell_FluorideCarbonyl__GINE__GNNExplainer__random__seed0] cache hit (b99d75ee36664659) — skipping
2026-08-05 07:16:26,042 | INFO    | molsanity | [cell FluorideCarbonyl__GINE__GNNExplainer__random__seed0] DONE — acc=0.96 gt_auroc=0.6329228229232258 n=200 (capped) [cached]
2026-08-05 07:16:26,899 | INFO    | molsanity | [stage cell_FluorideCarbonyl__GINE__GNNExplainer__random__seed1] cache hit (5a0106ed3344c103) — skipping
2026-08-05 07:16:26,900 | INFO    | molsanity | [cell FluorideCarbonyl__GINE__GNNExplainer__random__seed1] DONE — acc=0.92 gt_auroc=0.49725663137462794 n=200 (capped) [cached]
2026-08-05 07:16:27,640 | INFO    | molsanity | [stage cell_FluorideCarbonyl__GINE__GNNExplainer__random__seed2] cache hit (dcd64fe4152d5667) — skipping
2026-08-05 07:16:27,640 | INFO    | molsanity | [cell FluorideCarbonyl__GINE__GNNExplainer__random__seed2] DONE — acc=0.95 gt_auroc=0.6714013815899124 n=200 (capped) [cached]
2026-08-05 07:16:28,366 | INFO    | molsanity | [stage cell_FluorideCarbonyl__GINE__PGExplainer__scaffold__seed0] cache hit (4beb51593f87b1f4) — skipping
2026-08-05 07:16:28,366 | INFO    | molsanity | [cell FluorideCarbonyl__GINE__PGExplainer__scaffold__seed0] DONE — acc=0.90 gt_auroc=0.17351453025961214 n=200 (capped) [cached]
2026-08-05 07:16:29,094 | INFO    | molsanity | [stage cell_FluorideCarbonyl__GINE__PGExplainer__scaffold__seed1] cache hit (6cfd09b652ba604c) — skipping
2026-08-05 07:16:29,094 | INFO    | molsanity | [cell FluorideCarbonyl__GINE__PGExplainer__scaffold__seed1] DONE — acc=0.95 gt_auroc=0.2593972130944097 n=200 (capped) [cached]
2026-08-05 07:16:29,807 | INFO    | molsanity | [stage cell_FluorideCarbonyl__GINE__PGExplainer__scaffold__seed2] cache hit (65a2b34b605549ff) — skipping
2026-08-05 07:16:29,808 | INFO    | molsanity | [cell FluorideCarbonyl__GINE__PGExplainer__scaffold__seed2] DONE — acc=0.94 gt_auroc=0.21161793737655094 n=200 (capped) [cached]
2026-08-05 07:16:30,553 | INFO    | molsanity | [stage cell_FluorideCarbonyl__GINE__PGExplainer__random__seed0] cache hit (4f76aa419fac1801) — skipping
2026-08-05 07:16:30,554 | INFO    | molsanity | [cell FluorideCarbonyl__GINE__PGExplainer__random__seed0] DONE — acc=0.96 gt_auroc=0.3630508399244813 n=200 (capped) [cached]
2026-08-05 07:16:31,248 | INFO    | molsanity | [stage cell_FluorideCarbonyl__GINE__PGExplainer__random__seed1] cache hit (ec3cbbe5c345a33e) — skipping
2026-08-05 07:16:31,248 | INFO    | molsanity | [cell FluorideCarbonyl__GINE__PGExplainer__random__seed1] DONE — acc=0.92 gt_auroc=0.23275937260364774 n=200 (capped) [cached]
2026-08-05 07:16:31,947 | INFO    | molsanity | [stage cell_FluorideCarbonyl__GINE__PGExplainer__random__seed2] cache hit (b5ef90a58ee695db) — skipping
2026-08-05 07:16:31,947 | INFO    | molsanity | [cell FluorideCarbonyl__GINE__PGExplainer__random__seed2] DONE — acc=0.95 gt_auroc=0.12166352882710199 n=200 (capped) [cached]
2026-08-05 07:16:32,662 | INFO    | molsanity | [stage cell_FluorideCarbonyl__GINE__SubgraphX__scaffold__seed0] cache hit (1abda3a54ebc5ff8) — skipping
2026-08-05 07:16:32,662 | INFO    | molsanity | [cell FluorideCarbonyl__GINE__SubgraphX__scaffold__seed0] DONE — acc=0.90 gt_auroc=0.4428003129684695 n=200 (capped) [cached]
2026-08-05 07:16:33,358 | INFO    | molsanity | [stage cell_FluorideCarbonyl__GINE__SubgraphX__scaffold__seed1] cache hit (82baf3dbe38b88e9) — skipping
2026-08-05 07:16:33,358 | INFO    | molsanity | [cell FluorideCarbonyl__GINE__SubgraphX__scaffold__seed1] DONE — acc=0.95 gt_auroc=0.4921535490745518 n=200 (capped) [cached]
2026-08-05 07:16:34,030 | INFO    | molsanity | [stage cell_FluorideCarbonyl__GINE__SubgraphX__scaffold__seed2] cache hit (d5479ea1e21e17f6) — skipping
2026-08-05 07:16:34,030 | INFO    | molsanity | [cell FluorideCarbonyl__GINE__SubgraphX__scaffold__seed2] DONE — acc=0.94 gt_auroc=0.4296039312923613 n=200 (capped) [cached]
2026-08-05 07:16:34,733 | INFO    | molsanity | [stage cell_FluorideCarbonyl__GINE__SubgraphX__random__seed0] cache hit (f1e3ed1cf8d4c40f) — skipping
2026-08-05 07:16:34,733 | INFO    | molsanity | [cell FluorideCarbonyl__GINE__SubgraphX__random__seed0] DONE — acc=0.96 gt_auroc=0.5382568611454636 n=200 (capped) [cached]
2026-08-05 07:16:35,409 | INFO    | molsanity | [stage cell_FluorideCarbonyl__GINE__SubgraphX__random__seed1] cache hit (968f9d4024b77237) — skipping
2026-08-05 07:16:35,410 | INFO    | molsanity | [cell FluorideCarbonyl__GINE__SubgraphX__random__seed1] DONE — acc=0.92 gt_auroc=0.40126307436772873 n=200 (capped) [cached]
2026-08-05 07:16:36,112 | INFO    | molsanity | [stage cell_FluorideCarbonyl__GINE__SubgraphX__random__seed2] cache hit (df5a26026b7c86b8) — skipping
2026-08-05 07:16:36,112 | INFO    | molsanity | [cell FluorideCarbonyl__GINE__SubgraphX__random__seed2] DONE — acc=0.95 gt_auroc=0.5347833708978104 n=200 (capped) [cached]
2026-08-05 07:16:36,809 | INFO    | molsanity | [stage cell_Benzene__GINE__IntegratedGradients__scaffold__seed0] cache hit (13fdc4dba903d584) — skipping
2026-08-05 07:16:36,809 | INFO    | molsanity | [cell Benzene__GINE__IntegratedGradients__scaffold__seed0] DONE — acc=0.99 gt_auroc=0.9998370804822417 n=200 (capped) [cached]
2026-08-05 07:16:37,532 | INFO    | molsanity | [stage cell_Benzene__GINE__IntegratedGradients__scaffold__seed1] cache hit (6dc353c11154af40) — skipping
2026-08-05 07:16:37,532 | INFO    | molsanity | [cell Benzene__GINE__IntegratedGradients__scaffold__seed1] DONE — acc=0.80 gt_auroc=0.9987781036168132 n=200 (capped) [cached]
2026-08-05 07:16:38,249 | INFO    | molsanity | [stage cell_Benzene__GINE__IntegratedGradients__scaffold__seed2] cache hit (20866d7a03ee38e3) — skipping
2026-08-05 07:16:38,250 | INFO    | molsanity | [cell Benzene__GINE__IntegratedGradients__scaffold__seed2] DONE — acc=0.79 gt_auroc=0.9984604105571848 n=200 (capped) [cached]
2026-08-05 07:16:38,975 | INFO    | molsanity | [stage cell_Benzene__GINE__IntegratedGradients__random__seed0] cache hit (c2f1ffa7671a1cca) — skipping
2026-08-05 07:16:38,976 | INFO    | molsanity | [cell Benzene__GINE__IntegratedGradients__random__seed0] DONE — acc=0.99 gt_auroc=1.0 n=200 (capped) [cached]
2026-08-05 07:16:39,709 | INFO    | molsanity | [stage cell_Benzene__GINE__IntegratedGradients__random__seed1] cache hit (9d1df4cb926c075d) — skipping
2026-08-05 07:16:39,710 | INFO    | molsanity | [cell Benzene__GINE__IntegratedGradients__random__seed1] DONE — acc=0.96 gt_auroc=1.0 n=200 (capped) [cached]
2026-08-05 07:16:40,407 | INFO    | molsanity | [stage cell_Benzene__GINE__IntegratedGradients__random__seed2] cache hit (39849ad3aecfba13) — skipping
2026-08-05 07:16:40,407 | INFO    | molsanity | [cell Benzene__GINE__IntegratedGradients__random__seed2] DONE — acc=0.66 gt_auroc=0.9995414278269933 n=200 (capped) [cached]
2026-08-05 07:16:41,097 | INFO    | molsanity | [stage cell_Benzene__GINE__Saliency__scaffold__seed0] cache hit (48b70ec5fe1f3883) — skipping
2026-08-05 07:16:41,097 | INFO    | molsanity | [cell Benzene__GINE__Saliency__scaffold__seed0] DONE — acc=0.99 gt_auroc=0.9992098403388725 n=200 (capped) [cached]
2026-08-05 07:16:41,774 | INFO    | molsanity | [stage cell_Benzene__GINE__Saliency__scaffold__seed1] cache hit (2726654dc9a9f682) — skipping
2026-08-05 07:16:41,775 | INFO    | molsanity | [cell Benzene__GINE__Saliency__scaffold__seed1] DONE — acc=0.80 gt_auroc=0.9988290159661128 n=200 (capped) [cached]
2026-08-05 07:16:42,503 | INFO    | molsanity | [stage cell_Benzene__GINE__Saliency__scaffold__seed2] cache hit (676feb4da011ac56) — skipping
2026-08-05 07:16:42,503 | INFO    | molsanity | [cell Benzene__GINE__Saliency__scaffold__seed2] DONE — acc=0.79 gt_auroc=0.9986314760508309 n=200 (capped) [cached]
2026-08-05 07:16:43,199 | INFO    | molsanity | [stage cell_Benzene__GINE__Saliency__random__seed0] cache hit (c1852547e149183c) — skipping
2026-08-05 07:16:43,199 | INFO    | molsanity | [cell Benzene__GINE__Saliency__random__seed0] DONE — acc=0.99 gt_auroc=0.9923466426173916 n=200 (capped) [cached]
2026-08-05 07:16:43,899 | INFO    | molsanity | [stage cell_Benzene__GINE__Saliency__random__seed1] cache hit (25cf5702be362fb9) — skipping
2026-08-05 07:16:43,899 | INFO    | molsanity | [cell Benzene__GINE__Saliency__random__seed1] DONE — acc=0.96 gt_auroc=1.0 n=200 (capped) [cached]
2026-08-05 07:16:44,629 | INFO    | molsanity | [stage cell_Benzene__GINE__Saliency__random__seed2] cache hit (93005be6cf7b0642) — skipping
2026-08-05 07:16:44,629 | INFO    | molsanity | [cell Benzene__GINE__Saliency__random__seed2] DONE — acc=0.66 gt_auroc=0.9996942852179954 n=200 (capped) [cached]
2026-08-05 07:16:45,342 | INFO    | molsanity | [stage cell_Benzene__GINE__InputXGradient__scaffold__seed0] cache hit (e7762e5770f7ae99) — skipping
2026-08-05 07:16:45,342 | INFO    | molsanity | [cell Benzene__GINE__InputXGradient__scaffold__seed0] DONE — acc=0.99 gt_auroc=0.9998370804822417 n=200 (capped) [cached]
2026-08-05 07:16:46,060 | INFO    | molsanity | [stage cell_Benzene__GINE__InputXGradient__scaffold__seed1] cache hit (58cf5b0d1ceee4b3) — skipping
2026-08-05 07:16:46,060 | INFO    | molsanity | [cell Benzene__GINE__InputXGradient__scaffold__seed1] DONE — acc=0.80 gt_auroc=0.9992770446399479 n=200 (capped) [cached]
2026-08-05 07:16:46,805 | INFO    | molsanity | [stage cell_Benzene__GINE__InputXGradient__scaffold__seed2] cache hit (29ccc61dad410574) — skipping
2026-08-05 07:16:46,805 | INFO    | molsanity | [cell Benzene__GINE__InputXGradient__scaffold__seed2] DONE — acc=0.79 gt_auroc=0.9986314760508309 n=200 (capped) [cached]
2026-08-05 07:16:47,507 | INFO    | molsanity | [stage cell_Benzene__GINE__InputXGradient__random__seed0] cache hit (f64af3280dbb03db) — skipping
2026-08-05 07:16:47,507 | INFO    | molsanity | [cell Benzene__GINE__InputXGradient__random__seed0] DONE — acc=0.99 gt_auroc=0.9946051261866038 n=200 (capped) [cached]
2026-08-05 07:16:48,225 | INFO    | molsanity | [stage cell_Benzene__GINE__InputXGradient__random__seed1] cache hit (17c58fc1c42d0ecc) — skipping
2026-08-05 07:16:48,225 | INFO    | molsanity | [cell Benzene__GINE__InputXGradient__random__seed1] DONE — acc=0.96 gt_auroc=1.0 n=200 (capped) [cached]
2026-08-05 07:16:48,923 | INFO    | molsanity | [stage cell_Benzene__GINE__InputXGradient__random__seed2] cache hit (7ed71caab80210f2) — skipping
2026-08-05 07:16:48,923 | INFO    | molsanity | [cell Benzene__GINE__InputXGradient__random__seed2] DONE — acc=0.66 gt_auroc=0.9996942852179954 n=200 (capped) [cached]
2026-08-05 07:16:49,643 | INFO    | molsanity | [stage cell_Benzene__GINE__GuidedBackprop__scaffold__seed0] cache hit (614c6314cbdd691f) — skipping
2026-08-05 07:16:49,644 | INFO    | molsanity | [cell Benzene__GINE__GuidedBackprop__scaffold__seed0] DONE — acc=0.99 gt_auroc=0.9930995198665977 n=200 (capped) [cached]
2026-08-05 07:16:50,366 | INFO    | molsanity | [stage cell_Benzene__GINE__GuidedBackprop__scaffold__seed1] cache hit (ac20e320a496d012) — skipping
2026-08-05 07:16:50,366 | INFO    | molsanity | [cell Benzene__GINE__GuidedBackprop__scaffold__seed1] DONE — acc=0.80 gt_auroc=0.7292028857385561 n=200 (capped) [cached]
2026-08-05 07:16:51,101 | INFO    | molsanity | [stage cell_Benzene__GINE__GuidedBackprop__scaffold__seed2] cache hit (8b6a589a219c2558) — skipping
2026-08-05 07:16:51,101 | INFO    | molsanity | [cell Benzene__GINE__GuidedBackprop__scaffold__seed2] DONE — acc=0.79 gt_auroc=0.7533804967360095 n=200 (capped) [cached]
2026-08-05 07:16:51,818 | INFO    | molsanity | [stage cell_Benzene__GINE__GuidedBackprop__random__seed0] cache hit (b42e6717ad857db6) — skipping
2026-08-05 07:16:51,818 | INFO    | molsanity | [cell Benzene__GINE__GuidedBackprop__random__seed0] DONE — acc=0.99 gt_auroc=0.9911591077051602 n=200 (capped) [cached]
2026-08-05 07:16:52,518 | INFO    | molsanity | [stage cell_Benzene__GINE__GuidedBackprop__random__seed1] cache hit (f787b6515bceec80) — skipping
2026-08-05 07:16:52,518 | INFO    | molsanity | [cell Benzene__GINE__GuidedBackprop__random__seed1] DONE — acc=0.96 gt_auroc=0.9577542796567249 n=200 (capped) [cached]
2026-08-05 07:16:53,222 | INFO    | molsanity | [stage cell_Benzene__GINE__GuidedBackprop__random__seed2] cache hit (c5aec164b98c33a4) — skipping
2026-08-05 07:16:53,222 | INFO    | molsanity | [cell Benzene__GINE__GuidedBackprop__random__seed2] DONE — acc=0.66 gt_auroc=0.7428174115608979 n=200 (capped) [cached]
2026-08-05 07:16:53,922 | INFO    | molsanity | [stage cell_Benzene__GINE__GNNExplainer__scaffold__seed0] cache hit (6347de3f29856056) — skipping
2026-08-05 07:16:53,922 | INFO    | molsanity | [cell Benzene__GINE__GNNExplainer__scaffold__seed0] DONE — acc=0.99 gt_auroc=0.2781377710859801 n=200 (capped) [cached]
2026-08-05 07:16:54,606 | INFO    | molsanity | [stage cell_Benzene__GINE__GNNExplainer__scaffold__seed1] cache hit (b7f8a6b8a6ef7e4b) — skipping
2026-08-05 07:16:54,607 | INFO    | molsanity | [cell Benzene__GINE__GNNExplainer__scaffold__seed1] DONE — acc=0.80 gt_auroc=0.45191340275260344 n=200 (capped) [cached]
2026-08-05 07:16:55,306 | INFO    | molsanity | [stage cell_Benzene__GINE__GNNExplainer__scaffold__seed2] cache hit (98ea5185857ebae2) — skipping
2026-08-05 07:16:55,306 | INFO    | molsanity | [cell Benzene__GINE__GNNExplainer__scaffold__seed2] DONE — acc=0.79 gt_auroc=0.4887007554545587 n=200 (capped) [cached]
2026-08-05 07:16:55,993 | INFO    | molsanity | [stage cell_Benzene__GINE__GNNExplainer__random__seed0] cache hit (8ed7f51371324822) — skipping
2026-08-05 07:16:55,993 | INFO    | molsanity | [cell Benzene__GINE__GNNExplainer__random__seed0] DONE — acc=0.99 gt_auroc=0.5310552172652152 n=200 (capped) [cached]
2026-08-05 07:16:56,705 | INFO    | molsanity | [stage cell_Benzene__GINE__GNNExplainer__random__seed1] cache hit (6cffd711fdf6ac43) — skipping
2026-08-05 07:16:56,705 | INFO    | molsanity | [cell Benzene__GINE__GNNExplainer__random__seed1] DONE — acc=0.96 gt_auroc=0.4740577983739195 n=200 (capped) [cached]
2026-08-05 07:16:58,080 | INFO    | molsanity | [stage cell_Benzene__GINE__GNNExplainer__random__seed2] cache hit (e7bdd1f22af55c3c) — skipping
2026-08-05 07:16:58,080 | INFO    | molsanity | [cell Benzene__GINE__GNNExplainer__random__seed2] DONE — acc=0.66 gt_auroc=0.5308580347978549 n=200 (capped) [cached]
2026-08-05 07:16:59,621 | INFO    | molsanity | [stage cell_Benzene__GINE__PGExplainer__scaffold__seed0] cache hit (34c86d1b17a60df9) — skipping
2026-08-05 07:16:59,621 | INFO    | molsanity | [cell Benzene__GINE__PGExplainer__scaffold__seed0] DONE — acc=0.99 gt_auroc=0.37506830632517224 n=200 (capped) [cached]
2026-08-05 07:16:59,625 | INFO    | molsanity | [stage cell_Benzene__GINE__PGExplainer__scaffold__seed1] running (969c94d09924bfde)
2026-08-05 07:17:00,922 | INFO    | molsanity | Benzene checksum recorded: 4f747f320131
2026-08-05 07:17:00,923 | INFO    | molsanity | Loaded Benzene (GraphXAI Benzene): 1000 molecules (500 positive), 0 dropped for an unscoreable mask, checksum 4f747f320131
2026-08-05 07:17:01,035 | INFO    | molsanity | Scaffold split: 1000 scaffolds over 1000 molecules (1000 scaffold-less, 0.0% of molecules in multi-member groups) -> train 600 / val 100 / test 300
2026-08-05 07:17:01,035 | WARNING | molsanity | Scaffold split is DEGENERATE: only 0.0% of molecules share a scaffold with another molecule, so this partition is deterministic but not a chemical shift regime. Do not report it as scaffold shift.
2026-08-05 07:17:01,879 | INFO    | molsanity | Loaded existing checkpoint gine_f5c15ef09ae9f11e.pt
2026-08-05 07:17:38,136 | INFO    | molsanity | PGExplainer trained on 200 graphs (30 epochs), final loss 1.1078
2026-08-05 07:18:02,359 | INFO    | molsanity | PGExplainer trained on 200 graphs (30 epochs), final loss 0.0336
2026-08-05 07:18:02,359 | INFO    | molsanity | [cell Benzene__GINE__PGExplainer__scaffold] auditing 200 molecules (capped from 300)
2026-08-05 07:18:02,363 | INFO    | molsanity | [cell Benzene__GINE__PGExplainer__scaffold] auditing on 48 worker processes (CPU)
2026-08-05 07:18:03,000 | INFO    | molsanity | [cell Benzene__GINE__PGExplainer__scaffold] 200 molecules in 0.0 min (0.00s each, 48 workers)
2026-08-05 07:18:03,568 | INFO    | molsanity | Wrote GT-validation figure: artifacts/figures/Benzene__GINE__PGExplainer__scaffold/gt_validation.pdf (+ .svg)
2026-08-05 07:18:03,577 | INFO    | molsanity | Skipping molecule SVG (no aligned mol for case_molecule.svg)
2026-08-05 07:18:05,231 | INFO    | molsanity | [cell Benzene__GINE__PGExplainer__scaffold__seed1] DONE — acc=0.80 gt_auroc=0.4742520433559583 n=200 (capped)
2026-08-05 07:18:05,235 | INFO    | molsanity | [stage cell_Benzene__GINE__PGExplainer__scaffold__seed2] running (ab9528434944f635)
2026-08-05 07:18:06,490 | INFO    | molsanity | Loaded Benzene (GraphXAI Benzene): 1000 molecules (500 positive), 0 dropped for an unscoreable mask, checksum 4f747f320131
2026-08-05 07:18:06,546 | INFO    | molsanity | Scaffold split: 1000 scaffolds over 1000 molecules (1000 scaffold-less, 0.0% of molecules in multi-member groups) -> train 600 / val 100 / test 300
2026-08-05 07:18:06,546 | WARNING | molsanity | Scaffold split is DEGENERATE: only 0.0% of molecules share a scaffold with another molecule, so this partition is deterministic but not a chemical shift regime. Do not report it as scaffold shift.
2026-08-05 07:18:07,287 | INFO    | molsanity | Loaded existing checkpoint gine_1d1fe9a338e03208.pt
2026-08-05 07:18:43,892 | INFO    | molsanity | PGExplainer trained on 200 graphs (30 epochs), final loss 0.1735
2026-08-05 07:19:08,622 | INFO    | molsanity | PGExplainer trained on 200 graphs (30 epochs), final loss 0.0349
2026-08-05 07:19:08,622 | INFO    | molsanity | [cell Benzene__GINE__PGExplainer__scaffold] auditing 200 molecules (capped from 300)
2026-08-05 07:19:08,625 | INFO    | molsanity | [cell Benzene__GINE__PGExplainer__scaffold] auditing on 48 worker processes (CPU)
2026-08-05 07:19:09,323 | INFO    | molsanity | [cell Benzene__GINE__PGExplainer__scaffold] 200 molecules in 0.0 min (0.00s each, 48 workers)
2026-08-05 07:19:09,497 | INFO    | molsanity | Wrote GT-validation figure: artifacts/figures/Benzene__GINE__PGExplainer__scaffold/gt_validation.pdf (+ .svg)
2026-08-05 07:19:09,498 | INFO    | molsanity | Skipping molecule SVG (no aligned mol for case_molecule.svg)
2026-08-05 07:19:09,521 | INFO    | molsanity | [cell Benzene__GINE__PGExplainer__scaffold__seed2] DONE — acc=0.79 gt_auroc=0.3231477366876348 n=200 (capped)
2026-08-05 07:19:09,525 | INFO    | molsanity | [stage cell_Benzene__GINE__PGExplainer__random__seed0] running (abd21de5e8cb477d)
2026-08-05 07:19:10,609 | INFO    | molsanity | Loaded Benzene (GraphXAI Benzene): 1000 molecules (500 positive), 0 dropped for an unscoreable mask, checksum 4f747f320131
2026-08-05 07:19:11,393 | INFO    | molsanity | Loaded existing checkpoint gine_9019fa5f13484678.pt
2026-08-05 07:19:47,828 | INFO    | molsanity | PGExplainer trained on 200 graphs (30 epochs), final loss 0.3089
2026-08-05 07:20:12,746 | INFO    | molsanity | PGExplainer trained on 200 graphs (30 epochs), final loss 0.0325
2026-08-05 07:20:12,746 | INFO    | molsanity | [cell Benzene__GINE__PGExplainer__random] auditing 200 molecules (capped from 300)
2026-08-05 07:20:12,749 | INFO    | molsanity | [cell Benzene__GINE__PGExplainer__random] auditing on 48 worker processes (CPU)
2026-08-05 07:20:13,462 | INFO    | molsanity | [cell Benzene__GINE__PGExplainer__random] 200 molecules in 0.0 min (0.00s each, 48 workers)
2026-08-05 07:20:13,647 | INFO    | molsanity | Wrote GT-validation figure: artifacts/figures/Benzene__GINE__PGExplainer__random/gt_validation.pdf (+ .svg)
2026-08-05 07:20:13,647 | INFO    | molsanity | Skipping molecule SVG (no aligned mol for case_molecule.svg)
2026-08-05 07:20:13,673 | INFO    | molsanity | [cell Benzene__GINE__PGExplainer__random__seed0] DONE — acc=0.99 gt_auroc=0.11271152421891437 n=200 (capped)
2026-08-05 07:20:13,677 | INFO    | molsanity | [stage cell_Benzene__GINE__PGExplainer__random__seed1] running (f5fa132e5c70db1f)
2026-08-05 07:20:14,763 | INFO    | molsanity | Loaded Benzene (GraphXAI Benzene): 1000 molecules (500 positive), 0 dropped for an unscoreable mask, checksum 4f747f320131
2026-08-05 07:20:15,573 | INFO    | molsanity | Loaded existing checkpoint gine_9e60f2a1f6c37043.pt
2026-08-05 07:20:52,987 | INFO    | molsanity | PGExplainer trained on 200 graphs (30 epochs), final loss 1.6158
2026-08-05 07:21:17,747 | INFO    | molsanity | PGExplainer trained on 200 graphs (30 epochs), final loss 0.0363
2026-08-05 07:21:17,748 | INFO    | molsanity | [cell Benzene__GINE__PGExplainer__random] auditing 200 molecules (capped from 300)
2026-08-05 07:21:17,751 | INFO    | molsanity | [cell Benzene__GINE__PGExplainer__random] auditing on 48 worker processes (CPU)
2026-08-05 07:21:18,478 | INFO    | molsanity | [cell Benzene__GINE__PGExplainer__random] 200 molecules in 0.0 min (0.00s each, 48 workers)
2026-08-05 07:21:18,651 | INFO    | molsanity | Wrote GT-validation figure: artifacts/figures/Benzene__GINE__PGExplainer__random/gt_validation.pdf (+ .svg)
2026-08-05 07:21:18,651 | INFO    | molsanity | Skipping molecule SVG (no aligned mol for case_molecule.svg)
2026-08-05 07:21:18,681 | INFO    | molsanity | [cell Benzene__GINE__PGExplainer__random__seed1] DONE — acc=0.96 gt_auroc=0.1931136061606934 n=200 (capped)
2026-08-05 07:21:18,686 | INFO    | molsanity | [stage cell_Benzene__GINE__PGExplainer__random__seed2] running (76bfc6e1bd76221c)
2026-08-05 07:21:19,765 | INFO    | molsanity | Loaded Benzene (GraphXAI Benzene): 1000 molecules (500 positive), 0 dropped for an unscoreable mask, checksum 4f747f320131
2026-08-05 07:21:20,536 | INFO    | molsanity | Loaded existing checkpoint gine_258ea52a825ebeef.pt
2026-08-05 07:21:57,100 | INFO    | molsanity | PGExplainer trained on 200 graphs (30 epochs), final loss 0.3647
2026-08-05 07:22:22,337 | INFO    | molsanity | PGExplainer trained on 200 graphs (30 epochs), final loss 0.0545
2026-08-05 07:22:22,337 | INFO    | molsanity | [cell Benzene__GINE__PGExplainer__random] auditing 200 molecules (capped from 300)
2026-08-05 07:22:22,340 | INFO    | molsanity | [cell Benzene__GINE__PGExplainer__random] auditing on 48 worker processes (CPU)
2026-08-05 07:22:23,097 | INFO    | molsanity | [cell Benzene__GINE__PGExplainer__random] 200 molecules in 0.0 min (0.00s each, 48 workers)
2026-08-05 07:22:23,477 | INFO    | molsanity | Wrote GT-validation figure: artifacts/figures/Benzene__GINE__PGExplainer__random/gt_validation.pdf (+ .svg)
2026-08-05 07:22:23,478 | INFO    | molsanity | Skipping molecule SVG (no aligned mol for case_molecule.svg)
2026-08-05 07:22:23,500 | INFO    | molsanity | [cell Benzene__GINE__PGExplainer__random__seed2] DONE — acc=0.66 gt_auroc=0.6383015789416182 n=200 (capped)
2026-08-05 07:22:23,505 | INFO    | molsanity | [stage cell_Benzene__GINE__SubgraphX__scaffold__seed0] running (d98adc08ea860f2d)
2026-08-05 07:22:24,594 | INFO    | molsanity | Loaded Benzene (GraphXAI Benzene): 1000 molecules (500 positive), 0 dropped for an unscoreable mask, checksum 4f747f320131
2026-08-05 07:22:24,651 | INFO    | molsanity | Scaffold split: 1000 scaffolds over 1000 molecules (1000 scaffold-less, 0.0% of molecules in multi-member groups) -> train 600 / val 100 / test 300
2026-08-05 07:22:24,651 | WARNING | molsanity | Scaffold split is DEGENERATE: only 0.0% of molecules share a scaffold with another molecule, so this partition is deterministic but not a chemical shift regime. Do not report it as scaffold shift.
2026-08-05 07:22:25,431 | INFO    | molsanity | Loaded existing checkpoint gine_4d5c96093a45ffb9.pt
2026-08-05 07:22:26,209 | INFO    | molsanity | [cell Benzene__GINE__SubgraphX__scaffold] auditing 200 molecules (capped from 300)
2026-08-05 07:22:26,210 | INFO    | molsanity | [cell Benzene__GINE__SubgraphX__scaffold] auditing on 48 worker processes (CPU)
2026-08-05 07:25:13,654 | INFO    | molsanity | [cell Benzene__GINE__SubgraphX__scaffold] 200 molecules in 2.8 min (0.84s each, 48 workers)
2026-08-05 07:25:13,833 | INFO    | molsanity | Wrote GT-validation figure: artifacts/figures/Benzene__GINE__SubgraphX__scaffold/gt_validation.pdf (+ .svg)
2026-08-05 07:25:13,833 | INFO    | molsanity | Skipping molecule SVG (no aligned mol for case_molecule.svg)
2026-08-05 07:25:13,865 | INFO    | molsanity | [cell Benzene__GINE__SubgraphX__scaffold__seed0] DONE — acc=0.99 gt_auroc=0.770471721967902 n=200 (capped)
2026-08-05 07:25:13,870 | INFO    | molsanity | [stage cell_Benzene__GINE__SubgraphX__scaffold__seed1] running (b749869c6146f318)
2026-08-05 07:25:14,987 | INFO    | molsanity | Loaded Benzene (GraphXAI Benzene): 1000 molecules (500 positive), 0 dropped for an unscoreable mask, checksum 4f747f320131
2026-08-05 07:25:15,047 | INFO    | molsanity | Scaffold split: 1000 scaffolds over 1000 molecules (1000 scaffold-less, 0.0% of molecules in multi-member groups) -> train 600 / val 100 / test 300
2026-08-05 07:25:15,047 | WARNING | molsanity | Scaffold split is DEGENERATE: only 0.0% of molecules share a scaffold with another molecule, so this partition is deterministic but not a chemical shift regime. Do not report it as scaffold shift.
2026-08-05 07:25:15,054 | INFO    | molsanity | Loaded existing checkpoint gine_f5c15ef09ae9f11e.pt
2026-08-05 07:25:15,060 | INFO    | molsanity | [cell Benzene__GINE__SubgraphX__scaffold] auditing 200 molecules (capped from 300)
2026-08-05 07:25:15,061 | INFO    | molsanity | [cell Benzene__GINE__SubgraphX__scaffold] auditing on 48 worker processes (CPU)
2026-08-05 07:27:54,159 | INFO    | molsanity | [cell Benzene__GINE__SubgraphX__scaffold] 200 molecules in 2.7 min (0.80s each, 48 workers)
2026-08-05 07:27:54,340 | INFO    | molsanity | Wrote GT-validation figure: artifacts/figures/Benzene__GINE__SubgraphX__scaffold/gt_validation.pdf (+ .svg)
2026-08-05 07:27:54,340 | INFO    | molsanity | Skipping molecule SVG (no aligned mol for case_molecule.svg)
2026-08-05 07:27:54,361 | INFO    | molsanity | [cell Benzene__GINE__SubgraphX__scaffold__seed1] DONE — acc=0.80 gt_auroc=0.5975355007188623 n=200 (capped)
2026-08-05 07:27:54,365 | INFO    | molsanity | [stage cell_Benzene__GINE__SubgraphX__scaffold__seed2] running (e48493938ff2761f)
2026-08-05 07:27:55,467 | INFO    | molsanity | Loaded Benzene (GraphXAI Benzene): 1000 molecules (500 positive), 0 dropped for an unscoreable mask, checksum 4f747f320131
2026-08-05 07:27:55,524 | INFO    | molsanity | Scaffold split: 1000 scaffolds over 1000 molecules (1000 scaffold-less, 0.0% of molecules in multi-member groups) -> train 600 / val 100 / test 300
2026-08-05 07:27:55,524 | WARNING | molsanity | Scaffold split is DEGENERATE: only 0.0% of molecules share a scaffold with another molecule, so this partition is deterministic but not a chemical shift regime. Do not report it as scaffold shift.
2026-08-05 07:27:55,531 | INFO    | molsanity | Loaded existing checkpoint gine_1d1fe9a338e03208.pt
2026-08-05 07:27:55,537 | INFO    | molsanity | [cell Benzene__GINE__SubgraphX__scaffold] auditing 200 molecules (capped from 300)
2026-08-05 07:27:55,538 | INFO    | molsanity | [cell Benzene__GINE__SubgraphX__scaffold] auditing on 48 worker processes (CPU)
2026-08-05 07:30:43,485 | INFO    | molsanity | [cell Benzene__GINE__SubgraphX__scaffold] 200 molecules in 2.8 min (0.84s each, 48 workers)
2026-08-05 07:30:43,659 | INFO    | molsanity | Wrote GT-validation figure: artifacts/figures/Benzene__GINE__SubgraphX__scaffold/gt_validation.pdf (+ .svg)
2026-08-05 07:30:43,660 | INFO    | molsanity | Skipping molecule SVG (no aligned mol for case_molecule.svg)
2026-08-05 07:30:43,681 | INFO    | molsanity | [cell Benzene__GINE__SubgraphX__scaffold__seed2] DONE — acc=0.79 gt_auroc=0.5184858253525235 n=200 (capped)
2026-08-05 07:30:43,686 | INFO    | molsanity | [stage cell_Benzene__GINE__SubgraphX__random__seed0] running (9ba8a12a61463b94)
2026-08-05 07:30:44,767 | INFO    | molsanity | Loaded Benzene (GraphXAI Benzene): 1000 molecules (500 positive), 0 dropped for an unscoreable mask, checksum 4f747f320131
2026-08-05 07:30:44,827 | INFO    | molsanity | Loaded existing checkpoint gine_9019fa5f13484678.pt
2026-08-05 07:30:44,833 | INFO    | molsanity | [cell Benzene__GINE__SubgraphX__random] auditing 200 molecules (capped from 300)
2026-08-05 07:30:44,834 | INFO    | molsanity | [cell Benzene__GINE__SubgraphX__random] auditing on 48 worker processes (CPU)
2026-08-05 07:33:25,495 | INFO    | molsanity | [cell Benzene__GINE__SubgraphX__random] 200 molecules in 2.7 min (0.80s each, 48 workers)
2026-08-05 07:33:25,675 | INFO    | molsanity | Wrote GT-validation figure: artifacts/figures/Benzene__GINE__SubgraphX__random/gt_validation.pdf (+ .svg)
2026-08-05 07:33:25,675 | INFO    | molsanity | Skipping molecule SVG (no aligned mol for case_molecule.svg)
2026-08-05 07:33:25,709 | INFO    | molsanity | [cell Benzene__GINE__SubgraphX__random__seed0] DONE — acc=0.99 gt_auroc=0.49742005488128077 n=200 (capped)
2026-08-05 07:33:25,714 | INFO    | molsanity | [stage cell_Benzene__GINE__SubgraphX__random__seed1] running (f176f5363fb263d6)
2026-08-05 07:33:26,792 | INFO    | molsanity | Loaded Benzene (GraphXAI Benzene): 1000 molecules (500 positive), 0 dropped for an unscoreable mask, checksum 4f747f320131
2026-08-05 07:33:26,853 | INFO    | molsanity | Loaded existing checkpoint gine_9e60f2a1f6c37043.pt
2026-08-05 07:33:26,859 | INFO    | molsanity | [cell Benzene__GINE__SubgraphX__random] auditing 200 molecules (capped from 300)
2026-08-05 07:33:26,861 | INFO    | molsanity | [cell Benzene__GINE__SubgraphX__random] auditing on 48 worker processes (CPU)
2026-08-05 07:35:49,366 | INFO    | molsanity | [cell Benzene__GINE__SubgraphX__random] 200 molecules in 2.4 min (0.71s each, 48 workers)
2026-08-05 07:35:49,745 | INFO    | molsanity | Wrote GT-validation figure: artifacts/figures/Benzene__GINE__SubgraphX__random/gt_validation.pdf (+ .svg)
2026-08-05 07:35:49,745 | INFO    | molsanity | Skipping molecule SVG (no aligned mol for case_molecule.svg)
2026-08-05 07:35:49,768 | INFO    | molsanity | [cell Benzene__GINE__SubgraphX__random__seed1] DONE — acc=0.96 gt_auroc=0.5542481134232967 n=200 (capped)
2026-08-05 07:35:49,772 | INFO    | molsanity | [stage cell_Benzene__GINE__SubgraphX__random__seed2] running (1185ab4c01232468)
2026-08-05 07:35:50,869 | INFO    | molsanity | Loaded Benzene (GraphXAI Benzene): 1000 molecules (500 positive), 0 dropped for an unscoreable mask, checksum 4f747f320131
2026-08-05 07:35:50,928 | INFO    | molsanity | Loaded existing checkpoint gine_258ea52a825ebeef.pt
2026-08-05 07:35:50,935 | INFO    | molsanity | [cell Benzene__GINE__SubgraphX__random] auditing 200 molecules (capped from 300)
2026-08-05 07:35:50,936 | INFO    | molsanity | [cell Benzene__GINE__SubgraphX__random] auditing on 48 worker processes (CPU)
2026-08-05 07:38:18,471 | INFO    | molsanity | [cell Benzene__GINE__SubgraphX__random] 200 molecules in 2.5 min (0.74s each, 48 workers)
2026-08-05 07:38:18,653 | INFO    | molsanity | Wrote GT-validation figure: artifacts/figures/Benzene__GINE__SubgraphX__random/gt_validation.pdf (+ .svg)
2026-08-05 07:38:18,653 | INFO    | molsanity | Skipping molecule SVG (no aligned mol for case_molecule.svg)
2026-08-05 07:38:18,681 | INFO    | molsanity | [cell Benzene__GINE__SubgraphX__random__seed2] DONE — acc=0.66 gt_auroc=0.45743618653873686 n=200 (capped)
2026-08-05 07:38:19,160 | INFO    | molsanity | [stage cell_ShapeGGen__GINE__IntegratedGradients__scaffold__seed0] cache hit (d4ef1083ae7dfedd) — skipping
2026-08-05 07:38:19,160 | INFO    | molsanity | [cell ShapeGGen__GINE__IntegratedGradients__scaffold__seed0] DONE — acc=0.70 gt_auroc=0.768602481469148 n=50 (capped) [cached]
2026-08-05 07:38:19,875 | INFO    | molsanity | [stage cell_ShapeGGen__GINE__IntegratedGradients__scaffold__seed1] cache hit (95a40053862f39ea) — skipping
2026-08-05 07:38:19,875 | INFO    | molsanity | [cell ShapeGGen__GINE__IntegratedGradients__scaffold__seed1] DONE — acc=0.26 gt_auroc=0.703657040336207 n=50 (capped) [cached]
2026-08-05 07:38:20,341 | INFO    | molsanity | [stage cell_ShapeGGen__GINE__IntegratedGradients__scaffold__seed2] cache hit (874a57ac4d29580b) — skipping
2026-08-05 07:38:20,341 | INFO    | molsanity | [cell ShapeGGen__GINE__IntegratedGradients__scaffold__seed2] DONE — acc=0.78 gt_auroc=0.707840003052503 n=50 (capped) [cached]
2026-08-05 07:38:20,850 | INFO    | molsanity | [stage cell_ShapeGGen__GINE__IntegratedGradients__random__seed0] cache hit (e69b63396d58c4f5) — skipping
2026-08-05 07:38:20,850 | INFO    | molsanity | [cell ShapeGGen__GINE__IntegratedGradients__random__seed0] DONE — acc=0.74 gt_auroc=0.7316025759073379 n=50 (capped) [cached]
2026-08-05 07:38:21,431 | INFO    | molsanity | [stage cell_ShapeGGen__GINE__IntegratedGradients__random__seed1] cache hit (70e1877a81c0abff) — skipping
2026-08-05 07:38:21,431 | INFO    | molsanity | [cell ShapeGGen__GINE__IntegratedGradients__random__seed1] DONE — acc=0.82 gt_auroc=0.7162817404674897 n=50 (capped) [cached]
2026-08-05 07:38:21,960 | INFO    | molsanity | [stage cell_ShapeGGen__GINE__IntegratedGradients__random__seed2] cache hit (37bfd2771b757675) — skipping
2026-08-05 07:38:21,960 | INFO    | molsanity | [cell ShapeGGen__GINE__IntegratedGradients__random__seed2] DONE — acc=0.78 gt_auroc=0.751419329700282 n=50 (capped) [cached]
2026-08-05 07:38:22,336 | INFO    | molsanity | [stage cell_ShapeGGen__GINE__Saliency__scaffold__seed0] cache hit (c64c209572b27157) — skipping
2026-08-05 07:38:22,336 | INFO    | molsanity | [cell ShapeGGen__GINE__Saliency__scaffold__seed0] DONE — acc=0.70 gt_auroc=0.7985951022742688 n=50 (capped) [cached]
2026-08-05 07:38:22,732 | INFO    | molsanity | [stage cell_ShapeGGen__GINE__Saliency__scaffold__seed1] cache hit (3f632a0b5beea86a) — skipping
2026-08-05 07:38:22,732 | INFO    | molsanity | [cell ShapeGGen__GINE__Saliency__scaffold__seed1] DONE — acc=0.26 gt_auroc=0.7870773205189872 n=50 (capped) [cached]
2026-08-05 07:38:23,093 | INFO    | molsanity | [stage cell_ShapeGGen__GINE__Saliency__scaffold__seed2] cache hit (8b436ee0b6231128) — skipping
2026-08-05 07:38:23,093 | INFO    | molsanity | [cell ShapeGGen__GINE__Saliency__scaffold__seed2] DONE — acc=0.78 gt_auroc=0.7418841935841937 n=50 (capped) [cached]
2026-08-05 07:38:23,776 | INFO    | molsanity | [stage cell_ShapeGGen__GINE__Saliency__random__seed0] cache hit (8663ac3dc8be667c) — skipping
2026-08-05 07:38:23,776 | INFO    | molsanity | [cell ShapeGGen__GINE__Saliency__random__seed0] DONE — acc=0.74 gt_auroc=0.7617182034676082 n=50 (capped) [cached]
2026-08-05 07:38:24,460 | INFO    | molsanity | [stage cell_ShapeGGen__GINE__Saliency__random__seed1] cache hit (270ef55de1433ccc) — skipping
2026-08-05 07:38:24,461 | INFO    | molsanity | [cell ShapeGGen__GINE__Saliency__random__seed1] DONE — acc=0.82 gt_auroc=0.7762731758852207 n=50 (capped) [cached]
2026-08-05 07:38:24,983 | INFO    | molsanity | [stage cell_ShapeGGen__GINE__Saliency__random__seed2] cache hit (d5252c84bd1007e7) — skipping
2026-08-05 07:38:24,983 | INFO    | molsanity | [cell ShapeGGen__GINE__Saliency__random__seed2] DONE — acc=0.78 gt_auroc=0.769384145550217 n=50 (capped) [cached]
2026-08-05 07:38:25,362 | INFO    | molsanity | [stage cell_ShapeGGen__GINE__InputXGradient__scaffold__seed0] cache hit (a0b1f89f606a0770) — skipping
2026-08-05 07:38:25,362 | INFO    | molsanity | [cell ShapeGGen__GINE__InputXGradient__scaffold__seed0] DONE — acc=0.70 gt_auroc=0.7328869949494952 n=50 (capped) [cached]
2026-08-05 07:38:26,009 | INFO    | molsanity | [stage cell_ShapeGGen__GINE__InputXGradient__scaffold__seed1] cache hit (4c7ecebd88df668e) — skipping
2026-08-05 07:38:26,009 | INFO    | molsanity | [cell ShapeGGen__GINE__InputXGradient__scaffold__seed1] DONE — acc=0.26 gt_auroc=0.7163627045793713 n=50 (capped) [cached]
2026-08-05 07:38:26,456 | INFO    | molsanity | [stage cell_ShapeGGen__GINE__InputXGradient__scaffold__seed2] cache hit (fefe10089090109b) — skipping
2026-08-05 07:38:26,456 | INFO    | molsanity | [cell ShapeGGen__GINE__InputXGradient__scaffold__seed2] DONE — acc=0.78 gt_auroc=0.6764693934152268 n=50 (capped) [cached]
2026-08-05 07:38:27,155 | INFO    | molsanity | [stage cell_ShapeGGen__GINE__InputXGradient__random__seed0] cache hit (dba474bb9978b845) — skipping
2026-08-05 07:38:27,156 | INFO    | molsanity | [cell ShapeGGen__GINE__InputXGradient__random__seed0] DONE — acc=0.74 gt_auroc=0.7240912044304902 n=50 (capped) [cached]
2026-08-05 07:38:27,562 | INFO    | molsanity | [stage cell_ShapeGGen__GINE__InputXGradient__random__seed1] cache hit (0055c09711fc3798) — skipping
2026-08-05 07:38:27,562 | INFO    | molsanity | [cell ShapeGGen__GINE__InputXGradient__random__seed1] DONE — acc=0.82 gt_auroc=0.7180203965359777 n=50 (capped) [cached]
2026-08-05 07:38:27,969 | INFO    | molsanity | [stage cell_ShapeGGen__GINE__InputXGradient__random__seed2] cache hit (c761999c8611d2c2) — skipping
2026-08-05 07:38:27,969 | INFO    | molsanity | [cell ShapeGGen__GINE__InputXGradient__random__seed2] DONE — acc=0.78 gt_auroc=0.7320569259003783 n=50 (capped) [cached]
2026-08-05 07:38:28,405 | INFO    | molsanity | [stage cell_ShapeGGen__GINE__GuidedBackprop__scaffold__seed0] cache hit (b55ddd3487d243ff) — skipping
2026-08-05 07:38:28,406 | INFO    | molsanity | [cell ShapeGGen__GINE__GuidedBackprop__scaffold__seed0] DONE — acc=0.70 gt_auroc=0.8028543640001974 n=50 (capped) [cached]
2026-08-05 07:38:29,048 | INFO    | molsanity | [stage cell_ShapeGGen__GINE__GuidedBackprop__scaffold__seed1] cache hit (5ab331e6065f7394) — skipping
2026-08-05 07:38:29,048 | INFO    | molsanity | [cell ShapeGGen__GINE__GuidedBackprop__scaffold__seed1] DONE — acc=0.26 gt_auroc=0.833148354731688 n=50 (capped) [cached]
2026-08-05 07:38:29,440 | INFO    | molsanity | [stage cell_ShapeGGen__GINE__GuidedBackprop__scaffold__seed2] cache hit (94be335dede2a944) — skipping
2026-08-05 07:38:29,441 | INFO    | molsanity | [cell ShapeGGen__GINE__GuidedBackprop__scaffold__seed2] DONE — acc=0.78 gt_auroc=0.7727987293570626 n=50 (capped) [cached]
2026-08-05 07:38:30,176 | INFO    | molsanity | [stage cell_ShapeGGen__GINE__GuidedBackprop__random__seed0] cache hit (b59cedd47d579019) — skipping
2026-08-05 07:38:30,176 | INFO    | molsanity | [cell ShapeGGen__GINE__GuidedBackprop__random__seed0] DONE — acc=0.74 gt_auroc=0.7540469705558992 n=50 (capped) [cached]
2026-08-05 07:38:30,589 | INFO    | molsanity | [stage cell_ShapeGGen__GINE__GuidedBackprop__random__seed1] cache hit (d5206f9d6c72f37c) — skipping
2026-08-05 07:38:30,590 | INFO    | molsanity | [cell ShapeGGen__GINE__GuidedBackprop__random__seed1] DONE — acc=0.82 gt_auroc=0.7752071797056042 n=50 (capped) [cached]
2026-08-05 07:38:31,064 | INFO    | molsanity | [stage cell_ShapeGGen__GINE__GuidedBackprop__random__seed2] cache hit (72fcb526c0c3a433) — skipping
2026-08-05 07:38:31,065 | INFO    | molsanity | [cell ShapeGGen__GINE__GuidedBackprop__random__seed2] DONE — acc=0.78 gt_auroc=0.7909234349865302 n=50 (capped) [cached]
2026-08-05 07:38:31,698 | INFO    | molsanity | [stage cell_ShapeGGen__GINE__GNNExplainer__scaffold__seed0] cache hit (e932745a66556301) — skipping
2026-08-05 07:38:31,698 | INFO    | molsanity | [cell ShapeGGen__GINE__GNNExplainer__scaffold__seed0] DONE — acc=0.70 gt_auroc=0.7278227497810831 n=50 (capped) [cached]
2026-08-05 07:38:32,094 | INFO    | molsanity | [stage cell_ShapeGGen__GINE__GNNExplainer__scaffold__seed1] cache hit (2fc2b6ef72d91e65) — skipping
2026-08-05 07:38:32,094 | INFO    | molsanity | [cell ShapeGGen__GINE__GNNExplainer__scaffold__seed1] DONE — acc=0.26 gt_auroc=0.4991630559255559 n=50 (capped) [cached]
2026-08-05 07:38:32,753 | INFO    | molsanity | [stage cell_ShapeGGen__GINE__GNNExplainer__scaffold__seed2] cache hit (5c07671f8012851c) — skipping
2026-08-05 07:38:32,753 | INFO    | molsanity | [cell ShapeGGen__GINE__GNNExplainer__scaffold__seed2] DONE — acc=0.78 gt_auroc=0.49623726196642864 n=50 (capped) [cached]
2026-08-05 07:38:33,222 | INFO    | molsanity | [stage cell_ShapeGGen__GINE__GNNExplainer__random__seed0] cache hit (ead47b99d352cb37) — skipping
2026-08-05 07:38:33,222 | INFO    | molsanity | [cell ShapeGGen__GINE__GNNExplainer__random__seed0] DONE — acc=0.74 gt_auroc=0.5549694652789892 n=50 (capped) [cached]
2026-08-05 07:38:33,616 | INFO    | molsanity | [stage cell_ShapeGGen__GINE__GNNExplainer__random__seed1] cache hit (fb1e4d5f5e6b2ca4) — skipping
2026-08-05 07:38:33,616 | INFO    | molsanity | [cell ShapeGGen__GINE__GNNExplainer__random__seed1] DONE — acc=0.82 gt_auroc=0.6098561532033171 n=50 (capped) [cached]
2026-08-05 07:38:34,055 | INFO    | molsanity | [stage cell_ShapeGGen__GINE__GNNExplainer__random__seed2] cache hit (09ec524930286651) — skipping
2026-08-05 07:38:34,055 | INFO    | molsanity | [cell ShapeGGen__GINE__GNNExplainer__random__seed2] DONE — acc=0.78 gt_auroc=0.4831129766838101 n=50 (capped) [cached]
2026-08-05 07:38:34,722 | INFO    | molsanity | [stage cell_ShapeGGen__GINE__PGExplainer__scaffold__seed0] cache hit (18791108379d6f6c) — skipping
2026-08-05 07:38:34,722 | INFO    | molsanity | [cell ShapeGGen__GINE__PGExplainer__scaffold__seed0] DONE — acc=0.70 gt_auroc=0.4907962962962963 n=50 (capped) [cached]
2026-08-05 07:38:35,110 | INFO    | molsanity | [stage cell_ShapeGGen__GINE__PGExplainer__scaffold__seed1] cache hit (7ded5273e4efa69f) — skipping
2026-08-05 07:38:35,111 | INFO    | molsanity | [cell ShapeGGen__GINE__PGExplainer__scaffold__seed1] DONE — acc=0.26 gt_auroc=0.5952131785652619 n=50 (capped) [cached]
2026-08-05 07:38:35,491 | INFO    | molsanity | [stage cell_ShapeGGen__GINE__PGExplainer__scaffold__seed2] cache hit (507ff8cb84e2657b) — skipping
2026-08-05 07:38:35,492 | INFO    | molsanity | [cell ShapeGGen__GINE__PGExplainer__scaffold__seed2] DONE — acc=0.78 gt_auroc=0.6149051695218362 n=50 (capped) [cached]
2026-08-05 07:38:35,927 | INFO    | molsanity | [stage cell_ShapeGGen__GINE__PGExplainer__random__seed0] cache hit (2e65e0da9460f5a8) — skipping
2026-08-05 07:38:35,927 | INFO    | molsanity | [cell ShapeGGen__GINE__PGExplainer__random__seed0] DONE — acc=0.74 gt_auroc=0.5030558353683354 n=50 (capped) [cached]
2026-08-05 07:38:36,376 | INFO    | molsanity | [stage cell_ShapeGGen__GINE__PGExplainer__random__seed1] cache hit (9320ca1c73d1a513) — skipping
2026-08-05 07:38:36,376 | INFO    | molsanity | [cell ShapeGGen__GINE__PGExplainer__random__seed1] DONE — acc=0.82 gt_auroc=0.5058584091173377 n=50 (capped) [cached]
2026-08-05 07:38:36,864 | INFO    | molsanity | [stage cell_ShapeGGen__GINE__PGExplainer__random__seed2] cache hit (aaa23e13ac402f56) — skipping
2026-08-05 07:38:36,864 | INFO    | molsanity | [cell ShapeGGen__GINE__PGExplainer__random__seed2] DONE — acc=0.78 gt_auroc=0.4889872839792483 n=50 (capped) [cached]
2026-08-05 07:38:37,537 | INFO    | molsanity | [stage cell_ShapeGGen__GINE__SubgraphX__scaffold__seed0] cache hit (35b2931289882ea3) — skipping
2026-08-05 07:38:37,537 | INFO    | molsanity | [cell ShapeGGen__GINE__SubgraphX__scaffold__seed0] DONE — acc=0.70 gt_auroc=0.6659502442002443 n=50 (capped) [cached]
2026-08-05 07:38:37,927 | INFO    | molsanity | [stage cell_ShapeGGen__GINE__SubgraphX__scaffold__seed1] cache hit (ccba68296847ba2a) — skipping
2026-08-05 07:38:37,927 | INFO    | molsanity | [cell ShapeGGen__GINE__SubgraphX__scaffold__seed1] DONE — acc=0.26 gt_auroc=0.5811480463980465 n=50 (capped) [cached]
2026-08-05 07:38:38,522 | INFO    | molsanity | [stage cell_ShapeGGen__GINE__SubgraphX__scaffold__seed2] cache hit (aaf58e3b39ca0456) — skipping
2026-08-05 07:38:38,522 | INFO    | molsanity | [cell ShapeGGen__GINE__SubgraphX__scaffold__seed2] DONE — acc=0.78 gt_auroc=0.5481983294483296 n=50 (capped) [cached]
2026-08-05 07:38:38,911 | INFO    | molsanity | [stage cell_ShapeGGen__GINE__SubgraphX__random__seed0] cache hit (c847a8f910708844) — skipping
2026-08-05 07:38:38,911 | INFO    | molsanity | [cell ShapeGGen__GINE__SubgraphX__random__seed0] DONE — acc=0.74 gt_auroc=0.6757917637917638 n=50 (capped) [cached]
2026-08-05 07:38:39,295 | INFO    | molsanity | [stage cell_ShapeGGen__GINE__SubgraphX__random__seed1] cache hit (315c9ae015d88fa1) — skipping
2026-08-05 07:38:39,295 | INFO    | molsanity | [cell ShapeGGen__GINE__SubgraphX__random__seed1] DONE — acc=0.82 gt_auroc=0.6366717383923266 n=50 (capped) [cached]
2026-08-05 07:38:39,712 | INFO    | molsanity | [stage cell_ShapeGGen__GINE__SubgraphX__random__seed2] cache hit (065b41250923a691) — skipping
2026-08-05 07:38:39,712 | INFO    | molsanity | [cell ShapeGGen__GINE__SubgraphX__random__seed2] DONE — acc=0.78 gt_auroc=0.6197210289710289 n=50 (capped) [cached]
2026-08-05 07:38:40,130 | INFO    | molsanity | [stage cell_BBBP__GINE__IntegratedGradients__scaffold__seed0] cache hit (de2885aaef5dc35c) — skipping
2026-08-05 07:38:40,130 | INFO    | molsanity | [cell BBBP__GINE__IntegratedGradients__scaffold__seed0] DONE — acc=0.88 gt_auroc=nan n=200 (capped) [cached]
2026-08-05 07:38:40,727 | INFO    | molsanity | [stage cell_BBBP__GINE__IntegratedGradients__scaffold__seed1] cache hit (384b13e549ef2fa6) — skipping
2026-08-05 07:38:40,727 | INFO    | molsanity | [cell BBBP__GINE__IntegratedGradients__scaffold__seed1] DONE — acc=0.80 gt_auroc=nan n=200 (capped) [cached]
2026-08-05 07:38:41,129 | INFO    | molsanity | [stage cell_BBBP__GINE__IntegratedGradients__scaffold__seed2] cache hit (a660a3d92593d25c) — skipping
2026-08-05 07:38:41,129 | INFO    | molsanity | [cell BBBP__GINE__IntegratedGradients__scaffold__seed2] DONE — acc=0.81 gt_auroc=nan n=200 (capped) [cached]
2026-08-05 07:38:41,782 | INFO    | molsanity | [stage cell_BBBP__GINE__IntegratedGradients__random__seed0] cache hit (1766fee8e6f62e00) — skipping
2026-08-05 07:38:41,782 | INFO    | molsanity | [cell BBBP__GINE__IntegratedGradients__random__seed0] DONE — acc=0.74 gt_auroc=nan n=200 (capped) [cached]
2026-08-05 07:38:42,170 | INFO    | molsanity | [stage cell_BBBP__GINE__IntegratedGradients__random__seed1] cache hit (3a479b8c22ed04e9) — skipping
2026-08-05 07:38:42,170 | INFO    | molsanity | [cell BBBP__GINE__IntegratedGradients__random__seed1] DONE — acc=0.76 gt_auroc=nan n=200 (capped) [cached]
2026-08-05 07:38:42,549 | INFO    | molsanity | [stage cell_BBBP__GINE__IntegratedGradients__random__seed2] cache hit (58d4ccb56f722293) — skipping
2026-08-05 07:38:42,549 | INFO    | molsanity | [cell BBBP__GINE__IntegratedGradients__random__seed2] DONE — acc=0.69 gt_auroc=nan n=200 (capped) [cached]
2026-08-05 07:38:42,962 | INFO    | molsanity | [stage cell_BBBP__GCN__IntegratedGradients__scaffold__seed0] cache hit (edf4fa4acf7c015a) — skipping
2026-08-05 07:38:42,962 | INFO    | molsanity | [cell BBBP__GCN__IntegratedGradients__scaffold__seed0] DONE — acc=0.83 gt_auroc=nan n=200 (capped) [cached]
2026-08-05 07:38:43,401 | INFO    | molsanity | [stage cell_BBBP__GCN__IntegratedGradients__scaffold__seed1] cache hit (5ffe809bfbd74c2f) — skipping
2026-08-05 07:38:43,402 | INFO    | molsanity | [cell BBBP__GCN__IntegratedGradients__scaffold__seed1] DONE — acc=0.80 gt_auroc=nan n=200 (capped) [cached]
2026-08-05 07:38:43,766 | INFO    | molsanity | [stage cell_BBBP__GCN__IntegratedGradients__scaffold__seed2] cache hit (9c2a2c50982d7ef7) — skipping
2026-08-05 07:38:43,766 | INFO    | molsanity | [cell BBBP__GCN__IntegratedGradients__scaffold__seed2] DONE — acc=0.83 gt_auroc=nan n=200 (capped) [cached]
2026-08-05 07:38:44,122 | INFO    | molsanity | [stage cell_BBBP__GCN__IntegratedGradients__random__seed0] cache hit (97e624ae7bac4c6f) — skipping
2026-08-05 07:38:44,122 | INFO    | molsanity | [cell BBBP__GCN__IntegratedGradients__random__seed0] DONE — acc=0.73 gt_auroc=nan n=200 (capped) [cached]
2026-08-05 07:38:44,910 | INFO    | molsanity | [stage cell_BBBP__GCN__IntegratedGradients__random__seed1] cache hit (8fa850c34e93d915) — skipping
2026-08-05 07:38:44,910 | INFO    | molsanity | [cell BBBP__GCN__IntegratedGradients__random__seed1] DONE — acc=0.71 gt_auroc=nan n=200 (capped) [cached]
2026-08-05 07:38:45,357 | INFO    | molsanity | [stage cell_BBBP__GCN__IntegratedGradients__random__seed2] cache hit (6aec3bd316e4ac32) — skipping
2026-08-05 07:38:45,357 | INFO    | molsanity | [cell BBBP__GCN__IntegratedGradients__random__seed2] DONE — acc=0.78 gt_auroc=nan n=200 (capped) [cached]
2026-08-05 07:38:45,764 | INFO    | molsanity | [stage cell_BBBP__GAT__IntegratedGradients__scaffold__seed0] cache hit (b86bb3578f3a8ced) — skipping
2026-08-05 07:38:45,764 | INFO    | molsanity | [cell BBBP__GAT__IntegratedGradients__scaffold__seed0] DONE — acc=0.83 gt_auroc=nan n=200 (capped) [cached]
2026-08-05 07:38:46,461 | INFO    | molsanity | [stage cell_BBBP__GAT__IntegratedGradients__scaffold__seed1] cache hit (a53ed440b6dd82be) — skipping
2026-08-05 07:38:46,461 | INFO    | molsanity | [cell BBBP__GAT__IntegratedGradients__scaffold__seed1] DONE — acc=0.81 gt_auroc=nan n=200 (capped) [cached]
2026-08-05 07:38:46,853 | INFO    | molsanity | [stage cell_BBBP__GAT__IntegratedGradients__scaffold__seed2] cache hit (908766ed48fe9f6a) — skipping
2026-08-05 07:38:46,853 | INFO    | molsanity | [cell BBBP__GAT__IntegratedGradients__scaffold__seed2] DONE — acc=0.79 gt_auroc=nan n=200 (capped) [cached]
2026-08-05 07:38:47,530 | INFO    | molsanity | [stage cell_BBBP__GAT__IntegratedGradients__random__seed0] cache hit (4ef782b360928de3) — skipping
2026-08-05 07:38:47,530 | INFO    | molsanity | [cell BBBP__GAT__IntegratedGradients__random__seed0] DONE — acc=0.73 gt_auroc=nan n=200 (capped) [cached]
2026-08-05 07:38:48,053 | INFO    | molsanity | [stage cell_BBBP__GAT__IntegratedGradients__random__seed1] cache hit (897437302aa8e7cb) — skipping
2026-08-05 07:38:48,053 | INFO    | molsanity | [cell BBBP__GAT__IntegratedGradients__random__seed1] DONE — acc=0.74 gt_auroc=nan n=200 (capped) [cached]
2026-08-05 07:38:48,890 | INFO    | molsanity | [stage cell_BBBP__GAT__IntegratedGradients__random__seed2] cache hit (a28c2d80eef8438c) — skipping
2026-08-05 07:38:48,890 | INFO    | molsanity | [cell BBBP__GAT__IntegratedGradients__random__seed2] DONE — acc=0.73 gt_auroc=nan n=200 (capped) [cached]
2026-08-05 07:38:49,570 | INFO    | molsanity | [stage cell_BBBP__MPNN__IntegratedGradients__scaffold__seed0] cache hit (21c77251b1d3fd48) — skipping
2026-08-05 07:38:49,570 | INFO    | molsanity | [cell BBBP__MPNN__IntegratedGradients__scaffold__seed0] DONE — acc=0.81 gt_auroc=nan n=200 (capped) [cached]
2026-08-05 07:38:49,999 | INFO    | molsanity | [stage cell_BBBP__MPNN__IntegratedGradients__scaffold__seed1] cache hit (d606ccc3fac48414) — skipping
2026-08-05 07:38:49,999 | INFO    | molsanity | [cell BBBP__MPNN__IntegratedGradients__scaffold__seed1] DONE — acc=0.82 gt_auroc=nan n=200 (capped) [cached]
2026-08-05 07:38:50,514 | INFO    | molsanity | [stage cell_BBBP__MPNN__IntegratedGradients__scaffold__seed2] cache hit (03bda4f95316d57e) — skipping
2026-08-05 07:38:50,514 | INFO    | molsanity | [cell BBBP__MPNN__IntegratedGradients__scaffold__seed2] DONE — acc=0.82 gt_auroc=nan n=200 (capped) [cached]
2026-08-05 07:38:51,176 | INFO    | molsanity | [stage cell_BBBP__MPNN__IntegratedGradients__random__seed0] cache hit (259bfcff5920d193) — skipping
2026-08-05 07:38:51,176 | INFO    | molsanity | [cell BBBP__MPNN__IntegratedGradients__random__seed0] DONE — acc=0.74 gt_auroc=nan n=200 (capped) [cached]
2026-08-05 07:38:51,817 | INFO    | molsanity | [stage cell_BBBP__MPNN__IntegratedGradients__random__seed1] cache hit (71d15d32099b69f0) — skipping
2026-08-05 07:38:51,817 | INFO    | molsanity | [cell BBBP__MPNN__IntegratedGradients__random__seed1] DONE — acc=0.78 gt_auroc=nan n=200 (capped) [cached]
2026-08-05 07:38:52,210 | INFO    | molsanity | [stage cell_BBBP__MPNN__IntegratedGradients__random__seed2] cache hit (9c1171139589c678) — skipping
2026-08-05 07:38:52,210 | INFO    | molsanity | [cell BBBP__MPNN__IntegratedGradients__random__seed2] DONE — acc=0.76 gt_auroc=nan n=200 (capped) [cached]
2026-08-05 07:38:52,769 | INFO    | molsanity | [stage cell_BBBP__AttentiveFP__IntegratedGradients__scaffold__seed0] cache hit (d15112d2b5dbbdd6) — skipping
2026-08-05 07:38:52,770 | INFO    | molsanity | [cell BBBP__AttentiveFP__IntegratedGradients__scaffold__seed0] DONE — acc=0.88 gt_auroc=nan n=200 (capped) [cached]
2026-08-05 07:38:53,112 | INFO    | molsanity | [stage cell_BBBP__AttentiveFP__IntegratedGradients__scaffold__seed1] cache hit (2271f91f51f79b70) — skipping
2026-08-05 07:38:53,113 | INFO    | molsanity | [cell BBBP__AttentiveFP__IntegratedGradients__scaffold__seed1] DONE — acc=0.86 gt_auroc=nan n=200 (capped) [cached]
2026-08-05 07:38:53,652 | INFO    | molsanity | [stage cell_BBBP__AttentiveFP__IntegratedGradients__scaffold__seed2] cache hit (419204972c4f746f) — skipping
2026-08-05 07:38:53,653 | INFO    | molsanity | [cell BBBP__AttentiveFP__IntegratedGradients__scaffold__seed2] DONE — acc=0.83 gt_auroc=nan n=200 (capped) [cached]
2026-08-05 07:38:54,025 | INFO    | molsanity | [stage cell_BBBP__AttentiveFP__IntegratedGradients__random__seed0] cache hit (8d98cabf852eacf9) — skipping
2026-08-05 07:38:54,025 | INFO    | molsanity | [cell BBBP__AttentiveFP__IntegratedGradients__random__seed0] DONE — acc=0.79 gt_auroc=nan n=200 (capped) [cached]
2026-08-05 07:38:54,431 | INFO    | molsanity | [stage cell_BBBP__AttentiveFP__IntegratedGradients__random__seed1] cache hit (5d8e710bfc70d62c) — skipping
2026-08-05 07:38:54,431 | INFO    | molsanity | [cell BBBP__AttentiveFP__IntegratedGradients__random__seed1] DONE — acc=0.74 gt_auroc=nan n=200 (capped) [cached]
2026-08-05 07:38:55,070 | INFO    | molsanity | [stage cell_BBBP__AttentiveFP__IntegratedGradients__random__seed2] cache hit (ee8a665c47fe21d0) — skipping
2026-08-05 07:38:55,070 | INFO    | molsanity | [cell BBBP__AttentiveFP__IntegratedGradients__random__seed2] DONE — acc=0.74 gt_auroc=nan n=200 (capped) [cached]
2026-08-05 07:38:55,467 | INFO    | molsanity | [stage cell_BBBP__GINE__GNNExplainer__scaffold__seed0] cache hit (9ea6f0ba3d402502) — skipping
2026-08-05 07:38:55,467 | INFO    | molsanity | [cell BBBP__GINE__GNNExplainer__scaffold__seed0] DONE — acc=0.88 gt_auroc=nan n=200 (capped) [cached]
2026-08-05 07:38:56,225 | INFO    | molsanity | [stage cell_BBBP__GINE__GNNExplainer__scaffold__seed1] cache hit (18ac8ffde336472f) — skipping
2026-08-05 07:38:56,225 | INFO    | molsanity | [cell BBBP__GINE__GNNExplainer__scaffold__seed1] DONE — acc=0.80 gt_auroc=nan n=200 (capped) [cached]
2026-08-05 07:38:56,680 | INFO    | molsanity | [stage cell_BBBP__GINE__GNNExplainer__scaffold__seed2] cache hit (194839611df3d75b) — skipping
2026-08-05 07:38:56,680 | INFO    | molsanity | [cell BBBP__GINE__GNNExplainer__scaffold__seed2] DONE — acc=0.81 gt_auroc=nan n=200 (capped) [cached]
2026-08-05 07:38:57,369 | INFO    | molsanity | [stage cell_BBBP__GINE__GNNExplainer__random__seed0] cache hit (749f28a040b20fc0) — skipping
2026-08-05 07:38:57,369 | INFO    | molsanity | [cell BBBP__GINE__GNNExplainer__random__seed0] DONE — acc=0.74 gt_auroc=nan n=200 (capped) [cached]
2026-08-05 07:38:57,789 | INFO    | molsanity | [stage cell_BBBP__GINE__GNNExplainer__random__seed1] cache hit (f3100ac4ad9626d7) — skipping
2026-08-05 07:38:57,789 | INFO    | molsanity | [cell BBBP__GINE__GNNExplainer__random__seed1] DONE — acc=0.76 gt_auroc=nan n=200 (capped) [cached]
2026-08-05 07:38:58,344 | INFO    | molsanity | [stage cell_BBBP__GINE__GNNExplainer__random__seed2] cache hit (5a5bff4e1e597a0b) — skipping
2026-08-05 07:38:58,344 | INFO    | molsanity | [cell BBBP__GINE__GNNExplainer__random__seed2] DONE — acc=0.69 gt_auroc=nan n=200 (capped) [cached]
2026-08-05 07:38:58,888 | INFO    | molsanity | [stage cell_BBBP__GINE__PGExplainer__scaffold__seed0] cache hit (7af2d5e94804e354) — skipping
2026-08-05 07:38:58,888 | INFO    | molsanity | [cell BBBP__GINE__PGExplainer__scaffold__seed0] DONE — acc=0.88 gt_auroc=nan n=200 (capped) [cached]
2026-08-05 07:38:59,471 | INFO    | molsanity | [stage cell_BBBP__GINE__PGExplainer__scaffold__seed1] cache hit (d89eadc071ebd27d) — skipping
2026-08-05 07:38:59,471 | INFO    | molsanity | [cell BBBP__GINE__PGExplainer__scaffold__seed1] DONE — acc=0.80 gt_auroc=nan n=200 (capped) [cached]
2026-08-05 07:39:00,001 | INFO    | molsanity | [stage cell_BBBP__GINE__PGExplainer__scaffold__seed2] cache hit (68d3f6678da7ebb1) — skipping
2026-08-05 07:39:00,001 | INFO    | molsanity | [cell BBBP__GINE__PGExplainer__scaffold__seed2] DONE — acc=0.81 gt_auroc=nan n=200 (capped) [cached]
2026-08-05 07:39:00,414 | INFO    | molsanity | [stage cell_BBBP__GINE__PGExplainer__random__seed0] cache hit (083dc79dabd290f7) — skipping
2026-08-05 07:39:00,414 | INFO    | molsanity | [cell BBBP__GINE__PGExplainer__random__seed0] DONE — acc=0.74 gt_auroc=nan n=200 (capped) [cached]
2026-08-05 07:39:00,831 | INFO    | molsanity | [stage cell_BBBP__GINE__PGExplainer__random__seed1] cache hit (0bde44ef776b9bbb) — skipping
2026-08-05 07:39:00,831 | INFO    | molsanity | [cell BBBP__GINE__PGExplainer__random__seed1] DONE — acc=0.76 gt_auroc=nan n=200 (capped) [cached]
2026-08-05 07:39:01,518 | INFO    | molsanity | [stage cell_BBBP__GINE__PGExplainer__random__seed2] cache hit (be6ed06a29938302) — skipping
2026-08-05 07:39:01,518 | INFO    | molsanity | [cell BBBP__GINE__PGExplainer__random__seed2] DONE — acc=0.69 gt_auroc=nan n=200 (capped) [cached]
2026-08-05 07:39:01,911 | INFO    | molsanity | [stage cell_BACE__GINE__IntegratedGradients__scaffold__seed0] cache hit (3ae5e3e541bd5eae) — skipping
2026-08-05 07:39:01,911 | INFO    | molsanity | [cell BACE__GINE__IntegratedGradients__scaffold__seed0] DONE — acc=0.60 gt_auroc=nan n=200 (capped) [cached]
2026-08-05 07:39:02,299 | INFO    | molsanity | [stage cell_BACE__GINE__IntegratedGradients__scaffold__seed1] cache hit (e4a599128e87677c) — skipping
2026-08-05 07:39:02,300 | INFO    | molsanity | [cell BACE__GINE__IntegratedGradients__scaffold__seed1] DONE — acc=0.59 gt_auroc=nan n=200 (capped) [cached]
2026-08-05 07:39:02,694 | INFO    | molsanity | [stage cell_BACE__GINE__IntegratedGradients__scaffold__seed2] cache hit (4999df0e1a0d2912) — skipping
2026-08-05 07:39:02,694 | INFO    | molsanity | [cell BACE__GINE__IntegratedGradients__scaffold__seed2] DONE — acc=0.44 gt_auroc=nan n=200 (capped) [cached]
2026-08-05 07:39:03,103 | INFO    | molsanity | [stage cell_BACE__GINE__IntegratedGradients__random__seed0] cache hit (62bd5c98b624d17b) — skipping
2026-08-05 07:39:03,103 | INFO    | molsanity | [cell BACE__GINE__IntegratedGradients__random__seed0] DONE — acc=0.81 gt_auroc=nan n=200 (capped) [cached]
2026-08-05 07:39:03,737 | INFO    | molsanity | [stage cell_BACE__GINE__IntegratedGradients__random__seed1] cache hit (ef321e57338855b1) — skipping
2026-08-05 07:39:03,738 | INFO    | molsanity | [cell BACE__GINE__IntegratedGradients__random__seed1] DONE — acc=0.69 gt_auroc=nan n=200 (capped) [cached]
2026-08-05 07:39:04,273 | INFO    | molsanity | [stage cell_BACE__GINE__IntegratedGradients__random__seed2] cache hit (616493c37b3a4b48) — skipping
2026-08-05 07:39:04,273 | INFO    | molsanity | [cell BACE__GINE__IntegratedGradients__random__seed2] DONE — acc=0.69 gt_auroc=nan n=200 (capped) [cached]
2026-08-05 07:39:04,645 | INFO    | molsanity | [stage cell_BACE__GCN__IntegratedGradients__scaffold__seed0] cache hit (20c1431e85f251ee) — skipping
2026-08-05 07:39:04,645 | INFO    | molsanity | [cell BACE__GCN__IntegratedGradients__scaffold__seed0] DONE — acc=0.74 gt_auroc=nan n=200 (capped) [cached]
2026-08-05 07:39:05,150 | INFO    | molsanity | [stage cell_BACE__GCN__IntegratedGradients__scaffold__seed1] cache hit (e1cdac2473cc29b9) — skipping
2026-08-05 07:39:05,150 | INFO    | molsanity | [cell BACE__GCN__IntegratedGradients__scaffold__seed1] DONE — acc=0.36 gt_auroc=nan n=200 (capped) [cached]
2026-08-05 07:39:05,648 | INFO    | molsanity | [stage cell_BACE__GCN__IntegratedGradients__scaffold__seed2] cache hit (4ebfe2e47c838330) — skipping
2026-08-05 07:39:05,648 | INFO    | molsanity | [cell BACE__GCN__IntegratedGradients__scaffold__seed2] DONE — acc=0.78 gt_auroc=nan n=200 (capped) [cached]
2026-08-05 07:39:06,054 | INFO    | molsanity | [stage cell_BACE__GCN__IntegratedGradients__random__seed0] cache hit (50b899accda5e601) — skipping
2026-08-05 07:39:06,054 | INFO    | molsanity | [cell BACE__GCN__IntegratedGradients__random__seed0] DONE — acc=0.72 gt_auroc=nan n=200 (capped) [cached]
2026-08-05 07:39:06,694 | INFO    | molsanity | [stage cell_BACE__GCN__IntegratedGradients__random__seed1] cache hit (5a3b30e5ac79122c) — skipping
2026-08-05 07:39:06,694 | INFO    | molsanity | [cell BACE__GCN__IntegratedGradients__random__seed1] DONE — acc=0.58 gt_auroc=nan n=200 (capped) [cached]
2026-08-05 07:39:07,235 | INFO    | molsanity | [stage cell_BACE__GCN__IntegratedGradients__random__seed2] cache hit (097457d8917f414d) — skipping
2026-08-05 07:39:07,235 | INFO    | molsanity | [cell BACE__GCN__IntegratedGradients__random__seed2] DONE — acc=0.85 gt_auroc=nan n=200 (capped) [cached]
2026-08-05 07:39:07,758 | INFO    | molsanity | [stage cell_ESOL__GINE__IntegratedGradients__scaffold__seed0] cache hit (d58e8eda69e575b7) — skipping
2026-08-05 07:39:07,758 | INFO    | molsanity | [cell ESOL__GINE__IntegratedGradients__scaffold__seed0] DONE — rmse=0.982 r2=0.788 n=200 (capped) [cached]
2026-08-05 07:39:08,395 | INFO    | molsanity | [stage cell_ESOL__GINE__IntegratedGradients__scaffold__seed1] cache hit (0dc7d25b96ddc222) — skipping
2026-08-05 07:39:08,395 | INFO    | molsanity | [cell ESOL__GINE__IntegratedGradients__scaffold__seed1] DONE — rmse=1.023 r2=0.770 n=200 (capped) [cached]
2026-08-05 07:39:08,936 | INFO    | molsanity | [stage cell_ESOL__GINE__IntegratedGradients__scaffold__seed2] cache hit (e9faa96ffab1153a) — skipping
2026-08-05 07:39:08,936 | INFO    | molsanity | [cell ESOL__GINE__IntegratedGradients__scaffold__seed2] DONE — rmse=0.958 r2=0.798 n=200 (capped) [cached]
2026-08-05 07:39:09,289 | INFO    | molsanity | [stage cell_ESOL__GINE__IntegratedGradients__random__seed0] cache hit (8218e99ed9c0dc34) — skipping
2026-08-05 07:39:09,289 | INFO    | molsanity | [cell ESOL__GINE__IntegratedGradients__random__seed0] DONE — rmse=0.788 r2=0.869 n=200 (capped) [cached]
2026-08-05 07:39:09,944 | INFO    | molsanity | [stage cell_ESOL__GINE__IntegratedGradients__random__seed1] cache hit (d1ad8c89018b0c63) — skipping
2026-08-05 07:39:09,944 | INFO    | molsanity | [cell ESOL__GINE__IntegratedGradients__random__seed1] DONE — rmse=0.832 r2=0.825 n=200 (capped) [cached]
2026-08-05 07:39:10,380 | INFO    | molsanity | [stage cell_ESOL__GINE__IntegratedGradients__random__seed2] cache hit (27e8c3ec6510e3be) — skipping
2026-08-05 07:39:10,381 | INFO    | molsanity | [cell ESOL__GINE__IntegratedGradients__random__seed2] DONE — rmse=0.879 r2=0.833 n=200 (capped) [cached]
2026-08-05 07:39:10,917 | INFO    | molsanity | [stage cell_ESOL__GCN__IntegratedGradients__scaffold__seed0] cache hit (9a64904f2a42cfe5) — skipping
2026-08-05 07:39:10,918 | INFO    | molsanity | [cell ESOL__GCN__IntegratedGradients__scaffold__seed0] DONE — rmse=1.038 r2=0.763 n=200 (capped) [cached]
2026-08-05 07:39:11,449 | INFO    | molsanity | [stage cell_ESOL__GCN__IntegratedGradients__scaffold__seed1] cache hit (2521bc6d32ba93c5) — skipping
2026-08-05 07:39:11,449 | INFO    | molsanity | [cell ESOL__GCN__IntegratedGradients__scaffold__seed1] DONE — rmse=1.142 r2=0.713 n=200 (capped) [cached]
2026-08-05 07:39:12,041 | INFO    | molsanity | [stage cell_ESOL__GCN__IntegratedGradients__scaffold__seed2] cache hit (8741beb3a89ae40e) — skipping
2026-08-05 07:39:12,041 | INFO    | molsanity | [cell ESOL__GCN__IntegratedGradients__scaffold__seed2] DONE — rmse=1.034 r2=0.765 n=200 (capped) [cached]
2026-08-05 07:39:12,525 | INFO    | molsanity | [stage cell_ESOL__GCN__IntegratedGradients__random__seed0] cache hit (640aad6e80e96528) — skipping
2026-08-05 07:39:12,526 | INFO    | molsanity | [cell ESOL__GCN__IntegratedGradients__random__seed0] DONE — rmse=0.951 r2=0.809 n=200 (capped) [cached]
2026-08-05 07:39:12,926 | INFO    | molsanity | [stage cell_ESOL__GCN__IntegratedGradients__random__seed1] cache hit (cf42557ccdcf2c8c) — skipping
2026-08-05 07:39:12,926 | INFO    | molsanity | [cell ESOL__GCN__IntegratedGradients__random__seed1] DONE — rmse=0.929 r2=0.782 n=200 (capped) [cached]
2026-08-05 07:39:13,295 | INFO    | molsanity | [stage cell_ESOL__GCN__IntegratedGradients__random__seed2] cache hit (bdbc2f2468065ec0) — skipping
2026-08-05 07:39:13,295 | INFO    | molsanity | [cell ESOL__GCN__IntegratedGradients__random__seed2] DONE — rmse=0.961 r2=0.800 n=200 (capped) [cached]
2026-08-05 07:39:13,680 | INFO    | molsanity | [stage cell_ESOL__GAT__IntegratedGradients__scaffold__seed0] cache hit (c14e9c3d6cd726fc) — skipping
2026-08-05 07:39:13,680 | INFO    | molsanity | [cell ESOL__GAT__IntegratedGradients__scaffold__seed0] DONE — rmse=1.255 r2=0.653 n=200 (capped) [cached]
2026-08-05 07:39:14,061 | INFO    | molsanity | [stage cell_ESOL__GAT__IntegratedGradients__scaffold__seed1] cache hit (ec789b3b34ccbdac) — skipping
2026-08-05 07:39:14,062 | INFO    | molsanity | [cell ESOL__GAT__IntegratedGradients__scaffold__seed1] DONE — rmse=0.995 r2=0.782 n=200 (capped) [cached]
2026-08-05 07:39:14,469 | INFO    | molsanity | [stage cell_ESOL__GAT__IntegratedGradients__scaffold__seed2] cache hit (daffb86710b50308) — skipping
2026-08-05 07:39:14,469 | INFO    | molsanity | [cell ESOL__GAT__IntegratedGradients__scaffold__seed2] DONE — rmse=0.991 r2=0.784 n=200 (capped) [cached]
2026-08-05 07:39:14,883 | INFO    | molsanity | [stage cell_ESOL__GAT__IntegratedGradients__random__seed0] cache hit (4e7c72df1429bbbc) — skipping
2026-08-05 07:39:14,883 | INFO    | molsanity | [cell ESOL__GAT__IntegratedGradients__random__seed0] DONE — rmse=0.730 r2=0.888 n=200 (capped) [cached]
2026-08-05 07:39:15,275 | INFO    | molsanity | [stage cell_ESOL__GAT__IntegratedGradients__random__seed1] cache hit (951800e1cc2bd5e1) — skipping
2026-08-05 07:39:15,275 | INFO    | molsanity | [cell ESOL__GAT__IntegratedGradients__random__seed1] DONE — rmse=0.810 r2=0.834 n=200 (capped) [cached]
2026-08-05 07:39:15,690 | INFO    | molsanity | [stage cell_ESOL__GAT__IntegratedGradients__random__seed2] cache hit (f095ba43615fe14f) — skipping
2026-08-05 07:39:15,690 | INFO    | molsanity | [cell ESOL__GAT__IntegratedGradients__random__seed2] DONE — rmse=0.751 r2=0.878 n=200 (capped) [cached]
2026-08-05 07:39:16,086 | INFO    | molsanity | [stage cell_ESOL__GINE__GNNExplainer__scaffold__seed0] cache hit (66454b808323ef57) — skipping
2026-08-05 07:39:16,086 | INFO    | molsanity | [cell ESOL__GINE__GNNExplainer__scaffold__seed0] DONE — rmse=0.982 r2=0.788 n=200 (capped) [cached]
2026-08-05 07:39:16,489 | INFO    | molsanity | [stage cell_ESOL__GINE__GNNExplainer__scaffold__seed1] cache hit (f2e6ba35dc765167) — skipping
2026-08-05 07:39:16,489 | INFO    | molsanity | [cell ESOL__GINE__GNNExplainer__scaffold__seed1] DONE — rmse=1.023 r2=0.770 n=200 (capped) [cached]
2026-08-05 07:39:17,138 | INFO    | molsanity | [stage cell_ESOL__GINE__GNNExplainer__scaffold__seed2] cache hit (56b0ecaab25d064c) — skipping
2026-08-05 07:39:17,138 | INFO    | molsanity | [cell ESOL__GINE__GNNExplainer__scaffold__seed2] DONE — rmse=1.010 r2=0.775 n=200 (capped) [cached]
2026-08-05 07:39:17,682 | INFO    | molsanity | [stage cell_ESOL__GINE__GNNExplainer__random__seed0] cache hit (af707ff00bdea59b) — skipping
2026-08-05 07:39:17,682 | INFO    | molsanity | [cell ESOL__GINE__GNNExplainer__random__seed0] DONE — rmse=0.788 r2=0.869 n=200 (capped) [cached]
2026-08-05 07:39:18,087 | INFO    | molsanity | [stage cell_ESOL__GINE__GNNExplainer__random__seed1] cache hit (3238e78a3cdfde4c) — skipping
2026-08-05 07:39:18,087 | INFO    | molsanity | [cell ESOL__GINE__GNNExplainer__random__seed1] DONE — rmse=0.832 r2=0.825 n=200 (capped) [cached]
2026-08-05 07:39:18,606 | INFO    | molsanity | [stage cell_ESOL__GINE__GNNExplainer__random__seed2] cache hit (e440bdac1bdddbd6) — skipping
2026-08-05 07:39:18,606 | INFO    | molsanity | [cell ESOL__GINE__GNNExplainer__random__seed2] DONE — rmse=0.879 r2=0.833 n=200 (capped) [cached]
2026-08-05 07:39:19,016 | INFO    | molsanity | [stage cell_FreeSolv__GINE__IntegratedGradients__scaffold__seed0] cache hit (6f6b7ac165a83d7e) — skipping
2026-08-05 07:39:19,016 | INFO    | molsanity | [cell FreeSolv__GINE__IntegratedGradients__scaffold__seed0] DONE — rmse=1.416 r2=0.789 n=193 (capped) [cached]
2026-08-05 07:39:19,526 | INFO    | molsanity | [stage cell_FreeSolv__GINE__IntegratedGradients__scaffold__seed1] cache hit (27b9f0cf57ce8530) — skipping
2026-08-05 07:39:19,526 | INFO    | molsanity | [cell FreeSolv__GINE__IntegratedGradients__scaffold__seed1] DONE — rmse=1.193 r2=0.850 n=193 (capped) [cached]
2026-08-05 07:39:19,953 | INFO    | molsanity | [stage cell_FreeSolv__GINE__IntegratedGradients__scaffold__seed2] cache hit (21eb32cf42f2a377) — skipping
2026-08-05 07:39:19,953 | INFO    | molsanity | [cell FreeSolv__GINE__IntegratedGradients__scaffold__seed2] DONE — rmse=1.398 r2=0.795 n=193 (capped) [cached]
2026-08-05 07:39:20,470 | INFO    | molsanity | [stage cell_FreeSolv__GINE__IntegratedGradients__random__seed0] cache hit (e37e54902b3b27f2) — skipping
2026-08-05 07:39:20,470 | INFO    | molsanity | [cell FreeSolv__GINE__IntegratedGradients__random__seed0] DONE — rmse=1.486 r2=0.803 n=193 (capped) [cached]
2026-08-05 07:39:20,962 | INFO    | molsanity | [stage cell_FreeSolv__GINE__IntegratedGradients__random__seed1] cache hit (755629c999add9fa) — skipping
2026-08-05 07:39:20,962 | INFO    | molsanity | [cell FreeSolv__GINE__IntegratedGradients__random__seed1] DONE — rmse=1.346 r2=0.857 n=193 (capped) [cached]
2026-08-05 07:39:21,504 | INFO    | molsanity | [stage cell_FreeSolv__GINE__IntegratedGradients__random__seed2] cache hit (4fe3440a6afcfa1d) — skipping
2026-08-05 07:39:21,504 | INFO    | molsanity | [cell FreeSolv__GINE__IntegratedGradients__random__seed2] DONE — rmse=1.618 r2=0.830 n=193 (capped) [cached]
2026-08-05 07:39:22,084 | INFO    | molsanity | [stage cell_Lipophilicity__GINE__IntegratedGradients__scaffold__seed0] cache hit (8bcc4c919d375061) — skipping
2026-08-05 07:39:22,084 | INFO    | molsanity | [cell Lipophilicity__GINE__IntegratedGradients__scaffold__seed0] DONE — rmse=0.915 r2=0.429 n=200 (capped) [cached]
2026-08-05 07:39:22,598 | INFO    | molsanity | [stage cell_Lipophilicity__GINE__IntegratedGradients__scaffold__seed1] cache hit (440a30ae3e78e5fa) — skipping
2026-08-05 07:39:22,598 | INFO    | molsanity | [cell Lipophilicity__GINE__IntegratedGradients__scaffold__seed1] DONE — rmse=0.920 r2=0.424 n=200 (capped) [cached]
2026-08-05 07:39:23,118 | INFO    | molsanity | [stage cell_Lipophilicity__GINE__IntegratedGradients__scaffold__seed2] cache hit (14e20c3df0a423a6) — skipping
2026-08-05 07:39:23,118 | INFO    | molsanity | [cell Lipophilicity__GINE__IntegratedGradients__scaffold__seed2] DONE — rmse=0.924 r2=0.419 n=200 (capped) [cached]
2026-08-05 07:39:23,622 | INFO    | molsanity | [stage cell_Lipophilicity__GINE__IntegratedGradients__random__seed0] cache hit (e3a5ee20c3670067) — skipping
2026-08-05 07:39:23,622 | INFO    | molsanity | [cell Lipophilicity__GINE__IntegratedGradients__random__seed0] DONE — rmse=0.737 r2=0.617 n=200 (capped) [cached]
2026-08-05 07:39:24,270 | INFO    | molsanity | [stage cell_Lipophilicity__GINE__IntegratedGradients__random__seed1] cache hit (a94062edc9757ea9) — skipping
2026-08-05 07:39:24,270 | INFO    | molsanity | [cell Lipophilicity__GINE__IntegratedGradients__random__seed1] DONE — rmse=0.798 r2=0.527 n=200 (capped) [cached]
2026-08-05 07:39:24,856 | INFO    | molsanity | [stage cell_Lipophilicity__GINE__IntegratedGradients__random__seed2] cache hit (cff04b44b7374bca) — skipping
2026-08-05 07:39:24,856 | INFO    | molsanity | [cell Lipophilicity__GINE__IntegratedGradients__random__seed2] DONE — rmse=0.783 r2=0.563 n=200 (capped) [cached]
2026-08-05 07:39:25,417 | INFO    | molsanity | [stage cell_ClinTox__GINE__IntegratedGradients__scaffold__seed0] cache hit (e7553cbaecbe06bf) — skipping
2026-08-05 07:39:25,418 | INFO    | molsanity | [cell ClinTox__GINE__IntegratedGradients__scaffold__seed0] DONE — acc=0.58 gt_auroc=nan n=200 (capped) [cached]
2026-08-05 07:39:26,042 | INFO    | molsanity | [stage cell_ClinTox__GINE__IntegratedGradients__scaffold__seed1] cache hit (d653de273e3190ed) — skipping
2026-08-05 07:39:26,042 | INFO    | molsanity | [cell ClinTox__GINE__IntegratedGradients__scaffold__seed1] DONE — acc=0.71 gt_auroc=nan n=200 (capped) [cached]
2026-08-05 07:39:26,604 | INFO    | molsanity | [stage cell_ClinTox__GINE__IntegratedGradients__scaffold__seed2] cache hit (63930c030d071001) — skipping
2026-08-05 07:39:26,605 | INFO    | molsanity | [cell ClinTox__GINE__IntegratedGradients__scaffold__seed2] DONE — acc=0.72 gt_auroc=nan n=200 (capped) [cached]
2026-08-05 07:39:27,139 | INFO    | molsanity | [stage cell_ClinTox__GINE__IntegratedGradients__random__seed0] cache hit (0d7f68d396c9ca33) — skipping
2026-08-05 07:39:27,140 | INFO    | molsanity | [cell ClinTox__GINE__IntegratedGradients__random__seed0] DONE — acc=0.72 gt_auroc=nan n=200 (capped) [cached]
2026-08-05 07:39:27,560 | INFO    | molsanity | [stage cell_ClinTox__GINE__IntegratedGradients__random__seed1] cache hit (e4915976da24c8e9) — skipping
2026-08-05 07:39:27,560 | INFO    | molsanity | [cell ClinTox__GINE__IntegratedGradients__random__seed1] DONE — acc=0.76 gt_auroc=nan n=200 (capped) [cached]
2026-08-05 07:39:28,050 | INFO    | molsanity | [stage cell_ClinTox__GINE__IntegratedGradients__random__seed2] cache hit (a26afbddb86ca7ee) — skipping
2026-08-05 07:39:28,050 | INFO    | molsanity | [cell ClinTox__GINE__IntegratedGradients__random__seed2] DONE — acc=0.70 gt_auroc=nan n=200 (capped) [cached]
2026-08-05 07:39:28,571 | INFO    | molsanity | [stage cell_ClinTox__GINE__GNNExplainer__scaffold__seed0] cache hit (68d9c8f1051732d3) — skipping
2026-08-05 07:39:28,571 | INFO    | molsanity | [cell ClinTox__GINE__GNNExplainer__scaffold__seed0] DONE — acc=0.58 gt_auroc=nan n=200 (capped) [cached]
2026-08-05 07:39:29,133 | INFO    | molsanity | [stage cell_ClinTox__GINE__GNNExplainer__scaffold__seed1] cache hit (e1a152408651a22c) — skipping
2026-08-05 07:39:29,133 | INFO    | molsanity | [cell ClinTox__GINE__GNNExplainer__scaffold__seed1] DONE — acc=0.71 gt_auroc=nan n=200 (capped) [cached]
2026-08-05 07:39:29,530 | INFO    | molsanity | [stage cell_ClinTox__GINE__GNNExplainer__scaffold__seed2] cache hit (09a761b12378369a) — skipping
2026-08-05 07:39:29,530 | INFO    | molsanity | [cell ClinTox__GINE__GNNExplainer__scaffold__seed2] DONE — acc=0.72 gt_auroc=nan n=200 (capped) [cached]
2026-08-05 07:39:30,211 | INFO    | molsanity | [stage cell_ClinTox__GINE__GNNExplainer__random__seed0] cache hit (fef42c70558eae2f) — skipping
2026-08-05 07:39:30,211 | INFO    | molsanity | [cell ClinTox__GINE__GNNExplainer__random__seed0] DONE — acc=0.72 gt_auroc=nan n=200 (capped) [cached]
2026-08-05 07:39:30,809 | INFO    | molsanity | [stage cell_ClinTox__GINE__GNNExplainer__random__seed1] cache hit (3ee71b4ebfb09641) — skipping
2026-08-05 07:39:30,809 | INFO    | molsanity | [cell ClinTox__GINE__GNNExplainer__random__seed1] DONE — acc=0.76 gt_auroc=nan n=200 (capped) [cached]
2026-08-05 07:39:31,234 | INFO    | molsanity | [stage cell_ClinTox__GINE__GNNExplainer__random__seed2] cache hit (2a44b02629043836) — skipping
2026-08-05 07:39:31,235 | INFO    | molsanity | [cell ClinTox__GINE__GNNExplainer__random__seed2] DONE — acc=0.70 gt_auroc=nan n=200 (capped) [cached]
2026-08-05 07:39:31,758 | INFO    | molsanity | [stage cell_SIDER__GINE__IntegratedGradients__scaffold__seed0] cache hit (a762fc87d0bf5601) — skipping
2026-08-05 07:39:31,758 | INFO    | molsanity | [cell SIDER__GINE__IntegratedGradients__scaffold__seed0] DONE — acc=0.55 gt_auroc=nan n=200 (capped) [cached]
2026-08-05 07:39:32,148 | INFO    | molsanity | [stage cell_SIDER__GINE__IntegratedGradients__scaffold__seed1] cache hit (e628b8887d8eb0b1) — skipping
2026-08-05 07:39:32,148 | INFO    | molsanity | [cell SIDER__GINE__IntegratedGradients__scaffold__seed1] DONE — acc=0.56 gt_auroc=nan n=200 (capped) [cached]
2026-08-05 07:39:32,671 | INFO    | molsanity | [stage cell_SIDER__GINE__IntegratedGradients__scaffold__seed2] cache hit (1b62c8282e80444d) — skipping
2026-08-05 07:39:32,671 | INFO    | molsanity | [cell SIDER__GINE__IntegratedGradients__scaffold__seed2] DONE — acc=0.56 gt_auroc=nan n=200 (capped) [cached]
2026-08-05 07:39:33,074 | INFO    | molsanity | [stage cell_SIDER__GINE__IntegratedGradients__random__seed0] cache hit (ff853290aee210c4) — skipping
2026-08-05 07:39:33,074 | INFO    | molsanity | [cell SIDER__GINE__IntegratedGradients__random__seed0] DONE — acc=0.67 gt_auroc=nan n=200 (capped) [cached]
2026-08-05 07:39:33,489 | INFO    | molsanity | [stage cell_SIDER__GINE__IntegratedGradients__random__seed1] cache hit (aecc4fbded884979) — skipping
2026-08-05 07:39:33,489 | INFO    | molsanity | [cell SIDER__GINE__IntegratedGradients__random__seed1] DONE — acc=0.61 gt_auroc=nan n=200 (capped) [cached]
2026-08-05 07:39:34,041 | INFO    | molsanity | [stage cell_SIDER__GINE__IntegratedGradients__random__seed2] cache hit (12df6edbfbf228cc) — skipping
2026-08-05 07:39:34,041 | INFO    | molsanity | [cell SIDER__GINE__IntegratedGradients__random__seed2] DONE — acc=0.65 gt_auroc=nan n=200 (capped) [cached]
2026-08-05 07:39:34,591 | INFO    | molsanity | [stage cell_SIDER__GCN__IntegratedGradients__scaffold__seed0] cache hit (e38d53bdd320bfa9) — skipping
2026-08-05 07:39:34,592 | INFO    | molsanity | [cell SIDER__GCN__IntegratedGradients__scaffold__seed0] DONE — acc=0.57 gt_auroc=nan n=200 (capped) [cached]
2026-08-05 07:39:34,963 | INFO    | molsanity | [stage cell_SIDER__GCN__IntegratedGradients__scaffold__seed1] cache hit (4c4eadab25e4f847) — skipping
2026-08-05 07:39:34,963 | INFO    | molsanity | [cell SIDER__GCN__IntegratedGradients__scaffold__seed1] DONE — acc=0.56 gt_auroc=nan n=200 (capped) [cached]
2026-08-05 07:39:35,543 | INFO    | molsanity | [stage cell_SIDER__GCN__IntegratedGradients__scaffold__seed2] cache hit (37c938ece894be0a) — skipping
2026-08-05 07:39:35,543 | INFO    | molsanity | [cell SIDER__GCN__IntegratedGradients__scaffold__seed2] DONE — acc=0.59 gt_auroc=nan n=200 (capped) [cached]
2026-08-05 07:39:35,896 | INFO    | molsanity | [stage cell_SIDER__GCN__IntegratedGradients__random__seed0] cache hit (a03ebb8ef197a68d) — skipping
2026-08-05 07:39:35,897 | INFO    | molsanity | [cell SIDER__GCN__IntegratedGradients__random__seed0] DONE — acc=0.68 gt_auroc=nan n=200 (capped) [cached]
2026-08-05 07:39:36,330 | INFO    | molsanity | [stage cell_SIDER__GCN__IntegratedGradients__random__seed1] cache hit (171b58ef0496e5c9) — skipping
2026-08-05 07:39:36,330 | INFO    | molsanity | [cell SIDER__GCN__IntegratedGradients__random__seed1] DONE — acc=0.62 gt_auroc=nan n=200 (capped) [cached]
2026-08-05 07:39:36,727 | INFO    | molsanity | [stage cell_SIDER__GCN__IntegratedGradients__random__seed2] cache hit (ec44ca54c03dc64c) — skipping
2026-08-05 07:39:36,727 | INFO    | molsanity | [cell SIDER__GCN__IntegratedGradients__random__seed2] DONE — acc=0.63 gt_auroc=nan n=200 (capped) [cached]
2026-08-05 07:39:37,298 | INFO    | molsanity | [stage cell_Tox21__GINE__IntegratedGradients__scaffold__seed0] cache hit (2a79f2c0a48e2052) — skipping
2026-08-05 07:39:37,298 | INFO    | molsanity | [cell Tox21__GINE__IntegratedGradients__scaffold__seed0] DONE — acc=0.94 gt_auroc=nan n=200 (capped) [cached]
2026-08-05 07:39:37,864 | INFO    | molsanity | [stage cell_Tox21__GINE__IntegratedGradients__scaffold__seed1] cache hit (01be87936de580a2) — skipping
2026-08-05 07:39:37,864 | INFO    | molsanity | [cell Tox21__GINE__IntegratedGradients__scaffold__seed1] DONE — acc=0.96 gt_auroc=nan n=200 (capped) [cached]
2026-08-05 07:39:38,229 | INFO    | molsanity | [stage cell_Tox21__GINE__IntegratedGradients__scaffold__seed2] cache hit (cf5bc1861720e85e) — skipping
2026-08-05 07:39:38,229 | INFO    | molsanity | [cell Tox21__GINE__IntegratedGradients__scaffold__seed2] DONE — acc=0.92 gt_auroc=nan n=200 (capped) [cached]
2026-08-05 07:39:38,635 | INFO    | molsanity | [stage cell_Tox21__GINE__IntegratedGradients__random__seed0] cache hit (e117b2aa552d6fb6) — skipping
2026-08-05 07:39:38,635 | INFO    | molsanity | [cell Tox21__GINE__IntegratedGradients__random__seed0] DONE — acc=0.94 gt_auroc=nan n=200 (capped) [cached]
2026-08-05 07:39:39,027 | INFO    | molsanity | [stage cell_Tox21__GINE__IntegratedGradients__random__seed1] cache hit (fcf08d231c685ae3) — skipping
2026-08-05 07:39:39,027 | INFO    | molsanity | [cell Tox21__GINE__IntegratedGradients__random__seed1] DONE — acc=0.95 gt_auroc=nan n=200 (capped) [cached]
2026-08-05 07:39:39,711 | INFO    | molsanity | [stage cell_Tox21__GINE__IntegratedGradients__random__seed2] cache hit (85ddfea98e12cd3c) — skipping
2026-08-05 07:39:39,711 | INFO    | molsanity | [cell Tox21__GINE__IntegratedGradients__random__seed2] DONE — acc=0.93 gt_auroc=nan n=200 (capped) [cached]
2026-08-05 07:39:40,238 | INFO    | molsanity | [stage cell_BA-2Motifs__GINE__IntegratedGradients__scaffold__seed0] cache hit (1a20076619769e9c) — skipping
2026-08-05 07:39:40,238 | INFO    | molsanity | [cell BA-2Motifs__GINE__IntegratedGradients__scaffold__seed0] DONE — acc=0.39 gt_auroc=0.8853 n=200 (capped) [cached]
2026-08-05 07:39:40,793 | INFO    | molsanity | [stage cell_BA-2Motifs__GINE__IntegratedGradients__scaffold__seed1] cache hit (2393c39ec26f4b05) — skipping
2026-08-05 07:39:40,793 | INFO    | molsanity | [cell BA-2Motifs__GINE__IntegratedGradients__scaffold__seed1] DONE — acc=0.43 gt_auroc=0.8266499999999999 n=200 (capped) [cached]
2026-08-05 07:39:41,276 | INFO    | molsanity | [stage cell_BA-2Motifs__GINE__IntegratedGradients__scaffold__seed2] cache hit (b476e2088525000d) — skipping
2026-08-05 07:39:41,277 | INFO    | molsanity | [cell BA-2Motifs__GINE__IntegratedGradients__scaffold__seed2] DONE — acc=0.99 gt_auroc=0.85615 n=200 (capped) [cached]
2026-08-05 07:39:41,631 | INFO    | molsanity | [stage cell_BA-2Motifs__GINE__IntegratedGradients__random__seed0] cache hit (9e1837540070e5d1) — skipping
2026-08-05 07:39:41,631 | INFO    | molsanity | [cell BA-2Motifs__GINE__IntegratedGradients__random__seed0] DONE — acc=0.78 gt_auroc=0.9962000000000001 n=200 (capped) [cached]
2026-08-05 07:39:42,025 | INFO    | molsanity | [stage cell_BA-2Motifs__GINE__IntegratedGradients__random__seed1] cache hit (48db032102114365) — skipping
2026-08-05 07:39:42,025 | INFO    | molsanity | [cell BA-2Motifs__GINE__IntegratedGradients__random__seed1] DONE — acc=0.65 gt_auroc=1.0 n=200 (capped) [cached]
2026-08-05 07:39:42,643 | INFO    | molsanity | [stage cell_BA-2Motifs__GINE__IntegratedGradients__random__seed2] cache hit (af3ba8633c6f6ee0) — skipping
2026-08-05 07:39:42,643 | INFO    | molsanity | [cell BA-2Motifs__GINE__IntegratedGradients__random__seed2] DONE — acc=0.88 gt_auroc=0.9940000000000001 n=200 (capped) [cached]
2026-08-05 07:39:43,205 | INFO    | molsanity | [stage cell_BA-2Motifs__GINE__Saliency__scaffold__seed0] cache hit (6d401d815887c2cc) — skipping
2026-08-05 07:39:43,205 | INFO    | molsanity | [cell BA-2Motifs__GINE__Saliency__scaffold__seed0] DONE — acc=0.39 gt_auroc=0.9011 n=200 (capped) [cached]
2026-08-05 07:39:43,849 | INFO    | molsanity | [stage cell_BA-2Motifs__GINE__Saliency__scaffold__seed1] cache hit (ad55de7a2058b3c9) — skipping
2026-08-05 07:39:43,849 | INFO    | molsanity | [cell BA-2Motifs__GINE__Saliency__scaffold__seed1] DONE — acc=0.43 gt_auroc=0.9817000000000001 n=200 (capped) [cached]
2026-08-05 07:39:44,366 | INFO    | molsanity | [stage cell_BA-2Motifs__GINE__Saliency__scaffold__seed2] cache hit (e6152eb0807ba72a) — skipping
2026-08-05 07:39:44,367 | INFO    | molsanity | [cell BA-2Motifs__GINE__Saliency__scaffold__seed2] DONE — acc=0.99 gt_auroc=0.9270499999999999 n=200 (capped) [cached]
2026-08-05 07:39:44,705 | INFO    | molsanity | [stage cell_BA-2Motifs__GINE__Saliency__random__seed0] cache hit (2ca54770606dec25) — skipping
2026-08-05 07:39:44,705 | INFO    | molsanity | [cell BA-2Motifs__GINE__Saliency__random__seed0] DONE — acc=0.78 gt_auroc=0.9995 n=200 (capped) [cached]
2026-08-05 07:39:45,220 | INFO    | molsanity | [stage cell_BA-2Motifs__GINE__Saliency__random__seed1] cache hit (eabb1fc3c74eafff) — skipping
2026-08-05 07:39:45,220 | INFO    | molsanity | [cell BA-2Motifs__GINE__Saliency__random__seed1] DONE — acc=0.65 gt_auroc=0.9964000000000002 n=200 (capped) [cached]
2026-08-05 07:39:45,642 | INFO    | molsanity | [stage cell_BA-2Motifs__GINE__Saliency__random__seed2] cache hit (abc19219c0909b9c) — skipping
2026-08-05 07:39:45,642 | INFO    | molsanity | [cell BA-2Motifs__GINE__Saliency__random__seed2] DONE — acc=0.88 gt_auroc=0.92785 n=200 (capped) [cached]
2026-08-05 07:39:46,189 | INFO    | molsanity | [stage cell_BA-2Motifs__GINE__InputXGradient__scaffold__seed0] cache hit (13e4116188f4e51e) — skipping
2026-08-05 07:39:46,189 | INFO    | molsanity | [cell BA-2Motifs__GINE__InputXGradient__scaffold__seed0] DONE — acc=0.39 gt_auroc=0.9011 n=200 (capped) [cached]
2026-08-05 07:39:46,815 | INFO    | molsanity | [stage cell_BA-2Motifs__GINE__InputXGradient__scaffold__seed1] cache hit (bb971220f5c5e26d) — skipping
2026-08-05 07:39:46,815 | INFO    | molsanity | [cell BA-2Motifs__GINE__InputXGradient__scaffold__seed1] DONE — acc=0.43 gt_auroc=0.9817000000000001 n=200 (capped) [cached]
2026-08-05 07:39:47,227 | INFO    | molsanity | [stage cell_BA-2Motifs__GINE__InputXGradient__scaffold__seed2] cache hit (233c2fb58e9c0695) — skipping
2026-08-05 07:39:47,228 | INFO    | molsanity | [cell BA-2Motifs__GINE__InputXGradient__scaffold__seed2] DONE — acc=0.99 gt_auroc=0.9270499999999999 n=200 (capped) [cached]
2026-08-05 07:39:47,633 | INFO    | molsanity | [stage cell_BA-2Motifs__GINE__InputXGradient__random__seed0] cache hit (84dbbe7a4e587b77) — skipping
2026-08-05 07:39:47,633 | INFO    | molsanity | [cell BA-2Motifs__GINE__InputXGradient__random__seed0] DONE — acc=0.78 gt_auroc=0.9995 n=200 (capped) [cached]
2026-08-05 07:39:48,260 | INFO    | molsanity | [stage cell_BA-2Motifs__GINE__InputXGradient__random__seed1] cache hit (f431440a6d122124) — skipping
2026-08-05 07:39:48,260 | INFO    | molsanity | [cell BA-2Motifs__GINE__InputXGradient__random__seed1] DONE — acc=0.65 gt_auroc=0.9964000000000002 n=200 (capped) [cached]
2026-08-05 07:39:48,963 | INFO    | molsanity | [stage cell_BA-2Motifs__GINE__InputXGradient__random__seed2] cache hit (344cc4c3424ac5fd) — skipping
2026-08-05 07:39:48,963 | INFO    | molsanity | [cell BA-2Motifs__GINE__InputXGradient__random__seed2] DONE — acc=0.88 gt_auroc=0.92785 n=200 (capped) [cached]
2026-08-05 07:39:49,497 | INFO    | molsanity | [stage cell_BA-2Motifs__GINE__GuidedBackprop__scaffold__seed0] cache hit (ed7d5cd3c9fb5361) — skipping
2026-08-05 07:39:49,497 | INFO    | molsanity | [cell BA-2Motifs__GINE__GuidedBackprop__scaffold__seed0] DONE — acc=0.39 gt_auroc=0.6812999999999999 n=200 (capped) [cached]
2026-08-05 07:39:50,118 | INFO    | molsanity | [stage cell_BA-2Motifs__GINE__GuidedBackprop__scaffold__seed1] cache hit (40f63463b3753ec7) — skipping
2026-08-05 07:39:50,118 | INFO    | molsanity | [cell BA-2Motifs__GINE__GuidedBackprop__scaffold__seed1] DONE — acc=0.43 gt_auroc=0.9383500000000001 n=200 (capped) [cached]
2026-08-05 07:39:50,492 | INFO    | molsanity | [stage cell_BA-2Motifs__GINE__GuidedBackprop__scaffold__seed2] cache hit (5bd61ab32e014530) — skipping
2026-08-05 07:39:50,492 | INFO    | molsanity | [cell BA-2Motifs__GINE__GuidedBackprop__scaffold__seed2] DONE — acc=0.99 gt_auroc=0.9094 n=200 (capped) [cached]
2026-08-05 07:39:50,875 | INFO    | molsanity | [stage cell_BA-2Motifs__GINE__GuidedBackprop__random__seed0] cache hit (e77186ed69701e7f) — skipping
2026-08-05 07:39:50,875 | INFO    | molsanity | [cell BA-2Motifs__GINE__GuidedBackprop__random__seed0] DONE — acc=0.78 gt_auroc=0.9229 n=200 (capped) [cached]
2026-08-05 07:39:51,503 | INFO    | molsanity | [stage cell_BA-2Motifs__GINE__GuidedBackprop__random__seed1] cache hit (76bb18783cc82745) — skipping
2026-08-05 07:39:51,503 | INFO    | molsanity | [cell BA-2Motifs__GINE__GuidedBackprop__random__seed1] DONE — acc=0.65 gt_auroc=0.9629000000000001 n=200 (capped) [cached]
2026-08-05 07:39:51,934 | INFO    | molsanity | [stage cell_BA-2Motifs__GINE__GuidedBackprop__random__seed2] cache hit (55e0f44d804fdf5d) — skipping
2026-08-05 07:39:51,934 | INFO    | molsanity | [cell BA-2Motifs__GINE__GuidedBackprop__random__seed2] DONE — acc=0.88 gt_auroc=0.94825 n=200 (capped) [cached]
2026-08-05 07:39:52,461 | INFO    | molsanity | [stage cell_BA-2Motifs__GINE__GNNExplainer__scaffold__seed0] cache hit (0c7969ba032a469c) — skipping
2026-08-05 07:39:52,462 | INFO    | molsanity | [cell BA-2Motifs__GINE__GNNExplainer__scaffold__seed0] DONE — acc=0.39 gt_auroc=0.50565 n=200 (capped) [cached]
2026-08-05 07:39:53,109 | INFO    | molsanity | [stage cell_BA-2Motifs__GINE__GNNExplainer__scaffold__seed1] cache hit (fc63d8611dbbf90f) — skipping
2026-08-05 07:39:53,109 | INFO    | molsanity | [cell BA-2Motifs__GINE__GNNExplainer__scaffold__seed1] DONE — acc=0.43 gt_auroc=0.6555500000000001 n=200 (capped) [cached]
2026-08-05 07:39:53,648 | INFO    | molsanity | [stage cell_BA-2Motifs__GINE__GNNExplainer__scaffold__seed2] cache hit (129c81bd7fa5b89a) — skipping
2026-08-05 07:39:53,648 | INFO    | molsanity | [cell BA-2Motifs__GINE__GNNExplainer__scaffold__seed2] DONE — acc=0.99 gt_auroc=0.5259 n=200 (capped) [cached]
2026-08-05 07:39:54,306 | INFO    | molsanity | [stage cell_BA-2Motifs__GINE__GNNExplainer__random__seed0] cache hit (8c54b7a80c1b2409) — skipping
2026-08-05 07:39:54,307 | INFO    | molsanity | [cell BA-2Motifs__GINE__GNNExplainer__random__seed0] DONE — acc=0.78 gt_auroc=0.50115 n=200 (capped) [cached]
2026-08-05 07:39:54,723 | INFO    | molsanity | [stage cell_BA-2Motifs__GINE__GNNExplainer__random__seed1] cache hit (a6216cbfec316168) — skipping
2026-08-05 07:39:54,723 | INFO    | molsanity | [cell BA-2Motifs__GINE__GNNExplainer__random__seed1] DONE — acc=0.65 gt_auroc=0.4585 n=200 (capped) [cached]
2026-08-05 07:39:55,159 | INFO    | molsanity | [stage cell_BA-2Motifs__GINE__GNNExplainer__random__seed2] cache hit (cd0f05ec3de61c28) — skipping
2026-08-05 07:39:55,159 | INFO    | molsanity | [cell BA-2Motifs__GINE__GNNExplainer__random__seed2] DONE — acc=0.88 gt_auroc=0.5737000000000001 n=200 (capped) [cached]
2026-08-05 07:39:55,717 | INFO    | molsanity | [stage cell_BA-2Motifs__GINE__PGExplainer__scaffold__seed0] cache hit (0ac8a5329ae664b9) — skipping
2026-08-05 07:39:55,717 | INFO    | molsanity | [cell BA-2Motifs__GINE__PGExplainer__scaffold__seed0] DONE — acc=0.39 gt_auroc=0.9778 n=200 (capped) [cached]
2026-08-05 07:39:56,247 | INFO    | molsanity | [stage cell_BA-2Motifs__GINE__PGExplainer__scaffold__seed1] cache hit (43a870549f036340) — skipping
2026-08-05 07:39:56,247 | INFO    | molsanity | [cell BA-2Motifs__GINE__PGExplainer__scaffold__seed1] DONE — acc=0.43 gt_auroc=0.9484 n=200 (capped) [cached]
2026-08-05 07:39:56,795 | INFO    | molsanity | [stage cell_BA-2Motifs__GINE__PGExplainer__scaffold__seed2] cache hit (b56911c908e22439) — skipping
2026-08-05 07:39:56,796 | INFO    | molsanity | [cell BA-2Motifs__GINE__PGExplainer__scaffold__seed2] DONE — acc=0.99 gt_auroc=0.73065 n=200 (capped) [cached]
2026-08-05 07:39:57,172 | INFO    | molsanity | [stage cell_BA-2Motifs__GINE__PGExplainer__random__seed0] cache hit (b4d573e3462ff45d) — skipping
2026-08-05 07:39:57,172 | INFO    | molsanity | [cell BA-2Motifs__GINE__PGExplainer__random__seed0] DONE — acc=0.78 gt_auroc=0.4854 n=200 (capped) [cached]
2026-08-05 07:39:57,833 | INFO    | molsanity | [stage cell_BA-2Motifs__GINE__PGExplainer__random__seed1] cache hit (9953b37606eb8adb) — skipping
2026-08-05 07:39:57,834 | INFO    | molsanity | [cell BA-2Motifs__GINE__PGExplainer__random__seed1] DONE — acc=0.65 gt_auroc=0.6038000000000001 n=200 (capped) [cached]
2026-08-05 07:39:58,220 | INFO    | molsanity | [stage cell_BA-2Motifs__GINE__PGExplainer__random__seed2] cache hit (21e97723c03dbaa5) — skipping
2026-08-05 07:39:58,220 | INFO    | molsanity | [cell BA-2Motifs__GINE__PGExplainer__random__seed2] DONE — acc=0.88 gt_auroc=0.10402499999999999 n=200 (capped) [cached]
2026-08-05 07:39:58,922 | INFO    | molsanity | [stage cell_DILI__GINE__IntegratedGradients__scaffold__seed0] cache hit (444a084109d53258) — skipping
2026-08-05 07:39:58,922 | INFO    | molsanity | [cell DILI__GINE__IntegratedGradients__scaffold__seed0] DONE — acc=0.73 gt_auroc=nan n=142 (capped) [cached]
2026-08-05 07:39:59,625 | INFO    | molsanity | [stage cell_DILI__GINE__IntegratedGradients__scaffold__seed1] cache hit (47f93e28058fd600) — skipping
2026-08-05 07:39:59,625 | INFO    | molsanity | [cell DILI__GINE__IntegratedGradients__scaffold__seed1] DONE — acc=0.70 gt_auroc=nan n=142 (capped) [cached]
2026-08-05 07:40:00,281 | INFO    | molsanity | [stage cell_DILI__GINE__IntegratedGradients__scaffold__seed2] cache hit (190a992d9964e972) — skipping
2026-08-05 07:40:00,282 | INFO    | molsanity | [cell DILI__GINE__IntegratedGradients__scaffold__seed2] DONE — acc=0.78 gt_auroc=nan n=142 (capped) [cached]
2026-08-05 07:40:00,686 | INFO    | molsanity | [stage cell_DILI__GINE__IntegratedGradients__random__seed0] cache hit (3e97a237b21c5405) — skipping
2026-08-05 07:40:00,686 | INFO    | molsanity | [cell DILI__GINE__IntegratedGradients__random__seed0] DONE — acc=0.82 gt_auroc=nan n=142 (capped) [cached]
2026-08-05 07:40:01,438 | INFO    | molsanity | [stage cell_DILI__GINE__IntegratedGradients__random__seed1] cache hit (9d5b016bfa039a6e) — skipping
2026-08-05 07:40:01,438 | INFO    | molsanity | [cell DILI__GINE__IntegratedGradients__random__seed1] DONE — acc=0.61 gt_auroc=nan n=142 (capped) [cached]
2026-08-05 07:40:01,822 | INFO    | molsanity | [stage cell_DILI__GINE__IntegratedGradients__random__seed2] cache hit (f84505b13d17583f) — skipping
2026-08-05 07:40:01,822 | INFO    | molsanity | [cell DILI__GINE__IntegratedGradients__random__seed2] DONE — acc=0.70 gt_auroc=nan n=142 (capped) [cached]
2026-08-05 07:40:02,377 | INFO    | molsanity | [stage cell_hERG__GINE__IntegratedGradients__scaffold__seed0] cache hit (fefcd7292467b591) — skipping
2026-08-05 07:40:02,377 | INFO    | molsanity | [cell hERG__GINE__IntegratedGradients__scaffold__seed0] DONE — acc=0.53 gt_auroc=nan n=197 (capped) [cached]
2026-08-05 07:40:02,900 | INFO    | molsanity | [stage cell_hERG__GINE__IntegratedGradients__scaffold__seed1] cache hit (c4425f21cb8db3f4) — skipping
2026-08-05 07:40:02,900 | INFO    | molsanity | [cell hERG__GINE__IntegratedGradients__scaffold__seed1] DONE — acc=0.46 gt_auroc=nan n=197 (capped) [cached]
2026-08-05 07:40:03,480 | INFO    | molsanity | [stage cell_hERG__GINE__IntegratedGradients__scaffold__seed2] cache hit (5f67af8e5d3de310) — skipping
2026-08-05 07:40:03,480 | INFO    | molsanity | [cell hERG__GINE__IntegratedGradients__scaffold__seed2] DONE — acc=0.42 gt_auroc=nan n=197 (capped) [cached]
2026-08-05 07:40:03,867 | INFO    | molsanity | [stage cell_hERG__GINE__IntegratedGradients__random__seed0] cache hit (e7a074fcbf925577) — skipping
2026-08-05 07:40:03,867 | INFO    | molsanity | [cell hERG__GINE__IntegratedGradients__random__seed0] DONE — acc=0.79 gt_auroc=nan n=197 (capped) [cached]
2026-08-05 07:40:04,292 | INFO    | molsanity | [stage cell_hERG__GINE__IntegratedGradients__random__seed1] cache hit (398bf504c4eb5974) — skipping
2026-08-05 07:40:04,292 | INFO    | molsanity | [cell hERG__GINE__IntegratedGradients__random__seed1] DONE — acc=0.43 gt_auroc=nan n=197 (capped) [cached]
2026-08-05 07:40:04,669 | INFO    | molsanity | [stage cell_hERG__GINE__IntegratedGradients__random__seed2] cache hit (5e662f6ad6385d83) — skipping
2026-08-05 07:40:04,669 | INFO    | molsanity | [cell hERG__GINE__IntegratedGradients__random__seed2] DONE — acc=0.74 gt_auroc=nan n=197 (capped) [cached]
2026-08-05 07:40:04,697 | INFO    | molsanity | Wrote SEED_VARIANCE.md (186 cells with >1 seed)
2026-08-05 07:40:04,697 | INFO    | molsanity | Wrote SEED_VARIANCE.md (186 multi-seed cells)
2026-08-05 07:41:39,398 | INFO    | molsanity | Wrote ABSTENTION.md (5 signals ranked)
2026-08-05 07:41:39,398 | INFO    | molsanity | Wrote ABSTENTION.md (5 signals ranked over 31785 records)
2026-08-05 07:41:39,404 | INFO    | molsanity | Wrote RATIONALE_USE.md (7311 molecules where the model reads the ground truth, 1374 anti-aligned despite that)
2026-08-05 07:41:41,273 | INFO    | molsanity | Wrote BENCHMARK.md (186 cells)
2026-08-05 07:41:42,206 | INFO    | molsanity | Wrote BENCHMARK_GT.md (faithfulness-vs-ground-truth)
2026-08-05 07:41:44,171 | INFO    | molsanity | Wrote summary figure: artifacts/figures/_summary/attributor_gt_bar_MUTAG.pdf
2026-08-05 07:41:46,034 | INFO    | molsanity | Wrote summary figure: artifacts/figures/_summary/attributor_gt_bar_SynthMotifs.pdf
2026-08-05 07:41:47,782 | INFO    | molsanity | Wrote summary figure: artifacts/figures/_summary/faithfulness_stability_ecdf.pdf
2026-08-05 07:41:49,738 | INFO    | molsanity | Wrote summary figure: artifacts/figures/_summary/regime_stratification.pdf
2026-08-05 07:41:52,033 | INFO    | molsanity | Wrote rich figure: artifacts/figures/_summary/joint_faithful_correct.pdf
2026-08-05 07:41:53,819 | INFO    | molsanity | Wrote rich figure: artifacts/figures/_summary/raincloud_gt_MUTAG.pdf
2026-08-05 07:41:55,756 | INFO    | molsanity | Wrote rich figure: artifacts/figures/_summary/heatmap_gt.pdf
2026-08-05 07:41:58,462 | INFO    | molsanity | Wrote composite figure: artifacts/figures/_summary/results_composite.pdf
2026-08-05 07:41:58,474 | INFO    | molsanity | Loaded MUTAG: 188 graphs, checksum de1d4cec357f
2026-08-05 07:41:58,553 | INFO    | molsanity | Scaffold split: 47 scaffolds over 188 molecules (2 scaffold-less, 89.4% of molecules in multi-member groups) -> train 150 / val 18 / test 20
2026-08-05 07:41:59,235 | INFO    | molsanity | Loaded existing checkpoint gine_f0f03e5089058af8.pt
2026-08-05 07:42:03,123 | INFO    | molsanity | Wrote molecule grid: artifacts/figures/_summary/molgrid_MUTAG.pdf
2026-08-05 07:42:03,575 | INFO    | molsanity | Generated SynthMotifs: 1000 graphs (house/cycle), exact node GT
2026-08-05 07:42:03,586 | INFO    | molsanity | SynthMotifs checksum recorded: dec19662af21
2026-08-05 07:42:03,586 | INFO    | molsanity | Loaded SynthMotifs: 1000 graphs, checksum dec19662af21
2026-08-05 07:42:03,589 | INFO    | molsanity | Scaffold split: 1000 scaffolds over 1000 molecules (1000 scaffold-less, 0.0% of molecules in multi-member groups) -> train 800 / val 100 / test 100
2026-08-05 07:42:03,589 | WARNING | molsanity | Scaffold split is DEGENERATE: only 0.0% of molecules share a scaffold with another molecule, so this partition is deterministic but not a chemical shift regime. Do not report it as scaffold shift.
2026-08-05 07:42:04,255 | INFO    | molsanity | Loaded existing checkpoint gine_92f8d045d39e08c5.pt
2026-08-05 07:42:07,521 | INFO    | molsanity | Wrote molecule grid: artifacts/figures/_summary/molgrid_SynthMotifs.pdf
2026-08-05 07:42:07,533 | INFO    | molsanity | Wrote 10 summary figure(s)
2026-08-05 07:42:10,908 | INFO    | molsanity | Wrote dissociation figure
2026-08-05 07:46:25,483 | INFO    | molsanity | Collected figures -> figures/ (506 files, 187 cells)
2026-08-05 07:46:25,484 | INFO    | molsanity | === Run complete: {'done': 558, 'failed': 0, 'skipped': 0, 'running': 0} ===
