2026-07-31 00:57:19,867 | INFO    | molsanity | === MolSanity run: full.yaml (seed=0) ===
2026-07-31 00:57:26,393 | INFO    | molsanity | Seeds: [0, 1, 2]
2026-07-31 00:57:26,399 | INFO    | molsanity | [stage cell_SynthMotifs__GINE__IntegratedGradients__scaffold__seed0] running (193b0b2c375ae42d)
2026-07-31 00:57:28,108 | INFO    | molsanity | Generated SynthMotifs: 1000 graphs (house/cycle), exact node GT
2026-07-31 00:57:28,137 | INFO    | molsanity | SynthMotifs checksum recorded: dec19662af21
2026-07-31 00:57:28,138 | INFO    | molsanity | Loaded SynthMotifs: 1000 graphs, checksum dec19662af21
2026-07-31 00:57:29,850 | INFO    | molsanity | Scaffold split: 1000 scaffolds -> train 600 / val 100 / test 300
2026-07-31 00:57:30,509 | INFO    | molsanity | Loaded existing checkpoint gine_5281be77a9e8e1fc.pt
2026-07-31 00:57:32,326 | ERROR   | molsanity | [cell SynthMotifs__GINE__IntegratedGradients__scaffold__seed0] FAILED — index 1 is out of bounds for dimension 0 with size 1 (traceback -> logs/error_SynthMotifs__GINE__IntegratedGradients__scaffold__seed0_20260731_005714.log)
2026-07-31 00:57:32,340 | INFO    | molsanity | [stage cell_SynthMotifs__GINE__IntegratedGradients__scaffold__seed1] running (7c6e9f56f368d6c3)
2026-07-31 00:57:33,989 | INFO    | molsanity | Generated SynthMotifs: 1000 graphs (house/cycle), exact node GT
2026-07-31 00:57:34,018 | INFO    | molsanity | Loaded SynthMotifs: 1000 graphs, checksum dec19662af21
2026-07-31 00:57:35,939 | INFO    | molsanity | Scaffold split: 1000 scaffolds -> train 600 / val 100 / test 300
2026-07-31 00:57:41,325 | INFO    | molsanity | Saved early checkpoint @epoch 30 -> gine_ba47c6df3e15116b_early.pt
2026-07-31 00:57:59,254 | INFO    | molsanity | Training done: best val_acc=1.000 @epoch 7 | test_acc=1.000 test_auc=1.000 T=0.162
2026-07-31 00:57:59,275 | INFO    | molsanity | Saved checkpoint gine_ba47c6df3e15116b.pt
2026-07-31 00:57:59,314 | ERROR   | molsanity | [cell SynthMotifs__GINE__IntegratedGradients__scaffold__seed1] FAILED — index 1 is out of bounds for dimension 0 with size 1 (traceback -> logs/error_SynthMotifs__GINE__IntegratedGradients__scaffold__seed1_20260731_005714.log)
2026-07-31 00:57:59,325 | INFO    | molsanity | [stage cell_SynthMotifs__GINE__IntegratedGradients__scaffold__seed2] running (693279ba233cd06b)
2026-07-31 00:58:01,021 | INFO    | molsanity | Generated SynthMotifs: 1000 graphs (house/cycle), exact node GT
2026-07-31 00:58:01,056 | INFO    | molsanity | Loaded SynthMotifs: 1000 graphs, checksum dec19662af21
2026-07-31 00:58:02,568 | INFO    | molsanity | Scaffold split: 1000 scaffolds -> train 600 / val 100 / test 300
2026-07-31 00:58:07,912 | INFO    | molsanity | Saved early checkpoint @epoch 30 -> gine_34584b44d53a42a9_early.pt
2026-07-31 00:58:25,827 | INFO    | molsanity | Training done: best val_acc=1.000 @epoch 7 | test_acc=0.923 test_auc=1.000 T=0.576
2026-07-31 00:58:25,845 | INFO    | molsanity | Saved checkpoint gine_34584b44d53a42a9.pt
2026-07-31 00:58:25,882 | ERROR   | molsanity | [cell SynthMotifs__GINE__IntegratedGradients__scaffold__seed2] FAILED — index 1 is out of bounds for dimension 0 with size 1 (traceback -> logs/error_SynthMotifs__GINE__IntegratedGradients__scaffold__seed2_20260731_005714.log)
2026-07-31 00:58:25,894 | INFO    | molsanity | [stage cell_SynthMotifs__GINE__IntegratedGradients__random__seed0] running (02753f4e809ce5f5)
2026-07-31 00:58:27,546 | INFO    | molsanity | Generated SynthMotifs: 1000 graphs (house/cycle), exact node GT
2026-07-31 00:58:27,581 | INFO    | molsanity | Loaded SynthMotifs: 1000 graphs, checksum dec19662af21
2026-07-31 00:58:27,975 | INFO    | molsanity | Loaded existing checkpoint gine_81524887c7adee3c.pt
2026-07-31 00:58:28,642 | ERROR   | molsanity | [cell SynthMotifs__GINE__IntegratedGradients__random__seed0] FAILED — index 1 is out of bounds for dimension 0 with size 1 (traceback -> logs/error_SynthMotifs__GINE__IntegratedGradients__random__seed0_20260731_005714.log)
2026-07-31 00:58:28,686 | INFO    | molsanity | [stage cell_SynthMotifs__GINE__IntegratedGradients__random__seed1] running (7d175e0f92c82ad0)
2026-07-31 00:58:30,572 | INFO    | molsanity | Generated SynthMotifs: 1000 graphs (house/cycle), exact node GT
2026-07-31 00:58:30,604 | INFO    | molsanity | Loaded SynthMotifs: 1000 graphs, checksum dec19662af21
2026-07-31 00:58:35,920 | INFO    | molsanity | Saved early checkpoint @epoch 30 -> gine_fbfa4ff78a93a73e_early.pt
2026-07-31 00:58:54,369 | INFO    | molsanity | Training done: best val_acc=1.000 @epoch 6 | test_acc=0.990 test_auc=1.000 T=0.209
2026-07-31 00:58:54,388 | INFO    | molsanity | Saved checkpoint gine_fbfa4ff78a93a73e.pt
2026-07-31 00:58:54,429 | ERROR   | molsanity | [cell SynthMotifs__GINE__IntegratedGradients__random__seed1] FAILED — index 1 is out of bounds for dimension 0 with size 1 (traceback -> logs/error_SynthMotifs__GINE__IntegratedGradients__random__seed1_20260731_005714.log)
2026-07-31 00:58:54,441 | INFO    | molsanity | [stage cell_SynthMotifs__GINE__IntegratedGradients__random__seed2] running (1565f585e9b5541c)
2026-07-31 00:58:56,142 | INFO    | molsanity | Generated SynthMotifs: 1000 graphs (house/cycle), exact node GT
2026-07-31 00:58:56,178 | INFO    | molsanity | Loaded SynthMotifs: 1000 graphs, checksum dec19662af21
2026-07-31 00:59:01,000 | INFO    | molsanity | Saved early checkpoint @epoch 30 -> gine_055141d997e01cb6_early.pt
2026-07-31 00:59:19,821 | INFO    | molsanity | Training done: best val_acc=1.000 @epoch 6 | test_acc=0.950 test_auc=1.000 T=0.188
2026-07-31 00:59:19,837 | INFO    | molsanity | Saved checkpoint gine_055141d997e01cb6.pt
2026-07-31 00:59:19,873 | ERROR   | molsanity | [cell SynthMotifs__GINE__IntegratedGradients__random__seed2] FAILED — index 1 is out of bounds for dimension 0 with size 1 (traceback -> logs/error_SynthMotifs__GINE__IntegratedGradients__random__seed2_20260731_005714.log)
2026-07-31 00:59:19,885 | INFO    | molsanity | [stage cell_SynthMotifs__GINE__Saliency__scaffold__seed0] running (99e9e11a6bd43bfb)
2026-07-31 00:59:21,578 | INFO    | molsanity | Generated SynthMotifs: 1000 graphs (house/cycle), exact node GT
2026-07-31 00:59:21,609 | INFO    | molsanity | Loaded SynthMotifs: 1000 graphs, checksum dec19662af21
2026-07-31 00:59:23,143 | INFO    | molsanity | Scaffold split: 1000 scaffolds -> train 600 / val 100 / test 300
2026-07-31 00:59:23,163 | INFO    | molsanity | Loaded existing checkpoint gine_5281be77a9e8e1fc.pt
2026-07-31 00:59:37,985 | INFO    | molsanity | Wrote GT-validation figure: artifacts/figures/SynthMotifs__GINE__Saliency__scaffold/gt_validation.pdf (+ .svg)
2026-07-31 00:59:38,007 | INFO    | molsanity | Skipping molecule SVG (no aligned mol for case_molecule.svg)
2026-07-31 00:59:38,679 | INFO    | molsanity | [cell SynthMotifs__GINE__Saliency__scaffold__seed0] DONE — acc=0.90 gt_auroc=0.96492 n=200 (capped)
2026-07-31 00:59:38,685 | INFO    | molsanity | [stage cell_SynthMotifs__GINE__Saliency__scaffold__seed1] running (34d47b87541640ac)
2026-07-31 00:59:40,401 | INFO    | molsanity | Generated SynthMotifs: 1000 graphs (house/cycle), exact node GT
2026-07-31 00:59:40,432 | INFO    | molsanity | Loaded SynthMotifs: 1000 graphs, checksum dec19662af21
2026-07-31 00:59:42,311 | INFO    | molsanity | Scaffold split: 1000 scaffolds -> train 600 / val 100 / test 300
2026-07-31 00:59:42,338 | INFO    | molsanity | Loaded existing checkpoint gine_ba47c6df3e15116b.pt
2026-07-31 00:59:55,240 | INFO    | molsanity | Wrote GT-validation figure: artifacts/figures/SynthMotifs__GINE__Saliency__scaffold/gt_validation.pdf (+ .svg)
2026-07-31 00:59:55,242 | INFO    | molsanity | Skipping molecule SVG (no aligned mol for case_molecule.svg)
2026-07-31 00:59:55,298 | INFO    | molsanity | [cell SynthMotifs__GINE__Saliency__scaffold__seed1] DONE — acc=1.00 gt_auroc=0.98256 n=200 (capped)
2026-07-31 00:59:55,304 | INFO    | molsanity | [stage cell_SynthMotifs__GINE__Saliency__scaffold__seed2] running (dbc1d6fc5c881904)
2026-07-31 00:59:57,952 | INFO    | molsanity | Generated SynthMotifs: 1000 graphs (house/cycle), exact node GT
2026-07-31 00:59:58,007 | INFO    | molsanity | Loaded SynthMotifs: 1000 graphs, checksum dec19662af21
2026-07-31 01:00:00,083 | INFO    | molsanity | Scaffold split: 1000 scaffolds -> train 600 / val 100 / test 300
2026-07-31 01:00:00,104 | INFO    | molsanity | Loaded existing checkpoint gine_34584b44d53a42a9.pt
2026-07-31 01:00:13,050 | INFO    | molsanity | Wrote GT-validation figure: artifacts/figures/SynthMotifs__GINE__Saliency__scaffold/gt_validation.pdf (+ .svg)
2026-07-31 01:00:13,053 | INFO    | molsanity | Skipping molecule SVG (no aligned mol for case_molecule.svg)
2026-07-31 01:00:13,108 | INFO    | molsanity | [cell SynthMotifs__GINE__Saliency__scaffold__seed2] DONE — acc=0.92 gt_auroc=0.98312 n=200 (capped)
2026-07-31 01:00:13,114 | INFO    | molsanity | [stage cell_SynthMotifs__GINE__Saliency__random__seed0] running (f35ee62bd3a2fd8c)
2026-07-31 01:00:14,969 | INFO    | molsanity | Generated SynthMotifs: 1000 graphs (house/cycle), exact node GT
2026-07-31 01:00:15,000 | INFO    | molsanity | Loaded SynthMotifs: 1000 graphs, checksum dec19662af21
2026-07-31 01:00:15,025 | INFO    | molsanity | Loaded existing checkpoint gine_81524887c7adee3c.pt
2026-07-31 01:00:29,209 | INFO    | molsanity | Wrote GT-validation figure: artifacts/figures/SynthMotifs__GINE__Saliency__random/gt_validation.pdf (+ .svg)
2026-07-31 01:00:29,212 | INFO    | molsanity | Skipping molecule SVG (no aligned mol for case_molecule.svg)
2026-07-31 01:00:30,049 | INFO    | molsanity | [cell SynthMotifs__GINE__Saliency__random__seed0] DONE — acc=0.98 gt_auroc=0.9934000000000001 n=200 (capped)
2026-07-31 01:00:30,055 | INFO    | molsanity | [stage cell_SynthMotifs__GINE__Saliency__random__seed1] running (b12bf657be55d0c6)
2026-07-31 01:00:31,746 | INFO    | molsanity | Generated SynthMotifs: 1000 graphs (house/cycle), exact node GT
2026-07-31 01:00:31,781 | INFO    | molsanity | Loaded SynthMotifs: 1000 graphs, checksum dec19662af21
2026-07-31 01:00:31,809 | INFO    | molsanity | Loaded existing checkpoint gine_fbfa4ff78a93a73e.pt
2026-07-31 01:00:44,860 | INFO    | molsanity | Wrote GT-validation figure: artifacts/figures/SynthMotifs__GINE__Saliency__random/gt_validation.pdf (+ .svg)
2026-07-31 01:00:44,861 | INFO    | molsanity | Skipping molecule SVG (no aligned mol for case_molecule.svg)
2026-07-31 01:00:44,911 | INFO    | molsanity | [cell SynthMotifs__GINE__Saliency__random__seed1] DONE — acc=0.98 gt_auroc=0.98276 n=200 (capped)
2026-07-31 01:00:44,936 | INFO    | molsanity | [stage cell_SynthMotifs__GINE__Saliency__random__seed2] running (00333c65a3925cbb)
2026-07-31 01:00:46,645 | INFO    | molsanity | Generated SynthMotifs: 1000 graphs (house/cycle), exact node GT
2026-07-31 01:00:46,676 | INFO    | molsanity | Loaded SynthMotifs: 1000 graphs, checksum dec19662af21
2026-07-31 01:00:46,706 | INFO    | molsanity | Loaded existing checkpoint gine_055141d997e01cb6.pt
2026-07-31 01:00:59,853 | INFO    | molsanity | Wrote GT-validation figure: artifacts/figures/SynthMotifs__GINE__Saliency__random/gt_validation.pdf (+ .svg)
2026-07-31 01:00:59,854 | INFO    | molsanity | Skipping molecule SVG (no aligned mol for case_molecule.svg)
2026-07-31 01:00:59,897 | INFO    | molsanity | [cell SynthMotifs__GINE__Saliency__random__seed2] DONE — acc=0.94 gt_auroc=0.9599599999999999 n=200 (capped)
2026-07-31 01:00:59,902 | INFO    | molsanity | [stage cell_SynthMotifs__GINE__InputXGradient__scaffold__seed0] running (70e4e61173f0513c)
2026-07-31 01:01:01,637 | INFO    | molsanity | Generated SynthMotifs: 1000 graphs (house/cycle), exact node GT
2026-07-31 01:01:01,670 | INFO    | molsanity | Loaded SynthMotifs: 1000 graphs, checksum dec19662af21
2026-07-31 01:01:03,242 | INFO    | molsanity | Scaffold split: 1000 scaffolds -> train 600 / val 100 / test 300
2026-07-31 01:01:03,263 | INFO    | molsanity | Loaded existing checkpoint gine_5281be77a9e8e1fc.pt
2026-07-31 01:01:17,160 | INFO    | molsanity | Wrote GT-validation figure: artifacts/figures/SynthMotifs__GINE__InputXGradient__scaffold/gt_validation.pdf (+ .svg)
2026-07-31 01:01:17,162 | INFO    | molsanity | Skipping molecule SVG (no aligned mol for case_molecule.svg)
2026-07-31 01:01:18,068 | INFO    | molsanity | [cell SynthMotifs__GINE__InputXGradient__scaffold__seed0] DONE — acc=0.90 gt_auroc=0.95144 n=200 (capped)
2026-07-31 01:01:18,074 | INFO    | molsanity | [stage cell_SynthMotifs__GINE__InputXGradient__scaffold__seed1] running (b21a7f33a2b02a43)
2026-07-31 01:01:19,992 | INFO    | molsanity | Generated SynthMotifs: 1000 graphs (house/cycle), exact node GT
2026-07-31 01:01:20,022 | INFO    | molsanity | Loaded SynthMotifs: 1000 graphs, checksum dec19662af21
2026-07-31 01:01:22,026 | INFO    | molsanity | Scaffold split: 1000 scaffolds -> train 600 / val 100 / test 300
2026-07-31 01:01:22,051 | INFO    | molsanity | Loaded existing checkpoint gine_ba47c6df3e15116b.pt
2026-07-31 01:01:34,651 | INFO    | molsanity | Wrote GT-validation figure: artifacts/figures/SynthMotifs__GINE__InputXGradient__scaffold/gt_validation.pdf (+ .svg)
2026-07-31 01:01:34,653 | INFO    | molsanity | Skipping molecule SVG (no aligned mol for case_molecule.svg)
2026-07-31 01:01:34,701 | INFO    | molsanity | [cell SynthMotifs__GINE__InputXGradient__scaffold__seed1] DONE — acc=1.00 gt_auroc=0.9765599999999999 n=200 (capped)
2026-07-31 01:01:34,707 | INFO    | molsanity | [stage cell_SynthMotifs__GINE__InputXGradient__scaffold__seed2] running (d4e1596d2155784e)
2026-07-31 01:01:37,130 | INFO    | molsanity | Generated SynthMotifs: 1000 graphs (house/cycle), exact node GT
2026-07-31 01:01:37,184 | INFO    | molsanity | Loaded SynthMotifs: 1000 graphs, checksum dec19662af21
2026-07-31 01:01:39,237 | INFO    | molsanity | Scaffold split: 1000 scaffolds -> train 600 / val 100 / test 300
2026-07-31 01:01:39,256 | INFO    | molsanity | Loaded existing checkpoint gine_34584b44d53a42a9.pt
2026-07-31 01:01:51,899 | INFO    | molsanity | Wrote GT-validation figure: artifacts/figures/SynthMotifs__GINE__InputXGradient__scaffold/gt_validation.pdf (+ .svg)
2026-07-31 01:01:51,900 | INFO    | molsanity | Skipping molecule SVG (no aligned mol for case_molecule.svg)
2026-07-31 01:01:51,963 | INFO    | molsanity | [cell SynthMotifs__GINE__InputXGradient__scaffold__seed2] DONE — acc=0.92 gt_auroc=0.9816000000000001 n=200 (capped)
2026-07-31 01:01:51,969 | INFO    | molsanity | [stage cell_SynthMotifs__GINE__InputXGradient__random__seed0] running (55c7baf914e35f27)
2026-07-31 01:01:53,951 | INFO    | molsanity | Generated SynthMotifs: 1000 graphs (house/cycle), exact node GT
2026-07-31 01:01:53,981 | INFO    | molsanity | Loaded SynthMotifs: 1000 graphs, checksum dec19662af21
2026-07-31 01:01:54,007 | INFO    | molsanity | Loaded existing checkpoint gine_81524887c7adee3c.pt
2026-07-31 01:02:07,468 | INFO    | molsanity | Wrote GT-validation figure: artifacts/figures/SynthMotifs__GINE__InputXGradient__random/gt_validation.pdf (+ .svg)
2026-07-31 01:02:07,471 | INFO    | molsanity | Skipping molecule SVG (no aligned mol for case_molecule.svg)
2026-07-31 01:02:08,414 | INFO    | molsanity | [cell SynthMotifs__GINE__InputXGradient__random__seed0] DONE — acc=0.98 gt_auroc=0.9872 n=200 (capped)
2026-07-31 01:02:08,420 | INFO    | molsanity | [stage cell_SynthMotifs__GINE__InputXGradient__random__seed1] running (f0b3d5309ccd3f1a)
2026-07-31 01:02:10,117 | INFO    | molsanity | Generated SynthMotifs: 1000 graphs (house/cycle), exact node GT
2026-07-31 01:02:10,149 | INFO    | molsanity | Loaded SynthMotifs: 1000 graphs, checksum dec19662af21
2026-07-31 01:02:10,179 | INFO    | molsanity | Loaded existing checkpoint gine_fbfa4ff78a93a73e.pt
2026-07-31 01:02:23,283 | INFO    | molsanity | Wrote GT-validation figure: artifacts/figures/SynthMotifs__GINE__InputXGradient__random/gt_validation.pdf (+ .svg)
2026-07-31 01:02:23,285 | INFO    | molsanity | Skipping molecule SVG (no aligned mol for case_molecule.svg)
2026-07-31 01:02:23,333 | INFO    | molsanity | [cell SynthMotifs__GINE__InputXGradient__random__seed1] DONE — acc=0.98 gt_auroc=0.9632 n=200 (capped)
2026-07-31 01:02:23,340 | INFO    | molsanity | [stage cell_SynthMotifs__GINE__InputXGradient__random__seed2] running (3745ebf4616a742c)
2026-07-31 01:02:25,295 | INFO    | molsanity | Generated SynthMotifs: 1000 graphs (house/cycle), exact node GT
2026-07-31 01:02:25,335 | INFO    | molsanity | Loaded SynthMotifs: 1000 graphs, checksum dec19662af21
2026-07-31 01:02:25,364 | INFO    | molsanity | Loaded existing checkpoint gine_055141d997e01cb6.pt
2026-07-31 01:02:39,070 | INFO    | molsanity | Wrote GT-validation figure: artifacts/figures/SynthMotifs__GINE__InputXGradient__random/gt_validation.pdf (+ .svg)
2026-07-31 01:02:39,072 | INFO    | molsanity | Skipping molecule SVG (no aligned mol for case_molecule.svg)
2026-07-31 01:02:39,132 | INFO    | molsanity | [cell SynthMotifs__GINE__InputXGradient__random__seed2] DONE — acc=0.94 gt_auroc=0.9592400000000001 n=200 (capped)
2026-07-31 01:02:39,139 | INFO    | molsanity | [stage cell_SynthMotifs__GINE__GuidedBackprop__scaffold__seed0] running (d994857856dc79ec)
2026-07-31 01:02:40,857 | INFO    | molsanity | Generated SynthMotifs: 1000 graphs (house/cycle), exact node GT
2026-07-31 01:02:40,891 | INFO    | molsanity | Loaded SynthMotifs: 1000 graphs, checksum dec19662af21
2026-07-31 01:02:42,446 | INFO    | molsanity | Scaffold split: 1000 scaffolds -> train 600 / val 100 / test 300
2026-07-31 01:02:42,467 | INFO    | molsanity | Loaded existing checkpoint gine_5281be77a9e8e1fc.pt
2026-07-31 01:02:56,953 | INFO    | molsanity | Wrote GT-validation figure: artifacts/figures/SynthMotifs__GINE__GuidedBackprop__scaffold/gt_validation.pdf (+ .svg)
2026-07-31 01:02:56,955 | INFO    | molsanity | Skipping molecule SVG (no aligned mol for case_molecule.svg)
2026-07-31 01:02:57,774 | INFO    | molsanity | [cell SynthMotifs__GINE__GuidedBackprop__scaffold__seed0] DONE — acc=0.90 gt_auroc=0.91328 n=200 (capped)
2026-07-31 01:02:57,781 | INFO    | molsanity | [stage cell_SynthMotifs__GINE__GuidedBackprop__scaffold__seed1] running (714b60f68289a8a3)
2026-07-31 01:02:59,449 | INFO    | molsanity | Generated SynthMotifs: 1000 graphs (house/cycle), exact node GT
2026-07-31 01:02:59,481 | INFO    | molsanity | Loaded SynthMotifs: 1000 graphs, checksum dec19662af21
2026-07-31 01:03:01,725 | INFO    | molsanity | Scaffold split: 1000 scaffolds -> train 600 / val 100 / test 300
2026-07-31 01:03:01,751 | INFO    | molsanity | Loaded existing checkpoint gine_ba47c6df3e15116b.pt
2026-07-31 01:03:14,907 | INFO    | molsanity | Wrote GT-validation figure: artifacts/figures/SynthMotifs__GINE__GuidedBackprop__scaffold/gt_validation.pdf (+ .svg)
2026-07-31 01:03:14,908 | INFO    | molsanity | Skipping molecule SVG (no aligned mol for case_molecule.svg)
2026-07-31 01:03:14,981 | INFO    | molsanity | [cell SynthMotifs__GINE__GuidedBackprop__scaffold__seed1] DONE — acc=1.00 gt_auroc=0.99884 n=200 (capped)
2026-07-31 01:03:14,990 | INFO    | molsanity | [stage cell_SynthMotifs__GINE__GuidedBackprop__scaffold__seed2] running (0c9da05ba564984c)
2026-07-31 01:03:17,390 | INFO    | molsanity | Generated SynthMotifs: 1000 graphs (house/cycle), exact node GT
2026-07-31 01:03:17,443 | INFO    | molsanity | Loaded SynthMotifs: 1000 graphs, checksum dec19662af21
2026-07-31 01:03:19,197 | INFO    | molsanity | Scaffold split: 1000 scaffolds -> train 600 / val 100 / test 300
2026-07-31 01:03:19,217 | INFO    | molsanity | Loaded existing checkpoint gine_34584b44d53a42a9.pt
2026-07-31 01:03:32,533 | INFO    | molsanity | Wrote GT-validation figure: artifacts/figures/SynthMotifs__GINE__GuidedBackprop__scaffold/gt_validation.pdf (+ .svg)
2026-07-31 01:03:32,535 | INFO    | molsanity | Skipping molecule SVG (no aligned mol for case_molecule.svg)
2026-07-31 01:03:32,578 | INFO    | molsanity | [cell SynthMotifs__GINE__GuidedBackprop__scaffold__seed2] DONE — acc=0.92 gt_auroc=0.98224 n=200 (capped)
2026-07-31 01:03:32,584 | INFO    | molsanity | [stage cell_SynthMotifs__GINE__GuidedBackprop__random__seed0] running (638a07f5d6d7d957)
2026-07-31 01:03:34,262 | INFO    | molsanity | Generated SynthMotifs: 1000 graphs (house/cycle), exact node GT
2026-07-31 01:03:34,294 | INFO    | molsanity | Loaded SynthMotifs: 1000 graphs, checksum dec19662af21
2026-07-31 01:03:34,319 | INFO    | molsanity | Loaded existing checkpoint gine_81524887c7adee3c.pt
2026-07-31 01:03:48,260 | INFO    | molsanity | Wrote GT-validation figure: artifacts/figures/SynthMotifs__GINE__GuidedBackprop__random/gt_validation.pdf (+ .svg)
2026-07-31 01:03:48,262 | INFO    | molsanity | Skipping molecule SVG (no aligned mol for case_molecule.svg)
2026-07-31 01:03:49,014 | INFO    | molsanity | [cell SynthMotifs__GINE__GuidedBackprop__random__seed0] DONE — acc=0.98 gt_auroc=0.9992 n=200 (capped)
2026-07-31 01:03:49,021 | INFO    | molsanity | [stage cell_SynthMotifs__GINE__GuidedBackprop__random__seed1] running (3e0b9edcddbc52d1)
2026-07-31 01:03:50,982 | INFO    | molsanity | Generated SynthMotifs: 1000 graphs (house/cycle), exact node GT
2026-07-31 01:03:51,015 | INFO    | molsanity | Loaded SynthMotifs: 1000 graphs, checksum dec19662af21
2026-07-31 01:03:51,043 | INFO    | molsanity | Loaded existing checkpoint gine_fbfa4ff78a93a73e.pt
2026-07-31 01:04:04,595 | INFO    | molsanity | Wrote GT-validation figure: artifacts/figures/SynthMotifs__GINE__GuidedBackprop__random/gt_validation.pdf (+ .svg)
2026-07-31 01:04:04,597 | INFO    | molsanity | Skipping molecule SVG (no aligned mol for case_molecule.svg)
2026-07-31 01:04:04,664 | INFO    | molsanity | [cell SynthMotifs__GINE__GuidedBackprop__random__seed1] DONE — acc=0.98 gt_auroc=0.9887999999999999 n=200 (capped)
2026-07-31 01:04:04,671 | INFO    | molsanity | [stage cell_SynthMotifs__GINE__GuidedBackprop__random__seed2] running (77c447e50517c08c)
2026-07-31 01:04:06,379 | INFO    | molsanity | Generated SynthMotifs: 1000 graphs (house/cycle), exact node GT
2026-07-31 01:04:06,411 | INFO    | molsanity | Loaded SynthMotifs: 1000 graphs, checksum dec19662af21
2026-07-31 01:04:06,436 | INFO    | molsanity | Loaded existing checkpoint gine_055141d997e01cb6.pt
2026-07-31 01:04:19,841 | INFO    | molsanity | Wrote GT-validation figure: artifacts/figures/SynthMotifs__GINE__GuidedBackprop__random/gt_validation.pdf (+ .svg)
2026-07-31 01:04:19,844 | INFO    | molsanity | Skipping molecule SVG (no aligned mol for case_molecule.svg)
2026-07-31 01:04:19,889 | INFO    | molsanity | [cell SynthMotifs__GINE__GuidedBackprop__random__seed2] DONE — acc=0.94 gt_auroc=0.9957600000000001 n=200 (capped)
2026-07-31 01:04:19,896 | INFO    | molsanity | [stage cell_SynthMotifs__GINE__GNNExplainer__scaffold__seed0] running (2ac6c1bea121f986)
2026-07-31 01:04:21,604 | INFO    | molsanity | Generated SynthMotifs: 1000 graphs (house/cycle), exact node GT
2026-07-31 01:04:21,638 | INFO    | molsanity | Loaded SynthMotifs: 1000 graphs, checksum dec19662af21
2026-07-31 01:04:23,157 | INFO    | molsanity | Scaffold split: 1000 scaffolds -> train 600 / val 100 / test 300
2026-07-31 01:04:23,177 | INFO    | molsanity | Loaded existing checkpoint gine_5281be77a9e8e1fc.pt
2026-07-31 01:10:18,073 | INFO    | molsanity | Wrote GT-validation figure: artifacts/figures/SynthMotifs__GINE__GNNExplainer__scaffold/gt_validation.pdf (+ .svg)
2026-07-31 01:10:18,075 | INFO    | molsanity | Skipping molecule SVG (no aligned mol for case_molecule.svg)
2026-07-31 01:10:18,990 | INFO    | molsanity | [cell SynthMotifs__GINE__GNNExplainer__scaffold__seed0] DONE — acc=0.90 gt_auroc=0.6681199999999999 n=200 (capped)
2026-07-31 01:10:18,998 | INFO    | molsanity | [stage cell_SynthMotifs__GINE__GNNExplainer__scaffold__seed1] running (29bc25c71f74612c)
2026-07-31 01:10:20,944 | INFO    | molsanity | Generated SynthMotifs: 1000 graphs (house/cycle), exact node GT
2026-07-31 01:10:21,002 | INFO    | molsanity | Loaded SynthMotifs: 1000 graphs, checksum dec19662af21
2026-07-31 01:10:23,396 | INFO    | molsanity | Scaffold split: 1000 scaffolds -> train 600 / val 100 / test 300
2026-07-31 01:10:23,422 | INFO    | molsanity | Loaded existing checkpoint gine_ba47c6df3e15116b.pt
2026-07-31 01:16:19,366 | INFO    | molsanity | Wrote GT-validation figure: artifacts/figures/SynthMotifs__GINE__GNNExplainer__scaffold/gt_validation.pdf (+ .svg)
2026-07-31 01:16:19,369 | INFO    | molsanity | Skipping molecule SVG (no aligned mol for case_molecule.svg)
2026-07-31 01:16:19,414 | INFO    | molsanity | [cell SynthMotifs__GINE__GNNExplainer__scaffold__seed1] DONE — acc=1.00 gt_auroc=0.53792 n=200 (capped)
2026-07-31 01:16:19,421 | INFO    | molsanity | [stage cell_SynthMotifs__GINE__GNNExplainer__scaffold__seed2] running (94a69ee94d6f0541)
2026-07-31 01:16:21,360 | INFO    | molsanity | Generated SynthMotifs: 1000 graphs (house/cycle), exact node GT
2026-07-31 01:16:21,394 | INFO    | molsanity | Loaded SynthMotifs: 1000 graphs, checksum dec19662af21
2026-07-31 01:16:22,900 | INFO    | molsanity | Scaffold split: 1000 scaffolds -> train 600 / val 100 / test 300
2026-07-31 01:16:22,920 | INFO    | molsanity | Loaded existing checkpoint gine_34584b44d53a42a9.pt
2026-07-31 01:22:16,232 | INFO    | molsanity | Wrote GT-validation figure: artifacts/figures/SynthMotifs__GINE__GNNExplainer__scaffold/gt_validation.pdf (+ .svg)
2026-07-31 01:22:16,234 | INFO    | molsanity | Skipping molecule SVG (no aligned mol for case_molecule.svg)
2026-07-31 01:22:16,280 | INFO    | molsanity | [cell SynthMotifs__GINE__GNNExplainer__scaffold__seed2] DONE — acc=0.92 gt_auroc=0.7962 n=200 (capped)
2026-07-31 01:22:16,286 | INFO    | molsanity | [stage cell_SynthMotifs__GINE__GNNExplainer__random__seed0] running (1de202a37979e9ea)
2026-07-31 01:22:17,979 | INFO    | molsanity | Generated SynthMotifs: 1000 graphs (house/cycle), exact node GT
2026-07-31 01:22:18,012 | INFO    | molsanity | Loaded SynthMotifs: 1000 graphs, checksum dec19662af21
2026-07-31 01:22:18,038 | INFO    | molsanity | Loaded existing checkpoint gine_81524887c7adee3c.pt
2026-07-31 01:28:09,848 | INFO    | molsanity | Wrote GT-validation figure: artifacts/figures/SynthMotifs__GINE__GNNExplainer__random/gt_validation.pdf (+ .svg)
2026-07-31 01:28:09,849 | INFO    | molsanity | Skipping molecule SVG (no aligned mol for case_molecule.svg)
2026-07-31 01:28:10,479 | INFO    | molsanity | [cell SynthMotifs__GINE__GNNExplainer__random__seed0] DONE — acc=0.98 gt_auroc=0.55664 n=200 (capped)
2026-07-31 01:28:10,486 | INFO    | molsanity | [stage cell_SynthMotifs__GINE__GNNExplainer__random__seed1] running (8340e3487494e388)
2026-07-31 01:28:12,167 | INFO    | molsanity | Generated SynthMotifs: 1000 graphs (house/cycle), exact node GT
2026-07-31 01:28:12,199 | INFO    | molsanity | Loaded SynthMotifs: 1000 graphs, checksum dec19662af21
2026-07-31 01:28:12,227 | INFO    | molsanity | Loaded existing checkpoint gine_fbfa4ff78a93a73e.pt
2026-07-31 01:33:57,745 | INFO    | molsanity | Wrote GT-validation figure: artifacts/figures/SynthMotifs__GINE__GNNExplainer__random/gt_validation.pdf (+ .svg)
2026-07-31 01:33:57,748 | INFO    | molsanity | Skipping molecule SVG (no aligned mol for case_molecule.svg)
2026-07-31 01:33:57,807 | INFO    | molsanity | [cell SynthMotifs__GINE__GNNExplainer__random__seed1] DONE — acc=0.98 gt_auroc=0.62324 n=200 (capped)
2026-07-31 01:33:57,816 | INFO    | molsanity | [stage cell_SynthMotifs__GINE__GNNExplainer__random__seed2] running (1bb1d5c3685e28db)
2026-07-31 01:34:00,252 | INFO    | molsanity | Generated SynthMotifs: 1000 graphs (house/cycle), exact node GT
2026-07-31 01:34:00,283 | INFO    | molsanity | Loaded SynthMotifs: 1000 graphs, checksum dec19662af21
2026-07-31 01:34:00,308 | INFO    | molsanity | Loaded existing checkpoint gine_055141d997e01cb6.pt
2026-07-31 01:39:45,793 | INFO    | molsanity | Wrote GT-validation figure: artifacts/figures/SynthMotifs__GINE__GNNExplainer__random/gt_validation.pdf (+ .svg)
2026-07-31 01:39:45,795 | INFO    | molsanity | Skipping molecule SVG (no aligned mol for case_molecule.svg)
2026-07-31 01:39:45,850 | INFO    | molsanity | [cell SynthMotifs__GINE__GNNExplainer__random__seed2] DONE — acc=0.94 gt_auroc=0.6885999999999999 n=200 (capped)
2026-07-31 01:39:45,856 | INFO    | molsanity | [stage cell_SynthMotifs__GINE__PGExplainer__scaffold__seed0] running (5a03c171a5bf62f5)
2026-07-31 01:39:47,494 | INFO    | molsanity | Generated SynthMotifs: 1000 graphs (house/cycle), exact node GT
2026-07-31 01:39:47,525 | INFO    | molsanity | Loaded SynthMotifs: 1000 graphs, checksum dec19662af21
2026-07-31 01:39:49,026 | INFO    | molsanity | Scaffold split: 1000 scaffolds -> train 600 / val 100 / test 300
2026-07-31 01:39:49,046 | INFO    | molsanity | Loaded existing checkpoint gine_5281be77a9e8e1fc.pt
2026-07-31 01:41:42,284 | INFO    | molsanity | PGExplainer trained on 200 graphs (30 epochs), final loss 0.6658
2026-07-31 01:42:48,813 | INFO    | molsanity | PGExplainer trained on 200 graphs (30 epochs), final loss 0.3443
2026-07-31 01:42:58,337 | INFO    | molsanity | Wrote GT-validation figure: artifacts/figures/SynthMotifs__GINE__PGExplainer__scaffold/gt_validation.pdf (+ .svg)
2026-07-31 01:42:58,338 | INFO    | molsanity | Skipping molecule SVG (no aligned mol for case_molecule.svg)
2026-07-31 01:42:58,952 | INFO    | molsanity | [cell SynthMotifs__GINE__PGExplainer__scaffold__seed0] DONE — acc=0.90 gt_auroc=0.5361 n=200 (capped)
2026-07-31 01:42:58,959 | INFO    | molsanity | [stage cell_SynthMotifs__GINE__PGExplainer__scaffold__seed1] running (893e9abe30ee4969)
2026-07-31 01:43:00,890 | INFO    | molsanity | Generated SynthMotifs: 1000 graphs (house/cycle), exact node GT
2026-07-31 01:43:00,922 | INFO    | molsanity | Loaded SynthMotifs: 1000 graphs, checksum dec19662af21
2026-07-31 01:43:02,401 | INFO    | molsanity | Scaffold split: 1000 scaffolds -> train 600 / val 100 / test 300
2026-07-31 01:43:02,423 | INFO    | molsanity | Loaded existing checkpoint gine_ba47c6df3e15116b.pt
2026-07-31 01:44:54,794 | INFO    | molsanity | PGExplainer trained on 200 graphs (30 epochs), final loss 0.7039
2026-07-31 01:46:01,088 | INFO    | molsanity | PGExplainer trained on 200 graphs (30 epochs), final loss 0.0419
2026-07-31 01:46:08,676 | INFO    | molsanity | Wrote GT-validation figure: artifacts/figures/SynthMotifs__GINE__PGExplainer__scaffold/gt_validation.pdf (+ .svg)
2026-07-31 01:46:08,678 | INFO    | molsanity | Skipping molecule SVG (no aligned mol for case_molecule.svg)
2026-07-31 01:46:08,725 | INFO    | molsanity | [cell SynthMotifs__GINE__PGExplainer__scaffold__seed1] DONE — acc=1.00 gt_auroc=0.30782 n=200 (capped)
2026-07-31 01:46:08,732 | INFO    | molsanity | [stage cell_SynthMotifs__GINE__PGExplainer__scaffold__seed2] running (ff7dbfc01cfb9d0f)
2026-07-31 01:46:10,395 | INFO    | molsanity | Generated SynthMotifs: 1000 graphs (house/cycle), exact node GT
2026-07-31 01:46:10,426 | INFO    | molsanity | Loaded SynthMotifs: 1000 graphs, checksum dec19662af21
2026-07-31 01:46:12,781 | INFO    | molsanity | Scaffold split: 1000 scaffolds -> train 600 / val 100 / test 300
2026-07-31 01:46:12,806 | INFO    | molsanity | Loaded existing checkpoint gine_34584b44d53a42a9.pt
2026-07-31 01:48:05,155 | INFO    | molsanity | PGExplainer trained on 200 graphs (30 epochs), final loss 0.9910
2026-07-31 01:49:08,735 | INFO    | molsanity | PGExplainer trained on 200 graphs (30 epochs), final loss 0.0507
2026-07-31 01:49:17,481 | INFO    | molsanity | Wrote GT-validation figure: artifacts/figures/SynthMotifs__GINE__PGExplainer__scaffold/gt_validation.pdf (+ .svg)
2026-07-31 01:49:17,483 | INFO    | molsanity | Skipping molecule SVG (no aligned mol for case_molecule.svg)
2026-07-31 01:49:17,543 | INFO    | molsanity | [cell SynthMotifs__GINE__PGExplainer__scaffold__seed2] DONE — acc=0.92 gt_auroc=0.3231 n=200 (capped)
2026-07-31 01:49:17,550 | INFO    | molsanity | [stage cell_SynthMotifs__GINE__PGExplainer__random__seed0] running (53469b066322fe83)
2026-07-31 01:49:19,229 | INFO    | molsanity | Generated SynthMotifs: 1000 graphs (house/cycle), exact node GT
2026-07-31 01:49:19,277 | INFO    | molsanity | Loaded SynthMotifs: 1000 graphs, checksum dec19662af21
2026-07-31 01:49:19,304 | INFO    | molsanity | Loaded existing checkpoint gine_81524887c7adee3c.pt
2026-07-31 01:51:10,474 | INFO    | molsanity | PGExplainer trained on 200 graphs (30 epochs), final loss 0.6686
2026-07-31 01:52:14,712 | INFO    | molsanity | PGExplainer trained on 200 graphs (30 epochs), final loss 0.1468
2026-07-31 01:52:23,804 | INFO    | molsanity | Wrote GT-validation figure: artifacts/figures/SynthMotifs__GINE__PGExplainer__random/gt_validation.pdf (+ .svg)
2026-07-31 01:52:23,806 | INFO    | molsanity | Skipping molecule SVG (no aligned mol for case_molecule.svg)
2026-07-31 01:52:24,559 | INFO    | molsanity | [cell SynthMotifs__GINE__PGExplainer__random__seed0] DONE — acc=0.98 gt_auroc=0.46025999999999995 n=200 (capped)
2026-07-31 01:52:24,566 | INFO    | molsanity | [stage cell_SynthMotifs__GINE__PGExplainer__random__seed1] running (3d9086e35d1f027f)
2026-07-31 01:52:26,228 | INFO    | molsanity | Generated SynthMotifs: 1000 graphs (house/cycle), exact node GT
2026-07-31 01:52:26,259 | INFO    | molsanity | Loaded SynthMotifs: 1000 graphs, checksum dec19662af21
2026-07-31 01:52:26,283 | INFO    | molsanity | Loaded existing checkpoint gine_fbfa4ff78a93a73e.pt
2026-07-31 01:54:17,771 | INFO    | molsanity | PGExplainer trained on 200 graphs (30 epochs), final loss 0.7278
2026-07-31 01:55:20,870 | INFO    | molsanity | PGExplainer trained on 200 graphs (30 epochs), final loss 4.1419
2026-07-31 01:55:28,843 | INFO    | molsanity | Wrote GT-validation figure: artifacts/figures/SynthMotifs__GINE__PGExplainer__random/gt_validation.pdf (+ .svg)
2026-07-31 01:55:28,845 | INFO    | molsanity | Skipping molecule SVG (no aligned mol for case_molecule.svg)
2026-07-31 01:55:28,901 | INFO    | molsanity | [cell SynthMotifs__GINE__PGExplainer__random__seed1] DONE — acc=0.98 gt_auroc=0.47098 n=200 (capped)
2026-07-31 01:55:28,907 | INFO    | molsanity | [stage cell_SynthMotifs__GINE__PGExplainer__random__seed2] running (696827c803f6b42b)
2026-07-31 01:55:30,786 | INFO    | molsanity | Generated SynthMotifs: 1000 graphs (house/cycle), exact node GT
2026-07-31 01:55:30,820 | INFO    | molsanity | Loaded SynthMotifs: 1000 graphs, checksum dec19662af21
2026-07-31 01:55:30,847 | INFO    | molsanity | Loaded existing checkpoint gine_055141d997e01cb6.pt
2026-07-31 01:57:22,133 | INFO    | molsanity | PGExplainer trained on 200 graphs (30 epochs), final loss 0.4392
2026-07-31 01:58:28,387 | INFO    | molsanity | PGExplainer trained on 200 graphs (30 epochs), final loss 0.2796
2026-07-31 01:58:35,855 | INFO    | molsanity | Wrote GT-validation figure: artifacts/figures/SynthMotifs__GINE__PGExplainer__random/gt_validation.pdf (+ .svg)
2026-07-31 01:58:35,857 | INFO    | molsanity | Skipping molecule SVG (no aligned mol for case_molecule.svg)
2026-07-31 01:58:35,900 | INFO    | molsanity | [cell SynthMotifs__GINE__PGExplainer__random__seed2] DONE — acc=0.94 gt_auroc=0.31392000000000003 n=200 (capped)
2026-07-31 01:58:35,906 | INFO    | molsanity | [stage cell_SynthMotifs__GINE__SubgraphX__scaffold__seed0] running (16f6daef9aa25a5b)
2026-07-31 01:58:38,323 | INFO    | molsanity | Generated SynthMotifs: 1000 graphs (house/cycle), exact node GT
2026-07-31 01:58:38,374 | INFO    | molsanity | Loaded SynthMotifs: 1000 graphs, checksum dec19662af21
2026-07-31 01:58:40,503 | INFO    | molsanity | Scaffold split: 1000 scaffolds -> train 600 / val 100 / test 300
2026-07-31 01:58:40,524 | INFO    | molsanity | Loaded existing checkpoint gine_5281be77a9e8e1fc.pt
2026-07-31 01:58:41,359 | ERROR   | molsanity | [cell SynthMotifs__GINE__SubgraphX__scaffold__seed0] FAILED — cannot pin 'torch.cuda.FloatTensor' only dense CPU tensors can be pinned (traceback -> logs/error_SynthMotifs__GINE__SubgraphX__scaffold__seed0_20260731_005714.log)
2026-07-31 01:58:41,373 | INFO    | molsanity | [stage cell_SynthMotifs__GINE__SubgraphX__scaffold__seed1] running (470e5f28dcb9d4b1)
2026-07-31 01:58:43,021 | INFO    | molsanity | Generated SynthMotifs: 1000 graphs (house/cycle), exact node GT
2026-07-31 01:58:43,053 | INFO    | molsanity | Loaded SynthMotifs: 1000 graphs, checksum dec19662af21
2026-07-31 01:58:44,568 | INFO    | molsanity | Scaffold split: 1000 scaffolds -> train 600 / val 100 / test 300
2026-07-31 01:58:44,589 | INFO    | molsanity | Loaded existing checkpoint gine_ba47c6df3e15116b.pt
2026-07-31 01:58:44,646 | ERROR   | molsanity | [cell SynthMotifs__GINE__SubgraphX__scaffold__seed1] FAILED — cannot pin 'torch.cuda.FloatTensor' only dense CPU tensors can be pinned (traceback -> logs/error_SynthMotifs__GINE__SubgraphX__scaffold__seed1_20260731_005714.log)
2026-07-31 01:58:44,659 | INFO    | molsanity | [stage cell_SynthMotifs__GINE__SubgraphX__scaffold__seed2] running (2a12a4f32ed8ce25)
2026-07-31 01:58:46,319 | INFO    | molsanity | Generated SynthMotifs: 1000 graphs (house/cycle), exact node GT
2026-07-31 01:58:46,351 | INFO    | molsanity | Loaded SynthMotifs: 1000 graphs, checksum dec19662af21
2026-07-31 01:58:47,879 | INFO    | molsanity | Scaffold split: 1000 scaffolds -> train 600 / val 100 / test 300
2026-07-31 01:58:47,897 | INFO    | molsanity | Loaded existing checkpoint gine_34584b44d53a42a9.pt
2026-07-31 01:58:47,951 | ERROR   | molsanity | [cell SynthMotifs__GINE__SubgraphX__scaffold__seed2] FAILED — cannot pin 'torch.cuda.FloatTensor' only dense CPU tensors can be pinned (traceback -> logs/error_SynthMotifs__GINE__SubgraphX__scaffold__seed2_20260731_005714.log)
2026-07-31 01:58:47,964 | INFO    | molsanity | [stage cell_SynthMotifs__GINE__SubgraphX__random__seed0] running (494517c96ed94269)
2026-07-31 01:58:49,624 | INFO    | molsanity | Generated SynthMotifs: 1000 graphs (house/cycle), exact node GT
2026-07-31 01:58:49,656 | INFO    | molsanity | Loaded SynthMotifs: 1000 graphs, checksum dec19662af21
2026-07-31 01:58:49,681 | INFO    | molsanity | Loaded existing checkpoint gine_81524887c7adee3c.pt
2026-07-31 01:58:49,737 | ERROR   | molsanity | [cell SynthMotifs__GINE__SubgraphX__random__seed0] FAILED — cannot pin 'torch.cuda.FloatTensor' only dense CPU tensors can be pinned (traceback -> logs/error_SynthMotifs__GINE__SubgraphX__random__seed0_20260731_005714.log)
2026-07-31 01:58:49,749 | INFO    | molsanity | [stage cell_SynthMotifs__GINE__SubgraphX__random__seed1] running (ac86cb2b18b32abf)
2026-07-31 01:58:52,302 | INFO    | molsanity | Generated SynthMotifs: 1000 graphs (house/cycle), exact node GT
2026-07-31 01:58:52,363 | INFO    | molsanity | Loaded SynthMotifs: 1000 graphs, checksum dec19662af21
2026-07-31 01:58:52,399 | INFO    | molsanity | Loaded existing checkpoint gine_fbfa4ff78a93a73e.pt
2026-07-31 01:58:52,475 | ERROR   | molsanity | [cell SynthMotifs__GINE__SubgraphX__random__seed1] FAILED — cannot pin 'torch.cuda.FloatTensor' only dense CPU tensors can be pinned (traceback -> logs/error_SynthMotifs__GINE__SubgraphX__random__seed1_20260731_005714.log)
2026-07-31 01:58:52,491 | INFO    | molsanity | [stage cell_SynthMotifs__GINE__SubgraphX__random__seed2] running (e32ec76efe0fa024)
2026-07-31 01:58:54,677 | INFO    | molsanity | Generated SynthMotifs: 1000 graphs (house/cycle), exact node GT
2026-07-31 01:58:54,711 | INFO    | molsanity | Loaded SynthMotifs: 1000 graphs, checksum dec19662af21
2026-07-31 01:58:54,736 | INFO    | molsanity | Loaded existing checkpoint gine_055141d997e01cb6.pt
2026-07-31 01:58:54,787 | ERROR   | molsanity | [cell SynthMotifs__GINE__SubgraphX__random__seed2] FAILED — cannot pin 'torch.cuda.FloatTensor' only dense CPU tensors can be pinned (traceback -> logs/error_SynthMotifs__GINE__SubgraphX__random__seed2_20260731_005714.log)
2026-07-31 01:58:54,798 | INFO    | molsanity | [stage cell_SynthMotifs__GCN__IntegratedGradients__scaffold__seed0] running (b7b985a93461e9da)
2026-07-31 01:58:56,462 | INFO    | molsanity | Generated SynthMotifs: 1000 graphs (house/cycle), exact node GT
2026-07-31 01:58:56,494 | INFO    | molsanity | Loaded SynthMotifs: 1000 graphs, checksum dec19662af21
2026-07-31 01:58:58,027 | INFO    | molsanity | Scaffold split: 1000 scaffolds -> train 600 / val 100 / test 300
2026-07-31 01:58:59,128 | INFO    | molsanity | Loaded existing checkpoint gcn_d9216bef68cf8971.pt
2026-07-31 01:58:59,632 | ERROR   | molsanity | [cell SynthMotifs__GCN__IntegratedGradients__scaffold__seed0] FAILED — index 1 is out of bounds for dimension 0 with size 1 (traceback -> logs/error_SynthMotifs__GCN__IntegratedGradients__scaffold__seed0_20260731_005714.log)
2026-07-31 01:58:59,646 | INFO    | molsanity | [stage cell_SynthMotifs__GCN__IntegratedGradients__scaffold__seed1] running (3c406d859752c7d7)
2026-07-31 01:59:01,307 | INFO    | molsanity | Generated SynthMotifs: 1000 graphs (house/cycle), exact node GT
2026-07-31 01:59:01,337 | INFO    | molsanity | Loaded SynthMotifs: 1000 graphs, checksum dec19662af21
2026-07-31 01:59:02,823 | INFO    | molsanity | Scaffold split: 1000 scaffolds -> train 600 / val 100 / test 300
2026-07-31 01:59:08,087 | INFO    | molsanity | Saved early checkpoint @epoch 30 -> gcn_5cbb4655d5b6f29c_early.pt
2026-07-31 01:59:26,033 | INFO    | molsanity | Training done: best val_acc=1.000 @epoch 10 | test_acc=0.967 test_auc=0.998 T=0.100
2026-07-31 01:59:26,047 | INFO    | molsanity | Saved checkpoint gcn_5cbb4655d5b6f29c.pt
2026-07-31 01:59:26,082 | ERROR   | molsanity | [cell SynthMotifs__GCN__IntegratedGradients__scaffold__seed1] FAILED — index 1 is out of bounds for dimension 0 with size 1 (traceback -> logs/error_SynthMotifs__GCN__IntegratedGradients__scaffold__seed1_20260731_005714.log)
2026-07-31 01:59:26,095 | INFO    | molsanity | [stage cell_SynthMotifs__GCN__IntegratedGradients__scaffold__seed2] running (00f3cf0073842348)
2026-07-31 01:59:27,752 | INFO    | molsanity | Generated SynthMotifs: 1000 graphs (house/cycle), exact node GT
2026-07-31 01:59:27,782 | INFO    | molsanity | Loaded SynthMotifs: 1000 graphs, checksum dec19662af21
2026-07-31 01:59:29,272 | INFO    | molsanity | Scaffold split: 1000 scaffolds -> train 600 / val 100 / test 300
2026-07-31 01:59:34,329 | INFO    | molsanity | Saved early checkpoint @epoch 30 -> gcn_f99d3aae04bdd733_early.pt
2026-07-31 01:59:52,775 | INFO    | molsanity | Training done: best val_acc=1.000 @epoch 9 | test_acc=0.983 test_auc=0.997 T=0.100
2026-07-31 01:59:52,788 | INFO    | molsanity | Saved checkpoint gcn_f99d3aae04bdd733.pt
2026-07-31 01:59:52,823 | ERROR   | molsanity | [cell SynthMotifs__GCN__IntegratedGradients__scaffold__seed2] FAILED — index 1 is out of bounds for dimension 0 with size 1 (traceback -> logs/error_SynthMotifs__GCN__IntegratedGradients__scaffold__seed2_20260731_005714.log)
2026-07-31 01:59:52,836 | INFO    | molsanity | [stage cell_SynthMotifs__GCN__IntegratedGradients__random__seed0] running (ec9bf3b952b08fe6)
2026-07-31 01:59:54,463 | INFO    | molsanity | Generated SynthMotifs: 1000 graphs (house/cycle), exact node GT
2026-07-31 01:59:54,494 | INFO    | molsanity | Loaded SynthMotifs: 1000 graphs, checksum dec19662af21
2026-07-31 01:59:54,972 | INFO    | molsanity | Loaded existing checkpoint gcn_604a180f83e0893f.pt
2026-07-31 01:59:55,442 | ERROR   | molsanity | [cell SynthMotifs__GCN__IntegratedGradients__random__seed0] FAILED — index 1 is out of bounds for dimension 0 with size 1 (traceback -> logs/error_SynthMotifs__GCN__IntegratedGradients__random__seed0_20260731_005714.log)
2026-07-31 01:59:55,457 | INFO    | molsanity | [stage cell_SynthMotifs__GCN__IntegratedGradients__random__seed1] running (1e664288be969189)
2026-07-31 01:59:57,116 | INFO    | molsanity | Generated SynthMotifs: 1000 graphs (house/cycle), exact node GT
2026-07-31 01:59:57,146 | INFO    | molsanity | Loaded SynthMotifs: 1000 graphs, checksum dec19662af21
2026-07-31 02:00:02,107 | INFO    | molsanity | Saved early checkpoint @epoch 30 -> gcn_dad5f21f0dee0734_early.pt
2026-07-31 02:00:20,767 | INFO    | molsanity | Training done: best val_acc=1.000 @epoch 11 | test_acc=0.987 test_auc=1.000 T=0.100
2026-07-31 02:00:20,781 | INFO    | molsanity | Saved checkpoint gcn_dad5f21f0dee0734.pt
2026-07-31 02:00:20,817 | ERROR   | molsanity | [cell SynthMotifs__GCN__IntegratedGradients__random__seed1] FAILED — index 1 is out of bounds for dimension 0 with size 1 (traceback -> logs/error_SynthMotifs__GCN__IntegratedGradients__random__seed1_20260731_005714.log)
2026-07-31 02:00:20,830 | INFO    | molsanity | [stage cell_SynthMotifs__GCN__IntegratedGradients__random__seed2] running (c9fe87952bebe4f6)
2026-07-31 02:00:22,682 | INFO    | molsanity | Generated SynthMotifs: 1000 graphs (house/cycle), exact node GT
2026-07-31 02:00:22,716 | INFO    | molsanity | Loaded SynthMotifs: 1000 graphs, checksum dec19662af21
2026-07-31 02:00:26,991 | INFO    | molsanity | Saved early checkpoint @epoch 30 -> gcn_d6a5270b7d695768_early.pt
2026-07-31 02:00:46,367 | INFO    | molsanity | Training done: best val_acc=1.000 @epoch 14 | test_acc=0.993 test_auc=1.000 T=0.449
2026-07-31 02:00:46,385 | INFO    | molsanity | Saved checkpoint gcn_d6a5270b7d695768.pt
2026-07-31 02:00:46,420 | ERROR   | molsanity | [cell SynthMotifs__GCN__IntegratedGradients__random__seed2] FAILED — index 1 is out of bounds for dimension 0 with size 1 (traceback -> logs/error_SynthMotifs__GCN__IntegratedGradients__random__seed2_20260731_005714.log)
2026-07-31 02:00:46,433 | INFO    | molsanity | [stage cell_SynthMotifs__GAT__IntegratedGradients__scaffold__seed0] running (a8dfed29816279ac)
2026-07-31 02:00:48,071 | INFO    | molsanity | Generated SynthMotifs: 1000 graphs (house/cycle), exact node GT
2026-07-31 02:00:48,102 | INFO    | molsanity | Loaded SynthMotifs: 1000 graphs, checksum dec19662af21
2026-07-31 02:00:49,583 | INFO    | molsanity | Scaffold split: 1000 scaffolds -> train 600 / val 100 / test 300
2026-07-31 02:00:49,971 | INFO    | molsanity | Loaded existing checkpoint gat_2224546572f492f6.pt
2026-07-31 02:00:50,531 | ERROR   | molsanity | [cell SynthMotifs__GAT__IntegratedGradients__scaffold__seed0] FAILED — index 1 is out of bounds for dimension 0 with size 1 (traceback -> logs/error_SynthMotifs__GAT__IntegratedGradients__scaffold__seed0_20260731_005714.log)
2026-07-31 02:00:50,546 | INFO    | molsanity | [stage cell_SynthMotifs__GAT__IntegratedGradients__scaffold__seed1] running (bc11d8ff59d250de)
2026-07-31 02:00:52,201 | INFO    | molsanity | Generated SynthMotifs: 1000 graphs (house/cycle), exact node GT
2026-07-31 02:00:52,234 | INFO    | molsanity | Loaded SynthMotifs: 1000 graphs, checksum dec19662af21
2026-07-31 02:00:53,740 | INFO    | molsanity | Scaffold split: 1000 scaffolds -> train 600 / val 100 / test 300
2026-07-31 02:01:02,099 | INFO    | molsanity | Saved early checkpoint @epoch 30 -> gat_fd6fed1c60d59cac_early.pt
2026-07-31 02:01:33,597 | INFO    | molsanity | Training done: best val_acc=1.000 @epoch 10 | test_acc=0.997 test_auc=1.000 T=0.100
2026-07-31 02:01:33,615 | INFO    | molsanity | Saved checkpoint gat_fd6fed1c60d59cac.pt
2026-07-31 02:01:33,661 | ERROR   | molsanity | [cell SynthMotifs__GAT__IntegratedGradients__scaffold__seed1] FAILED — index 1 is out of bounds for dimension 0 with size 1 (traceback -> logs/error_SynthMotifs__GAT__IntegratedGradients__scaffold__seed1_20260731_005714.log)
2026-07-31 02:01:33,675 | INFO    | molsanity | [stage cell_SynthMotifs__GAT__IntegratedGradients__scaffold__seed2] running (0417825f2c06bd57)
2026-07-31 02:01:35,380 | INFO    | molsanity | Generated SynthMotifs: 1000 graphs (house/cycle), exact node GT
2026-07-31 02:01:35,413 | INFO    | molsanity | Loaded SynthMotifs: 1000 graphs, checksum dec19662af21
2026-07-31 02:01:36,914 | INFO    | molsanity | Scaffold split: 1000 scaffolds -> train 600 / val 100 / test 300
2026-07-31 02:01:45,418 | INFO    | molsanity | Saved early checkpoint @epoch 30 -> gat_e614f3218db34d9a_early.pt
2026-07-31 02:02:17,088 | INFO    | molsanity | Training done: best val_acc=1.000 @epoch 27 | test_acc=0.997 test_auc=1.000 T=0.600
2026-07-31 02:02:17,111 | INFO    | molsanity | Saved checkpoint gat_e614f3218db34d9a.pt
2026-07-31 02:02:17,156 | ERROR   | molsanity | [cell SynthMotifs__GAT__IntegratedGradients__scaffold__seed2] FAILED — index 1 is out of bounds for dimension 0 with size 1 (traceback -> logs/error_SynthMotifs__GAT__IntegratedGradients__scaffold__seed2_20260731_005714.log)
2026-07-31 02:02:17,169 | INFO    | molsanity | [stage cell_SynthMotifs__GAT__IntegratedGradients__random__seed0] running (6bf8cf15f56cd9d6)
2026-07-31 02:02:18,844 | INFO    | molsanity | Generated SynthMotifs: 1000 graphs (house/cycle), exact node GT
2026-07-31 02:02:18,879 | INFO    | molsanity | Loaded SynthMotifs: 1000 graphs, checksum dec19662af21
2026-07-31 02:02:19,405 | INFO    | molsanity | Loaded existing checkpoint gat_d5ce67978fe34ff0.pt
2026-07-31 02:02:19,935 | ERROR   | molsanity | [cell SynthMotifs__GAT__IntegratedGradients__random__seed0] FAILED — index 1 is out of bounds for dimension 0 with size 1 (traceback -> logs/error_SynthMotifs__GAT__IntegratedGradients__random__seed0_20260731_005714.log)
2026-07-31 02:02:19,954 | INFO    | molsanity | [stage cell_SynthMotifs__GAT__IntegratedGradients__random__seed1] running (8c9d530c6a6a33e1)
2026-07-31 02:02:22,366 | INFO    | molsanity | Generated SynthMotifs: 1000 graphs (house/cycle), exact node GT
2026-07-31 02:02:22,399 | INFO    | molsanity | Loaded SynthMotifs: 1000 graphs, checksum dec19662af21
2026-07-31 02:02:29,659 | INFO    | molsanity | Saved early checkpoint @epoch 30 -> gat_2a4845808fcf5264_early.pt
2026-07-31 02:03:02,167 | INFO    | molsanity | Training done: best val_acc=1.000 @epoch 8 | test_acc=0.980 test_auc=1.000 T=0.100
2026-07-31 02:03:02,182 | INFO    | molsanity | Saved checkpoint gat_2a4845808fcf5264.pt
2026-07-31 02:03:02,242 | ERROR   | molsanity | [cell SynthMotifs__GAT__IntegratedGradients__random__seed1] FAILED — index 1 is out of bounds for dimension 0 with size 1 (traceback -> logs/error_SynthMotifs__GAT__IntegratedGradients__random__seed1_20260731_005714.log)
2026-07-31 02:03:02,258 | INFO    | molsanity | [stage cell_SynthMotifs__GAT__IntegratedGradients__random__seed2] running (cb7e6f949af6680b)
2026-07-31 02:03:04,749 | INFO    | molsanity | Generated SynthMotifs: 1000 graphs (house/cycle), exact node GT
2026-07-31 02:03:04,781 | INFO    | molsanity | Loaded SynthMotifs: 1000 graphs, checksum dec19662af21
2026-07-31 02:03:12,308 | INFO    | molsanity | Saved early checkpoint @epoch 30 -> gat_3ad9810973e791e9_early.pt
2026-07-31 02:03:44,988 | INFO    | molsanity | Training done: best val_acc=1.000 @epoch 17 | test_acc=0.987 test_auc=1.000 T=0.100
2026-07-31 02:03:45,007 | INFO    | molsanity | Saved checkpoint gat_3ad9810973e791e9.pt
2026-07-31 02:03:45,072 | ERROR   | molsanity | [cell SynthMotifs__GAT__IntegratedGradients__random__seed2] FAILED — index 1 is out of bounds for dimension 0 with size 1 (traceback -> logs/error_SynthMotifs__GAT__IntegratedGradients__random__seed2_20260731_005714.log)
2026-07-31 02:03:45,093 | INFO    | molsanity | [stage cell_SynthMotifs__MPNN__IntegratedGradients__scaffold__seed0] running (72448033f3be70bd)
2026-07-31 02:03:47,060 | INFO    | molsanity | Generated SynthMotifs: 1000 graphs (house/cycle), exact node GT
2026-07-31 02:03:47,092 | INFO    | molsanity | Loaded SynthMotifs: 1000 graphs, checksum dec19662af21
2026-07-31 02:03:48,585 | INFO    | molsanity | Scaffold split: 1000 scaffolds -> train 600 / val 100 / test 300
2026-07-31 02:03:49,458 | INFO    | molsanity | Loaded existing checkpoint mpnn_b28164e08cc2ab85.pt
2026-07-31 02:03:50,224 | ERROR   | molsanity | [cell SynthMotifs__MPNN__IntegratedGradients__scaffold__seed0] FAILED — index 1 is out of bounds for dimension 0 with size 1 (traceback -> logs/error_SynthMotifs__MPNN__IntegratedGradients__scaffold__seed0_20260731_005714.log)
2026-07-31 02:03:50,238 | INFO    | molsanity | [stage cell_SynthMotifs__MPNN__IntegratedGradients__scaffold__seed1] running (b9ab485a640250cc)
2026-07-31 02:03:51,921 | INFO    | molsanity | Generated SynthMotifs: 1000 graphs (house/cycle), exact node GT
2026-07-31 02:03:51,951 | INFO    | molsanity | Loaded SynthMotifs: 1000 graphs, checksum dec19662af21
2026-07-31 02:03:53,444 | INFO    | molsanity | Scaffold split: 1000 scaffolds -> train 600 / val 100 / test 300
2026-07-31 02:03:59,303 | INFO    | molsanity | Saved early checkpoint @epoch 30 -> mpnn_92a6a53d28b61d5d_early.pt
2026-07-31 02:04:20,470 | INFO    | molsanity | Training done: best val_acc=1.000 @epoch 11 | test_acc=0.863 test_auc=0.999 T=0.853
2026-07-31 02:04:20,497 | INFO    | molsanity | Saved checkpoint mpnn_92a6a53d28b61d5d.pt
2026-07-31 02:04:20,548 | ERROR   | molsanity | [cell SynthMotifs__MPNN__IntegratedGradients__scaffold__seed1] FAILED — index 1 is out of bounds for dimension 0 with size 1 (traceback -> logs/error_SynthMotifs__MPNN__IntegratedGradients__scaffold__seed1_20260731_005714.log)
2026-07-31 02:04:20,562 | INFO    | molsanity | [stage cell_SynthMotifs__MPNN__IntegratedGradients__scaffold__seed2] running (aed444f019c6fdfe)
2026-07-31 02:04:22,237 | INFO    | molsanity | Generated SynthMotifs: 1000 graphs (house/cycle), exact node GT
2026-07-31 02:04:22,270 | INFO    | molsanity | Loaded SynthMotifs: 1000 graphs, checksum dec19662af21
2026-07-31 02:04:23,904 | INFO    | molsanity | Scaffold split: 1000 scaffolds -> train 600 / val 100 / test 300
2026-07-31 02:04:29,751 | INFO    | molsanity | Saved early checkpoint @epoch 30 -> mpnn_4ec6a84e0263d8f7_early.pt
2026-07-31 02:04:50,712 | INFO    | molsanity | Training done: best val_acc=1.000 @epoch 14 | test_acc=0.913 test_auc=0.999 T=0.883
2026-07-31 02:04:50,735 | INFO    | molsanity | Saved checkpoint mpnn_4ec6a84e0263d8f7.pt
2026-07-31 02:04:50,783 | ERROR   | molsanity | [cell SynthMotifs__MPNN__IntegratedGradients__scaffold__seed2] FAILED — index 1 is out of bounds for dimension 0 with size 1 (traceback -> logs/error_SynthMotifs__MPNN__IntegratedGradients__scaffold__seed2_20260731_005714.log)
2026-07-31 02:04:50,797 | INFO    | molsanity | [stage cell_SynthMotifs__MPNN__IntegratedGradients__random__seed0] running (6e5c645637de4293)
2026-07-31 02:04:53,027 | INFO    | molsanity | Generated SynthMotifs: 1000 graphs (house/cycle), exact node GT
2026-07-31 02:04:53,080 | INFO    | molsanity | Loaded SynthMotifs: 1000 graphs, checksum dec19662af21
2026-07-31 02:04:53,708 | INFO    | molsanity | Loaded existing checkpoint mpnn_5fb3b98dab354a6c.pt
2026-07-31 02:04:54,598 | ERROR   | molsanity | [cell SynthMotifs__MPNN__IntegratedGradients__random__seed0] FAILED — index 1 is out of bounds for dimension 0 with size 1 (traceback -> logs/error_SynthMotifs__MPNN__IntegratedGradients__random__seed0_20260731_005714.log)
2026-07-31 02:04:54,613 | INFO    | molsanity | [stage cell_SynthMotifs__MPNN__IntegratedGradients__random__seed1] running (0645410eeb3f861d)
2026-07-31 02:04:56,276 | INFO    | molsanity | Generated SynthMotifs: 1000 graphs (house/cycle), exact node GT
2026-07-31 02:04:56,306 | INFO    | molsanity | Loaded SynthMotifs: 1000 graphs, checksum dec19662af21
2026-07-31 02:05:01,440 | INFO    | molsanity | Saved early checkpoint @epoch 30 -> mpnn_43bceddac466c597_early.pt
2026-07-31 02:05:23,495 | INFO    | molsanity | Training done: best val_acc=1.000 @epoch 11 | test_acc=0.990 test_auc=1.000 T=0.406
2026-07-31 02:05:23,517 | INFO    | molsanity | Saved checkpoint mpnn_43bceddac466c597.pt
2026-07-31 02:05:23,567 | ERROR   | molsanity | [cell SynthMotifs__MPNN__IntegratedGradients__random__seed1] FAILED — index 1 is out of bounds for dimension 0 with size 1 (traceback -> logs/error_SynthMotifs__MPNN__IntegratedGradients__random__seed1_20260731_005714.log)
2026-07-31 02:05:23,581 | INFO    | molsanity | [stage cell_SynthMotifs__MPNN__IntegratedGradients__random__seed2] running (33dded6901cb933f)
2026-07-31 02:05:25,239 | INFO    | molsanity | Generated SynthMotifs: 1000 graphs (house/cycle), exact node GT
2026-07-31 02:05:25,270 | INFO    | molsanity | Loaded SynthMotifs: 1000 graphs, checksum dec19662af21
2026-07-31 02:05:30,464 | INFO    | molsanity | Saved early checkpoint @epoch 30 -> mpnn_cbde56b6ef4b9bd1_early.pt
2026-07-31 02:05:52,628 | INFO    | molsanity | Training done: best val_acc=1.000 @epoch 14 | test_acc=0.993 test_auc=1.000 T=0.100
2026-07-31 02:05:52,652 | INFO    | molsanity | Saved checkpoint mpnn_cbde56b6ef4b9bd1.pt
2026-07-31 02:05:52,708 | ERROR   | molsanity | [cell SynthMotifs__MPNN__IntegratedGradients__random__seed2] FAILED — index 1 is out of bounds for dimension 0 with size 1 (traceback -> logs/error_SynthMotifs__MPNN__IntegratedGradients__random__seed2_20260731_005714.log)
2026-07-31 02:05:52,721 | INFO    | molsanity | [stage cell_SynthMotifs__AttentiveFP__IntegratedGradients__scaffold__seed0] running (f868cbeb325aa0c4)
2026-07-31 02:05:54,586 | INFO    | molsanity | Generated SynthMotifs: 1000 graphs (house/cycle), exact node GT
2026-07-31 02:05:54,618 | INFO    | molsanity | Loaded SynthMotifs: 1000 graphs, checksum dec19662af21
2026-07-31 02:05:56,147 | INFO    | molsanity | Scaffold split: 1000 scaffolds -> train 600 / val 100 / test 300
2026-07-31 02:05:56,766 | INFO    | molsanity | Loaded existing checkpoint attentivefp_edbf3eb9f79c130a.pt
2026-07-31 02:05:57,384 | ERROR   | molsanity | [cell SynthMotifs__AttentiveFP__IntegratedGradients__scaffold__seed0] FAILED — index 1 is out of bounds for dimension 0 with size 1 (traceback -> logs/error_SynthMotifs__AttentiveFP__IntegratedGradients__scaffold__seed0_20260731_005714.log)
2026-07-31 02:05:57,402 | INFO    | molsanity | [stage cell_SynthMotifs__AttentiveFP__IntegratedGradients__scaffold__seed1] running (2714a524194af1b7)
2026-07-31 02:05:59,086 | INFO    | molsanity | Generated SynthMotifs: 1000 graphs (house/cycle), exact node GT
2026-07-31 02:05:59,117 | INFO    | molsanity | Loaded SynthMotifs: 1000 graphs, checksum dec19662af21
2026-07-31 02:06:00,913 | INFO    | molsanity | Scaffold split: 1000 scaffolds -> train 600 / val 100 / test 300
2026-07-31 02:06:10,767 | INFO    | molsanity | Saved early checkpoint @epoch 30 -> attentivefp_709e1cf3ffbb1a86_early.pt
2026-07-31 02:06:50,264 | INFO    | molsanity | Training done: best val_acc=1.000 @epoch 43 | test_acc=0.890 test_auc=0.999 T=1.861
2026-07-31 02:06:50,282 | INFO    | molsanity | Saved checkpoint attentivefp_709e1cf3ffbb1a86.pt
2026-07-31 02:06:50,346 | ERROR   | molsanity | [cell SynthMotifs__AttentiveFP__IntegratedGradients__scaffold__seed1] FAILED — index 1 is out of bounds for dimension 0 with size 1 (traceback -> logs/error_SynthMotifs__AttentiveFP__IntegratedGradients__scaffold__seed1_20260731_005714.log)
2026-07-31 02:06:50,360 | INFO    | molsanity | [stage cell_SynthMotifs__AttentiveFP__IntegratedGradients__scaffold__seed2] running (cef10b3ea908cb16)
2026-07-31 02:06:52,028 | INFO    | molsanity | Generated SynthMotifs: 1000 graphs (house/cycle), exact node GT
2026-07-31 02:06:52,059 | INFO    | molsanity | Loaded SynthMotifs: 1000 graphs, checksum dec19662af21
2026-07-31 02:06:53,578 | INFO    | molsanity | Scaffold split: 1000 scaffolds -> train 600 / val 100 / test 300
2026-07-31 02:07:03,759 | INFO    | molsanity | Saved early checkpoint @epoch 30 -> attentivefp_eef5378af51a2f53_early.pt
2026-07-31 02:07:43,290 | INFO    | molsanity | Training done: best val_acc=1.000 @epoch 29 | test_acc=0.840 test_auc=0.999 T=1.103
2026-07-31 02:07:43,311 | INFO    | molsanity | Saved checkpoint attentivefp_eef5378af51a2f53.pt
2026-07-31 02:07:43,372 | ERROR   | molsanity | [cell SynthMotifs__AttentiveFP__IntegratedGradients__scaffold__seed2] FAILED — index 1 is out of bounds for dimension 0 with size 1 (traceback -> logs/error_SynthMotifs__AttentiveFP__IntegratedGradients__scaffold__seed2_20260731_005714.log)
2026-07-31 02:07:43,386 | INFO    | molsanity | [stage cell_SynthMotifs__AttentiveFP__IntegratedGradients__random__seed0] running (be6310cea51da325)
2026-07-31 02:07:45,088 | INFO    | molsanity | Generated SynthMotifs: 1000 graphs (house/cycle), exact node GT
2026-07-31 02:07:45,119 | INFO    | molsanity | Loaded SynthMotifs: 1000 graphs, checksum dec19662af21
2026-07-31 02:07:45,614 | INFO    | molsanity | Loaded existing checkpoint attentivefp_82744bcba3c1d6f0.pt
2026-07-31 02:07:46,006 | ERROR   | molsanity | [cell SynthMotifs__AttentiveFP__IntegratedGradients__random__seed0] FAILED — index 1 is out of bounds for dimension 0 with size 1 (traceback -> logs/error_SynthMotifs__AttentiveFP__IntegratedGradients__random__seed0_20260731_005714.log)
2026-07-31 02:07:46,023 | INFO    | molsanity | [stage cell_SynthMotifs__AttentiveFP__IntegratedGradients__random__seed1] running (31821c4b22e4c233)
2026-07-31 02:07:47,663 | INFO    | molsanity | Generated SynthMotifs: 1000 graphs (house/cycle), exact node GT
2026-07-31 02:07:47,699 | INFO    | molsanity | Loaded SynthMotifs: 1000 graphs, checksum dec19662af21
2026-07-31 02:07:57,688 | INFO    | molsanity | Saved early checkpoint @epoch 30 -> attentivefp_aa29399fcb6745f0_early.pt
2026-07-31 02:08:36,833 | INFO    | molsanity | Training done: best val_acc=1.000 @epoch 39 | test_acc=0.990 test_auc=0.997 T=0.997
2026-07-31 02:08:36,850 | INFO    | molsanity | Saved checkpoint attentivefp_aa29399fcb6745f0.pt
2026-07-31 02:08:36,901 | ERROR   | molsanity | [cell SynthMotifs__AttentiveFP__IntegratedGradients__random__seed1] FAILED — index 1 is out of bounds for dimension 0 with size 1 (traceback -> logs/error_SynthMotifs__AttentiveFP__IntegratedGradients__random__seed1_20260731_005714.log)
2026-07-31 02:08:36,914 | INFO    | molsanity | [stage cell_SynthMotifs__AttentiveFP__IntegratedGradients__random__seed2] running (036246f8fc4bfa9f)
2026-07-31 02:08:38,600 | INFO    | molsanity | Generated SynthMotifs: 1000 graphs (house/cycle), exact node GT
2026-07-31 02:08:38,631 | INFO    | molsanity | Loaded SynthMotifs: 1000 graphs, checksum dec19662af21
2026-07-31 02:08:47,934 | INFO    | molsanity | Saved early checkpoint @epoch 30 -> attentivefp_21a36ead4b538703_early.pt
2026-07-31 02:09:27,289 | INFO    | molsanity | Training done: best val_acc=1.000 @epoch 24 | test_acc=0.977 test_auc=1.000 T=0.350
2026-07-31 02:09:27,308 | INFO    | molsanity | Saved checkpoint attentivefp_21a36ead4b538703.pt
2026-07-31 02:09:27,360 | ERROR   | molsanity | [cell SynthMotifs__AttentiveFP__IntegratedGradients__random__seed2] FAILED — index 1 is out of bounds for dimension 0 with size 1 (traceback -> logs/error_SynthMotifs__AttentiveFP__IntegratedGradients__random__seed2_20260731_005714.log)
2026-07-31 02:09:27,374 | INFO    | molsanity | [stage cell_MUTAG__GINE__IntegratedGradients__scaffold__seed0] running (ad76d0254702f98c)
2026-07-31 02:09:27,405 | INFO    | molsanity | Loaded MUTAG: 188 graphs, checksum de1d4cec357f
2026-07-31 02:09:27,670 | INFO    | molsanity | Scaffold split: 52 scaffolds -> train 115 / val 20 / test 53
2026-07-31 02:09:28,117 | INFO    | molsanity | Loaded existing checkpoint gine_5281be77a9e8e1fc.pt
2026-07-31 02:09:28,606 | ERROR   | molsanity | [cell MUTAG__GINE__IntegratedGradients__scaffold__seed0] FAILED — index 1 is out of bounds for dimension 0 with size 1 (traceback -> logs/error_MUTAG__GINE__IntegratedGradients__scaffold__seed0_20260731_005714.log)
2026-07-31 02:09:28,617 | INFO    | molsanity | [stage cell_MUTAG__GINE__IntegratedGradients__scaffold__seed1] running (418092f0fede1664)
2026-07-31 02:09:28,658 | INFO    | molsanity | Loaded MUTAG: 188 graphs, checksum de1d4cec357f
2026-07-31 02:09:29,051 | INFO    | molsanity | Scaffold split: 52 scaffolds -> train 115 / val 20 / test 53
2026-07-31 02:09:30,354 | INFO    | molsanity | Saved early checkpoint @epoch 30 -> gine_ba47c6df3e15116b_early.pt
2026-07-31 02:09:34,587 | INFO    | molsanity | Training done: best val_acc=1.000 @epoch 8 | test_acc=0.585 test_auc=0.910 T=0.930
2026-07-31 02:09:34,617 | INFO    | molsanity | Saved checkpoint gine_ba47c6df3e15116b.pt
2026-07-31 02:09:34,650 | ERROR   | molsanity | [cell MUTAG__GINE__IntegratedGradients__scaffold__seed1] FAILED — index 1 is out of bounds for dimension 0 with size 1 (traceback -> logs/error_MUTAG__GINE__IntegratedGradients__scaffold__seed1_20260731_005714.log)
2026-07-31 02:09:34,658 | INFO    | molsanity | [stage cell_MUTAG__GINE__IntegratedGradients__scaffold__seed2] running (e79a45740ab89d57)
2026-07-31 02:09:34,685 | INFO    | molsanity | Loaded MUTAG: 188 graphs, checksum de1d4cec357f
2026-07-31 02:09:34,954 | INFO    | molsanity | Scaffold split: 52 scaffolds -> train 115 / val 20 / test 53
2026-07-31 02:09:35,888 | INFO    | molsanity | Saved early checkpoint @epoch 30 -> gine_34584b44d53a42a9_early.pt
2026-07-31 02:09:39,683 | INFO    | molsanity | Training done: best val_acc=1.000 @epoch 20 | test_acc=0.868 test_auc=0.900 T=0.370
2026-07-31 02:09:39,701 | INFO    | molsanity | Saved checkpoint gine_34584b44d53a42a9.pt
2026-07-31 02:09:39,734 | ERROR   | molsanity | [cell MUTAG__GINE__IntegratedGradients__scaffold__seed2] FAILED — index 1 is out of bounds for dimension 0 with size 1 (traceback -> logs/error_MUTAG__GINE__IntegratedGradients__scaffold__seed2_20260731_005714.log)
2026-07-31 02:09:39,741 | INFO    | molsanity | [stage cell_MUTAG__GINE__IntegratedGradients__random__seed0] running (d4fbdab4b540d133)
2026-07-31 02:09:39,768 | INFO    | molsanity | Loaded MUTAG: 188 graphs, checksum de1d4cec357f
2026-07-31 02:09:40,405 | INFO    | molsanity | Loaded existing checkpoint gine_81524887c7adee3c.pt
2026-07-31 02:09:40,863 | ERROR   | molsanity | [cell MUTAG__GINE__IntegratedGradients__random__seed0] FAILED — index 1 is out of bounds for dimension 0 with size 1 (traceback -> logs/error_MUTAG__GINE__IntegratedGradients__random__seed0_20260731_005714.log)
2026-07-31 02:09:40,872 | INFO    | molsanity | [stage cell_MUTAG__GINE__IntegratedGradients__random__seed1] running (4300ff5c400332c8)
2026-07-31 02:09:40,901 | INFO    | molsanity | Loaded MUTAG: 188 graphs, checksum de1d4cec357f
2026-07-31 02:09:41,852 | INFO    | molsanity | Saved early checkpoint @epoch 30 -> gine_fbfa4ff78a93a73e_early.pt
2026-07-31 02:09:46,582 | INFO    | molsanity | Training done: best val_acc=1.000 @epoch 147 | test_acc=0.810 test_auc=0.928 T=0.985
2026-07-31 02:09:46,599 | INFO    | molsanity | Saved checkpoint gine_fbfa4ff78a93a73e.pt
2026-07-31 02:09:46,632 | ERROR   | molsanity | [cell MUTAG__GINE__IntegratedGradients__random__seed1] FAILED — index 1 is out of bounds for dimension 0 with size 1 (traceback -> logs/error_MUTAG__GINE__IntegratedGradients__random__seed1_20260731_005714.log)
2026-07-31 02:09:46,640 | INFO    | molsanity | [stage cell_MUTAG__GINE__IntegratedGradients__random__seed2] running (89ae96df2404e600)
2026-07-31 02:09:46,667 | INFO    | molsanity | Loaded MUTAG: 188 graphs, checksum de1d4cec357f
2026-07-31 02:09:47,612 | INFO    | molsanity | Saved early checkpoint @epoch 30 -> gine_055141d997e01cb6_early.pt
2026-07-31 02:09:51,359 | INFO    | molsanity | Training done: best val_acc=0.950 @epoch 95 | test_acc=0.897 test_auc=0.985 T=1.111
2026-07-31 02:09:51,375 | INFO    | molsanity | Saved checkpoint gine_055141d997e01cb6.pt
2026-07-31 02:09:51,410 | ERROR   | molsanity | [cell MUTAG__GINE__IntegratedGradients__random__seed2] FAILED — index 1 is out of bounds for dimension 0 with size 1 (traceback -> logs/error_MUTAG__GINE__IntegratedGradients__random__seed2_20260731_005714.log)
2026-07-31 02:09:51,418 | INFO    | molsanity | [stage cell_MUTAG__GINE__Saliency__scaffold__seed0] running (2057067ab22b0ecf)
2026-07-31 02:09:51,448 | INFO    | molsanity | Loaded MUTAG: 188 graphs, checksum de1d4cec357f
2026-07-31 02:09:51,719 | INFO    | molsanity | Scaffold split: 52 scaffolds -> train 115 / val 20 / test 53
2026-07-31 02:09:51,741 | INFO    | molsanity | Loaded existing checkpoint gine_5281be77a9e8e1fc.pt
2026-07-31 02:09:55,761 | INFO    | molsanity | Wrote GT-validation figure: artifacts/figures/MUTAG__GINE__Saliency__scaffold/gt_validation.pdf (+ .svg)
2026-07-31 02:09:56,211 | INFO    | molsanity | Wrote molecule attribution SVG: artifacts/figures/MUTAG__GINE__Saliency__scaffold/case_molecule.svg (GT atoms: [14, 15, 16])
2026-07-31 02:09:56,761 | INFO    | molsanity | [cell MUTAG__GINE__Saliency__scaffold__seed0] DONE — acc=0.83 gt_auroc=0.009125662843753855 n=53 (capped)
2026-07-31 02:09:56,768 | INFO    | molsanity | [stage cell_MUTAG__GINE__Saliency__scaffold__seed1] running (20887725af81a784)
2026-07-31 02:09:56,811 | INFO    | molsanity | Loaded MUTAG: 188 graphs, checksum de1d4cec357f
2026-07-31 02:09:57,191 | INFO    | molsanity | Scaffold split: 52 scaffolds -> train 115 / val 20 / test 53
2026-07-31 02:09:57,225 | INFO    | molsanity | Loaded existing checkpoint gine_ba47c6df3e15116b.pt
2026-07-31 02:10:01,590 | INFO    | molsanity | Wrote GT-validation figure: artifacts/figures/MUTAG__GINE__Saliency__scaffold/gt_validation.pdf (+ .svg)
2026-07-31 02:10:01,600 | INFO    | molsanity | Wrote molecule attribution SVG: artifacts/figures/MUTAG__GINE__Saliency__scaffold/case_molecule.svg (GT atoms: [14, 15, 16])
2026-07-31 02:10:01,648 | INFO    | molsanity | [cell MUTAG__GINE__Saliency__scaffold__seed1] DONE — acc=0.58 gt_auroc=0.10091138565056433 n=53 (capped)
2026-07-31 02:10:01,655 | INFO    | molsanity | [stage cell_MUTAG__GINE__Saliency__scaffold__seed2] running (78acaf0348453794)
2026-07-31 02:10:01,686 | INFO    | molsanity | Loaded MUTAG: 188 graphs, checksum de1d4cec357f
2026-07-31 02:10:01,946 | INFO    | molsanity | Scaffold split: 52 scaffolds -> train 115 / val 20 / test 53
2026-07-31 02:10:01,966 | INFO    | molsanity | Loaded existing checkpoint gine_34584b44d53a42a9.pt
2026-07-31 02:10:05,354 | INFO    | molsanity | Wrote GT-validation figure: artifacts/figures/MUTAG__GINE__Saliency__scaffold/gt_validation.pdf (+ .svg)
2026-07-31 02:10:05,363 | INFO    | molsanity | Wrote molecule attribution SVG: artifacts/figures/MUTAG__GINE__Saliency__scaffold/case_molecule.svg (GT atoms: [14, 15, 16])
2026-07-31 02:10:05,394 | INFO    | molsanity | [cell MUTAG__GINE__Saliency__scaffold__seed2] DONE — acc=0.87 gt_auroc=0.013739370343143925 n=53 (capped)
2026-07-31 02:10:05,400 | INFO    | molsanity | [stage cell_MUTAG__GINE__Saliency__random__seed0] running (ae49521b02afcf41)
2026-07-31 02:10:05,429 | INFO    | molsanity | Loaded MUTAG: 188 graphs, checksum de1d4cec357f
2026-07-31 02:10:05,453 | INFO    | molsanity | Loaded existing checkpoint gine_81524887c7adee3c.pt
2026-07-31 02:10:09,718 | INFO    | molsanity | Wrote GT-validation figure: artifacts/figures/MUTAG__GINE__Saliency__random/gt_validation.pdf (+ .svg)
2026-07-31 02:10:09,942 | INFO    | molsanity | Wrote molecule attribution SVG: artifacts/figures/MUTAG__GINE__Saliency__random/case_molecule.svg (GT atoms: [16, 17, 18])
2026-07-31 02:10:10,524 | INFO    | molsanity | [cell MUTAG__GINE__Saliency__random__seed0] DONE — acc=0.53 gt_auroc=0.029480792196309433 n=58 (capped)
2026-07-31 02:10:10,533 | INFO    | molsanity | [stage cell_MUTAG__GINE__Saliency__random__seed1] running (341703ac7e1ee699)
2026-07-31 02:10:10,579 | INFO    | molsanity | Loaded MUTAG: 188 graphs, checksum de1d4cec357f
2026-07-31 02:10:10,610 | INFO    | molsanity | Loaded existing checkpoint gine_fbfa4ff78a93a73e.pt
2026-07-31 02:10:15,219 | INFO    | molsanity | Wrote GT-validation figure: artifacts/figures/MUTAG__GINE__Saliency__random/gt_validation.pdf (+ .svg)
2026-07-31 02:10:15,229 | INFO    | molsanity | Wrote molecule attribution SVG: artifacts/figures/MUTAG__GINE__Saliency__random/case_molecule.svg (GT atoms: [14, 15, 16])
2026-07-31 02:10:15,261 | INFO    | molsanity | [cell MUTAG__GINE__Saliency__random__seed1] DONE — acc=0.81 gt_auroc=0.005584599740279254 n=58 (capped)
2026-07-31 02:10:15,281 | INFO    | molsanity | [stage cell_MUTAG__GINE__Saliency__random__seed2] running (6904078b43ef0b42)
2026-07-31 02:10:15,309 | INFO    | molsanity | Loaded MUTAG: 188 graphs, checksum de1d4cec357f
2026-07-31 02:10:15,330 | INFO    | molsanity | Loaded existing checkpoint gine_055141d997e01cb6.pt
2026-07-31 02:10:19,040 | INFO    | molsanity | Wrote GT-validation figure: artifacts/figures/MUTAG__GINE__Saliency__random/gt_validation.pdf (+ .svg)
2026-07-31 02:10:19,049 | INFO    | molsanity | Wrote molecule attribution SVG: artifacts/figures/MUTAG__GINE__Saliency__random/case_molecule.svg (GT atoms: [10, 11, 12])
2026-07-31 02:10:19,080 | INFO    | molsanity | [cell MUTAG__GINE__Saliency__random__seed2] DONE — acc=0.90 gt_auroc=0.0017959770114942526 n=58 (capped)
2026-07-31 02:10:19,086 | INFO    | molsanity | [stage cell_MUTAG__GINE__InputXGradient__scaffold__seed0] running (d638b5c9e9971bdd)
2026-07-31 02:10:19,117 | INFO    | molsanity | Loaded MUTAG: 188 graphs, checksum de1d4cec357f
2026-07-31 02:10:19,381 | INFO    | molsanity | Scaffold split: 52 scaffolds -> train 115 / val 20 / test 53
2026-07-31 02:10:19,401 | INFO    | molsanity | Loaded existing checkpoint gine_5281be77a9e8e1fc.pt
2026-07-31 02:10:23,312 | INFO    | molsanity | Wrote GT-validation figure: artifacts/figures/MUTAG__GINE__InputXGradient__scaffold/gt_validation.pdf (+ .svg)
2026-07-31 02:10:23,672 | INFO    | molsanity | Wrote molecule attribution SVG: artifacts/figures/MUTAG__GINE__InputXGradient__scaffold/case_molecule.svg (GT atoms: [14, 15, 16])
2026-07-31 02:10:24,342 | INFO    | molsanity | [cell MUTAG__GINE__InputXGradient__scaffold__seed0] DONE — acc=0.83 gt_auroc=0.032174127512640274 n=53 (capped)
2026-07-31 02:10:24,354 | INFO    | molsanity | [stage cell_MUTAG__GINE__InputXGradient__scaffold__seed1] running (a2ed9ad867971cb1)
2026-07-31 02:10:24,424 | INFO    | molsanity | Loaded MUTAG: 188 graphs, checksum de1d4cec357f
2026-07-31 02:10:24,813 | INFO    | molsanity | Scaffold split: 52 scaffolds -> train 115 / val 20 / test 53
2026-07-31 02:10:24,840 | INFO    | molsanity | Loaded existing checkpoint gine_ba47c6df3e15116b.pt
2026-07-31 02:10:28,972 | INFO    | molsanity | Wrote GT-validation figure: artifacts/figures/MUTAG__GINE__InputXGradient__scaffold/gt_validation.pdf (+ .svg)
2026-07-31 02:10:28,982 | INFO    | molsanity | Wrote molecule attribution SVG: artifacts/figures/MUTAG__GINE__InputXGradient__scaffold/case_molecule.svg (GT atoms: [14, 15, 16])
2026-07-31 02:10:29,018 | INFO    | molsanity | [cell MUTAG__GINE__InputXGradient__scaffold__seed1] DONE — acc=0.58 gt_auroc=0.04944076610280828 n=53 (capped)
2026-07-31 02:10:29,025 | INFO    | molsanity | [stage cell_MUTAG__GINE__InputXGradient__scaffold__seed2] running (573a48c330bd2e16)
2026-07-31 02:10:29,055 | INFO    | molsanity | Loaded MUTAG: 188 graphs, checksum de1d4cec357f
2026-07-31 02:10:29,313 | INFO    | molsanity | Scaffold split: 52 scaffolds -> train 115 / val 20 / test 53
2026-07-31 02:10:29,332 | INFO    | molsanity | Loaded existing checkpoint gine_34584b44d53a42a9.pt
2026-07-31 02:10:32,781 | INFO    | molsanity | Wrote GT-validation figure: artifacts/figures/MUTAG__GINE__InputXGradient__scaffold/gt_validation.pdf (+ .svg)
2026-07-31 02:10:32,790 | INFO    | molsanity | Wrote molecule attribution SVG: artifacts/figures/MUTAG__GINE__InputXGradient__scaffold/case_molecule.svg (GT atoms: [14, 15, 16])
2026-07-31 02:10:32,826 | INFO    | molsanity | [cell MUTAG__GINE__InputXGradient__scaffold__seed2] DONE — acc=0.87 gt_auroc=0.048034317595915824 n=53 (capped)
2026-07-31 02:10:32,835 | INFO    | molsanity | [stage cell_MUTAG__GINE__InputXGradient__random__seed0] running (3728be81bab9db42)
2026-07-31 02:10:32,868 | INFO    | molsanity | Loaded MUTAG: 188 graphs, checksum de1d4cec357f
2026-07-31 02:10:32,893 | INFO    | molsanity | Loaded existing checkpoint gine_81524887c7adee3c.pt
2026-07-31 02:10:37,027 | INFO    | molsanity | Wrote GT-validation figure: artifacts/figures/MUTAG__GINE__InputXGradient__random/gt_validation.pdf (+ .svg)
2026-07-31 02:10:37,274 | INFO    | molsanity | Wrote molecule attribution SVG: artifacts/figures/MUTAG__GINE__InputXGradient__random/case_molecule.svg (GT atoms: [16, 17, 18])
2026-07-31 02:10:37,790 | INFO    | molsanity | [cell MUTAG__GINE__InputXGradient__random__seed0] DONE — acc=0.53 gt_auroc=0.06584852774000848 n=58 (capped)
2026-07-31 02:10:37,799 | INFO    | molsanity | [stage cell_MUTAG__GINE__InputXGradient__random__seed1] running (9c9fb4c30aa1cbe1)
2026-07-31 02:10:37,856 | INFO    | molsanity | Loaded MUTAG: 188 graphs, checksum de1d4cec357f
2026-07-31 02:10:37,894 | INFO    | molsanity | Loaded existing checkpoint gine_fbfa4ff78a93a73e.pt
2026-07-31 02:10:42,694 | INFO    | molsanity | Wrote GT-validation figure: artifacts/figures/MUTAG__GINE__InputXGradient__random/gt_validation.pdf (+ .svg)
2026-07-31 02:10:42,704 | INFO    | molsanity | Wrote molecule attribution SVG: artifacts/figures/MUTAG__GINE__InputXGradient__random/case_molecule.svg (GT atoms: [14, 15, 16])
2026-07-31 02:10:42,736 | INFO    | molsanity | [cell MUTAG__GINE__InputXGradient__random__seed1] DONE — acc=0.81 gt_auroc=0.024886085918833865 n=58 (capped)
2026-07-31 02:10:42,743 | INFO    | molsanity | [stage cell_MUTAG__GINE__InputXGradient__random__seed2] running (46c5b9d3394a9393)
2026-07-31 02:10:42,773 | INFO    | molsanity | Loaded MUTAG: 188 graphs, checksum de1d4cec357f
2026-07-31 02:10:42,798 | INFO    | molsanity | Loaded existing checkpoint gine_055141d997e01cb6.pt
2026-07-31 02:10:46,572 | INFO    | molsanity | Wrote GT-validation figure: artifacts/figures/MUTAG__GINE__InputXGradient__random/gt_validation.pdf (+ .svg)
2026-07-31 02:10:46,583 | INFO    | molsanity | Wrote molecule attribution SVG: artifacts/figures/MUTAG__GINE__InputXGradient__random/case_molecule.svg (GT atoms: [10, 11, 12])
2026-07-31 02:10:46,615 | INFO    | molsanity | [cell MUTAG__GINE__InputXGradient__random__seed2] DONE — acc=0.90 gt_auroc=0.013035591483867345 n=58 (capped)
2026-07-31 02:10:46,622 | INFO    | molsanity | [stage cell_MUTAG__GINE__GuidedBackprop__scaffold__seed0] running (b2842318cfed4d37)
2026-07-31 02:10:46,652 | INFO    | molsanity | Loaded MUTAG: 188 graphs, checksum de1d4cec357f
2026-07-31 02:10:46,902 | INFO    | molsanity | Scaffold split: 52 scaffolds -> train 115 / val 20 / test 53
2026-07-31 02:10:46,922 | INFO    | molsanity | Loaded existing checkpoint gine_5281be77a9e8e1fc.pt
2026-07-31 02:10:50,955 | INFO    | molsanity | Wrote GT-validation figure: artifacts/figures/MUTAG__GINE__GuidedBackprop__scaffold/gt_validation.pdf (+ .svg)
2026-07-31 02:10:51,255 | INFO    | molsanity | Wrote molecule attribution SVG: artifacts/figures/MUTAG__GINE__GuidedBackprop__scaffold/case_molecule.svg (GT atoms: [14, 15, 16])
2026-07-31 02:10:51,844 | INFO    | molsanity | [cell MUTAG__GINE__GuidedBackprop__scaffold__seed0] DONE — acc=0.83 gt_auroc=0.006614797624786526 n=53 (capped)
2026-07-31 02:10:51,851 | INFO    | molsanity | [stage cell_MUTAG__GINE__GuidedBackprop__scaffold__seed1] running (5813f18bb49cebbc)
2026-07-31 02:10:51,882 | INFO    | molsanity | Loaded MUTAG: 188 graphs, checksum de1d4cec357f
2026-07-31 02:10:52,277 | INFO    | molsanity | Scaffold split: 52 scaffolds -> train 115 / val 20 / test 53
2026-07-31 02:10:52,308 | INFO    | molsanity | Loaded existing checkpoint gine_ba47c6df3e15116b.pt
2026-07-31 02:10:56,842 | INFO    | molsanity | Wrote GT-validation figure: artifacts/figures/MUTAG__GINE__GuidedBackprop__scaffold/gt_validation.pdf (+ .svg)
2026-07-31 02:10:56,852 | INFO    | molsanity | Wrote molecule attribution SVG: artifacts/figures/MUTAG__GINE__GuidedBackprop__scaffold/case_molecule.svg (GT atoms: [14, 15, 16])
2026-07-31 02:10:56,883 | INFO    | molsanity | [cell MUTAG__GINE__GuidedBackprop__scaffold__seed1] DONE — acc=0.58 gt_auroc=0.014272161122882543 n=53 (capped)
2026-07-31 02:10:56,902 | INFO    | molsanity | [stage cell_MUTAG__GINE__GuidedBackprop__scaffold__seed2] running (aa8255c5562c2f51)
2026-07-31 02:10:56,929 | INFO    | molsanity | Loaded MUTAG: 188 graphs, checksum de1d4cec357f
2026-07-31 02:10:57,188 | INFO    | molsanity | Scaffold split: 52 scaffolds -> train 115 / val 20 / test 53
2026-07-31 02:10:57,214 | INFO    | molsanity | Loaded existing checkpoint gine_34584b44d53a42a9.pt
2026-07-31 02:11:00,612 | INFO    | molsanity | Wrote GT-validation figure: artifacts/figures/MUTAG__GINE__GuidedBackprop__scaffold/gt_validation.pdf (+ .svg)
2026-07-31 02:11:00,622 | INFO    | molsanity | Wrote molecule attribution SVG: artifacts/figures/MUTAG__GINE__GuidedBackprop__scaffold/case_molecule.svg (GT atoms: [14, 15, 16])
2026-07-31 02:11:00,654 | INFO    | molsanity | [cell MUTAG__GINE__GuidedBackprop__scaffold__seed2] DONE — acc=0.87 gt_auroc=0.14577408245554746 n=53 (capped)
2026-07-31 02:11:00,661 | INFO    | molsanity | [stage cell_MUTAG__GINE__GuidedBackprop__random__seed0] running (f64a56eee9ff5c02)
2026-07-31 02:11:00,691 | INFO    | molsanity | Loaded MUTAG: 188 graphs, checksum de1d4cec357f
2026-07-31 02:11:00,714 | INFO    | molsanity | Loaded existing checkpoint gine_81524887c7adee3c.pt
2026-07-31 02:11:05,156 | INFO    | molsanity | Wrote GT-validation figure: artifacts/figures/MUTAG__GINE__GuidedBackprop__random/gt_validation.pdf (+ .svg)
2026-07-31 02:11:05,399 | INFO    | molsanity | Wrote molecule attribution SVG: artifacts/figures/MUTAG__GINE__GuidedBackprop__random/case_molecule.svg (GT atoms: [16, 17, 18])
2026-07-31 02:11:06,043 | INFO    | molsanity | [cell MUTAG__GINE__GuidedBackprop__random__seed0] DONE — acc=0.53 gt_auroc=0.22485861510962932 n=58 (capped)
2026-07-31 02:11:06,050 | INFO    | molsanity | [stage cell_MUTAG__GINE__GuidedBackprop__random__seed1] running (5197fd8710dcaee0)
2026-07-31 02:11:06,080 | INFO    | molsanity | Loaded MUTAG: 188 graphs, checksum de1d4cec357f
2026-07-31 02:11:06,116 | INFO    | molsanity | Loaded existing checkpoint gine_fbfa4ff78a93a73e.pt
2026-07-31 02:11:11,003 | INFO    | molsanity | Wrote GT-validation figure: artifacts/figures/MUTAG__GINE__GuidedBackprop__random/gt_validation.pdf (+ .svg)
2026-07-31 02:11:11,012 | INFO    | molsanity | Wrote molecule attribution SVG: artifacts/figures/MUTAG__GINE__GuidedBackprop__random/case_molecule.svg (GT atoms: [14, 15, 16])
2026-07-31 02:11:11,043 | INFO    | molsanity | [cell MUTAG__GINE__GuidedBackprop__random__seed1] DONE — acc=0.81 gt_auroc=0.030085411861861092 n=58 (capped)
2026-07-31 02:11:11,050 | INFO    | molsanity | [stage cell_MUTAG__GINE__GuidedBackprop__random__seed2] running (c58f165f2742c7f0)
2026-07-31 02:11:11,078 | INFO    | molsanity | Loaded MUTAG: 188 graphs, checksum de1d4cec357f
2026-07-31 02:11:11,099 | INFO    | molsanity | Loaded existing checkpoint gine_055141d997e01cb6.pt
2026-07-31 02:11:14,803 | INFO    | molsanity | Wrote GT-validation figure: artifacts/figures/MUTAG__GINE__GuidedBackprop__random/gt_validation.pdf (+ .svg)
2026-07-31 02:11:14,812 | INFO    | molsanity | Wrote molecule attribution SVG: artifacts/figures/MUTAG__GINE__GuidedBackprop__random/case_molecule.svg (GT atoms: [10, 11, 12])
2026-07-31 02:11:14,843 | INFO    | molsanity | [cell MUTAG__GINE__GuidedBackprop__random__seed2] DONE — acc=0.90 gt_auroc=0.03692739346897562 n=58 (capped)
2026-07-31 02:11:14,850 | INFO    | molsanity | [stage cell_MUTAG__GINE__GNNExplainer__scaffold__seed0] running (733d7a15b2ef525c)
2026-07-31 02:11:14,878 | INFO    | molsanity | Loaded MUTAG: 188 graphs, checksum de1d4cec357f
2026-07-31 02:11:15,136 | INFO    | molsanity | Scaffold split: 52 scaffolds -> train 115 / val 20 / test 53
2026-07-31 02:11:15,160 | INFO    | molsanity | Loaded existing checkpoint gine_5281be77a9e8e1fc.pt
2026-07-31 02:12:44,876 | INFO    | molsanity | Wrote GT-validation figure: artifacts/figures/MUTAG__GINE__GNNExplainer__scaffold/gt_validation.pdf (+ .svg)
2026-07-31 02:12:45,237 | INFO    | molsanity | Wrote molecule attribution SVG: artifacts/figures/MUTAG__GINE__GNNExplainer__scaffold/case_molecule.svg (GT atoms: [14, 15, 16])
2026-07-31 02:12:45,796 | INFO    | molsanity | [cell MUTAG__GINE__GNNExplainer__scaffold__seed0] DONE — acc=0.83 gt_auroc=0.7619577382271612 n=53 (capped)
2026-07-31 02:12:45,803 | INFO    | molsanity | [stage cell_MUTAG__GINE__GNNExplainer__scaffold__seed1] running (69c381cb03e886a2)
2026-07-31 02:12:45,850 | INFO    | molsanity | Loaded MUTAG: 188 graphs, checksum de1d4cec357f
2026-07-31 02:12:46,236 | INFO    | molsanity | Scaffold split: 52 scaffolds -> train 115 / val 20 / test 53
2026-07-31 02:12:46,263 | INFO    | molsanity | Loaded existing checkpoint gine_ba47c6df3e15116b.pt
2026-07-31 02:14:15,605 | INFO    | molsanity | Wrote GT-validation figure: artifacts/figures/MUTAG__GINE__GNNExplainer__scaffold/gt_validation.pdf (+ .svg)
2026-07-31 02:14:15,616 | INFO    | molsanity | Wrote molecule attribution SVG: artifacts/figures/MUTAG__GINE__GNNExplainer__scaffold/case_molecule.svg (GT atoms: [14, 15, 16])
2026-07-31 02:14:15,651 | INFO    | molsanity | [cell MUTAG__GINE__GNNExplainer__scaffold__seed1] DONE — acc=0.58 gt_auroc=0.48943992841745343 n=53 (capped)
2026-07-31 02:14:15,670 | INFO    | molsanity | [stage cell_MUTAG__GINE__GNNExplainer__scaffold__seed2] running (e07f3ebc59924d4d)
2026-07-31 02:14:15,699 | INFO    | molsanity | Loaded MUTAG: 188 graphs, checksum de1d4cec357f
2026-07-31 02:14:15,955 | INFO    | molsanity | Scaffold split: 52 scaffolds -> train 115 / val 20 / test 53
2026-07-31 02:14:15,980 | INFO    | molsanity | Loaded existing checkpoint gine_34584b44d53a42a9.pt
2026-07-31 02:15:45,238 | INFO    | molsanity | Wrote GT-validation figure: artifacts/figures/MUTAG__GINE__GNNExplainer__scaffold/gt_validation.pdf (+ .svg)
2026-07-31 02:15:45,247 | INFO    | molsanity | Wrote molecule attribution SVG: artifacts/figures/MUTAG__GINE__GNNExplainer__scaffold/case_molecule.svg (GT atoms: [14, 15, 16])
2026-07-31 02:15:45,279 | INFO    | molsanity | [cell MUTAG__GINE__GNNExplainer__scaffold__seed2] DONE — acc=0.87 gt_auroc=0.5279947348967882 n=53 (capped)
2026-07-31 02:15:45,286 | INFO    | molsanity | [stage cell_MUTAG__GINE__GNNExplainer__random__seed0] running (83f6206f8aa6c800)
2026-07-31 02:15:45,313 | INFO    | molsanity | Loaded MUTAG: 188 graphs, checksum de1d4cec357f
2026-07-31 02:15:45,336 | INFO    | molsanity | Loaded existing checkpoint gine_81524887c7adee3c.pt
2026-07-31 02:17:23,101 | INFO    | molsanity | Wrote GT-validation figure: artifacts/figures/MUTAG__GINE__GNNExplainer__random/gt_validation.pdf (+ .svg)
2026-07-31 02:17:23,438 | INFO    | molsanity | Wrote molecule attribution SVG: artifacts/figures/MUTAG__GINE__GNNExplainer__random/case_molecule.svg (GT atoms: [16, 17, 18])
2026-07-31 02:17:24,018 | INFO    | molsanity | [cell MUTAG__GINE__GNNExplainer__random__seed0] DONE — acc=0.53 gt_auroc=0.4797479966787776 n=58 (capped)
2026-07-31 02:17:24,025 | INFO    | molsanity | [stage cell_MUTAG__GINE__GNNExplainer__random__seed1] running (4c93fbf63929b159)
2026-07-31 02:17:24,069 | INFO    | molsanity | Loaded MUTAG: 188 graphs, checksum de1d4cec357f
2026-07-31 02:17:24,091 | INFO    | molsanity | Loaded existing checkpoint gine_fbfa4ff78a93a73e.pt
2026-07-31 02:19:00,417 | INFO    | molsanity | Wrote GT-validation figure: artifacts/figures/MUTAG__GINE__GNNExplainer__random/gt_validation.pdf (+ .svg)
2026-07-31 02:19:00,426 | INFO    | molsanity | Wrote molecule attribution SVG: artifacts/figures/MUTAG__GINE__GNNExplainer__random/case_molecule.svg (GT atoms: [14, 15, 16])
2026-07-31 02:19:00,457 | INFO    | molsanity | [cell MUTAG__GINE__GNNExplainer__random__seed1] DONE — acc=0.81 gt_auroc=0.7035586483979112 n=58 (capped)
2026-07-31 02:19:00,477 | INFO    | molsanity | [stage cell_MUTAG__GINE__GNNExplainer__random__seed2] running (d51b0fcc9cc85506)
2026-07-31 02:19:00,505 | INFO    | molsanity | Loaded MUTAG: 188 graphs, checksum de1d4cec357f
2026-07-31 02:19:00,530 | INFO    | molsanity | Loaded existing checkpoint gine_055141d997e01cb6.pt
2026-07-31 02:20:38,673 | INFO    | molsanity | Wrote GT-validation figure: artifacts/figures/MUTAG__GINE__GNNExplainer__random/gt_validation.pdf (+ .svg)
2026-07-31 02:20:38,683 | INFO    | molsanity | Wrote molecule attribution SVG: artifacts/figures/MUTAG__GINE__GNNExplainer__random/case_molecule.svg (GT atoms: [10, 11, 12])
2026-07-31 02:20:38,715 | INFO    | molsanity | [cell MUTAG__GINE__GNNExplainer__random__seed2] DONE — acc=0.90 gt_auroc=0.8375396371339576 n=58 (capped)
2026-07-31 02:20:38,722 | INFO    | molsanity | [stage cell_MUTAG__GINE__PGExplainer__scaffold__seed0] running (7ce30055dcdfc523)
2026-07-31 02:20:38,749 | INFO    | molsanity | Loaded MUTAG: 188 graphs, checksum de1d4cec357f
2026-07-31 02:20:39,019 | INFO    | molsanity | Scaffold split: 52 scaffolds -> train 115 / val 20 / test 53
2026-07-31 02:20:39,041 | INFO    | molsanity | Loaded existing checkpoint gine_5281be77a9e8e1fc.pt
2026-07-31 02:21:42,595 | INFO    | molsanity | PGExplainer trained on 115 graphs (30 epochs), final loss 0.0578
2026-07-31 02:22:17,976 | INFO    | molsanity | PGExplainer trained on 115 graphs (30 epochs), final loss 0.2027
2026-07-31 02:22:20,993 | INFO    | molsanity | Wrote GT-validation figure: artifacts/figures/MUTAG__GINE__PGExplainer__scaffold/gt_validation.pdf (+ .svg)
2026-07-31 02:22:21,275 | INFO    | molsanity | Wrote molecule attribution SVG: artifacts/figures/MUTAG__GINE__PGExplainer__scaffold/case_molecule.svg (GT atoms: [14, 15, 16])
2026-07-31 02:22:21,887 | INFO    | molsanity | [cell MUTAG__GINE__PGExplainer__scaffold__seed0] DONE — acc=0.83 gt_auroc=0.039247657324793836 n=53 (capped)
2026-07-31 02:22:21,896 | INFO    | molsanity | [stage cell_MUTAG__GINE__PGExplainer__scaffold__seed1] running (05cdf0b021b492f6)
2026-07-31 02:22:21,942 | INFO    | molsanity | Loaded MUTAG: 188 graphs, checksum de1d4cec357f
2026-07-31 02:22:22,338 | INFO    | molsanity | Scaffold split: 52 scaffolds -> train 115 / val 20 / test 53
2026-07-31 02:22:22,365 | INFO    | molsanity | Loaded existing checkpoint gine_ba47c6df3e15116b.pt
2026-07-31 02:23:25,524 | INFO    | molsanity | PGExplainer trained on 115 graphs (30 epochs), final loss 0.5856
2026-07-31 02:24:01,920 | INFO    | molsanity | PGExplainer trained on 115 graphs (30 epochs), final loss 0.1221
2026-07-31 02:24:04,534 | INFO    | molsanity | Wrote GT-validation figure: artifacts/figures/MUTAG__GINE__PGExplainer__scaffold/gt_validation.pdf (+ .svg)
2026-07-31 02:24:04,544 | INFO    | molsanity | Wrote molecule attribution SVG: artifacts/figures/MUTAG__GINE__PGExplainer__scaffold/case_molecule.svg (GT atoms: [14, 15, 16])
2026-07-31 02:24:04,577 | INFO    | molsanity | [cell MUTAG__GINE__PGExplainer__scaffold__seed1] DONE — acc=0.58 gt_auroc=0.9881239326300368 n=53 (capped)
2026-07-31 02:24:04,596 | INFO    | molsanity | [stage cell_MUTAG__GINE__PGExplainer__scaffold__seed2] running (698af9e7e2076ab2)
2026-07-31 02:24:04,623 | INFO    | molsanity | Loaded MUTAG: 188 graphs, checksum de1d4cec357f
2026-07-31 02:24:04,882 | INFO    | molsanity | Scaffold split: 52 scaffolds -> train 115 / val 20 / test 53
2026-07-31 02:24:04,904 | INFO    | molsanity | Loaded existing checkpoint gine_34584b44d53a42a9.pt
2026-07-31 02:25:07,685 | INFO    | molsanity | PGExplainer trained on 115 graphs (30 epochs), final loss 0.3834
2026-07-31 02:25:43,673 | INFO    | molsanity | PGExplainer trained on 115 graphs (30 epochs), final loss 0.2781
2026-07-31 02:25:46,082 | INFO    | molsanity | Wrote GT-validation figure: artifacts/figures/MUTAG__GINE__PGExplainer__scaffold/gt_validation.pdf (+ .svg)
2026-07-31 02:25:46,092 | INFO    | molsanity | Wrote molecule attribution SVG: artifacts/figures/MUTAG__GINE__PGExplainer__scaffold/case_molecule.svg (GT atoms: [14, 15, 16])
2026-07-31 02:25:46,124 | INFO    | molsanity | [cell MUTAG__GINE__PGExplainer__scaffold__seed2] DONE — acc=0.87 gt_auroc=0.9811567394253298 n=53 (capped)
2026-07-31 02:25:46,131 | INFO    | molsanity | [stage cell_MUTAG__GINE__PGExplainer__random__seed0] running (0aed256a98e6c327)
2026-07-31 02:25:46,159 | INFO    | molsanity | Loaded MUTAG: 188 graphs, checksum de1d4cec357f
2026-07-31 02:25:46,183 | INFO    | molsanity | Loaded existing checkpoint gine_81524887c7adee3c.pt
2026-07-31 02:26:47,816 | INFO    | molsanity | PGExplainer trained on 112 graphs (30 epochs), final loss 0.6736
2026-07-31 02:27:22,842 | INFO    | molsanity | PGExplainer trained on 112 graphs (30 epochs), final loss 0.2655
2026-07-31 02:27:25,984 | INFO    | molsanity | Wrote GT-validation figure: artifacts/figures/MUTAG__GINE__PGExplainer__random/gt_validation.pdf (+ .svg)
2026-07-31 02:27:26,265 | INFO    | molsanity | Wrote molecule attribution SVG: artifacts/figures/MUTAG__GINE__PGExplainer__random/case_molecule.svg (GT atoms: [16, 17, 18])
2026-07-31 02:27:26,931 | INFO    | molsanity | [cell MUTAG__GINE__PGExplainer__random__seed0] DONE — acc=0.53 gt_auroc=0.9956896551724138 n=58 (capped)
2026-07-31 02:27:26,938 | INFO    | molsanity | [stage cell_MUTAG__GINE__PGExplainer__random__seed1] running (4e0253c0191cb1ed)
2026-07-31 02:27:26,967 | INFO    | molsanity | Loaded MUTAG: 188 graphs, checksum de1d4cec357f
2026-07-31 02:27:26,990 | INFO    | molsanity | Loaded existing checkpoint gine_fbfa4ff78a93a73e.pt
2026-07-31 02:28:29,635 | INFO    | molsanity | PGExplainer trained on 112 graphs (30 epochs), final loss 0.0427
2026-07-31 02:29:04,508 | INFO    | molsanity | PGExplainer trained on 112 graphs (30 epochs), final loss 0.1264
2026-07-31 02:29:07,012 | INFO    | molsanity | Wrote GT-validation figure: artifacts/figures/MUTAG__GINE__PGExplainer__random/gt_validation.pdf (+ .svg)
2026-07-31 02:29:07,020 | INFO    | molsanity | Wrote molecule attribution SVG: artifacts/figures/MUTAG__GINE__PGExplainer__random/case_molecule.svg (GT atoms: [14, 15, 16])
2026-07-31 02:29:07,054 | INFO    | molsanity | [cell MUTAG__GINE__PGExplainer__random__seed1] DONE — acc=0.81 gt_auroc=0.7430817492176518 n=58 (capped)
2026-07-31 02:29:07,074 | INFO    | molsanity | [stage cell_MUTAG__GINE__PGExplainer__random__seed2] running (1789fc5a744c78e5)
2026-07-31 02:29:07,102 | INFO    | molsanity | Loaded MUTAG: 188 graphs, checksum de1d4cec357f
2026-07-31 02:29:07,416 | INFO    | molsanity | Loaded existing checkpoint gine_055141d997e01cb6.pt
2026-07-31 02:30:09,840 | INFO    | molsanity | PGExplainer trained on 112 graphs (30 epochs), final loss 0.0545
2026-07-31 02:30:44,563 | INFO    | molsanity | PGExplainer trained on 112 graphs (30 epochs), final loss 0.3674
2026-07-31 02:30:47,097 | INFO    | molsanity | Wrote GT-validation figure: artifacts/figures/MUTAG__GINE__PGExplainer__random/gt_validation.pdf (+ .svg)
2026-07-31 02:30:47,106 | INFO    | molsanity | Wrote molecule attribution SVG: artifacts/figures/MUTAG__GINE__PGExplainer__random/case_molecule.svg (GT atoms: [10, 11, 12])
2026-07-31 02:30:47,138 | INFO    | molsanity | [cell MUTAG__GINE__PGExplainer__random__seed2] DONE — acc=0.90 gt_auroc=0.250733136876646 n=58 (capped)
2026-07-31 02:30:47,146 | INFO    | molsanity | [stage cell_MUTAG__GINE__SubgraphX__scaffold__seed0] running (74d4808fb4335e8a)
2026-07-31 02:30:47,174 | INFO    | molsanity | Loaded MUTAG: 188 graphs, checksum de1d4cec357f
2026-07-31 02:30:47,495 | INFO    | molsanity | Scaffold split: 52 scaffolds -> train 115 / val 20 / test 53
2026-07-31 02:30:47,533 | INFO    | molsanity | Loaded existing checkpoint gine_5281be77a9e8e1fc.pt
2026-07-31 02:30:47,624 | ERROR   | molsanity | [cell MUTAG__GINE__SubgraphX__scaffold__seed0] FAILED — cannot pin 'torch.cuda.FloatTensor' only dense CPU tensors can be pinned (traceback -> logs/error_MUTAG__GINE__SubgraphX__scaffold__seed0_20260731_005714.log)
2026-07-31 02:30:47,641 | INFO    | molsanity | [stage cell_MUTAG__GINE__SubgraphX__scaffold__seed1] running (4daf6f79bb0e8ef6)
2026-07-31 02:30:47,681 | INFO    | molsanity | Loaded MUTAG: 188 graphs, checksum de1d4cec357f
2026-07-31 02:30:48,076 | INFO    | molsanity | Scaffold split: 52 scaffolds -> train 115 / val 20 / test 53
2026-07-31 02:30:48,101 | INFO    | molsanity | Loaded existing checkpoint gine_ba47c6df3e15116b.pt
2026-07-31 02:30:48,173 | ERROR   | molsanity | [cell MUTAG__GINE__SubgraphX__scaffold__seed1] FAILED — cannot pin 'torch.cuda.FloatTensor' only dense CPU tensors can be pinned (traceback -> logs/error_MUTAG__GINE__SubgraphX__scaffold__seed1_20260731_005714.log)
2026-07-31 02:30:48,182 | INFO    | molsanity | [stage cell_MUTAG__GINE__SubgraphX__scaffold__seed2] running (497332892a6287d1)
2026-07-31 02:30:48,224 | INFO    | molsanity | Loaded MUTAG: 188 graphs, checksum de1d4cec357f
2026-07-31 02:30:48,634 | INFO    | molsanity | Scaffold split: 52 scaffolds -> train 115 / val 20 / test 53
2026-07-31 02:30:48,660 | INFO    | molsanity | Loaded existing checkpoint gine_34584b44d53a42a9.pt
2026-07-31 02:30:48,730 | ERROR   | molsanity | [cell MUTAG__GINE__SubgraphX__scaffold__seed2] FAILED — cannot pin 'torch.cuda.FloatTensor' only dense CPU tensors can be pinned (traceback -> logs/error_MUTAG__GINE__SubgraphX__scaffold__seed2_20260731_005714.log)
2026-07-31 02:30:48,739 | INFO    | molsanity | [stage cell_MUTAG__GINE__SubgraphX__random__seed0] running (282f52bab8f5ae42)
2026-07-31 02:30:48,780 | INFO    | molsanity | Loaded MUTAG: 188 graphs, checksum de1d4cec357f
2026-07-31 02:30:48,809 | INFO    | molsanity | Loaded existing checkpoint gine_81524887c7adee3c.pt
2026-07-31 02:30:48,880 | ERROR   | molsanity | [cell MUTAG__GINE__SubgraphX__random__seed0] FAILED — cannot pin 'torch.cuda.FloatTensor' only dense CPU tensors can be pinned (traceback -> logs/error_MUTAG__GINE__SubgraphX__random__seed0_20260731_005714.log)
2026-07-31 02:30:48,892 | INFO    | molsanity | [stage cell_MUTAG__GINE__SubgraphX__random__seed1] running (8ae176b3ef0e670e)
2026-07-31 02:30:48,933 | INFO    | molsanity | Loaded MUTAG: 188 graphs, checksum de1d4cec357f
2026-07-31 02:30:48,964 | INFO    | molsanity | Loaded existing checkpoint gine_fbfa4ff78a93a73e.pt
2026-07-31 02:30:49,038 | ERROR   | molsanity | [cell MUTAG__GINE__SubgraphX__random__seed1] FAILED — cannot pin 'torch.cuda.FloatTensor' only dense CPU tensors can be pinned (traceback -> logs/error_MUTAG__GINE__SubgraphX__random__seed1_20260731_005714.log)
2026-07-31 02:30:49,051 | INFO    | molsanity | [stage cell_MUTAG__GINE__SubgraphX__random__seed2] running (f8de002d4d207692)
2026-07-31 02:30:49,096 | INFO    | molsanity | Loaded MUTAG: 188 graphs, checksum de1d4cec357f
2026-07-31 02:30:49,125 | INFO    | molsanity | Loaded existing checkpoint gine_055141d997e01cb6.pt
2026-07-31 02:30:49,201 | ERROR   | molsanity | [cell MUTAG__GINE__SubgraphX__random__seed2] FAILED — cannot pin 'torch.cuda.FloatTensor' only dense CPU tensors can be pinned (traceback -> logs/error_MUTAG__GINE__SubgraphX__random__seed2_20260731_005714.log)
2026-07-31 02:30:49,213 | INFO    | molsanity | [stage cell_MUTAG__GCN__IntegratedGradients__scaffold__seed0] running (6b582fddf07d1c36)
2026-07-31 02:30:49,260 | INFO    | molsanity | Loaded MUTAG: 188 graphs, checksum de1d4cec357f
2026-07-31 02:30:49,650 | INFO    | molsanity | Scaffold split: 52 scaffolds -> train 115 / val 20 / test 53
2026-07-31 02:30:50,119 | INFO    | molsanity | Loaded existing checkpoint gcn_d9216bef68cf8971.pt
2026-07-31 02:30:50,480 | ERROR   | molsanity | [cell MUTAG__GCN__IntegratedGradients__scaffold__seed0] FAILED — index 1 is out of bounds for dimension 0 with size 1 (traceback -> logs/error_MUTAG__GCN__IntegratedGradients__scaffold__seed0_20260731_005714.log)
2026-07-31 02:30:50,490 | INFO    | molsanity | [stage cell_MUTAG__GCN__IntegratedGradients__scaffold__seed1] running (701dfa9f6f6592b8)
2026-07-31 02:30:50,531 | INFO    | molsanity | Loaded MUTAG: 188 graphs, checksum de1d4cec357f
2026-07-31 02:30:50,982 | INFO    | molsanity | Scaffold split: 52 scaffolds -> train 115 / val 20 / test 53
2026-07-31 02:30:51,980 | INFO    | molsanity | Saved early checkpoint @epoch 30 -> gcn_5cbb4655d5b6f29c_early.pt
2026-07-31 02:30:55,974 | INFO    | molsanity | Training done: best val_acc=1.000 @epoch 5 | test_acc=0.245 test_auc=0.913 T=10.000
2026-07-31 02:30:55,989 | INFO    | molsanity | Saved checkpoint gcn_5cbb4655d5b6f29c.pt
2026-07-31 02:30:56,020 | ERROR   | molsanity | [cell MUTAG__GCN__IntegratedGradients__scaffold__seed1] FAILED — index 1 is out of bounds for dimension 0 with size 1 (traceback -> logs/error_MUTAG__GCN__IntegratedGradients__scaffold__seed1_20260731_005714.log)
2026-07-31 02:30:56,028 | INFO    | molsanity | [stage cell_MUTAG__GCN__IntegratedGradients__scaffold__seed2] running (f904392543480a60)
2026-07-31 02:30:56,055 | INFO    | molsanity | Loaded MUTAG: 188 graphs, checksum de1d4cec357f
2026-07-31 02:30:56,323 | INFO    | molsanity | Scaffold split: 52 scaffolds -> train 115 / val 20 / test 53
2026-07-31 02:30:57,309 | INFO    | molsanity | Saved early checkpoint @epoch 30 -> gcn_f99d3aae04bdd733_early.pt
2026-07-31 02:31:01,276 | INFO    | molsanity | Training done: best val_acc=1.000 @epoch 1 | test_acc=0.755 test_auc=0.919 T=0.876
2026-07-31 02:31:01,293 | INFO    | molsanity | Saved checkpoint gcn_f99d3aae04bdd733.pt
2026-07-31 02:31:01,343 | ERROR   | molsanity | [cell MUTAG__GCN__IntegratedGradients__scaffold__seed2] FAILED — index 1 is out of bounds for dimension 0 with size 1 (traceback -> logs/error_MUTAG__GCN__IntegratedGradients__scaffold__seed2_20260731_005714.log)
2026-07-31 02:31:01,354 | INFO    | molsanity | [stage cell_MUTAG__GCN__IntegratedGradients__random__seed0] running (21451882e2988389)
2026-07-31 02:31:01,399 | INFO    | molsanity | Loaded MUTAG: 188 graphs, checksum de1d4cec357f
2026-07-31 02:31:01,749 | INFO    | molsanity | Loaded existing checkpoint gcn_604a180f83e0893f.pt
2026-07-31 02:31:02,318 | ERROR   | molsanity | [cell MUTAG__GCN__IntegratedGradients__random__seed0] FAILED — index 1 is out of bounds for dimension 0 with size 1 (traceback -> logs/error_MUTAG__GCN__IntegratedGradients__random__seed0_20260731_005714.log)
2026-07-31 02:31:02,330 | INFO    | molsanity | [stage cell_MUTAG__GCN__IntegratedGradients__random__seed1] running (c1785a15fc28f579)
2026-07-31 02:31:02,375 | INFO    | molsanity | Loaded MUTAG: 188 graphs, checksum de1d4cec357f
2026-07-31 02:31:03,687 | INFO    | molsanity | Saved early checkpoint @epoch 30 -> gcn_dad5f21f0dee0734_early.pt
2026-07-31 02:31:07,811 | INFO    | molsanity | Training done: best val_acc=0.896 @epoch 1 | test_acc=0.362 test_auc=0.727 T=1.016
2026-07-31 02:31:07,823 | INFO    | molsanity | Saved checkpoint gcn_dad5f21f0dee0734.pt
2026-07-31 02:31:07,855 | ERROR   | molsanity | [cell MUTAG__GCN__IntegratedGradients__random__seed1] FAILED — index 1 is out of bounds for dimension 0 with size 1 (traceback -> logs/error_MUTAG__GCN__IntegratedGradients__random__seed1_20260731_005714.log)
2026-07-31 02:31:07,863 | INFO    | molsanity | [stage cell_MUTAG__GCN__IntegratedGradients__random__seed2] running (f5bbf4903584b021)
2026-07-31 02:31:07,891 | INFO    | molsanity | Loaded MUTAG: 188 graphs, checksum de1d4cec357f
2026-07-31 02:31:08,853 | INFO    | molsanity | Saved early checkpoint @epoch 30 -> gcn_d6a5270b7d695768_early.pt
2026-07-31 02:31:12,819 | INFO    | molsanity | Training done: best val_acc=0.762 @epoch 107 | test_acc=0.776 test_auc=0.768 T=1.252
2026-07-31 02:31:12,853 | INFO    | molsanity | Saved checkpoint gcn_d6a5270b7d695768.pt
2026-07-31 02:31:12,887 | ERROR   | molsanity | [cell MUTAG__GCN__IntegratedGradients__random__seed2] FAILED — index 1 is out of bounds for dimension 0 with size 1 (traceback -> logs/error_MUTAG__GCN__IntegratedGradients__random__seed2_20260731_005714.log)
2026-07-31 02:31:12,895 | INFO    | molsanity | [stage cell_MUTAG__GAT__IntegratedGradients__scaffold__seed0] running (8b6347450d26993d)
2026-07-31 02:31:12,925 | INFO    | molsanity | Loaded MUTAG: 188 graphs, checksum de1d4cec357f
2026-07-31 02:31:13,186 | INFO    | molsanity | Scaffold split: 52 scaffolds -> train 115 / val 20 / test 53
2026-07-31 02:31:13,740 | INFO    | molsanity | Loaded existing checkpoint gat_2224546572f492f6.pt
2026-07-31 02:31:14,170 | ERROR   | molsanity | [cell MUTAG__GAT__IntegratedGradients__scaffold__seed0] FAILED — index 1 is out of bounds for dimension 0 with size 1 (traceback -> logs/error_MUTAG__GAT__IntegratedGradients__scaffold__seed0_20260731_005714.log)
2026-07-31 02:31:14,179 | INFO    | molsanity | [stage cell_MUTAG__GAT__IntegratedGradients__scaffold__seed1] running (ffb1a0a002b34ac2)
2026-07-31 02:31:14,208 | INFO    | molsanity | Loaded MUTAG: 188 graphs, checksum de1d4cec357f
2026-07-31 02:31:14,490 | INFO    | molsanity | Scaffold split: 52 scaffolds -> train 115 / val 20 / test 53
2026-07-31 02:31:16,761 | INFO    | molsanity | Saved early checkpoint @epoch 30 -> gat_fd6fed1c60d59cac_early.pt
2026-07-31 02:31:23,785 | INFO    | molsanity | Training done: best val_acc=0.988 @epoch 35 | test_acc=0.830 test_auc=0.912 T=nan
2026-07-31 02:31:23,802 | INFO    | molsanity | Saved checkpoint gat_fd6fed1c60d59cac.pt
2026-07-31 02:31:23,842 | ERROR   | molsanity | [cell MUTAG__GAT__IntegratedGradients__scaffold__seed1] FAILED — index 1 is out of bounds for dimension 0 with size 1 (traceback -> logs/error_MUTAG__GAT__IntegratedGradients__scaffold__seed1_20260731_005714.log)
2026-07-31 02:31:23,850 | INFO    | molsanity | [stage cell_MUTAG__GAT__IntegratedGradients__scaffold__seed2] running (66205bd7cc37a992)
2026-07-31 02:31:23,877 | INFO    | molsanity | Loaded MUTAG: 188 graphs, checksum de1d4cec357f
2026-07-31 02:31:24,153 | INFO    | molsanity | Scaffold split: 52 scaffolds -> train 115 / val 20 / test 53
2026-07-31 02:31:25,804 | INFO    | molsanity | Saved early checkpoint @epoch 30 -> gat_e614f3218db34d9a_early.pt
2026-07-31 02:31:33,402 | INFO    | molsanity | Training done: best val_acc=1.000 @epoch 15 | test_acc=0.755 test_auc=0.919 T=0.780
2026-07-31 02:31:33,419 | INFO    | molsanity | Saved checkpoint gat_e614f3218db34d9a.pt
2026-07-31 02:31:33,461 | ERROR   | molsanity | [cell MUTAG__GAT__IntegratedGradients__scaffold__seed2] FAILED — index 1 is out of bounds for dimension 0 with size 1 (traceback -> logs/error_MUTAG__GAT__IntegratedGradients__scaffold__seed2_20260731_005714.log)
2026-07-31 02:31:33,469 | INFO    | molsanity | [stage cell_MUTAG__GAT__IntegratedGradients__random__seed0] running (181d298c876a0f62)
2026-07-31 02:31:33,496 | INFO    | molsanity | Loaded MUTAG: 188 graphs, checksum de1d4cec357f
2026-07-31 02:31:33,803 | INFO    | molsanity | Loaded existing checkpoint gat_d5ce67978fe34ff0.pt
2026-07-31 02:31:34,127 | ERROR   | molsanity | [cell MUTAG__GAT__IntegratedGradients__random__seed0] FAILED — index 1 is out of bounds for dimension 0 with size 1 (traceback -> logs/error_MUTAG__GAT__IntegratedGradients__random__seed0_20260731_005714.log)
2026-07-31 02:31:34,137 | INFO    | molsanity | [stage cell_MUTAG__GAT__IntegratedGradients__random__seed1] running (df293efa3d4ffeda)
2026-07-31 02:31:34,169 | INFO    | molsanity | Loaded MUTAG: 188 graphs, checksum de1d4cec357f
2026-07-31 02:31:35,846 | INFO    | molsanity | Saved early checkpoint @epoch 30 -> gat_2a4845808fcf5264_early.pt
2026-07-31 02:31:42,302 | INFO    | molsanity | Training done: best val_acc=0.883 @epoch 3 | test_acc=0.362 test_auc=0.687 T=1.000
2026-07-31 02:31:42,322 | INFO    | molsanity | Saved checkpoint gat_2a4845808fcf5264.pt
2026-07-31 02:31:42,386 | ERROR   | molsanity | [cell MUTAG__GAT__IntegratedGradients__random__seed1] FAILED — index 1 is out of bounds for dimension 0 with size 1 (traceback -> logs/error_MUTAG__GAT__IntegratedGradients__random__seed1_20260731_005714.log)
2026-07-31 02:31:42,396 | INFO    | molsanity | [stage cell_MUTAG__GAT__IntegratedGradients__random__seed2] running (3dbffbf5617314dd)
2026-07-31 02:31:42,438 | INFO    | molsanity | Loaded MUTAG: 188 graphs, checksum de1d4cec357f
2026-07-31 02:31:44,703 | INFO    | molsanity | Saved early checkpoint @epoch 30 -> gat_3ad9810973e791e9_early.pt
2026-07-31 02:31:51,688 | INFO    | molsanity | Training done: best val_acc=0.725 @epoch 67 | test_acc=0.759 test_auc=0.746 T=1.348
2026-07-31 02:31:51,704 | INFO    | molsanity | Saved checkpoint gat_3ad9810973e791e9.pt
2026-07-31 02:31:51,746 | ERROR   | molsanity | [cell MUTAG__GAT__IntegratedGradients__random__seed2] FAILED — index 1 is out of bounds for dimension 0 with size 1 (traceback -> logs/error_MUTAG__GAT__IntegratedGradients__random__seed2_20260731_005714.log)
2026-07-31 02:31:51,754 | INFO    | molsanity | [stage cell_MUTAG__MPNN__IntegratedGradients__scaffold__seed0] running (23ca9f53cf54934a)
2026-07-31 02:31:51,781 | INFO    | molsanity | Loaded MUTAG: 188 graphs, checksum de1d4cec357f
2026-07-31 02:31:52,053 | INFO    | molsanity | Scaffold split: 52 scaffolds -> train 115 / val 20 / test 53
2026-07-31 02:31:52,676 | INFO    | molsanity | Loaded existing checkpoint mpnn_b28164e08cc2ab85.pt
2026-07-31 02:31:53,408 | ERROR   | molsanity | [cell MUTAG__MPNN__IntegratedGradients__scaffold__seed0] FAILED — index 1 is out of bounds for dimension 0 with size 1 (traceback -> logs/error_MUTAG__MPNN__IntegratedGradients__scaffold__seed0_20260731_005714.log)
2026-07-31 02:31:53,418 | INFO    | molsanity | [stage cell_MUTAG__MPNN__IntegratedGradients__scaffold__seed1] running (71162f7ee864fe77)
2026-07-31 02:31:53,445 | INFO    | molsanity | Loaded MUTAG: 188 graphs, checksum de1d4cec357f
2026-07-31 02:31:53,709 | INFO    | molsanity | Scaffold split: 52 scaffolds -> train 115 / val 20 / test 53
2026-07-31 02:31:54,782 | INFO    | molsanity | Saved early checkpoint @epoch 30 -> mpnn_92a6a53d28b61d5d_early.pt
2026-07-31 02:32:00,141 | INFO    | molsanity | Training done: best val_acc=1.000 @epoch 2 | test_acc=0.245 test_auc=0.708 T=10.000
2026-07-31 02:32:00,169 | INFO    | molsanity | Saved checkpoint mpnn_92a6a53d28b61d5d.pt
2026-07-31 02:32:00,216 | ERROR   | molsanity | [cell MUTAG__MPNN__IntegratedGradients__scaffold__seed1] FAILED — index 1 is out of bounds for dimension 0 with size 1 (traceback -> logs/error_MUTAG__MPNN__IntegratedGradients__scaffold__seed1_20260731_005714.log)
2026-07-31 02:32:00,225 | INFO    | molsanity | [stage cell_MUTAG__MPNN__IntegratedGradients__scaffold__seed2] running (3cc18023f6117e0d)
2026-07-31 02:32:00,255 | INFO    | molsanity | Loaded MUTAG: 188 graphs, checksum de1d4cec357f
2026-07-31 02:32:00,522 | INFO    | molsanity | Scaffold split: 52 scaffolds -> train 115 / val 20 / test 53
2026-07-31 02:32:01,589 | INFO    | molsanity | Saved early checkpoint @epoch 30 -> mpnn_4ec6a84e0263d8f7_early.pt
2026-07-31 02:32:05,638 | INFO    | molsanity | Training done: best val_acc=1.000 @epoch 2 | test_acc=0.830 test_auc=0.885 T=0.952
2026-07-31 02:32:05,663 | INFO    | molsanity | Saved checkpoint mpnn_4ec6a84e0263d8f7.pt
2026-07-31 02:32:05,716 | ERROR   | molsanity | [cell MUTAG__MPNN__IntegratedGradients__scaffold__seed2] FAILED — index 1 is out of bounds for dimension 0 with size 1 (traceback -> logs/error_MUTAG__MPNN__IntegratedGradients__scaffold__seed2_20260731_005714.log)
2026-07-31 02:32:05,725 | INFO    | molsanity | [stage cell_MUTAG__MPNN__IntegratedGradients__random__seed0] running (726d4b62e0a51eb7)
2026-07-31 02:32:05,754 | INFO    | molsanity | Loaded MUTAG: 188 graphs, checksum de1d4cec357f
2026-07-31 02:32:06,361 | INFO    | molsanity | Loaded existing checkpoint mpnn_5fb3b98dab354a6c.pt
2026-07-31 02:32:07,179 | ERROR   | molsanity | [cell MUTAG__MPNN__IntegratedGradients__random__seed0] FAILED — index 1 is out of bounds for dimension 0 with size 1 (traceback -> logs/error_MUTAG__MPNN__IntegratedGradients__random__seed0_20260731_005714.log)
2026-07-31 02:32:07,190 | INFO    | molsanity | [stage cell_MUTAG__MPNN__IntegratedGradients__random__seed1] running (b874bd98002c9724)
2026-07-31 02:32:07,217 | INFO    | molsanity | Loaded MUTAG: 188 graphs, checksum de1d4cec357f
2026-07-31 02:32:08,314 | INFO    | molsanity | Saved early checkpoint @epoch 30 -> mpnn_43bceddac466c597_early.pt
2026-07-31 02:32:13,541 | INFO    | molsanity | Training done: best val_acc=0.948 @epoch 69 | test_acc=0.724 test_auc=0.708 T=1.781
2026-07-31 02:32:13,573 | INFO    | molsanity | Saved checkpoint mpnn_43bceddac466c597.pt
2026-07-31 02:32:13,641 | ERROR   | molsanity | [cell MUTAG__MPNN__IntegratedGradients__random__seed1] FAILED — index 1 is out of bounds for dimension 0 with size 1 (traceback -> logs/error_MUTAG__MPNN__IntegratedGradients__random__seed1_20260731_005714.log)
2026-07-31 02:32:13,656 | INFO    | molsanity | [stage cell_MUTAG__MPNN__IntegratedGradients__random__seed2] running (75b2c2a93e258898)
2026-07-31 02:32:13,698 | INFO    | molsanity | Loaded MUTAG: 188 graphs, checksum de1d4cec357f
2026-07-31 02:32:15,019 | INFO    | molsanity | Saved early checkpoint @epoch 30 -> mpnn_cbde56b6ef4b9bd1_early.pt
2026-07-31 02:32:19,279 | INFO    | molsanity | Training done: best val_acc=0.950 @epoch 95 | test_acc=0.776 test_auc=0.780 T=1.247
2026-07-31 02:32:19,304 | INFO    | molsanity | Saved checkpoint mpnn_cbde56b6ef4b9bd1.pt
2026-07-31 02:32:19,353 | ERROR   | molsanity | [cell MUTAG__MPNN__IntegratedGradients__random__seed2] FAILED — index 1 is out of bounds for dimension 0 with size 1 (traceback -> logs/error_MUTAG__MPNN__IntegratedGradients__random__seed2_20260731_005714.log)
2026-07-31 02:32:19,362 | INFO    | molsanity | [stage cell_MUTAG__AttentiveFP__IntegratedGradients__scaffold__seed0] running (b070f2b1bf37e1de)
2026-07-31 02:32:19,390 | INFO    | molsanity | Loaded MUTAG: 188 graphs, checksum de1d4cec357f
2026-07-31 02:32:19,668 | INFO    | molsanity | Scaffold split: 52 scaffolds -> train 115 / val 20 / test 53
2026-07-31 02:32:20,080 | INFO    | molsanity | Loaded existing checkpoint attentivefp_edbf3eb9f79c130a.pt
2026-07-31 02:32:20,632 | ERROR   | molsanity | [cell MUTAG__AttentiveFP__IntegratedGradients__scaffold__seed0] FAILED — index 1 is out of bounds for dimension 0 with size 1 (traceback -> logs/error_MUTAG__AttentiveFP__IntegratedGradients__scaffold__seed0_20260731_005714.log)
2026-07-31 02:32:20,641 | INFO    | molsanity | [stage cell_MUTAG__AttentiveFP__IntegratedGradients__scaffold__seed1] running (2d642e7e9e09ed56)
2026-07-31 02:32:20,669 | INFO    | molsanity | Loaded MUTAG: 188 graphs, checksum de1d4cec357f
2026-07-31 02:32:20,936 | INFO    | molsanity | Scaffold split: 52 scaffolds -> train 115 / val 20 / test 53
2026-07-31 02:32:22,933 | INFO    | molsanity | Saved early checkpoint @epoch 30 -> attentivefp_709e1cf3ffbb1a86_early.pt
2026-07-31 02:32:32,017 | INFO    | molsanity | Training done: best val_acc=0.869 @epoch 1 | test_acc=0.755 test_auc=0.834 T=0.100
2026-07-31 02:32:32,034 | INFO    | molsanity | Saved checkpoint attentivefp_709e1cf3ffbb1a86.pt
2026-07-31 02:32:32,080 | ERROR   | molsanity | [cell MUTAG__AttentiveFP__IntegratedGradients__scaffold__seed1] FAILED — index 1 is out of bounds for dimension 0 with size 1 (traceback -> logs/error_MUTAG__AttentiveFP__IntegratedGradients__scaffold__seed1_20260731_005714.log)
2026-07-31 02:32:32,088 | INFO    | molsanity | [stage cell_MUTAG__AttentiveFP__IntegratedGradients__scaffold__seed2] running (170151a3fc969ace)
2026-07-31 02:32:32,115 | INFO    | molsanity | Loaded MUTAG: 188 graphs, checksum de1d4cec357f
2026-07-31 02:32:32,379 | INFO    | molsanity | Scaffold split: 52 scaffolds -> train 115 / val 20 / test 53
2026-07-31 02:32:34,364 | INFO    | molsanity | Saved early checkpoint @epoch 30 -> attentivefp_eef5378af51a2f53_early.pt
2026-07-31 02:32:43,535 | INFO    | molsanity | Training done: best val_acc=0.869 @epoch 2 | test_acc=0.755 test_auc=0.813 T=0.507
2026-07-31 02:32:43,553 | INFO    | molsanity | Saved checkpoint attentivefp_eef5378af51a2f53.pt
2026-07-31 02:32:43,600 | ERROR   | molsanity | [cell MUTAG__AttentiveFP__IntegratedGradients__scaffold__seed2] FAILED — index 1 is out of bounds for dimension 0 with size 1 (traceback -> logs/error_MUTAG__AttentiveFP__IntegratedGradients__scaffold__seed2_20260731_005714.log)
2026-07-31 02:32:43,609 | INFO    | molsanity | [stage cell_MUTAG__AttentiveFP__IntegratedGradients__random__seed0] running (7b1cba9dd50a0b54)
2026-07-31 02:32:43,638 | INFO    | molsanity | Loaded MUTAG: 188 graphs, checksum de1d4cec357f
2026-07-31 02:32:44,111 | INFO    | molsanity | Loaded existing checkpoint attentivefp_82744bcba3c1d6f0.pt
2026-07-31 02:32:44,501 | ERROR   | molsanity | [cell MUTAG__AttentiveFP__IntegratedGradients__random__seed0] FAILED — index 1 is out of bounds for dimension 0 with size 1 (traceback -> logs/error_MUTAG__AttentiveFP__IntegratedGradients__random__seed0_20260731_005714.log)
2026-07-31 02:32:44,511 | INFO    | molsanity | [stage cell_MUTAG__AttentiveFP__IntegratedGradients__random__seed1] running (5674bbc7a064d2db)
2026-07-31 02:32:44,541 | INFO    | molsanity | Loaded MUTAG: 188 graphs, checksum de1d4cec357f
2026-07-31 02:32:46,553 | INFO    | molsanity | Saved early checkpoint @epoch 30 -> attentivefp_aa29399fcb6745f0_early.pt
2026-07-31 02:32:55,568 | INFO    | molsanity | Training done: best val_acc=0.857 @epoch 105 | test_acc=0.810 test_auc=0.875 T=1.569
2026-07-31 02:32:55,603 | INFO    | molsanity | Saved checkpoint attentivefp_aa29399fcb6745f0.pt
2026-07-31 02:32:55,682 | ERROR   | molsanity | [cell MUTAG__AttentiveFP__IntegratedGradients__random__seed1] FAILED — index 1 is out of bounds for dimension 0 with size 1 (traceback -> logs/error_MUTAG__AttentiveFP__IntegratedGradients__random__seed1_20260731_005714.log)
2026-07-31 02:32:55,693 | INFO    | molsanity | [stage cell_MUTAG__AttentiveFP__IntegratedGradients__random__seed2] running (a1f43f938b04b56c)
2026-07-31 02:32:55,744 | INFO    | molsanity | Loaded MUTAG: 188 graphs, checksum de1d4cec357f
2026-07-31 02:32:57,810 | INFO    | molsanity | Saved early checkpoint @epoch 30 -> attentivefp_21a36ead4b538703_early.pt
2026-07-31 02:33:05,713 | INFO    | molsanity | Training done: best val_acc=0.925 @epoch 2 | test_acc=0.672 test_auc=0.911 T=1.313
2026-07-31 02:33:05,728 | INFO    | molsanity | Saved checkpoint attentivefp_21a36ead4b538703.pt
2026-07-31 02:33:05,778 | ERROR   | molsanity | [cell MUTAG__AttentiveFP__IntegratedGradients__random__seed2] FAILED — index 1 is out of bounds for dimension 0 with size 1 (traceback -> logs/error_MUTAG__AttentiveFP__IntegratedGradients__random__seed2_20260731_005714.log)
2026-07-31 02:33:05,786 | INFO    | molsanity | [stage cell_MolMotif__GINE__IntegratedGradients__scaffold__seed0] running (60cc9a375c19f445)
2026-07-31 02:33:09,213 | INFO    | molsanity | BBBP checksum recorded: 37d8fa85e636
2026-07-31 02:33:09,213 | INFO    | molsanity | Loaded BBBP: 2039 graphs, checksum 37d8fa85e636
2026-07-31 02:33:10,136 | INFO    | molsanity | MolMotif(halogen_aromatic): 906 molecules (453 positive), mask = matched atoms grown by 1 bond(s)
2026-07-31 02:33:10,169 | INFO    | molsanity | MolMotif checksum recorded: 26920433b3c1
2026-07-31 02:33:10,169 | INFO    | molsanity | Loaded MolMotif: 906 molecules with exact node ground truth
2026-07-31 02:33:11,564 | INFO    | molsanity | Scaffold split: 906 scaffolds -> train 543 / val 90 / test 273
2026-07-31 02:33:15,342 | INFO    | molsanity | Saved early checkpoint @epoch 30 -> gine_5281be77a9e8e1fc_early.pt
2026-07-31 02:33:31,680 | INFO    | molsanity | Training done: best val_acc=1.000 @epoch 15 | test_acc=0.989 test_auc=1.000 T=0.233
2026-07-31 02:33:31,699 | INFO    | molsanity | Saved checkpoint gine_5281be77a9e8e1fc.pt
2026-07-31 02:33:31,736 | ERROR   | molsanity | [cell MolMotif__GINE__IntegratedGradients__scaffold__seed0] FAILED — index 1 is out of bounds for dimension 0 with size 1 (traceback -> logs/error_MolMotif__GINE__IntegratedGradients__scaffold__seed0_20260731_005714.log)
2026-07-31 02:33:31,750 | INFO    | molsanity | [stage cell_MolMotif__GINE__IntegratedGradients__scaffold__seed1] running (2b7d85127b04ad57)
2026-07-31 02:33:32,292 | INFO    | molsanity | Loaded BBBP: 2039 graphs, checksum 37d8fa85e636
2026-07-31 02:33:32,962 | INFO    | molsanity | MolMotif(halogen_aromatic): 906 molecules (453 positive), mask = matched atoms grown by 1 bond(s)
2026-07-31 02:33:32,996 | INFO    | molsanity | Loaded MolMotif: 906 molecules with exact node ground truth
2026-07-31 02:33:34,742 | INFO    | molsanity | Scaffold split: 906 scaffolds -> train 543 / val 90 / test 273
2026-07-31 02:33:39,302 | INFO    | molsanity | Saved early checkpoint @epoch 30 -> gine_ba47c6df3e15116b_early.pt
2026-07-31 02:33:55,332 | INFO    | molsanity | Training done: best val_acc=1.000 @epoch 17 | test_acc=0.989 test_auc=1.000 T=0.100
2026-07-31 02:33:55,348 | INFO    | molsanity | Saved checkpoint gine_ba47c6df3e15116b.pt
2026-07-31 02:33:55,383 | ERROR   | molsanity | [cell MolMotif__GINE__IntegratedGradients__scaffold__seed1] FAILED — index 1 is out of bounds for dimension 0 with size 1 (traceback -> logs/error_MolMotif__GINE__IntegratedGradients__scaffold__seed1_20260731_005714.log)
2026-07-31 02:33:55,396 | INFO    | molsanity | [stage cell_MolMotif__GINE__IntegratedGradients__scaffold__seed2] running (fd38808c2c40c993)
2026-07-31 02:33:55,717 | INFO    | molsanity | Loaded BBBP: 2039 graphs, checksum 37d8fa85e636
2026-07-31 02:33:56,381 | INFO    | molsanity | MolMotif(halogen_aromatic): 906 molecules (453 positive), mask = matched atoms grown by 1 bond(s)
2026-07-31 02:33:56,416 | INFO    | molsanity | Loaded MolMotif: 906 molecules with exact node ground truth
2026-07-31 02:33:57,828 | INFO    | molsanity | Scaffold split: 906 scaffolds -> train 543 / val 90 / test 273
2026-07-31 02:34:01,729 | INFO    | molsanity | Saved early checkpoint @epoch 30 -> gine_34584b44d53a42a9_early.pt
2026-07-31 02:34:18,771 | INFO    | molsanity | Training done: best val_acc=1.000 @epoch 16 | test_acc=0.905 test_auc=1.000 T=0.485
2026-07-31 02:34:18,800 | INFO    | molsanity | Saved checkpoint gine_34584b44d53a42a9.pt
2026-07-31 02:34:18,836 | ERROR   | molsanity | [cell MolMotif__GINE__IntegratedGradients__scaffold__seed2] FAILED — index 1 is out of bounds for dimension 0 with size 1 (traceback -> logs/error_MolMotif__GINE__IntegratedGradients__scaffold__seed2_20260731_005714.log)
2026-07-31 02:34:18,848 | INFO    | molsanity | [stage cell_MolMotif__GINE__IntegratedGradients__random__seed0] running (7773f68dbbba59ba)
2026-07-31 02:34:19,154 | INFO    | molsanity | Loaded BBBP: 2039 graphs, checksum 37d8fa85e636
2026-07-31 02:34:19,845 | INFO    | molsanity | MolMotif(halogen_aromatic): 906 molecules (453 positive), mask = matched atoms grown by 1 bond(s)
2026-07-31 02:34:19,878 | INFO    | molsanity | Loaded MolMotif: 906 molecules with exact node ground truth
2026-07-31 02:34:23,644 | INFO    | molsanity | Saved early checkpoint @epoch 30 -> gine_81524887c7adee3c_early.pt
2026-07-31 02:34:39,849 | INFO    | molsanity | Training done: best val_acc=1.000 @epoch 11 | test_acc=0.971 test_auc=0.999 T=0.355
2026-07-31 02:34:39,867 | INFO    | molsanity | Saved checkpoint gine_81524887c7adee3c.pt
2026-07-31 02:34:39,904 | ERROR   | molsanity | [cell MolMotif__GINE__IntegratedGradients__random__seed0] FAILED — index 1 is out of bounds for dimension 0 with size 1 (traceback -> logs/error_MolMotif__GINE__IntegratedGradients__random__seed0_20260731_005714.log)
2026-07-31 02:34:39,917 | INFO    | molsanity | [stage cell_MolMotif__GINE__IntegratedGradients__random__seed1] running (893f7bf04718c5b6)
2026-07-31 02:34:40,218 | INFO    | molsanity | Loaded BBBP: 2039 graphs, checksum 37d8fa85e636
2026-07-31 02:34:40,891 | INFO    | molsanity | MolMotif(halogen_aromatic): 906 molecules (453 positive), mask = matched atoms grown by 1 bond(s)
2026-07-31 02:34:40,925 | INFO    | molsanity | Loaded MolMotif: 906 molecules with exact node ground truth
2026-07-31 02:34:45,716 | INFO    | molsanity | Saved early checkpoint @epoch 30 -> gine_fbfa4ff78a93a73e_early.pt
2026-07-31 02:35:02,265 | INFO    | molsanity | Training done: best val_acc=1.000 @epoch 15 | test_acc=0.788 test_auc=1.000 T=1.544
2026-07-31 02:35:02,282 | INFO    | molsanity | Saved checkpoint gine_fbfa4ff78a93a73e.pt
2026-07-31 02:35:02,321 | ERROR   | molsanity | [cell MolMotif__GINE__IntegratedGradients__random__seed1] FAILED — index 1 is out of bounds for dimension 0 with size 1 (traceback -> logs/error_MolMotif__GINE__IntegratedGradients__random__seed1_20260731_005714.log)
2026-07-31 02:35:02,334 | INFO    | molsanity | [stage cell_MolMotif__GINE__IntegratedGradients__random__seed2] running (735a171d5de4d914)
2026-07-31 02:35:02,651 | INFO    | molsanity | Loaded BBBP: 2039 graphs, checksum 37d8fa85e636
2026-07-31 02:35:03,548 | INFO    | molsanity | MolMotif(halogen_aromatic): 906 molecules (453 positive), mask = matched atoms grown by 1 bond(s)
2026-07-31 02:35:03,582 | INFO    | molsanity | Loaded MolMotif: 906 molecules with exact node ground truth
2026-07-31 02:35:07,367 | INFO    | molsanity | Saved early checkpoint @epoch 30 -> gine_055141d997e01cb6_early.pt
2026-07-31 02:35:23,718 | INFO    | molsanity | Training done: best val_acc=1.000 @epoch 11 | test_acc=0.996 test_auc=1.000 T=0.162
2026-07-31 02:35:23,735 | INFO    | molsanity | Saved checkpoint gine_055141d997e01cb6.pt
2026-07-31 02:35:23,786 | ERROR   | molsanity | [cell MolMotif__GINE__IntegratedGradients__random__seed2] FAILED — index 1 is out of bounds for dimension 0 with size 1 (traceback -> logs/error_MolMotif__GINE__IntegratedGradients__random__seed2_20260731_005714.log)
2026-07-31 02:35:23,805 | INFO    | molsanity | [stage cell_MolMotif__GINE__Saliency__scaffold__seed0] running (0918df4f00492537)
2026-07-31 02:35:24,294 | INFO    | molsanity | Loaded BBBP: 2039 graphs, checksum 37d8fa85e636
2026-07-31 02:35:25,235 | INFO    | molsanity | MolMotif(halogen_aromatic): 906 molecules (453 positive), mask = matched atoms grown by 1 bond(s)
2026-07-31 02:35:25,292 | INFO    | molsanity | Loaded MolMotif: 906 molecules with exact node ground truth
2026-07-31 02:35:27,480 | INFO    | molsanity | Scaffold split: 906 scaffolds -> train 543 / val 90 / test 273
2026-07-31 02:35:27,499 | INFO    | molsanity | Loaded existing checkpoint gine_5281be77a9e8e1fc.pt
2026-07-31 02:35:38,478 | INFO    | molsanity | Wrote GT-validation figure: artifacts/figures/MolMotif__GINE__Saliency__scaffold/gt_validation.pdf (+ .svg)
2026-07-31 02:35:38,508 | INFO    | molsanity | Wrote molecule attribution SVG: artifacts/figures/MolMotif__GINE__Saliency__scaffold/case_molecule.svg (GT atoms: [])
2026-07-31 02:35:38,563 | INFO    | molsanity | [cell MolMotif__GINE__Saliency__scaffold__seed0] DONE — acc=0.98 gt_auroc=0.9989183440977171 n=200 (capped)
2026-07-31 02:35:38,572 | INFO    | molsanity | [stage cell_MolMotif__GINE__Saliency__scaffold__seed1] running (8cdf93ce28edb1d7)
2026-07-31 02:35:39,073 | INFO    | molsanity | Loaded BBBP: 2039 graphs, checksum 37d8fa85e636
2026-07-31 02:35:40,046 | INFO    | molsanity | MolMotif(halogen_aromatic): 906 molecules (453 positive), mask = matched atoms grown by 1 bond(s)
2026-07-31 02:35:40,108 | INFO    | molsanity | Loaded MolMotif: 906 molecules with exact node ground truth
2026-07-31 02:35:41,898 | INFO    | molsanity | Scaffold split: 906 scaffolds -> train 543 / val 90 / test 273
2026-07-31 02:35:41,917 | INFO    | molsanity | Loaded existing checkpoint gine_ba47c6df3e15116b.pt
2026-07-31 02:35:53,072 | INFO    | molsanity | Wrote GT-validation figure: artifacts/figures/MolMotif__GINE__Saliency__scaffold/gt_validation.pdf (+ .svg)
2026-07-31 02:35:53,080 | INFO    | molsanity | Wrote molecule attribution SVG: artifacts/figures/MolMotif__GINE__Saliency__scaffold/case_molecule.svg (GT atoms: [])
2026-07-31 02:35:53,133 | INFO    | molsanity | [cell MolMotif__GINE__Saliency__scaffold__seed1] DONE — acc=0.98 gt_auroc=0.995255654426607 n=200 (capped)
2026-07-31 02:35:53,155 | INFO    | molsanity | [stage cell_MolMotif__GINE__Saliency__scaffold__seed2] running (4c1e50b3c5c3937d)
2026-07-31 02:35:53,657 | INFO    | molsanity | Loaded BBBP: 2039 graphs, checksum 37d8fa85e636
2026-07-31 02:35:54,620 | INFO    | molsanity | MolMotif(halogen_aromatic): 906 molecules (453 positive), mask = matched atoms grown by 1 bond(s)
2026-07-31 02:35:54,681 | INFO    | molsanity | Loaded MolMotif: 906 molecules with exact node ground truth
2026-07-31 02:35:56,209 | INFO    | molsanity | Scaffold split: 906 scaffolds -> train 543 / val 90 / test 273
2026-07-31 02:35:56,230 | INFO    | molsanity | Loaded existing checkpoint gine_34584b44d53a42a9.pt
2026-07-31 02:36:07,427 | INFO    | molsanity | Wrote GT-validation figure: artifacts/figures/MolMotif__GINE__Saliency__scaffold/gt_validation.pdf (+ .svg)
2026-07-31 02:36:07,436 | INFO    | molsanity | Wrote molecule attribution SVG: artifacts/figures/MolMotif__GINE__Saliency__scaffold/case_molecule.svg (GT atoms: [])
2026-07-31 02:36:07,500 | INFO    | molsanity | [cell MolMotif__GINE__Saliency__scaffold__seed2] DONE — acc=0.91 gt_auroc=0.9984666015611943 n=200 (capped)
2026-07-31 02:36:07,509 | INFO    | molsanity | [stage cell_MolMotif__GINE__Saliency__random__seed0] running (e6306fca9cff3156)
2026-07-31 02:36:08,277 | INFO    | molsanity | Loaded BBBP: 2039 graphs, checksum 37d8fa85e636
2026-07-31 02:36:09,125 | INFO    | molsanity | MolMotif(halogen_aromatic): 906 molecules (453 positive), mask = matched atoms grown by 1 bond(s)
2026-07-31 02:36:09,159 | INFO    | molsanity | Loaded MolMotif: 906 molecules with exact node ground truth
2026-07-31 02:36:09,189 | INFO    | molsanity | Loaded existing checkpoint gine_81524887c7adee3c.pt
2026-07-31 02:36:20,192 | INFO    | molsanity | Wrote GT-validation figure: artifacts/figures/MolMotif__GINE__Saliency__random/gt_validation.pdf (+ .svg)
2026-07-31 02:36:20,205 | INFO    | molsanity | Wrote molecule attribution SVG: artifacts/figures/MolMotif__GINE__Saliency__random/case_molecule.svg (GT atoms: [])
2026-07-31 02:36:20,278 | INFO    | molsanity | [cell MolMotif__GINE__Saliency__random__seed0] DONE — acc=0.97 gt_auroc=0.9904156582888339 n=200 (capped)
2026-07-31 02:36:20,290 | INFO    | molsanity | [stage cell_MolMotif__GINE__Saliency__random__seed1] running (3b3496e5c0bd7635)
2026-07-31 02:36:20,825 | INFO    | molsanity | Loaded BBBP: 2039 graphs, checksum 37d8fa85e636
2026-07-31 02:36:21,777 | INFO    | molsanity | MolMotif(halogen_aromatic): 906 molecules (453 positive), mask = matched atoms grown by 1 bond(s)
2026-07-31 02:36:21,838 | INFO    | molsanity | Loaded MolMotif: 906 molecules with exact node ground truth
2026-07-31 02:36:21,877 | INFO    | molsanity | Loaded existing checkpoint gine_fbfa4ff78a93a73e.pt
2026-07-31 02:36:32,539 | INFO    | molsanity | Wrote GT-validation figure: artifacts/figures/MolMotif__GINE__Saliency__random/gt_validation.pdf (+ .svg)
2026-07-31 02:36:32,550 | INFO    | molsanity | Wrote molecule attribution SVG: artifacts/figures/MolMotif__GINE__Saliency__random/case_molecule.svg (GT atoms: [7, 19, 20, 21, 22, 24, 25, 26, 27, 28, 29])
2026-07-31 02:36:32,600 | INFO    | molsanity | [cell MolMotif__GINE__Saliency__random__seed1] DONE — acc=0.81 gt_auroc=0.9986173162374535 n=200 (capped)
2026-07-31 02:36:32,610 | INFO    | molsanity | [stage cell_MolMotif__GINE__Saliency__random__seed2] running (259fc5a6c3bfd4a2)
2026-07-31 02:36:33,123 | INFO    | molsanity | Loaded BBBP: 2039 graphs, checksum 37d8fa85e636
2026-07-31 02:36:34,088 | INFO    | molsanity | MolMotif(halogen_aromatic): 906 molecules (453 positive), mask = matched atoms grown by 1 bond(s)
2026-07-31 02:36:34,144 | INFO    | molsanity | Loaded MolMotif: 906 molecules with exact node ground truth
2026-07-31 02:36:34,190 | INFO    | molsanity | Loaded existing checkpoint gine_055141d997e01cb6.pt
2026-07-31 02:36:45,389 | INFO    | molsanity | Wrote GT-validation figure: artifacts/figures/MolMotif__GINE__Saliency__random/gt_validation.pdf (+ .svg)
2026-07-31 02:36:45,401 | INFO    | molsanity | Wrote molecule attribution SVG: artifacts/figures/MolMotif__GINE__Saliency__random/case_molecule.svg (GT atoms: [])
2026-07-31 02:36:45,445 | INFO    | molsanity | [cell MolMotif__GINE__Saliency__random__seed2] DONE — acc=1.00 gt_auroc=0.9944049905280087 n=200 (capped)
2026-07-31 02:36:45,453 | INFO    | molsanity | [stage cell_MolMotif__GINE__InputXGradient__scaffold__seed0] running (7fdf233c3c667bdb)
2026-07-31 02:36:45,767 | INFO    | molsanity | Loaded BBBP: 2039 graphs, checksum 37d8fa85e636
2026-07-31 02:36:46,488 | INFO    | molsanity | MolMotif(halogen_aromatic): 906 molecules (453 positive), mask = matched atoms grown by 1 bond(s)
2026-07-31 02:36:46,548 | INFO    | molsanity | Loaded MolMotif: 906 molecules with exact node ground truth
2026-07-31 02:36:48,762 | INFO    | molsanity | Scaffold split: 906 scaffolds -> train 543 / val 90 / test 273
2026-07-31 02:36:48,789 | INFO    | molsanity | Loaded existing checkpoint gine_5281be77a9e8e1fc.pt
2026-07-31 02:36:59,748 | INFO    | molsanity | Wrote GT-validation figure: artifacts/figures/MolMotif__GINE__InputXGradient__scaffold/gt_validation.pdf (+ .svg)
2026-07-31 02:36:59,758 | INFO    | molsanity | Wrote molecule attribution SVG: artifacts/figures/MolMotif__GINE__InputXGradient__scaffold/case_molecule.svg (GT atoms: [])
2026-07-31 02:36:59,818 | INFO    | molsanity | [cell MolMotif__GINE__InputXGradient__scaffold__seed0] DONE — acc=0.98 gt_auroc=0.9990957912387948 n=200 (capped)
2026-07-31 02:36:59,826 | INFO    | molsanity | [stage cell_MolMotif__GINE__InputXGradient__scaffold__seed1] running (09d8c2963955bb99)
2026-07-31 02:37:00,442 | INFO    | molsanity | Loaded BBBP: 2039 graphs, checksum 37d8fa85e636
2026-07-31 02:37:01,407 | INFO    | molsanity | MolMotif(halogen_aromatic): 906 molecules (453 positive), mask = matched atoms grown by 1 bond(s)
2026-07-31 02:37:01,463 | INFO    | molsanity | Loaded MolMotif: 906 molecules with exact node ground truth
2026-07-31 02:37:03,611 | INFO    | molsanity | Scaffold split: 906 scaffolds -> train 543 / val 90 / test 273
2026-07-31 02:37:03,634 | INFO    | molsanity | Loaded existing checkpoint gine_ba47c6df3e15116b.pt
2026-07-31 02:37:14,558 | INFO    | molsanity | Wrote GT-validation figure: artifacts/figures/MolMotif__GINE__InputXGradient__scaffold/gt_validation.pdf (+ .svg)
2026-07-31 02:37:14,566 | INFO    | molsanity | Wrote molecule attribution SVG: artifacts/figures/MolMotif__GINE__InputXGradient__scaffold/case_molecule.svg (GT atoms: [])
2026-07-31 02:37:14,617 | INFO    | molsanity | [cell MolMotif__GINE__InputXGradient__scaffold__seed1] DONE — acc=0.98 gt_auroc=0.9959102935845328 n=200 (capped)
2026-07-31 02:37:14,625 | INFO    | molsanity | [stage cell_MolMotif__GINE__InputXGradient__scaffold__seed2] running (06920ceef10e7a66)
2026-07-31 02:37:15,120 | INFO    | molsanity | Loaded BBBP: 2039 graphs, checksum 37d8fa85e636
2026-07-31 02:37:16,120 | INFO    | molsanity | MolMotif(halogen_aromatic): 906 molecules (453 positive), mask = matched atoms grown by 1 bond(s)
2026-07-31 02:37:16,177 | INFO    | molsanity | Loaded MolMotif: 906 molecules with exact node ground truth
2026-07-31 02:37:18,221 | INFO    | molsanity | Scaffold split: 906 scaffolds -> train 543 / val 90 / test 273
2026-07-31 02:37:18,240 | INFO    | molsanity | Loaded existing checkpoint gine_34584b44d53a42a9.pt
2026-07-31 02:37:29,456 | INFO    | molsanity | Wrote GT-validation figure: artifacts/figures/MolMotif__GINE__InputXGradient__scaffold/gt_validation.pdf (+ .svg)
2026-07-31 02:37:29,465 | INFO    | molsanity | Wrote molecule attribution SVG: artifacts/figures/MolMotif__GINE__InputXGradient__scaffold/case_molecule.svg (GT atoms: [])
2026-07-31 02:37:29,516 | INFO    | molsanity | [cell MolMotif__GINE__InputXGradient__scaffold__seed2] DONE — acc=0.91 gt_auroc=0.9987395537472417 n=200 (capped)
2026-07-31 02:37:29,525 | INFO    | molsanity | [stage cell_MolMotif__GINE__InputXGradient__random__seed0] running (8a05069648673aaa)
2026-07-31 02:37:30,071 | INFO    | molsanity | Loaded BBBP: 2039 graphs, checksum 37d8fa85e636
2026-07-31 02:37:31,043 | INFO    | molsanity | MolMotif(halogen_aromatic): 906 molecules (453 positive), mask = matched atoms grown by 1 bond(s)
2026-07-31 02:37:31,114 | INFO    | molsanity | Loaded MolMotif: 906 molecules with exact node ground truth
2026-07-31 02:37:31,157 | INFO    | molsanity | Loaded existing checkpoint gine_81524887c7adee3c.pt
2026-07-31 02:37:42,101 | INFO    | molsanity | Wrote GT-validation figure: artifacts/figures/MolMotif__GINE__InputXGradient__random/gt_validation.pdf (+ .svg)
2026-07-31 02:37:42,116 | INFO    | molsanity | Wrote molecule attribution SVG: artifacts/figures/MolMotif__GINE__InputXGradient__random/case_molecule.svg (GT atoms: [])
2026-07-31 02:37:42,176 | INFO    | molsanity | [cell MolMotif__GINE__InputXGradient__random__seed0] DONE — acc=0.97 gt_auroc=0.9863293047406394 n=200 (capped)
2026-07-31 02:37:42,205 | INFO    | molsanity | [stage cell_MolMotif__GINE__InputXGradient__random__seed1] running (de985a16a2ad46a4)
2026-07-31 02:37:42,723 | INFO    | molsanity | Loaded BBBP: 2039 graphs, checksum 37d8fa85e636
2026-07-31 02:37:43,772 | INFO    | molsanity | MolMotif(halogen_aromatic): 906 molecules (453 positive), mask = matched atoms grown by 1 bond(s)
2026-07-31 02:37:43,831 | INFO    | molsanity | Loaded MolMotif: 906 molecules with exact node ground truth
2026-07-31 02:37:43,878 | INFO    | molsanity | Loaded existing checkpoint gine_fbfa4ff78a93a73e.pt
2026-07-31 02:37:55,149 | INFO    | molsanity | Wrote GT-validation figure: artifacts/figures/MolMotif__GINE__InputXGradient__random/gt_validation.pdf (+ .svg)
2026-07-31 02:37:55,159 | INFO    | molsanity | Wrote molecule attribution SVG: artifacts/figures/MolMotif__GINE__InputXGradient__random/case_molecule.svg (GT atoms: [7, 19, 20, 21, 22, 24, 25, 26, 27, 28, 29])
2026-07-31 02:37:55,204 | INFO    | molsanity | [cell MolMotif__GINE__InputXGradient__random__seed1] DONE — acc=0.81 gt_auroc=0.9996628421900161 n=200 (capped)
2026-07-31 02:37:55,212 | INFO    | molsanity | [stage cell_MolMotif__GINE__InputXGradient__random__seed2] running (0ddce8d957af673e)
2026-07-31 02:37:55,522 | INFO    | molsanity | Loaded BBBP: 2039 graphs, checksum 37d8fa85e636
2026-07-31 02:37:56,393 | INFO    | molsanity | MolMotif(halogen_aromatic): 906 molecules (453 positive), mask = matched atoms grown by 1 bond(s)
2026-07-31 02:37:56,450 | INFO    | molsanity | Loaded MolMotif: 906 molecules with exact node ground truth
2026-07-31 02:37:56,491 | INFO    | molsanity | Loaded existing checkpoint gine_055141d997e01cb6.pt
2026-07-31 02:38:07,892 | INFO    | molsanity | Wrote GT-validation figure: artifacts/figures/MolMotif__GINE__InputXGradient__random/gt_validation.pdf (+ .svg)
2026-07-31 02:38:07,903 | INFO    | molsanity | Wrote molecule attribution SVG: artifacts/figures/MolMotif__GINE__InputXGradient__random/case_molecule.svg (GT atoms: [])
2026-07-31 02:38:07,959 | INFO    | molsanity | [cell MolMotif__GINE__InputXGradient__random__seed2] DONE — acc=1.00 gt_auroc=0.9993121892631697 n=200 (capped)
2026-07-31 02:38:07,967 | INFO    | molsanity | [stage cell_MolMotif__GINE__GuidedBackprop__scaffold__seed0] running (23251fdbde54fd7b)
2026-07-31 02:38:08,279 | INFO    | molsanity | Loaded BBBP: 2039 graphs, checksum 37d8fa85e636
2026-07-31 02:38:08,971 | INFO    | molsanity | MolMotif(halogen_aromatic): 906 molecules (453 positive), mask = matched atoms grown by 1 bond(s)
2026-07-31 02:38:09,005 | INFO    | molsanity | Loaded MolMotif: 906 molecules with exact node ground truth
2026-07-31 02:38:10,869 | INFO    | molsanity | Scaffold split: 906 scaffolds -> train 543 / val 90 / test 273
2026-07-31 02:38:10,894 | INFO    | molsanity | Loaded existing checkpoint gine_5281be77a9e8e1fc.pt
2026-07-31 02:38:22,525 | INFO    | molsanity | Wrote GT-validation figure: artifacts/figures/MolMotif__GINE__GuidedBackprop__scaffold/gt_validation.pdf (+ .svg)
2026-07-31 02:38:22,535 | INFO    | molsanity | Wrote molecule attribution SVG: artifacts/figures/MolMotif__GINE__GuidedBackprop__scaffold/case_molecule.svg (GT atoms: [])
2026-07-31 02:38:22,582 | INFO    | molsanity | [cell MolMotif__GINE__GuidedBackprop__scaffold__seed0] DONE — acc=0.98 gt_auroc=0.9935624679649864 n=200 (capped)
2026-07-31 02:38:22,590 | INFO    | molsanity | [stage cell_MolMotif__GINE__GuidedBackprop__scaffold__seed1] running (7d14964645eae269)
2026-07-31 02:38:22,896 | INFO    | molsanity | Loaded BBBP: 2039 graphs, checksum 37d8fa85e636
2026-07-31 02:38:23,616 | INFO    | molsanity | MolMotif(halogen_aromatic): 906 molecules (453 positive), mask = matched atoms grown by 1 bond(s)
2026-07-31 02:38:23,679 | INFO    | molsanity | Loaded MolMotif: 906 molecules with exact node ground truth
2026-07-31 02:38:25,826 | INFO    | molsanity | Scaffold split: 906 scaffolds -> train 543 / val 90 / test 273
2026-07-31 02:38:25,852 | INFO    | molsanity | Loaded existing checkpoint gine_ba47c6df3e15116b.pt
2026-07-31 02:38:37,002 | INFO    | molsanity | Wrote GT-validation figure: artifacts/figures/MolMotif__GINE__GuidedBackprop__scaffold/gt_validation.pdf (+ .svg)
2026-07-31 02:38:37,011 | INFO    | molsanity | Wrote molecule attribution SVG: artifacts/figures/MolMotif__GINE__GuidedBackprop__scaffold/case_molecule.svg (GT atoms: [])
2026-07-31 02:38:37,060 | INFO    | molsanity | [cell MolMotif__GINE__GuidedBackprop__scaffold__seed1] DONE — acc=0.98 gt_auroc=0.9950358288741971 n=200 (capped)
2026-07-31 02:38:37,067 | INFO    | molsanity | [stage cell_MolMotif__GINE__GuidedBackprop__scaffold__seed2] running (7375e71eda237a91)
2026-07-31 02:38:37,727 | INFO    | molsanity | Loaded BBBP: 2039 graphs, checksum 37d8fa85e636
2026-07-31 02:38:38,675 | INFO    | molsanity | MolMotif(halogen_aromatic): 906 molecules (453 positive), mask = matched atoms grown by 1 bond(s)
2026-07-31 02:38:38,731 | INFO    | molsanity | Loaded MolMotif: 906 molecules with exact node ground truth
2026-07-31 02:38:40,903 | INFO    | molsanity | Scaffold split: 906 scaffolds -> train 543 / val 90 / test 273
2026-07-31 02:38:40,932 | INFO    | molsanity | Loaded existing checkpoint gine_34584b44d53a42a9.pt
2026-07-31 02:38:52,350 | INFO    | molsanity | Wrote GT-validation figure: artifacts/figures/MolMotif__GINE__GuidedBackprop__scaffold/gt_validation.pdf (+ .svg)
2026-07-31 02:38:52,359 | INFO    | molsanity | Wrote molecule attribution SVG: artifacts/figures/MolMotif__GINE__GuidedBackprop__scaffold/case_molecule.svg (GT atoms: [])
2026-07-31 02:38:52,430 | INFO    | molsanity | [cell MolMotif__GINE__GuidedBackprop__scaffold__seed2] DONE — acc=0.91 gt_auroc=0.8816589761294222 n=200 (capped)
2026-07-31 02:38:52,444 | INFO    | molsanity | [stage cell_MolMotif__GINE__GuidedBackprop__random__seed0] running (ab134a29a61beba6)
2026-07-31 02:38:52,972 | INFO    | molsanity | Loaded BBBP: 2039 graphs, checksum 37d8fa85e636
2026-07-31 02:38:53,919 | INFO    | molsanity | MolMotif(halogen_aromatic): 906 molecules (453 positive), mask = matched atoms grown by 1 bond(s)
2026-07-31 02:38:53,976 | INFO    | molsanity | Loaded MolMotif: 906 molecules with exact node ground truth
2026-07-31 02:38:54,015 | INFO    | molsanity | Loaded existing checkpoint gine_81524887c7adee3c.pt
2026-07-31 02:39:05,251 | INFO    | molsanity | Wrote GT-validation figure: artifacts/figures/MolMotif__GINE__GuidedBackprop__random/gt_validation.pdf (+ .svg)
2026-07-31 02:39:05,264 | INFO    | molsanity | Wrote molecule attribution SVG: artifacts/figures/MolMotif__GINE__GuidedBackprop__random/case_molecule.svg (GT atoms: [])
2026-07-31 02:39:05,330 | INFO    | molsanity | [cell MolMotif__GINE__GuidedBackprop__random__seed0] DONE — acc=0.97 gt_auroc=0.9814639191095337 n=200 (capped)
2026-07-31 02:39:05,339 | INFO    | molsanity | [stage cell_MolMotif__GINE__GuidedBackprop__random__seed1] running (9564c53c0dd875af)
2026-07-31 02:39:05,846 | INFO    | molsanity | Loaded BBBP: 2039 graphs, checksum 37d8fa85e636
2026-07-31 02:39:06,841 | INFO    | molsanity | MolMotif(halogen_aromatic): 906 molecules (453 positive), mask = matched atoms grown by 1 bond(s)
2026-07-31 02:39:06,899 | INFO    | molsanity | Loaded MolMotif: 906 molecules with exact node ground truth
2026-07-31 02:39:06,940 | INFO    | molsanity | Loaded existing checkpoint gine_fbfa4ff78a93a73e.pt
2026-07-31 02:39:18,184 | INFO    | molsanity | Wrote GT-validation figure: artifacts/figures/MolMotif__GINE__GuidedBackprop__random/gt_validation.pdf (+ .svg)
2026-07-31 02:39:18,194 | INFO    | molsanity | Wrote molecule attribution SVG: artifacts/figures/MolMotif__GINE__GuidedBackprop__random/case_molecule.svg (GT atoms: [7, 19, 20, 21, 22, 24, 25, 26, 27, 28, 29])
2026-07-31 02:39:18,242 | INFO    | molsanity | [cell MolMotif__GINE__GuidedBackprop__random__seed1] DONE — acc=0.81 gt_auroc=0.9350898441593138 n=200 (capped)
2026-07-31 02:39:18,249 | INFO    | molsanity | [stage cell_MolMotif__GINE__GuidedBackprop__random__seed2] running (a28584642a3f5671)
2026-07-31 02:39:18,573 | INFO    | molsanity | Loaded BBBP: 2039 graphs, checksum 37d8fa85e636
2026-07-31 02:39:19,455 | INFO    | molsanity | MolMotif(halogen_aromatic): 906 molecules (453 positive), mask = matched atoms grown by 1 bond(s)
2026-07-31 02:39:19,512 | INFO    | molsanity | Loaded MolMotif: 906 molecules with exact node ground truth
2026-07-31 02:39:19,552 | INFO    | molsanity | Loaded existing checkpoint gine_055141d997e01cb6.pt
2026-07-31 02:39:31,245 | INFO    | molsanity | Wrote GT-validation figure: artifacts/figures/MolMotif__GINE__GuidedBackprop__random/gt_validation.pdf (+ .svg)
2026-07-31 02:39:31,257 | INFO    | molsanity | Wrote molecule attribution SVG: artifacts/figures/MolMotif__GINE__GuidedBackprop__random/case_molecule.svg (GT atoms: [])
2026-07-31 02:39:31,332 | INFO    | molsanity | [cell MolMotif__GINE__GuidedBackprop__random__seed2] DONE — acc=1.00 gt_auroc=0.9977738438525415 n=200 (capped)
2026-07-31 02:39:31,340 | INFO    | molsanity | [stage cell_MolMotif__GINE__GNNExplainer__scaffold__seed0] running (05421cba918d3c95)
2026-07-31 02:39:31,936 | INFO    | molsanity | Loaded BBBP: 2039 graphs, checksum 37d8fa85e636
2026-07-31 02:39:32,657 | INFO    | molsanity | MolMotif(halogen_aromatic): 906 molecules (453 positive), mask = matched atoms grown by 1 bond(s)
2026-07-31 02:39:32,696 | INFO    | molsanity | Loaded MolMotif: 906 molecules with exact node ground truth
2026-07-31 02:39:34,862 | INFO    | molsanity | Scaffold split: 906 scaffolds -> train 543 / val 90 / test 273
2026-07-31 02:39:34,887 | INFO    | molsanity | Loaded existing checkpoint gine_5281be77a9e8e1fc.pt
2026-07-31 02:45:19,546 | INFO    | molsanity | Wrote GT-validation figure: artifacts/figures/MolMotif__GINE__GNNExplainer__scaffold/gt_validation.pdf (+ .svg)
2026-07-31 02:45:19,556 | INFO    | molsanity | Wrote molecule attribution SVG: artifacts/figures/MolMotif__GINE__GNNExplainer__scaffold/case_molecule.svg (GT atoms: [])
2026-07-31 02:45:19,605 | INFO    | molsanity | [cell MolMotif__GINE__GNNExplainer__scaffold__seed0] DONE — acc=0.98 gt_auroc=0.587070376526404 n=200 (capped)
2026-07-31 02:45:19,613 | INFO    | molsanity | [stage cell_MolMotif__GINE__GNNExplainer__scaffold__seed1] running (20d6565aa408e8d8)
2026-07-31 02:45:19,931 | INFO    | molsanity | Loaded BBBP: 2039 graphs, checksum 37d8fa85e636
2026-07-31 02:45:20,623 | INFO    | molsanity | MolMotif(halogen_aromatic): 906 molecules (453 positive), mask = matched atoms grown by 1 bond(s)
2026-07-31 02:45:20,656 | INFO    | molsanity | Loaded MolMotif: 906 molecules with exact node ground truth
2026-07-31 02:45:22,792 | INFO    | molsanity | Scaffold split: 906 scaffolds -> train 543 / val 90 / test 273
2026-07-31 02:45:22,816 | INFO    | molsanity | Loaded existing checkpoint gine_ba47c6df3e15116b.pt
2026-07-31 02:51:09,035 | INFO    | molsanity | Wrote GT-validation figure: artifacts/figures/MolMotif__GINE__GNNExplainer__scaffold/gt_validation.pdf (+ .svg)
2026-07-31 02:51:09,044 | INFO    | molsanity | Wrote molecule attribution SVG: artifacts/figures/MolMotif__GINE__GNNExplainer__scaffold/case_molecule.svg (GT atoms: [])
2026-07-31 02:51:09,089 | INFO    | molsanity | [cell MolMotif__GINE__GNNExplainer__scaffold__seed1] DONE — acc=0.98 gt_auroc=0.5854037192366841 n=200 (capped)
2026-07-31 02:51:09,097 | INFO    | molsanity | [stage cell_MolMotif__GINE__GNNExplainer__scaffold__seed2] running (a87c4870058aceb6)
2026-07-31 02:51:09,412 | INFO    | molsanity | Loaded BBBP: 2039 graphs, checksum 37d8fa85e636
2026-07-31 02:51:10,215 | INFO    | molsanity | MolMotif(halogen_aromatic): 906 molecules (453 positive), mask = matched atoms grown by 1 bond(s)
2026-07-31 02:51:10,273 | INFO    | molsanity | Loaded MolMotif: 906 molecules with exact node ground truth
2026-07-31 02:51:12,400 | INFO    | molsanity | Scaffold split: 906 scaffolds -> train 543 / val 90 / test 273
2026-07-31 02:51:12,424 | INFO    | molsanity | Loaded existing checkpoint gine_34584b44d53a42a9.pt
2026-07-31 02:56:52,514 | INFO    | molsanity | Wrote GT-validation figure: artifacts/figures/MolMotif__GINE__GNNExplainer__scaffold/gt_validation.pdf (+ .svg)
2026-07-31 02:56:52,523 | INFO    | molsanity | Wrote molecule attribution SVG: artifacts/figures/MolMotif__GINE__GNNExplainer__scaffold/case_molecule.svg (GT atoms: [])
2026-07-31 02:56:52,580 | INFO    | molsanity | [cell MolMotif__GINE__GNNExplainer__scaffold__seed2] DONE — acc=0.91 gt_auroc=0.6036456576073074 n=200 (capped)
2026-07-31 02:56:52,589 | INFO    | molsanity | [stage cell_MolMotif__GINE__GNNExplainer__random__seed0] running (b0efd7bc5d969b55)
2026-07-31 02:56:52,903 | INFO    | molsanity | Loaded BBBP: 2039 graphs, checksum 37d8fa85e636
2026-07-31 02:56:53,831 | INFO    | molsanity | MolMotif(halogen_aromatic): 906 molecules (453 positive), mask = matched atoms grown by 1 bond(s)
2026-07-31 02:56:53,866 | INFO    | molsanity | Loaded MolMotif: 906 molecules with exact node ground truth
2026-07-31 02:56:53,895 | INFO    | molsanity | Loaded existing checkpoint gine_81524887c7adee3c.pt
2026-07-31 03:02:34,145 | INFO    | molsanity | Wrote GT-validation figure: artifacts/figures/MolMotif__GINE__GNNExplainer__random/gt_validation.pdf (+ .svg)
2026-07-31 03:02:34,157 | INFO    | molsanity | Wrote molecule attribution SVG: artifacts/figures/MolMotif__GINE__GNNExplainer__random/case_molecule.svg (GT atoms: [])
2026-07-31 03:02:34,205 | INFO    | molsanity | [cell MolMotif__GINE__GNNExplainer__random__seed0] DONE — acc=0.97 gt_auroc=0.6790762316327235 n=200 (capped)
2026-07-31 03:02:34,213 | INFO    | molsanity | [stage cell_MolMotif__GINE__GNNExplainer__random__seed1] running (1349a62469128555)
2026-07-31 03:02:34,529 | INFO    | molsanity | Loaded BBBP: 2039 graphs, checksum 37d8fa85e636
2026-07-31 03:02:35,254 | INFO    | molsanity | MolMotif(halogen_aromatic): 906 molecules (453 positive), mask = matched atoms grown by 1 bond(s)
2026-07-31 03:02:35,295 | INFO    | molsanity | Loaded MolMotif: 906 molecules with exact node ground truth
2026-07-31 03:02:35,333 | INFO    | molsanity | Loaded existing checkpoint gine_fbfa4ff78a93a73e.pt
2026-07-31 03:08:39,090 | INFO    | molsanity | Wrote GT-validation figure: artifacts/figures/MolMotif__GINE__GNNExplainer__random/gt_validation.pdf (+ .svg)
2026-07-31 03:08:39,102 | INFO    | molsanity | Wrote molecule attribution SVG: artifacts/figures/MolMotif__GINE__GNNExplainer__random/case_molecule.svg (GT atoms: [7, 19, 20, 21, 22, 24, 25, 26, 27, 28, 29])
2026-07-31 03:08:39,158 | INFO    | molsanity | [cell MolMotif__GINE__GNNExplainer__random__seed1] DONE — acc=0.81 gt_auroc=0.6055909663939009 n=200 (capped)
2026-07-31 03:08:39,168 | INFO    | molsanity | [stage cell_MolMotif__GINE__GNNExplainer__random__seed2] running (216c191e4f4717bf)
2026-07-31 03:08:39,671 | INFO    | molsanity | Loaded BBBP: 2039 graphs, checksum 37d8fa85e636
2026-07-31 03:08:40,685 | INFO    | molsanity | MolMotif(halogen_aromatic): 906 molecules (453 positive), mask = matched atoms grown by 1 bond(s)
2026-07-31 03:08:40,752 | INFO    | molsanity | Loaded MolMotif: 906 molecules with exact node ground truth
2026-07-31 03:08:40,792 | INFO    | molsanity | Loaded existing checkpoint gine_055141d997e01cb6.pt
2026-07-31 03:14:34,326 | INFO    | molsanity | Wrote GT-validation figure: artifacts/figures/MolMotif__GINE__GNNExplainer__random/gt_validation.pdf (+ .svg)
2026-07-31 03:14:34,337 | INFO    | molsanity | Wrote molecule attribution SVG: artifacts/figures/MolMotif__GINE__GNNExplainer__random/case_molecule.svg (GT atoms: [])
2026-07-31 03:14:34,385 | INFO    | molsanity | [cell MolMotif__GINE__GNNExplainer__random__seed2] DONE — acc=1.00 gt_auroc=0.6296031121363053 n=200 (capped)
2026-07-31 03:14:34,394 | INFO    | molsanity | [stage cell_MolMotif__GINE__PGExplainer__scaffold__seed0] running (965089d3250dba35)
2026-07-31 03:14:34,713 | INFO    | molsanity | Loaded BBBP: 2039 graphs, checksum 37d8fa85e636
2026-07-31 03:14:35,403 | INFO    | molsanity | MolMotif(halogen_aromatic): 906 molecules (453 positive), mask = matched atoms grown by 1 bond(s)
2026-07-31 03:14:35,437 | INFO    | molsanity | Loaded MolMotif: 906 molecules with exact node ground truth
2026-07-31 03:14:36,855 | INFO    | molsanity | Scaffold split: 906 scaffolds -> train 543 / val 90 / test 273
2026-07-31 03:14:36,874 | INFO    | molsanity | Loaded existing checkpoint gine_5281be77a9e8e1fc.pt
2026-07-31 03:16:29,599 | INFO    | molsanity | PGExplainer trained on 200 graphs (30 epochs), final loss 0.1436
2026-07-31 03:17:37,220 | INFO    | molsanity | PGExplainer trained on 200 graphs (30 epochs), final loss 0.0379
2026-07-31 03:17:45,019 | INFO    | molsanity | Wrote GT-validation figure: artifacts/figures/MolMotif__GINE__PGExplainer__scaffold/gt_validation.pdf (+ .svg)
2026-07-31 03:17:45,039 | INFO    | molsanity | Wrote molecule attribution SVG: artifacts/figures/MolMotif__GINE__PGExplainer__scaffold/case_molecule.svg (GT atoms: [])
2026-07-31 03:17:45,095 | INFO    | molsanity | [cell MolMotif__GINE__PGExplainer__scaffold__seed0] DONE — acc=0.98 gt_auroc=0.7156726768377253 n=200 (capped)
2026-07-31 03:17:45,105 | INFO    | molsanity | [stage cell_MolMotif__GINE__PGExplainer__scaffold__seed1] running (d8968e12f11bf298)
2026-07-31 03:17:45,786 | INFO    | molsanity | Loaded BBBP: 2039 graphs, checksum 37d8fa85e636
2026-07-31 03:17:46,475 | INFO    | molsanity | MolMotif(halogen_aromatic): 906 molecules (453 positive), mask = matched atoms grown by 1 bond(s)
2026-07-31 03:17:46,509 | INFO    | molsanity | Loaded MolMotif: 906 molecules with exact node ground truth
2026-07-31 03:17:47,925 | INFO    | molsanity | Scaffold split: 906 scaffolds -> train 543 / val 90 / test 273
2026-07-31 03:17:47,944 | INFO    | molsanity | Loaded existing checkpoint gine_ba47c6df3e15116b.pt
2026-07-31 03:19:39,871 | INFO    | molsanity | PGExplainer trained on 200 graphs (30 epochs), final loss 0.0691
2026-07-31 03:20:46,639 | INFO    | molsanity | PGExplainer trained on 200 graphs (30 epochs), final loss 0.0405
2026-07-31 03:20:53,433 | INFO    | molsanity | Wrote GT-validation figure: artifacts/figures/MolMotif__GINE__PGExplainer__scaffold/gt_validation.pdf (+ .svg)
2026-07-31 03:20:53,443 | INFO    | molsanity | Wrote molecule attribution SVG: artifacts/figures/MolMotif__GINE__PGExplainer__scaffold/case_molecule.svg (GT atoms: [])
2026-07-31 03:20:53,488 | INFO    | molsanity | [cell MolMotif__GINE__PGExplainer__scaffold__seed1] DONE — acc=0.98 gt_auroc=0.49895402478842005 n=200 (capped)
2026-07-31 03:20:53,497 | INFO    | molsanity | [stage cell_MolMotif__GINE__PGExplainer__scaffold__seed2] running (a391b479b36a3fc7)
2026-07-31 03:20:53,811 | INFO    | molsanity | Loaded BBBP: 2039 graphs, checksum 37d8fa85e636
2026-07-31 03:20:54,500 | INFO    | molsanity | MolMotif(halogen_aromatic): 906 molecules (453 positive), mask = matched atoms grown by 1 bond(s)
2026-07-31 03:20:54,534 | INFO    | molsanity | Loaded MolMotif: 906 molecules with exact node ground truth
2026-07-31 03:20:55,959 | INFO    | molsanity | Scaffold split: 906 scaffolds -> train 543 / val 90 / test 273
2026-07-31 03:20:55,978 | INFO    | molsanity | Loaded existing checkpoint gine_34584b44d53a42a9.pt
2026-07-31 03:22:49,808 | INFO    | molsanity | PGExplainer trained on 200 graphs (30 epochs), final loss 0.1065
2026-07-31 03:23:59,597 | INFO    | molsanity | PGExplainer trained on 200 graphs (30 epochs), final loss 0.0869
2026-07-31 03:24:08,090 | INFO    | molsanity | Wrote GT-validation figure: artifacts/figures/MolMotif__GINE__PGExplainer__scaffold/gt_validation.pdf (+ .svg)
2026-07-31 03:24:08,101 | INFO    | molsanity | Wrote molecule attribution SVG: artifacts/figures/MolMotif__GINE__PGExplainer__scaffold/case_molecule.svg (GT atoms: [])
2026-07-31 03:24:08,171 | INFO    | molsanity | [cell MolMotif__GINE__PGExplainer__scaffold__seed2] DONE — acc=0.91 gt_auroc=0.24000507740888108 n=200 (capped)
2026-07-31 03:24:08,183 | INFO    | molsanity | [stage cell_MolMotif__GINE__PGExplainer__random__seed0] running (ecc17a6e0323b4f1)
2026-07-31 03:24:08,541 | INFO    | molsanity | Loaded BBBP: 2039 graphs, checksum 37d8fa85e636
2026-07-31 03:24:09,277 | INFO    | molsanity | MolMotif(halogen_aromatic): 906 molecules (453 positive), mask = matched atoms grown by 1 bond(s)
2026-07-31 03:24:09,317 | INFO    | molsanity | Loaded MolMotif: 906 molecules with exact node ground truth
2026-07-31 03:24:09,352 | INFO    | molsanity | Loaded existing checkpoint gine_81524887c7adee3c.pt
2026-07-31 03:26:07,745 | INFO    | molsanity | PGExplainer trained on 200 graphs (30 epochs), final loss 0.3323
2026-07-31 03:27:15,824 | INFO    | molsanity | PGExplainer trained on 200 graphs (30 epochs), final loss 0.0341
2026-07-31 03:27:23,669 | INFO    | molsanity | Wrote GT-validation figure: artifacts/figures/MolMotif__GINE__PGExplainer__random/gt_validation.pdf (+ .svg)
2026-07-31 03:27:23,682 | INFO    | molsanity | Wrote molecule attribution SVG: artifacts/figures/MolMotif__GINE__PGExplainer__random/case_molecule.svg (GT atoms: [])
2026-07-31 03:27:23,734 | INFO    | molsanity | [cell MolMotif__GINE__PGExplainer__random__seed0] DONE — acc=0.97 gt_auroc=0.6491229607774095 n=200 (capped)
2026-07-31 03:27:23,743 | INFO    | molsanity | [stage cell_MolMotif__GINE__PGExplainer__random__seed1] running (3fbebaf742e8ae2d)
2026-07-31 03:27:24,063 | INFO    | molsanity | Loaded BBBP: 2039 graphs, checksum 37d8fa85e636
2026-07-31 03:27:24,979 | INFO    | molsanity | MolMotif(halogen_aromatic): 906 molecules (453 positive), mask = matched atoms grown by 1 bond(s)
2026-07-31 03:27:25,015 | INFO    | molsanity | Loaded MolMotif: 906 molecules with exact node ground truth
2026-07-31 03:27:25,047 | INFO    | molsanity | Loaded existing checkpoint gine_fbfa4ff78a93a73e.pt
2026-07-31 03:29:17,860 | INFO    | molsanity | PGExplainer trained on 200 graphs (30 epochs), final loss 0.0921
2026-07-31 03:30:26,022 | INFO    | molsanity | PGExplainer trained on 200 graphs (30 epochs), final loss 0.0440
2026-07-31 03:30:34,196 | INFO    | molsanity | Wrote GT-validation figure: artifacts/figures/MolMotif__GINE__PGExplainer__random/gt_validation.pdf (+ .svg)
2026-07-31 03:30:34,209 | INFO    | molsanity | Wrote molecule attribution SVG: artifacts/figures/MolMotif__GINE__PGExplainer__random/case_molecule.svg (GT atoms: [7, 19, 20, 21, 22, 24, 25, 26, 27, 28, 29])
2026-07-31 03:30:34,263 | INFO    | molsanity | [cell MolMotif__GINE__PGExplainer__random__seed1] DONE — acc=0.81 gt_auroc=0.27315924812942816 n=200 (capped)
2026-07-31 03:30:34,271 | INFO    | molsanity | [stage cell_MolMotif__GINE__PGExplainer__random__seed2] running (dae7e78109385679)
2026-07-31 03:30:34,589 | INFO    | molsanity | Loaded BBBP: 2039 graphs, checksum 37d8fa85e636
2026-07-31 03:30:35,273 | INFO    | molsanity | MolMotif(halogen_aromatic): 906 molecules (453 positive), mask = matched atoms grown by 1 bond(s)
2026-07-31 03:30:35,306 | INFO    | molsanity | Loaded MolMotif: 906 molecules with exact node ground truth
2026-07-31 03:30:35,337 | INFO    | molsanity | Loaded existing checkpoint gine_055141d997e01cb6.pt
2026-07-31 03:32:28,579 | INFO    | molsanity | PGExplainer trained on 200 graphs (30 epochs), final loss 0.3784
2026-07-31 03:33:37,144 | INFO    | molsanity | PGExplainer trained on 200 graphs (30 epochs), final loss 0.0369
2026-07-31 03:33:44,383 | INFO    | molsanity | Wrote GT-validation figure: artifacts/figures/MolMotif__GINE__PGExplainer__random/gt_validation.pdf (+ .svg)
2026-07-31 03:33:44,395 | INFO    | molsanity | Wrote molecule attribution SVG: artifacts/figures/MolMotif__GINE__PGExplainer__random/case_molecule.svg (GT atoms: [])
2026-07-31 03:33:44,454 | INFO    | molsanity | [cell MolMotif__GINE__PGExplainer__random__seed2] DONE — acc=1.00 gt_auroc=0.584361373075497 n=200 (capped)
2026-07-31 03:33:44,463 | INFO    | molsanity | [stage cell_MolMotif__GINE__SubgraphX__scaffold__seed0] running (92b02a16a9522395)
2026-07-31 03:33:44,779 | INFO    | molsanity | Loaded BBBP: 2039 graphs, checksum 37d8fa85e636
2026-07-31 03:33:45,461 | INFO    | molsanity | MolMotif(halogen_aromatic): 906 molecules (453 positive), mask = matched atoms grown by 1 bond(s)
2026-07-31 03:33:45,497 | INFO    | molsanity | Loaded MolMotif: 906 molecules with exact node ground truth
2026-07-31 03:33:47,299 | INFO    | molsanity | Scaffold split: 906 scaffolds -> train 543 / val 90 / test 273
2026-07-31 03:33:47,327 | INFO    | molsanity | Loaded existing checkpoint gine_5281be77a9e8e1fc.pt
2026-07-31 03:33:47,407 | ERROR   | molsanity | [cell MolMotif__GINE__SubgraphX__scaffold__seed0] FAILED — cannot pin 'torch.cuda.FloatTensor' only dense CPU tensors can be pinned (traceback -> logs/error_MolMotif__GINE__SubgraphX__scaffold__seed0_20260731_005714.log)
2026-07-31 03:33:47,424 | INFO    | molsanity | [stage cell_MolMotif__GINE__SubgraphX__scaffold__seed1] running (d51d24be055cab9c)
2026-07-31 03:33:47,932 | INFO    | molsanity | Loaded BBBP: 2039 graphs, checksum 37d8fa85e636
2026-07-31 03:33:48,905 | INFO    | molsanity | MolMotif(halogen_aromatic): 906 molecules (453 positive), mask = matched atoms grown by 1 bond(s)
2026-07-31 03:33:48,962 | INFO    | molsanity | Loaded MolMotif: 906 molecules with exact node ground truth
2026-07-31 03:33:50,774 | INFO    | molsanity | Scaffold split: 906 scaffolds -> train 543 / val 90 / test 273
2026-07-31 03:33:50,795 | INFO    | molsanity | Loaded existing checkpoint gine_ba47c6df3e15116b.pt
2026-07-31 03:33:50,850 | ERROR   | molsanity | [cell MolMotif__GINE__SubgraphX__scaffold__seed1] FAILED — cannot pin 'torch.cuda.FloatTensor' only dense CPU tensors can be pinned (traceback -> logs/error_MolMotif__GINE__SubgraphX__scaffold__seed1_20260731_005714.log)
2026-07-31 03:33:50,865 | INFO    | molsanity | [stage cell_MolMotif__GINE__SubgraphX__scaffold__seed2] running (a143261a8658c8e6)
2026-07-31 03:33:51,177 | INFO    | molsanity | Loaded BBBP: 2039 graphs, checksum 37d8fa85e636
2026-07-31 03:33:52,115 | INFO    | molsanity | MolMotif(halogen_aromatic): 906 molecules (453 positive), mask = matched atoms grown by 1 bond(s)
2026-07-31 03:33:52,150 | INFO    | molsanity | Loaded MolMotif: 906 molecules with exact node ground truth
2026-07-31 03:33:53,563 | INFO    | molsanity | Scaffold split: 906 scaffolds -> train 543 / val 90 / test 273
2026-07-31 03:33:53,591 | INFO    | molsanity | Loaded existing checkpoint gine_34584b44d53a42a9.pt
2026-07-31 03:33:53,649 | ERROR   | molsanity | [cell MolMotif__GINE__SubgraphX__scaffold__seed2] FAILED — cannot pin 'torch.cuda.FloatTensor' only dense CPU tensors can be pinned (traceback -> logs/error_MolMotif__GINE__SubgraphX__scaffold__seed2_20260731_005714.log)
2026-07-31 03:33:53,664 | INFO    | molsanity | [stage cell_MolMotif__GINE__SubgraphX__random__seed0] running (f524971d4fef008c)
2026-07-31 03:33:53,997 | INFO    | molsanity | Loaded BBBP: 2039 graphs, checksum 37d8fa85e636
2026-07-31 03:33:54,701 | INFO    | molsanity | MolMotif(halogen_aromatic): 906 molecules (453 positive), mask = matched atoms grown by 1 bond(s)
2026-07-31 03:33:54,735 | INFO    | molsanity | Loaded MolMotif: 906 molecules with exact node ground truth
2026-07-31 03:33:54,766 | INFO    | molsanity | Loaded existing checkpoint gine_81524887c7adee3c.pt
2026-07-31 03:33:54,824 | ERROR   | molsanity | [cell MolMotif__GINE__SubgraphX__random__seed0] FAILED — cannot pin 'torch.cuda.FloatTensor' only dense CPU tensors can be pinned (traceback -> logs/error_MolMotif__GINE__SubgraphX__random__seed0_20260731_005714.log)
2026-07-31 03:33:54,837 | INFO    | molsanity | [stage cell_MolMotif__GINE__SubgraphX__random__seed1] running (bd3f40ddfff6148d)
2026-07-31 03:33:55,150 | INFO    | molsanity | Loaded BBBP: 2039 graphs, checksum 37d8fa85e636
2026-07-31 03:33:55,855 | INFO    | molsanity | MolMotif(halogen_aromatic): 906 molecules (453 positive), mask = matched atoms grown by 1 bond(s)
2026-07-31 03:33:55,891 | INFO    | molsanity | Loaded MolMotif: 906 molecules with exact node ground truth
2026-07-31 03:33:55,921 | INFO    | molsanity | Loaded existing checkpoint gine_fbfa4ff78a93a73e.pt
2026-07-31 03:33:55,978 | ERROR   | molsanity | [cell MolMotif__GINE__SubgraphX__random__seed1] FAILED — cannot pin 'torch.cuda.FloatTensor' only dense CPU tensors can be pinned (traceback -> logs/error_MolMotif__GINE__SubgraphX__random__seed1_20260731_005714.log)
2026-07-31 03:33:55,991 | INFO    | molsanity | [stage cell_MolMotif__GINE__SubgraphX__random__seed2] running (a7802cd0bbf3262d)
2026-07-31 03:33:56,306 | INFO    | molsanity | Loaded BBBP: 2039 graphs, checksum 37d8fa85e636
2026-07-31 03:33:56,998 | INFO    | molsanity | MolMotif(halogen_aromatic): 906 molecules (453 positive), mask = matched atoms grown by 1 bond(s)
2026-07-31 03:33:57,032 | INFO    | molsanity | Loaded MolMotif: 906 molecules with exact node ground truth
2026-07-31 03:33:57,064 | INFO    | molsanity | Loaded existing checkpoint gine_055141d997e01cb6.pt
2026-07-31 03:33:57,122 | ERROR   | molsanity | [cell MolMotif__GINE__SubgraphX__random__seed2] FAILED — cannot pin 'torch.cuda.FloatTensor' only dense CPU tensors can be pinned (traceback -> logs/error_MolMotif__GINE__SubgraphX__random__seed2_20260731_005714.log)
2026-07-31 03:33:57,135 | INFO    | molsanity | [stage cell_MolMotif__GCN__IntegratedGradients__scaffold__seed0] running (e5f05a7a6035e126)
2026-07-31 03:33:57,450 | INFO    | molsanity | Loaded BBBP: 2039 graphs, checksum 37d8fa85e636
2026-07-31 03:33:58,122 | INFO    | molsanity | MolMotif(halogen_aromatic): 906 molecules (453 positive), mask = matched atoms grown by 1 bond(s)
2026-07-31 03:33:58,155 | INFO    | molsanity | Loaded MolMotif: 906 molecules with exact node ground truth
2026-07-31 03:33:59,563 | INFO    | molsanity | Scaffold split: 906 scaffolds -> train 543 / val 90 / test 273
2026-07-31 03:34:04,748 | INFO    | molsanity | Saved early checkpoint @epoch 30 -> gcn_d9216bef68cf8971_early.pt
2026-07-31 03:34:22,149 | INFO    | molsanity | Training done: best val_acc=1.000 @epoch 40 | test_acc=0.985 test_auc=0.999 T=0.341
2026-07-31 03:34:22,164 | INFO    | molsanity | Saved checkpoint gcn_d9216bef68cf8971.pt
2026-07-31 03:34:22,205 | ERROR   | molsanity | [cell MolMotif__GCN__IntegratedGradients__scaffold__seed0] FAILED — index 1 is out of bounds for dimension 0 with size 1 (traceback -> logs/error_MolMotif__GCN__IntegratedGradients__scaffold__seed0_20260731_005714.log)
2026-07-31 03:34:22,220 | INFO    | molsanity | [stage cell_MolMotif__GCN__IntegratedGradients__scaffold__seed1] running (7ffec3dfbbdd4d31)
2026-07-31 03:34:22,553 | INFO    | molsanity | Loaded BBBP: 2039 graphs, checksum 37d8fa85e636
2026-07-31 03:34:23,500 | INFO    | molsanity | MolMotif(halogen_aromatic): 906 molecules (453 positive), mask = matched atoms grown by 1 bond(s)
2026-07-31 03:34:23,535 | INFO    | molsanity | Loaded MolMotif: 906 molecules with exact node ground truth
2026-07-31 03:34:24,991 | INFO    | molsanity | Scaffold split: 906 scaffolds -> train 543 / val 90 / test 273
2026-07-31 03:34:29,660 | INFO    | molsanity | Saved early checkpoint @epoch 30 -> gcn_5cbb4655d5b6f29c_early.pt
2026-07-31 03:34:47,699 | INFO    | molsanity | Training done: best val_acc=1.000 @epoch 44 | test_acc=0.956 test_auc=0.999 T=0.288
2026-07-31 03:34:47,713 | INFO    | molsanity | Saved checkpoint gcn_5cbb4655d5b6f29c.pt
2026-07-31 03:34:47,754 | ERROR   | molsanity | [cell MolMotif__GCN__IntegratedGradients__scaffold__seed1] FAILED — index 1 is out of bounds for dimension 0 with size 1 (traceback -> logs/error_MolMotif__GCN__IntegratedGradients__scaffold__seed1_20260731_005714.log)
2026-07-31 03:34:47,768 | INFO    | molsanity | [stage cell_MolMotif__GCN__IntegratedGradients__scaffold__seed2] running (8828c2dfe7d504a3)
2026-07-31 03:34:48,095 | INFO    | molsanity | Loaded BBBP: 2039 graphs, checksum 37d8fa85e636
2026-07-31 03:34:48,764 | INFO    | molsanity | MolMotif(halogen_aromatic): 906 molecules (453 positive), mask = matched atoms grown by 1 bond(s)
2026-07-31 03:34:48,798 | INFO    | molsanity | Loaded MolMotif: 906 molecules with exact node ground truth
2026-07-31 03:34:50,213 | INFO    | molsanity | Scaffold split: 906 scaffolds -> train 543 / val 90 / test 273
2026-07-31 03:34:54,260 | INFO    | molsanity | Saved early checkpoint @epoch 30 -> gcn_f99d3aae04bdd733_early.pt
2026-07-31 03:35:12,807 | INFO    | molsanity | Training done: best val_acc=1.000 @epoch 36 | test_acc=0.952 test_auc=1.000 T=0.586
2026-07-31 03:35:12,824 | INFO    | molsanity | Saved checkpoint gcn_f99d3aae04bdd733.pt
2026-07-31 03:35:12,884 | ERROR   | molsanity | [cell MolMotif__GCN__IntegratedGradients__scaffold__seed2] FAILED — index 1 is out of bounds for dimension 0 with size 1 (traceback -> logs/error_MolMotif__GCN__IntegratedGradients__scaffold__seed2_20260731_005714.log)
2026-07-31 03:35:12,903 | INFO    | molsanity | [stage cell_MolMotif__GCN__IntegratedGradients__random__seed0] running (7bffe5f2aba7e3f0)
2026-07-31 03:35:13,335 | INFO    | molsanity | Loaded BBBP: 2039 graphs, checksum 37d8fa85e636
2026-07-31 03:35:14,004 | INFO    | molsanity | MolMotif(halogen_aromatic): 906 molecules (453 positive), mask = matched atoms grown by 1 bond(s)
2026-07-31 03:35:14,038 | INFO    | molsanity | Loaded MolMotif: 906 molecules with exact node ground truth
2026-07-31 03:35:18,126 | INFO    | molsanity | Saved early checkpoint @epoch 30 -> gcn_604a180f83e0893f_early.pt
2026-07-31 03:35:35,753 | INFO    | molsanity | Training done: best val_acc=1.000 @epoch 41 | test_acc=0.971 test_auc=1.000 T=0.326
2026-07-31 03:35:35,767 | INFO    | molsanity | Saved checkpoint gcn_604a180f83e0893f.pt
2026-07-31 03:35:35,809 | ERROR   | molsanity | [cell MolMotif__GCN__IntegratedGradients__random__seed0] FAILED — index 1 is out of bounds for dimension 0 with size 1 (traceback -> logs/error_MolMotif__GCN__IntegratedGradients__random__seed0_20260731_005714.log)
2026-07-31 03:35:35,823 | INFO    | molsanity | [stage cell_MolMotif__GCN__IntegratedGradients__random__seed1] running (e5906f3c84cde342)
2026-07-31 03:35:36,151 | INFO    | molsanity | Loaded BBBP: 2039 graphs, checksum 37d8fa85e636
2026-07-31 03:35:36,827 | INFO    | molsanity | MolMotif(halogen_aromatic): 906 molecules (453 positive), mask = matched atoms grown by 1 bond(s)
2026-07-31 03:35:36,861 | INFO    | molsanity | Loaded MolMotif: 906 molecules with exact node ground truth
2026-07-31 03:35:42,082 | INFO    | molsanity | Saved early checkpoint @epoch 30 -> gcn_dad5f21f0dee0734_early.pt
2026-07-31 03:35:59,835 | INFO    | molsanity | Training done: best val_acc=1.000 @epoch 46 | test_acc=0.648 test_auc=0.999 T=3.332
2026-07-31 03:35:59,850 | INFO    | molsanity | Saved checkpoint gcn_dad5f21f0dee0734.pt
2026-07-31 03:35:59,889 | ERROR   | molsanity | [cell MolMotif__GCN__IntegratedGradients__random__seed1] FAILED — index 1 is out of bounds for dimension 0 with size 1 (traceback -> logs/error_MolMotif__GCN__IntegratedGradients__random__seed1_20260731_005714.log)
2026-07-31 03:35:59,903 | INFO    | molsanity | [stage cell_MolMotif__GCN__IntegratedGradients__random__seed2] running (1792d26416588c8b)
2026-07-31 03:36:00,225 | INFO    | molsanity | Loaded BBBP: 2039 graphs, checksum 37d8fa85e636
2026-07-31 03:36:00,897 | INFO    | molsanity | MolMotif(halogen_aromatic): 906 molecules (453 positive), mask = matched atoms grown by 1 bond(s)
2026-07-31 03:36:00,932 | INFO    | molsanity | Loaded MolMotif: 906 molecules with exact node ground truth
2026-07-31 03:36:05,133 | INFO    | molsanity | Saved early checkpoint @epoch 30 -> gcn_d6a5270b7d695768_early.pt
2026-07-31 03:36:23,567 | INFO    | molsanity | Training done: best val_acc=1.000 @epoch 30 | test_acc=0.960 test_auc=0.988 T=0.100
2026-07-31 03:36:23,582 | INFO    | molsanity | Saved checkpoint gcn_d6a5270b7d695768.pt
2026-07-31 03:36:23,624 | ERROR   | molsanity | [cell MolMotif__GCN__IntegratedGradients__random__seed2] FAILED — index 1 is out of bounds for dimension 0 with size 1 (traceback -> logs/error_MolMotif__GCN__IntegratedGradients__random__seed2_20260731_005714.log)
2026-07-31 03:36:23,649 | INFO    | molsanity | [stage cell_MolMotif__GAT__IntegratedGradients__scaffold__seed0] running (e62617f26dab54ec)
2026-07-31 03:36:24,201 | INFO    | molsanity | Loaded BBBP: 2039 graphs, checksum 37d8fa85e636
2026-07-31 03:36:24,874 | INFO    | molsanity | MolMotif(halogen_aromatic): 906 molecules (453 positive), mask = matched atoms grown by 1 bond(s)
2026-07-31 03:36:24,912 | INFO    | molsanity | Loaded MolMotif: 906 molecules with exact node ground truth
2026-07-31 03:36:26,333 | INFO    | molsanity | Scaffold split: 906 scaffolds -> train 543 / val 90 / test 273
2026-07-31 03:36:33,301 | INFO    | molsanity | Saved early checkpoint @epoch 30 -> gat_2224546572f492f6_early.pt
2026-07-31 03:37:03,675 | INFO    | molsanity | Training done: best val_acc=1.000 @epoch 17 | test_acc=0.963 test_auc=0.998 T=0.850
2026-07-31 03:37:03,691 | INFO    | molsanity | Saved checkpoint gat_2224546572f492f6.pt
2026-07-31 03:37:03,742 | ERROR   | molsanity | [cell MolMotif__GAT__IntegratedGradients__scaffold__seed0] FAILED — index 1 is out of bounds for dimension 0 with size 1 (traceback -> logs/error_MolMotif__GAT__IntegratedGradients__scaffold__seed0_20260731_005714.log)
2026-07-31 03:37:03,757 | INFO    | molsanity | [stage cell_MolMotif__GAT__IntegratedGradients__scaffold__seed1] running (3f6db528dd62de35)
2026-07-31 03:37:04,116 | INFO    | molsanity | Loaded BBBP: 2039 graphs, checksum 37d8fa85e636
2026-07-31 03:37:04,827 | INFO    | molsanity | MolMotif(halogen_aromatic): 906 molecules (453 positive), mask = matched atoms grown by 1 bond(s)
2026-07-31 03:37:04,874 | INFO    | molsanity | Loaded MolMotif: 906 molecules with exact node ground truth
2026-07-31 03:37:06,337 | INFO    | molsanity | Scaffold split: 906 scaffolds -> train 543 / val 90 / test 273
2026-07-31 03:37:13,192 | INFO    | molsanity | Saved early checkpoint @epoch 30 -> gat_fd6fed1c60d59cac_early.pt
2026-07-31 03:37:44,926 | INFO    | molsanity | Training done: best val_acc=1.000 @epoch 15 | test_acc=0.978 test_auc=0.999 T=0.409
2026-07-31 03:37:44,946 | INFO    | molsanity | Saved checkpoint gat_fd6fed1c60d59cac.pt
2026-07-31 03:37:44,997 | ERROR   | molsanity | [cell MolMotif__GAT__IntegratedGradients__scaffold__seed1] FAILED — index 1 is out of bounds for dimension 0 with size 1 (traceback -> logs/error_MolMotif__GAT__IntegratedGradients__scaffold__seed1_20260731_005714.log)
2026-07-31 03:37:45,013 | INFO    | molsanity | [stage cell_MolMotif__GAT__IntegratedGradients__scaffold__seed2] running (83725b5f90d11124)
2026-07-31 03:37:45,334 | INFO    | molsanity | Loaded BBBP: 2039 graphs, checksum 37d8fa85e636
2026-07-31 03:37:46,050 | INFO    | molsanity | MolMotif(halogen_aromatic): 906 molecules (453 positive), mask = matched atoms grown by 1 bond(s)
2026-07-31 03:37:46,086 | INFO    | molsanity | Loaded MolMotif: 906 molecules with exact node ground truth
2026-07-31 03:37:47,552 | INFO    | molsanity | Scaffold split: 906 scaffolds -> train 543 / val 90 / test 273
2026-07-31 03:37:55,383 | INFO    | molsanity | Saved early checkpoint @epoch 30 -> gat_e614f3218db34d9a_early.pt
2026-07-31 03:38:28,103 | INFO    | molsanity | Training done: best val_acc=1.000 @epoch 22 | test_acc=0.993 test_auc=1.000 T=0.234
2026-07-31 03:38:28,120 | INFO    | molsanity | Saved checkpoint gat_e614f3218db34d9a.pt
2026-07-31 03:38:28,173 | ERROR   | molsanity | [cell MolMotif__GAT__IntegratedGradients__scaffold__seed2] FAILED — index 1 is out of bounds for dimension 0 with size 1 (traceback -> logs/error_MolMotif__GAT__IntegratedGradients__scaffold__seed2_20260731_005714.log)
2026-07-31 03:38:28,188 | INFO    | molsanity | [stage cell_MolMotif__GAT__IntegratedGradients__random__seed0] running (c8176e03f0d71a9c)
2026-07-31 03:38:28,492 | INFO    | molsanity | Loaded BBBP: 2039 graphs, checksum 37d8fa85e636
2026-07-31 03:38:29,178 | INFO    | molsanity | MolMotif(halogen_aromatic): 906 molecules (453 positive), mask = matched atoms grown by 1 bond(s)
2026-07-31 03:38:29,213 | INFO    | molsanity | Loaded MolMotif: 906 molecules with exact node ground truth
2026-07-31 03:38:35,993 | INFO    | molsanity | Saved early checkpoint @epoch 30 -> gat_d5ce67978fe34ff0_early.pt
2026-07-31 03:39:06,347 | INFO    | molsanity | Training done: best val_acc=1.000 @epoch 15 | test_acc=0.993 test_auc=1.000 T=0.100
2026-07-31 03:39:06,366 | INFO    | molsanity | Saved checkpoint gat_d5ce67978fe34ff0.pt
2026-07-31 03:39:06,433 | ERROR   | molsanity | [cell MolMotif__GAT__IntegratedGradients__random__seed0] FAILED — index 1 is out of bounds for dimension 0 with size 1 (traceback -> logs/error_MolMotif__GAT__IntegratedGradients__random__seed0_20260731_005714.log)
2026-07-31 03:39:06,452 | INFO    | molsanity | [stage cell_MolMotif__GAT__IntegratedGradients__random__seed1] running (63d47772ae4950fd)
2026-07-31 03:39:07,033 | INFO    | molsanity | Loaded BBBP: 2039 graphs, checksum 37d8fa85e636
2026-07-31 03:39:08,199 | INFO    | molsanity | MolMotif(halogen_aromatic): 906 molecules (453 positive), mask = matched atoms grown by 1 bond(s)
2026-07-31 03:39:08,238 | INFO    | molsanity | Loaded MolMotif: 906 molecules with exact node ground truth
2026-07-31 03:39:15,236 | INFO    | molsanity | Saved early checkpoint @epoch 30 -> gat_2a4845808fcf5264_early.pt
2026-07-31 03:39:45,699 | INFO    | molsanity | Training done: best val_acc=1.000 @epoch 18 | test_acc=0.996 test_auc=1.000 T=0.452
2026-07-31 03:39:45,718 | INFO    | molsanity | Saved checkpoint gat_2a4845808fcf5264.pt
2026-07-31 03:39:45,784 | ERROR   | molsanity | [cell MolMotif__GAT__IntegratedGradients__random__seed1] FAILED — index 1 is out of bounds for dimension 0 with size 1 (traceback -> logs/error_MolMotif__GAT__IntegratedGradients__random__seed1_20260731_005714.log)
2026-07-31 03:39:45,802 | INFO    | molsanity | [stage cell_MolMotif__GAT__IntegratedGradients__random__seed2] running (49014beca409ad2b)
2026-07-31 03:39:46,318 | INFO    | molsanity | Loaded BBBP: 2039 graphs, checksum 37d8fa85e636
2026-07-31 03:39:47,309 | INFO    | molsanity | MolMotif(halogen_aromatic): 906 molecules (453 positive), mask = matched atoms grown by 1 bond(s)
2026-07-31 03:39:47,369 | INFO    | molsanity | Loaded MolMotif: 906 molecules with exact node ground truth
2026-07-31 03:39:54,806 | INFO    | molsanity | Saved early checkpoint @epoch 30 -> gat_3ad9810973e791e9_early.pt
2026-07-31 03:40:24,350 | INFO    | molsanity | Training done: best val_acc=1.000 @epoch 19 | test_acc=0.996 test_auc=1.000 T=0.369
2026-07-31 03:40:24,367 | INFO    | molsanity | Saved checkpoint gat_3ad9810973e791e9.pt
2026-07-31 03:40:24,415 | ERROR   | molsanity | [cell MolMotif__GAT__IntegratedGradients__random__seed2] FAILED — index 1 is out of bounds for dimension 0 with size 1 (traceback -> logs/error_MolMotif__GAT__IntegratedGradients__random__seed2_20260731_005714.log)
2026-07-31 03:40:24,429 | INFO    | molsanity | [stage cell_MolMotif__MPNN__IntegratedGradients__scaffold__seed0] running (bc21dadc79e0fe20)
2026-07-31 03:40:24,757 | INFO    | molsanity | Loaded BBBP: 2039 graphs, checksum 37d8fa85e636
2026-07-31 03:40:25,436 | INFO    | molsanity | MolMotif(halogen_aromatic): 906 molecules (453 positive), mask = matched atoms grown by 1 bond(s)
2026-07-31 03:40:25,472 | INFO    | molsanity | Loaded MolMotif: 906 molecules with exact node ground truth
2026-07-31 03:40:27,101 | INFO    | molsanity | Scaffold split: 906 scaffolds -> train 543 / val 90 / test 273
2026-07-31 03:40:32,486 | INFO    | molsanity | Saved early checkpoint @epoch 30 -> mpnn_b28164e08cc2ab85_early.pt
2026-07-31 03:40:51,894 | INFO    | molsanity | Training done: best val_acc=1.000 @epoch 22 | test_acc=0.978 test_auc=0.994 T=0.100
2026-07-31 03:40:51,918 | INFO    | molsanity | Saved checkpoint mpnn_b28164e08cc2ab85.pt
2026-07-31 03:40:51,973 | ERROR   | molsanity | [cell MolMotif__MPNN__IntegratedGradients__scaffold__seed0] FAILED — index 1 is out of bounds for dimension 0 with size 1 (traceback -> logs/error_MolMotif__MPNN__IntegratedGradients__scaffold__seed0_20260731_005714.log)
2026-07-31 03:40:51,987 | INFO    | molsanity | [stage cell_MolMotif__MPNN__IntegratedGradients__scaffold__seed1] running (fd60c0f2f70f8fff)
2026-07-31 03:40:52,301 | INFO    | molsanity | Loaded BBBP: 2039 graphs, checksum 37d8fa85e636
2026-07-31 03:40:52,995 | INFO    | molsanity | MolMotif(halogen_aromatic): 906 molecules (453 positive), mask = matched atoms grown by 1 bond(s)
2026-07-31 03:40:53,029 | INFO    | molsanity | Loaded MolMotif: 906 molecules with exact node ground truth
2026-07-31 03:40:54,736 | INFO    | molsanity | Scaffold split: 906 scaffolds -> train 543 / val 90 / test 273
2026-07-31 03:41:00,139 | INFO    | molsanity | Saved early checkpoint @epoch 30 -> mpnn_92a6a53d28b61d5d_early.pt
2026-07-31 03:41:19,333 | INFO    | molsanity | Training done: best val_acc=1.000 @epoch 32 | test_acc=0.982 test_auc=0.993 T=0.313
2026-07-31 03:41:19,360 | INFO    | molsanity | Saved checkpoint mpnn_92a6a53d28b61d5d.pt
2026-07-31 03:41:19,415 | ERROR   | molsanity | [cell MolMotif__MPNN__IntegratedGradients__scaffold__seed1] FAILED — index 1 is out of bounds for dimension 0 with size 1 (traceback -> logs/error_MolMotif__MPNN__IntegratedGradients__scaffold__seed1_20260731_005714.log)
2026-07-31 03:41:19,430 | INFO    | molsanity | [stage cell_MolMotif__MPNN__IntegratedGradients__scaffold__seed2] running (51a6b10dfdff0034)
2026-07-31 03:41:19,746 | INFO    | molsanity | Loaded BBBP: 2039 graphs, checksum 37d8fa85e636
2026-07-31 03:41:20,431 | INFO    | molsanity | MolMotif(halogen_aromatic): 906 molecules (453 positive), mask = matched atoms grown by 1 bond(s)
2026-07-31 03:41:20,467 | INFO    | molsanity | Loaded MolMotif: 906 molecules with exact node ground truth
2026-07-31 03:41:22,103 | INFO    | molsanity | Scaffold split: 906 scaffolds -> train 543 / val 90 / test 273
2026-07-31 03:41:27,460 | INFO    | molsanity | Saved early checkpoint @epoch 30 -> mpnn_4ec6a84e0263d8f7_early.pt
2026-07-31 03:41:46,595 | INFO    | molsanity | Training done: best val_acc=1.000 @epoch 22 | test_acc=0.985 test_auc=0.998 T=0.256
2026-07-31 03:41:46,620 | INFO    | molsanity | Saved checkpoint mpnn_4ec6a84e0263d8f7.pt
2026-07-31 03:41:46,672 | ERROR   | molsanity | [cell MolMotif__MPNN__IntegratedGradients__scaffold__seed2] FAILED — index 1 is out of bounds for dimension 0 with size 1 (traceback -> logs/error_MolMotif__MPNN__IntegratedGradients__scaffold__seed2_20260731_005714.log)
2026-07-31 03:41:46,687 | INFO    | molsanity | [stage cell_MolMotif__MPNN__IntegratedGradients__random__seed0] running (a4d48cabb717271c)
2026-07-31 03:41:47,231 | INFO    | molsanity | Loaded BBBP: 2039 graphs, checksum 37d8fa85e636
2026-07-31 03:41:47,898 | INFO    | molsanity | MolMotif(halogen_aromatic): 906 molecules (453 positive), mask = matched atoms grown by 1 bond(s)
2026-07-31 03:41:47,932 | INFO    | molsanity | Loaded MolMotif: 906 molecules with exact node ground truth
2026-07-31 03:41:53,519 | INFO    | molsanity | Saved early checkpoint @epoch 30 -> mpnn_5fb3b98dab354a6c_early.pt
2026-07-31 03:42:13,089 | INFO    | molsanity | Training done: best val_acc=1.000 @epoch 20 | test_acc=0.996 test_auc=1.000 T=0.193
2026-07-31 03:42:13,115 | INFO    | molsanity | Saved checkpoint mpnn_5fb3b98dab354a6c.pt
2026-07-31 03:42:13,170 | ERROR   | molsanity | [cell MolMotif__MPNN__IntegratedGradients__random__seed0] FAILED — index 1 is out of bounds for dimension 0 with size 1 (traceback -> logs/error_MolMotif__MPNN__IntegratedGradients__random__seed0_20260731_005714.log)
2026-07-31 03:42:13,186 | INFO    | molsanity | [stage cell_MolMotif__MPNN__IntegratedGradients__random__seed1] running (f3423b8b047878df)
2026-07-31 03:42:13,513 | INFO    | molsanity | Loaded BBBP: 2039 graphs, checksum 37d8fa85e636
2026-07-31 03:42:14,197 | INFO    | molsanity | MolMotif(halogen_aromatic): 906 molecules (453 positive), mask = matched atoms grown by 1 bond(s)
2026-07-31 03:42:14,231 | INFO    | molsanity | Loaded MolMotif: 906 molecules with exact node ground truth
2026-07-31 03:42:19,780 | INFO    | molsanity | Saved early checkpoint @epoch 30 -> mpnn_43bceddac466c597_early.pt
2026-07-31 03:42:40,062 | INFO    | molsanity | Training done: best val_acc=1.000 @epoch 53 | test_acc=1.000 test_auc=1.000 T=0.775
2026-07-31 03:42:40,086 | INFO    | molsanity | Saved checkpoint mpnn_43bceddac466c597.pt
2026-07-31 03:42:40,141 | ERROR   | molsanity | [cell MolMotif__MPNN__IntegratedGradients__random__seed1] FAILED — index 1 is out of bounds for dimension 0 with size 1 (traceback -> logs/error_MolMotif__MPNN__IntegratedGradients__random__seed1_20260731_005714.log)
2026-07-31 03:42:40,157 | INFO    | molsanity | [stage cell_MolMotif__MPNN__IntegratedGradients__random__seed2] running (f8cf0702bf172a34)
2026-07-31 03:42:40,469 | INFO    | molsanity | Loaded BBBP: 2039 graphs, checksum 37d8fa85e636
2026-07-31 03:42:41,163 | INFO    | molsanity | MolMotif(halogen_aromatic): 906 molecules (453 positive), mask = matched atoms grown by 1 bond(s)
2026-07-31 03:42:41,198 | INFO    | molsanity | Loaded MolMotif: 906 molecules with exact node ground truth
2026-07-31 03:42:46,475 | INFO    | molsanity | Saved early checkpoint @epoch 30 -> mpnn_cbde56b6ef4b9bd1_early.pt
2026-07-31 03:43:06,190 | INFO    | molsanity | Training done: best val_acc=1.000 @epoch 39 | test_acc=1.000 test_auc=1.000 T=0.689
2026-07-31 03:43:06,214 | INFO    | molsanity | Saved checkpoint mpnn_cbde56b6ef4b9bd1.pt
2026-07-31 03:43:06,269 | ERROR   | molsanity | [cell MolMotif__MPNN__IntegratedGradients__random__seed2] FAILED — index 1 is out of bounds for dimension 0 with size 1 (traceback -> logs/error_MolMotif__MPNN__IntegratedGradients__random__seed2_20260731_005714.log)
2026-07-31 03:43:06,284 | INFO    | molsanity | [stage cell_MolMotif__AttentiveFP__IntegratedGradients__scaffold__seed0] running (1510ed1d45e18c4c)
2026-07-31 03:43:06,598 | INFO    | molsanity | Loaded BBBP: 2039 graphs, checksum 37d8fa85e636
2026-07-31 03:43:07,291 | INFO    | molsanity | MolMotif(halogen_aromatic): 906 molecules (453 positive), mask = matched atoms grown by 1 bond(s)
2026-07-31 03:43:07,325 | INFO    | molsanity | Loaded MolMotif: 906 molecules with exact node ground truth
2026-07-31 03:43:08,768 | INFO    | molsanity | Scaffold split: 906 scaffolds -> train 543 / val 90 / test 273
2026-07-31 03:43:18,312 | INFO    | molsanity | Saved early checkpoint @epoch 30 -> attentivefp_edbf3eb9f79c130a_early.pt
2026-07-31 03:43:54,120 | INFO    | molsanity | Training done: best val_acc=1.000 @epoch 42 | test_acc=0.993 test_auc=1.000 T=0.705
2026-07-31 03:43:54,138 | INFO    | molsanity | Saved checkpoint attentivefp_edbf3eb9f79c130a.pt
2026-07-31 03:43:54,227 | ERROR   | molsanity | [cell MolMotif__AttentiveFP__IntegratedGradients__scaffold__seed0] FAILED — index 1 is out of bounds for dimension 0 with size 1 (traceback -> logs/error_MolMotif__AttentiveFP__IntegratedGradients__scaffold__seed0_20260731_005714.log)
2026-07-31 03:43:54,254 | INFO    | molsanity | [stage cell_MolMotif__AttentiveFP__IntegratedGradients__scaffold__seed1] running (8436804812cd1a73)
2026-07-31 03:43:54,805 | INFO    | molsanity | Loaded BBBP: 2039 graphs, checksum 37d8fa85e636
2026-07-31 03:43:56,066 | INFO    | molsanity | MolMotif(halogen_aromatic): 906 molecules (453 positive), mask = matched atoms grown by 1 bond(s)
2026-07-31 03:43:56,126 | INFO    | molsanity | Loaded MolMotif: 906 molecules with exact node ground truth
2026-07-31 03:43:57,635 | INFO    | molsanity | Scaffold split: 906 scaffolds -> train 543 / val 90 / test 273
2026-07-31 03:44:05,928 | INFO    | molsanity | Saved early checkpoint @epoch 30 -> attentivefp_709e1cf3ffbb1a86_early.pt
2026-07-31 03:44:42,747 | INFO    | molsanity | Training done: best val_acc=1.000 @epoch 58 | test_acc=0.989 test_auc=1.000 T=0.100
2026-07-31 03:44:42,771 | INFO    | molsanity | Saved checkpoint attentivefp_709e1cf3ffbb1a86.pt
2026-07-31 03:44:42,831 | ERROR   | molsanity | [cell MolMotif__AttentiveFP__IntegratedGradients__scaffold__seed1] FAILED — index 1 is out of bounds for dimension 0 with size 1 (traceback -> logs/error_MolMotif__AttentiveFP__IntegratedGradients__scaffold__seed1_20260731_005714.log)
2026-07-31 03:44:42,846 | INFO    | molsanity | [stage cell_MolMotif__AttentiveFP__IntegratedGradients__scaffold__seed2] running (44317e91a588bcdb)
2026-07-31 03:44:43,162 | INFO    | molsanity | Loaded BBBP: 2039 graphs, checksum 37d8fa85e636
2026-07-31 03:44:43,881 | INFO    | molsanity | MolMotif(halogen_aromatic): 906 molecules (453 positive), mask = matched atoms grown by 1 bond(s)
2026-07-31 03:44:43,923 | INFO    | molsanity | Loaded MolMotif: 906 molecules with exact node ground truth
2026-07-31 03:44:45,340 | INFO    | molsanity | Scaffold split: 906 scaffolds -> train 543 / val 90 / test 273
2026-07-31 03:44:54,800 | INFO    | molsanity | Saved early checkpoint @epoch 30 -> attentivefp_eef5378af51a2f53_early.pt
2026-07-31 03:45:31,071 | INFO    | molsanity | Training done: best val_acc=1.000 @epoch 43 | test_acc=0.985 test_auc=0.999 T=0.752
2026-07-31 03:45:31,093 | INFO    | molsanity | Saved checkpoint attentivefp_eef5378af51a2f53.pt
2026-07-31 03:45:31,166 | ERROR   | molsanity | [cell MolMotif__AttentiveFP__IntegratedGradients__scaffold__seed2] FAILED — index 1 is out of bounds for dimension 0 with size 1 (traceback -> logs/error_MolMotif__AttentiveFP__IntegratedGradients__scaffold__seed2_20260731_005714.log)
2026-07-31 03:45:31,183 | INFO    | molsanity | [stage cell_MolMotif__AttentiveFP__IntegratedGradients__random__seed0] running (99f978f18a6b92c1)
2026-07-31 03:45:31,650 | INFO    | molsanity | Loaded BBBP: 2039 graphs, checksum 37d8fa85e636
2026-07-31 03:45:32,612 | INFO    | molsanity | MolMotif(halogen_aromatic): 906 molecules (453 positive), mask = matched atoms grown by 1 bond(s)
2026-07-31 03:45:32,645 | INFO    | molsanity | Loaded MolMotif: 906 molecules with exact node ground truth
2026-07-31 03:45:41,056 | INFO    | molsanity | Saved early checkpoint @epoch 30 -> attentivefp_82744bcba3c1d6f0_early.pt
2026-07-31 03:46:17,913 | INFO    | molsanity | Training done: best val_acc=1.000 @epoch 46 | test_acc=0.989 test_auc=0.999 T=0.716
2026-07-31 03:46:17,932 | INFO    | molsanity | Saved checkpoint attentivefp_82744bcba3c1d6f0.pt
2026-07-31 03:46:17,991 | ERROR   | molsanity | [cell MolMotif__AttentiveFP__IntegratedGradients__random__seed0] FAILED — index 1 is out of bounds for dimension 0 with size 1 (traceback -> logs/error_MolMotif__AttentiveFP__IntegratedGradients__random__seed0_20260731_005714.log)
2026-07-31 03:46:18,005 | INFO    | molsanity | [stage cell_MolMotif__AttentiveFP__IntegratedGradients__random__seed1] running (448039ff236d664e)
2026-07-31 03:46:18,315 | INFO    | molsanity | Loaded BBBP: 2039 graphs, checksum 37d8fa85e636
2026-07-31 03:46:19,002 | INFO    | molsanity | MolMotif(halogen_aromatic): 906 molecules (453 positive), mask = matched atoms grown by 1 bond(s)
2026-07-31 03:46:19,036 | INFO    | molsanity | Loaded MolMotif: 906 molecules with exact node ground truth
2026-07-31 03:46:28,461 | INFO    | molsanity | Saved early checkpoint @epoch 30 -> attentivefp_aa29399fcb6745f0_early.pt
2026-07-31 03:47:03,991 | INFO    | molsanity | Training done: best val_acc=1.000 @epoch 37 | test_acc=0.916 test_auc=0.991 T=0.761
2026-07-31 03:47:04,009 | INFO    | molsanity | Saved checkpoint attentivefp_aa29399fcb6745f0.pt
2026-07-31 03:47:04,062 | ERROR   | molsanity | [cell MolMotif__AttentiveFP__IntegratedGradients__random__seed1] FAILED — index 1 is out of bounds for dimension 0 with size 1 (traceback -> logs/error_MolMotif__AttentiveFP__IntegratedGradients__random__seed1_20260731_005714.log)
2026-07-31 03:47:04,076 | INFO    | molsanity | [stage cell_MolMotif__AttentiveFP__IntegratedGradients__random__seed2] running (2b2845ea9854dc54)
2026-07-31 03:47:04,393 | INFO    | molsanity | Loaded BBBP: 2039 graphs, checksum 37d8fa85e636
2026-07-31 03:47:05,148 | INFO    | molsanity | MolMotif(halogen_aromatic): 906 molecules (453 positive), mask = matched atoms grown by 1 bond(s)
2026-07-31 03:47:05,203 | INFO    | molsanity | Loaded MolMotif: 906 molecules with exact node ground truth
2026-07-31 03:47:14,612 | INFO    | molsanity | Saved early checkpoint @epoch 30 -> attentivefp_21a36ead4b538703_early.pt
2026-07-31 03:47:51,192 | INFO    | molsanity | Training done: best val_acc=1.000 @epoch 85 | test_acc=0.974 test_auc=0.999 T=1.356
2026-07-31 03:47:51,214 | INFO    | molsanity | Saved checkpoint attentivefp_21a36ead4b538703.pt
2026-07-31 03:47:51,269 | ERROR   | molsanity | [cell MolMotif__AttentiveFP__IntegratedGradients__random__seed2] FAILED — index 1 is out of bounds for dimension 0 with size 1 (traceback -> logs/error_MolMotif__AttentiveFP__IntegratedGradients__random__seed2_20260731_005714.log)
2026-07-31 03:47:51,284 | INFO    | molsanity | [stage cell_ShapeGGen__GINE__IntegratedGradients__scaffold__seed0] running (eef52668a497a83d)
2026-07-31 03:47:51,285 | WARNING | molsanity | [cell ShapeGGen__GINE__IntegratedGradients__scaffold__seed0] SKIPPED — ShapeGGen requires GraphXAI, which is not importable (No module named 'graphxai'). Install it from a source checkout (its published wheel omits the subpackages). Skipping and logging per Hard Rule 4.
2026-07-31 03:47:51,292 | INFO    | molsanity | [stage cell_ShapeGGen__GINE__IntegratedGradients__scaffold__seed1] running (e146e08a2b29cd0d)
2026-07-31 03:47:51,292 | WARNING | molsanity | [cell ShapeGGen__GINE__IntegratedGradients__scaffold__seed1] SKIPPED — ShapeGGen requires GraphXAI, which is not importable (No module named 'graphxai'). Install it from a source checkout (its published wheel omits the subpackages). Skipping and logging per Hard Rule 4.
2026-07-31 03:47:51,299 | INFO    | molsanity | [stage cell_ShapeGGen__GINE__IntegratedGradients__scaffold__seed2] running (4d488f7b6b26f0f0)
2026-07-31 03:47:51,300 | WARNING | molsanity | [cell ShapeGGen__GINE__IntegratedGradients__scaffold__seed2] SKIPPED — ShapeGGen requires GraphXAI, which is not importable (No module named 'graphxai'). Install it from a source checkout (its published wheel omits the subpackages). Skipping and logging per Hard Rule 4.
2026-07-31 03:47:51,306 | INFO    | molsanity | [stage cell_ShapeGGen__GINE__IntegratedGradients__random__seed0] running (e69b63396d58c4f5)
2026-07-31 03:47:51,307 | WARNING | molsanity | [cell ShapeGGen__GINE__IntegratedGradients__random__seed0] SKIPPED — ShapeGGen requires GraphXAI, which is not importable (No module named 'graphxai'). Install it from a source checkout (its published wheel omits the subpackages). Skipping and logging per Hard Rule 4.
2026-07-31 03:47:51,314 | INFO    | molsanity | [stage cell_ShapeGGen__GINE__IntegratedGradients__random__seed1] running (70e1877a81c0abff)
2026-07-31 03:47:51,315 | WARNING | molsanity | [cell ShapeGGen__GINE__IntegratedGradients__random__seed1] SKIPPED — ShapeGGen requires GraphXAI, which is not importable (No module named 'graphxai'). Install it from a source checkout (its published wheel omits the subpackages). Skipping and logging per Hard Rule 4.
2026-07-31 03:47:51,321 | INFO    | molsanity | [stage cell_ShapeGGen__GINE__IntegratedGradients__random__seed2] running (37bfd2771b757675)
2026-07-31 03:47:51,322 | WARNING | molsanity | [cell ShapeGGen__GINE__IntegratedGradients__random__seed2] SKIPPED — ShapeGGen requires GraphXAI, which is not importable (No module named 'graphxai'). Install it from a source checkout (its published wheel omits the subpackages). Skipping and logging per Hard Rule 4.
2026-07-31 03:47:51,329 | INFO    | molsanity | [stage cell_ShapeGGen__GINE__Saliency__scaffold__seed0] running (d53ae8c3ae75e0c9)
2026-07-31 03:47:51,329 | WARNING | molsanity | [cell ShapeGGen__GINE__Saliency__scaffold__seed0] SKIPPED — ShapeGGen requires GraphXAI, which is not importable (No module named 'graphxai'). Install it from a source checkout (its published wheel omits the subpackages). Skipping and logging per Hard Rule 4.
2026-07-31 03:47:51,336 | INFO    | molsanity | [stage cell_ShapeGGen__GINE__Saliency__scaffold__seed1] running (de26f68a7b0d6b85)
2026-07-31 03:47:51,336 | WARNING | molsanity | [cell ShapeGGen__GINE__Saliency__scaffold__seed1] SKIPPED — ShapeGGen requires GraphXAI, which is not importable (No module named 'graphxai'). Install it from a source checkout (its published wheel omits the subpackages). Skipping and logging per Hard Rule 4.
2026-07-31 03:47:51,343 | INFO    | molsanity | [stage cell_ShapeGGen__GINE__Saliency__scaffold__seed2] running (d1b4e4e24c3c450d)
2026-07-31 03:47:51,343 | WARNING | molsanity | [cell ShapeGGen__GINE__Saliency__scaffold__seed2] SKIPPED — ShapeGGen requires GraphXAI, which is not importable (No module named 'graphxai'). Install it from a source checkout (its published wheel omits the subpackages). Skipping and logging per Hard Rule 4.
2026-07-31 03:47:51,350 | INFO    | molsanity | [stage cell_ShapeGGen__GINE__Saliency__random__seed0] running (8663ac3dc8be667c)
2026-07-31 03:47:51,350 | WARNING | molsanity | [cell ShapeGGen__GINE__Saliency__random__seed0] SKIPPED — ShapeGGen requires GraphXAI, which is not importable (No module named 'graphxai'). Install it from a source checkout (its published wheel omits the subpackages). Skipping and logging per Hard Rule 4.
2026-07-31 03:47:51,357 | INFO    | molsanity | [stage cell_ShapeGGen__GINE__Saliency__random__seed1] running (270ef55de1433ccc)
2026-07-31 03:47:51,358 | WARNING | molsanity | [cell ShapeGGen__GINE__Saliency__random__seed1] SKIPPED — ShapeGGen requires GraphXAI, which is not importable (No module named 'graphxai'). Install it from a source checkout (its published wheel omits the subpackages). Skipping and logging per Hard Rule 4.
2026-07-31 03:47:51,365 | INFO    | molsanity | [stage cell_ShapeGGen__GINE__Saliency__random__seed2] running (d5252c84bd1007e7)
2026-07-31 03:47:51,365 | WARNING | molsanity | [cell ShapeGGen__GINE__Saliency__random__seed2] SKIPPED — ShapeGGen requires GraphXAI, which is not importable (No module named 'graphxai'). Install it from a source checkout (its published wheel omits the subpackages). Skipping and logging per Hard Rule 4.
2026-07-31 03:47:51,372 | INFO    | molsanity | [stage cell_ShapeGGen__GINE__InputXGradient__scaffold__seed0] running (0c2a84d5c16a5ae9)
2026-07-31 03:47:51,372 | WARNING | molsanity | [cell ShapeGGen__GINE__InputXGradient__scaffold__seed0] SKIPPED — ShapeGGen requires GraphXAI, which is not importable (No module named 'graphxai'). Install it from a source checkout (its published wheel omits the subpackages). Skipping and logging per Hard Rule 4.
2026-07-31 03:47:51,379 | INFO    | molsanity | [stage cell_ShapeGGen__GINE__InputXGradient__scaffold__seed1] running (774b73c8e68146e8)
2026-07-31 03:47:51,380 | WARNING | molsanity | [cell ShapeGGen__GINE__InputXGradient__scaffold__seed1] SKIPPED — ShapeGGen requires GraphXAI, which is not importable (No module named 'graphxai'). Install it from a source checkout (its published wheel omits the subpackages). Skipping and logging per Hard Rule 4.
2026-07-31 03:47:51,386 | INFO    | molsanity | [stage cell_ShapeGGen__GINE__InputXGradient__scaffold__seed2] running (33c9ca739a4ed33f)
2026-07-31 03:47:51,387 | WARNING | molsanity | [cell ShapeGGen__GINE__InputXGradient__scaffold__seed2] SKIPPED — ShapeGGen requires GraphXAI, which is not importable (No module named 'graphxai'). Install it from a source checkout (its published wheel omits the subpackages). Skipping and logging per Hard Rule 4.
2026-07-31 03:47:51,394 | INFO    | molsanity | [stage cell_ShapeGGen__GINE__InputXGradient__random__seed0] running (dba474bb9978b845)
2026-07-31 03:47:51,394 | WARNING | molsanity | [cell ShapeGGen__GINE__InputXGradient__random__seed0] SKIPPED — ShapeGGen requires GraphXAI, which is not importable (No module named 'graphxai'). Install it from a source checkout (its published wheel omits the subpackages). Skipping and logging per Hard Rule 4.
2026-07-31 03:47:51,401 | INFO    | molsanity | [stage cell_ShapeGGen__GINE__InputXGradient__random__seed1] running (0055c09711fc3798)
2026-07-31 03:47:51,401 | WARNING | molsanity | [cell ShapeGGen__GINE__InputXGradient__random__seed1] SKIPPED — ShapeGGen requires GraphXAI, which is not importable (No module named 'graphxai'). Install it from a source checkout (its published wheel omits the subpackages). Skipping and logging per Hard Rule 4.
2026-07-31 03:47:51,408 | INFO    | molsanity | [stage cell_ShapeGGen__GINE__InputXGradient__random__seed2] running (c761999c8611d2c2)
2026-07-31 03:47:51,409 | WARNING | molsanity | [cell ShapeGGen__GINE__InputXGradient__random__seed2] SKIPPED — ShapeGGen requires GraphXAI, which is not importable (No module named 'graphxai'). Install it from a source checkout (its published wheel omits the subpackages). Skipping and logging per Hard Rule 4.
2026-07-31 03:47:51,415 | INFO    | molsanity | [stage cell_ShapeGGen__GINE__GuidedBackprop__scaffold__seed0] running (dc464deb98342d08)
2026-07-31 03:47:51,416 | WARNING | molsanity | [cell ShapeGGen__GINE__GuidedBackprop__scaffold__seed0] SKIPPED — ShapeGGen requires GraphXAI, which is not importable (No module named 'graphxai'). Install it from a source checkout (its published wheel omits the subpackages). Skipping and logging per Hard Rule 4.
2026-07-31 03:47:51,423 | INFO    | molsanity | [stage cell_ShapeGGen__GINE__GuidedBackprop__scaffold__seed1] running (b5144351659c3455)
2026-07-31 03:47:51,423 | WARNING | molsanity | [cell ShapeGGen__GINE__GuidedBackprop__scaffold__seed1] SKIPPED — ShapeGGen requires GraphXAI, which is not importable (No module named 'graphxai'). Install it from a source checkout (its published wheel omits the subpackages). Skipping and logging per Hard Rule 4.
2026-07-31 03:47:51,430 | INFO    | molsanity | [stage cell_ShapeGGen__GINE__GuidedBackprop__scaffold__seed2] running (f44d1cf2bff1d2c9)
2026-07-31 03:47:51,430 | WARNING | molsanity | [cell ShapeGGen__GINE__GuidedBackprop__scaffold__seed2] SKIPPED — ShapeGGen requires GraphXAI, which is not importable (No module named 'graphxai'). Install it from a source checkout (its published wheel omits the subpackages). Skipping and logging per Hard Rule 4.
2026-07-31 03:47:51,437 | INFO    | molsanity | [stage cell_ShapeGGen__GINE__GuidedBackprop__random__seed0] running (b59cedd47d579019)
2026-07-31 03:47:51,438 | WARNING | molsanity | [cell ShapeGGen__GINE__GuidedBackprop__random__seed0] SKIPPED — ShapeGGen requires GraphXAI, which is not importable (No module named 'graphxai'). Install it from a source checkout (its published wheel omits the subpackages). Skipping and logging per Hard Rule 4.
2026-07-31 03:47:51,445 | INFO    | molsanity | [stage cell_ShapeGGen__GINE__GuidedBackprop__random__seed1] running (d5206f9d6c72f37c)
2026-07-31 03:47:51,445 | WARNING | molsanity | [cell ShapeGGen__GINE__GuidedBackprop__random__seed1] SKIPPED — ShapeGGen requires GraphXAI, which is not importable (No module named 'graphxai'). Install it from a source checkout (its published wheel omits the subpackages). Skipping and logging per Hard Rule 4.
2026-07-31 03:47:51,454 | INFO    | molsanity | [stage cell_ShapeGGen__GINE__GuidedBackprop__random__seed2] running (72fcb526c0c3a433)
2026-07-31 03:47:51,454 | WARNING | molsanity | [cell ShapeGGen__GINE__GuidedBackprop__random__seed2] SKIPPED — ShapeGGen requires GraphXAI, which is not importable (No module named 'graphxai'). Install it from a source checkout (its published wheel omits the subpackages). Skipping and logging per Hard Rule 4.
2026-07-31 03:47:51,462 | INFO    | molsanity | [stage cell_ShapeGGen__GINE__GNNExplainer__scaffold__seed0] running (1e0e0004f220b15f)
2026-07-31 03:47:51,462 | WARNING | molsanity | [cell ShapeGGen__GINE__GNNExplainer__scaffold__seed0] SKIPPED — ShapeGGen requires GraphXAI, which is not importable (No module named 'graphxai'). Install it from a source checkout (its published wheel omits the subpackages). Skipping and logging per Hard Rule 4.
2026-07-31 03:47:51,470 | INFO    | molsanity | [stage cell_ShapeGGen__GINE__GNNExplainer__scaffold__seed1] running (cadfca3a570eddfe)
2026-07-31 03:47:51,471 | WARNING | molsanity | [cell ShapeGGen__GINE__GNNExplainer__scaffold__seed1] SKIPPED — ShapeGGen requires GraphXAI, which is not importable (No module named 'graphxai'). Install it from a source checkout (its published wheel omits the subpackages). Skipping and logging per Hard Rule 4.
2026-07-31 03:47:51,478 | INFO    | molsanity | [stage cell_ShapeGGen__GINE__GNNExplainer__scaffold__seed2] running (9faf72886c7f7c59)
2026-07-31 03:47:51,478 | WARNING | molsanity | [cell ShapeGGen__GINE__GNNExplainer__scaffold__seed2] SKIPPED — ShapeGGen requires GraphXAI, which is not importable (No module named 'graphxai'). Install it from a source checkout (its published wheel omits the subpackages). Skipping and logging per Hard Rule 4.
2026-07-31 03:47:51,485 | INFO    | molsanity | [stage cell_ShapeGGen__GINE__GNNExplainer__random__seed0] running (ead47b99d352cb37)
2026-07-31 03:47:51,486 | WARNING | molsanity | [cell ShapeGGen__GINE__GNNExplainer__random__seed0] SKIPPED — ShapeGGen requires GraphXAI, which is not importable (No module named 'graphxai'). Install it from a source checkout (its published wheel omits the subpackages). Skipping and logging per Hard Rule 4.
2026-07-31 03:47:51,493 | INFO    | molsanity | [stage cell_ShapeGGen__GINE__GNNExplainer__random__seed1] running (fb1e4d5f5e6b2ca4)
2026-07-31 03:47:51,493 | WARNING | molsanity | [cell ShapeGGen__GINE__GNNExplainer__random__seed1] SKIPPED — ShapeGGen requires GraphXAI, which is not importable (No module named 'graphxai'). Install it from a source checkout (its published wheel omits the subpackages). Skipping and logging per Hard Rule 4.
2026-07-31 03:47:51,501 | INFO    | molsanity | [stage cell_ShapeGGen__GINE__GNNExplainer__random__seed2] running (09ec524930286651)
2026-07-31 03:47:51,501 | WARNING | molsanity | [cell ShapeGGen__GINE__GNNExplainer__random__seed2] SKIPPED — ShapeGGen requires GraphXAI, which is not importable (No module named 'graphxai'). Install it from a source checkout (its published wheel omits the subpackages). Skipping and logging per Hard Rule 4.
2026-07-31 03:47:51,508 | INFO    | molsanity | [stage cell_ShapeGGen__GINE__PGExplainer__scaffold__seed0] running (5cb3e0dc4dd51073)
2026-07-31 03:47:51,509 | WARNING | molsanity | [cell ShapeGGen__GINE__PGExplainer__scaffold__seed0] SKIPPED — ShapeGGen requires GraphXAI, which is not importable (No module named 'graphxai'). Install it from a source checkout (its published wheel omits the subpackages). Skipping and logging per Hard Rule 4.
2026-07-31 03:47:51,516 | INFO    | molsanity | [stage cell_ShapeGGen__GINE__PGExplainer__scaffold__seed1] running (a892aa636434a2ee)
2026-07-31 03:47:51,516 | WARNING | molsanity | [cell ShapeGGen__GINE__PGExplainer__scaffold__seed1] SKIPPED — ShapeGGen requires GraphXAI, which is not importable (No module named 'graphxai'). Install it from a source checkout (its published wheel omits the subpackages). Skipping and logging per Hard Rule 4.
2026-07-31 03:47:51,523 | INFO    | molsanity | [stage cell_ShapeGGen__GINE__PGExplainer__scaffold__seed2] running (c687aa609234b096)
2026-07-31 03:47:51,524 | WARNING | molsanity | [cell ShapeGGen__GINE__PGExplainer__scaffold__seed2] SKIPPED — ShapeGGen requires GraphXAI, which is not importable (No module named 'graphxai'). Install it from a source checkout (its published wheel omits the subpackages). Skipping and logging per Hard Rule 4.
2026-07-31 03:47:51,531 | INFO    | molsanity | [stage cell_ShapeGGen__GINE__PGExplainer__random__seed0] running (2e65e0da9460f5a8)
2026-07-31 03:47:51,532 | WARNING | molsanity | [cell ShapeGGen__GINE__PGExplainer__random__seed0] SKIPPED — ShapeGGen requires GraphXAI, which is not importable (No module named 'graphxai'). Install it from a source checkout (its published wheel omits the subpackages). Skipping and logging per Hard Rule 4.
2026-07-31 03:47:51,539 | INFO    | molsanity | [stage cell_ShapeGGen__GINE__PGExplainer__random__seed1] running (9320ca1c73d1a513)
2026-07-31 03:47:51,539 | WARNING | molsanity | [cell ShapeGGen__GINE__PGExplainer__random__seed1] SKIPPED — ShapeGGen requires GraphXAI, which is not importable (No module named 'graphxai'). Install it from a source checkout (its published wheel omits the subpackages). Skipping and logging per Hard Rule 4.
2026-07-31 03:47:51,547 | INFO    | molsanity | [stage cell_ShapeGGen__GINE__PGExplainer__random__seed2] running (aaa23e13ac402f56)
2026-07-31 03:47:51,547 | WARNING | molsanity | [cell ShapeGGen__GINE__PGExplainer__random__seed2] SKIPPED — ShapeGGen requires GraphXAI, which is not importable (No module named 'graphxai'). Install it from a source checkout (its published wheel omits the subpackages). Skipping and logging per Hard Rule 4.
2026-07-31 03:47:51,567 | INFO    | molsanity | [stage cell_ShapeGGen__GINE__SubgraphX__scaffold__seed0] running (e3e5aa457e03ed80)
2026-07-31 03:47:51,567 | WARNING | molsanity | [cell ShapeGGen__GINE__SubgraphX__scaffold__seed0] SKIPPED — ShapeGGen requires GraphXAI, which is not importable (No module named 'graphxai'). Install it from a source checkout (its published wheel omits the subpackages). Skipping and logging per Hard Rule 4.
2026-07-31 03:47:51,576 | INFO    | molsanity | [stage cell_ShapeGGen__GINE__SubgraphX__scaffold__seed1] running (f4fd5e8a1856d8e5)
2026-07-31 03:47:51,576 | WARNING | molsanity | [cell ShapeGGen__GINE__SubgraphX__scaffold__seed1] SKIPPED — ShapeGGen requires GraphXAI, which is not importable (No module named 'graphxai'). Install it from a source checkout (its published wheel omits the subpackages). Skipping and logging per Hard Rule 4.
2026-07-31 03:47:51,583 | INFO    | molsanity | [stage cell_ShapeGGen__GINE__SubgraphX__scaffold__seed2] running (fd173a44f6bd3fc0)
2026-07-31 03:47:51,583 | WARNING | molsanity | [cell ShapeGGen__GINE__SubgraphX__scaffold__seed2] SKIPPED — ShapeGGen requires GraphXAI, which is not importable (No module named 'graphxai'). Install it from a source checkout (its published wheel omits the subpackages). Skipping and logging per Hard Rule 4.
2026-07-31 03:47:51,591 | INFO    | molsanity | [stage cell_ShapeGGen__GINE__SubgraphX__random__seed0] running (c847a8f910708844)
2026-07-31 03:47:51,591 | WARNING | molsanity | [cell ShapeGGen__GINE__SubgraphX__random__seed0] SKIPPED — ShapeGGen requires GraphXAI, which is not importable (No module named 'graphxai'). Install it from a source checkout (its published wheel omits the subpackages). Skipping and logging per Hard Rule 4.
2026-07-31 03:47:51,598 | INFO    | molsanity | [stage cell_ShapeGGen__GINE__SubgraphX__random__seed1] running (315c9ae015d88fa1)
2026-07-31 03:47:51,598 | WARNING | molsanity | [cell ShapeGGen__GINE__SubgraphX__random__seed1] SKIPPED — ShapeGGen requires GraphXAI, which is not importable (No module named 'graphxai'). Install it from a source checkout (its published wheel omits the subpackages). Skipping and logging per Hard Rule 4.
2026-07-31 03:47:51,605 | INFO    | molsanity | [stage cell_ShapeGGen__GINE__SubgraphX__random__seed2] running (065b41250923a691)
2026-07-31 03:47:51,605 | WARNING | molsanity | [cell ShapeGGen__GINE__SubgraphX__random__seed2] SKIPPED — ShapeGGen requires GraphXAI, which is not importable (No module named 'graphxai'). Install it from a source checkout (its published wheel omits the subpackages). Skipping and logging per Hard Rule 4.
2026-07-31 03:47:51,612 | INFO    | molsanity | [stage cell_BBBP__GINE__IntegratedGradients__scaffold__seed0] running (851273faf9ab536c)
2026-07-31 03:47:52,155 | INFO    | molsanity | Loaded BBBP: 2039 graphs, checksum 37d8fa85e636
2026-07-31 03:47:55,429 | INFO    | molsanity | class-aware split: moved scaffold group (1 mols, class 0) from train to val for coverage
2026-07-31 03:47:55,430 | INFO    | molsanity | class-aware split: moved scaffold group (1 mols, class 0) from train to test for coverage
2026-07-31 03:47:55,430 | INFO    | molsanity | Scaffold split: 2038 scaffolds -> train 1221 / val 204 / test 614
2026-07-31 03:47:55,813 | INFO    | molsanity | Loaded existing checkpoint gine_5281be77a9e8e1fc.pt
2026-07-31 03:47:56,296 | ERROR   | molsanity | [cell BBBP__GINE__IntegratedGradients__scaffold__seed0] FAILED — index 1 is out of bounds for dimension 0 with size 1 (traceback -> logs/error_BBBP__GINE__IntegratedGradients__scaffold__seed0_20260731_005714.log)
2026-07-31 03:47:56,311 | INFO    | molsanity | [stage cell_BBBP__GINE__IntegratedGradients__scaffold__seed1] running (6a2c923f93c7b8ed)
2026-07-31 03:47:56,617 | INFO    | molsanity | Loaded BBBP: 2039 graphs, checksum 37d8fa85e636
2026-07-31 03:47:59,855 | INFO    | molsanity | class-aware split: moved scaffold group (1 mols, class 0) from train to val for coverage
2026-07-31 03:47:59,856 | INFO    | molsanity | class-aware split: moved scaffold group (1 mols, class 0) from train to test for coverage
2026-07-31 03:47:59,857 | INFO    | molsanity | Scaffold split: 2038 scaffolds -> train 1221 / val 204 / test 614
2026-07-31 03:48:09,174 | INFO    | molsanity | Saved early checkpoint @epoch 30 -> gine_ba47c6df3e15116b_early.pt
2026-07-31 03:48:45,090 | INFO    | molsanity | Training done: best val_acc=0.961 @epoch 90 | test_acc=0.752 test_auc=0.918 T=0.922
2026-07-31 03:48:45,109 | INFO    | molsanity | Saved checkpoint gine_ba47c6df3e15116b.pt
2026-07-31 03:48:45,163 | ERROR   | molsanity | [cell BBBP__GINE__IntegratedGradients__scaffold__seed1] FAILED — index 1 is out of bounds for dimension 0 with size 1 (traceback -> logs/error_BBBP__GINE__IntegratedGradients__scaffold__seed1_20260731_005714.log)
2026-07-31 03:48:45,177 | INFO    | molsanity | [stage cell_BBBP__GINE__IntegratedGradients__scaffold__seed2] running (7c06f2c089d33e23)
2026-07-31 03:48:45,496 | INFO    | molsanity | Loaded BBBP: 2039 graphs, checksum 37d8fa85e636
2026-07-31 03:48:48,672 | INFO    | molsanity | class-aware split: moved scaffold group (1 mols, class 0) from train to val for coverage
2026-07-31 03:48:48,673 | INFO    | molsanity | class-aware split: moved scaffold group (1 mols, class 0) from train to test for coverage
2026-07-31 03:48:48,673 | INFO    | molsanity | Scaffold split: 2038 scaffolds -> train 1221 / val 204 / test 614
2026-07-31 03:48:57,944 | INFO    | molsanity | Saved early checkpoint @epoch 30 -> gine_34584b44d53a42a9_early.pt
2026-07-31 03:49:33,616 | INFO    | molsanity | Training done: best val_acc=0.961 @epoch 73 | test_acc=0.863 test_auc=0.941 T=0.576
2026-07-31 03:49:33,634 | INFO    | molsanity | Saved checkpoint gine_34584b44d53a42a9.pt
2026-07-31 03:49:33,681 | ERROR   | molsanity | [cell BBBP__GINE__IntegratedGradients__scaffold__seed2] FAILED — index 1 is out of bounds for dimension 0 with size 1 (traceback -> logs/error_BBBP__GINE__IntegratedGradients__scaffold__seed2_20260731_005714.log)
2026-07-31 03:49:33,699 | INFO    | molsanity | [stage cell_BBBP__GINE__IntegratedGradients__random__seed0] running (1766fee8e6f62e00)
2026-07-31 03:49:34,039 | INFO    | molsanity | Loaded BBBP: 2039 graphs, checksum 37d8fa85e636
2026-07-31 03:49:36,303 | INFO    | molsanity | Loaded existing checkpoint gine_81524887c7adee3c.pt
2026-07-31 03:49:36,814 | ERROR   | molsanity | [cell BBBP__GINE__IntegratedGradients__random__seed0] FAILED — index 1 is out of bounds for dimension 0 with size 1 (traceback -> logs/error_BBBP__GINE__IntegratedGradients__random__seed0_20260731_005714.log)
2026-07-31 03:49:36,833 | INFO    | molsanity | [stage cell_BBBP__GINE__IntegratedGradients__random__seed1] running (3a479b8c22ed04e9)
2026-07-31 03:49:37,373 | INFO    | molsanity | Loaded BBBP: 2039 graphs, checksum 37d8fa85e636
2026-07-31 03:49:46,214 | INFO    | molsanity | Saved early checkpoint @epoch 30 -> gine_fbfa4ff78a93a73e_early.pt
2026-07-31 03:50:22,792 | INFO    | molsanity | Training done: best val_acc=0.905 @epoch 148 | test_acc=0.827 test_auc=0.899 T=1.194
2026-07-31 03:50:22,810 | INFO    | molsanity | Saved checkpoint gine_fbfa4ff78a93a73e.pt
2026-07-31 03:50:22,860 | ERROR   | molsanity | [cell BBBP__GINE__IntegratedGradients__random__seed1] FAILED — index 1 is out of bounds for dimension 0 with size 1 (traceback -> logs/error_BBBP__GINE__IntegratedGradients__random__seed1_20260731_005714.log)
2026-07-31 03:50:22,875 | INFO    | molsanity | [stage cell_BBBP__GINE__IntegratedGradients__random__seed2] running (58d4ccb56f722293)
2026-07-31 03:50:23,412 | INFO    | molsanity | Loaded BBBP: 2039 graphs, checksum 37d8fa85e636
2026-07-31 03:50:32,153 | INFO    | molsanity | Saved early checkpoint @epoch 30 -> gine_055141d997e01cb6_early.pt
2026-07-31 03:51:08,476 | INFO    | molsanity | Training done: best val_acc=0.927 @epoch 130 | test_acc=0.755 test_auc=0.891 T=1.126
2026-07-31 03:51:08,493 | INFO    | molsanity | Saved checkpoint gine_055141d997e01cb6.pt
2026-07-31 03:51:08,542 | ERROR   | molsanity | [cell BBBP__GINE__IntegratedGradients__random__seed2] FAILED — index 1 is out of bounds for dimension 0 with size 1 (traceback -> logs/error_BBBP__GINE__IntegratedGradients__random__seed2_20260731_005714.log)
2026-07-31 03:51:08,557 | INFO    | molsanity | [stage cell_BBBP__GCN__IntegratedGradients__scaffold__seed0] running (e655d4286916e0c7)
2026-07-31 03:51:08,915 | INFO    | molsanity | Loaded BBBP: 2039 graphs, checksum 37d8fa85e636
2026-07-31 03:51:12,425 | INFO    | molsanity | class-aware split: moved scaffold group (1 mols, class 0) from train to val for coverage
2026-07-31 03:51:12,426 | INFO    | molsanity | class-aware split: moved scaffold group (1 mols, class 0) from train to test for coverage
2026-07-31 03:51:12,426 | INFO    | molsanity | Scaffold split: 2038 scaffolds -> train 1221 / val 204 / test 614
2026-07-31 03:51:12,800 | INFO    | molsanity | Loaded existing checkpoint gcn_d9216bef68cf8971.pt
2026-07-31 03:51:13,206 | ERROR   | molsanity | [cell BBBP__GCN__IntegratedGradients__scaffold__seed0] FAILED — index 1 is out of bounds for dimension 0 with size 1 (traceback -> logs/error_BBBP__GCN__IntegratedGradients__scaffold__seed0_20260731_005714.log)
2026-07-31 03:51:13,233 | INFO    | molsanity | [stage cell_BBBP__GCN__IntegratedGradients__scaffold__seed1] running (07a194920c9aca2e)
2026-07-31 03:51:13,729 | INFO    | molsanity | Loaded BBBP: 2039 graphs, checksum 37d8fa85e636
2026-07-31 03:51:17,552 | INFO    | molsanity | class-aware split: moved scaffold group (1 mols, class 0) from train to val for coverage
2026-07-31 03:51:17,553 | INFO    | molsanity | class-aware split: moved scaffold group (1 mols, class 0) from train to test for coverage
2026-07-31 03:51:17,554 | INFO    | molsanity | Scaffold split: 2038 scaffolds -> train 1221 / val 204 / test 614
2026-07-31 03:51:26,603 | INFO    | molsanity | Saved early checkpoint @epoch 30 -> gcn_5cbb4655d5b6f29c_early.pt
2026-07-31 03:52:05,182 | INFO    | molsanity | Training done: best val_acc=0.941 @epoch 110 | test_acc=0.917 test_auc=0.958 T=0.476
2026-07-31 03:52:05,196 | INFO    | molsanity | Saved checkpoint gcn_5cbb4655d5b6f29c.pt
2026-07-31 03:52:05,247 | ERROR   | molsanity | [cell BBBP__GCN__IntegratedGradients__scaffold__seed1] FAILED — index 1 is out of bounds for dimension 0 with size 1 (traceback -> logs/error_BBBP__GCN__IntegratedGradients__scaffold__seed1_20260731_005714.log)
2026-07-31 03:52:05,264 | INFO    | molsanity | [stage cell_BBBP__GCN__IntegratedGradients__scaffold__seed2] running (794ef1432f57bd98)
2026-07-31 03:52:05,580 | INFO    | molsanity | Loaded BBBP: 2039 graphs, checksum 37d8fa85e636
2026-07-31 03:52:10,132 | INFO    | molsanity | class-aware split: moved scaffold group (1 mols, class 0) from train to val for coverage
2026-07-31 03:52:10,132 | INFO    | molsanity | class-aware split: moved scaffold group (1 mols, class 0) from train to test for coverage
2026-07-31 03:52:10,133 | INFO    | molsanity | Scaffold split: 2038 scaffolds -> train 1221 / val 204 / test 614
2026-07-31 03:52:19,032 | INFO    | molsanity | Saved early checkpoint @epoch 30 -> gcn_f99d3aae04bdd733_early.pt
2026-07-31 03:52:55,777 | INFO    | molsanity | Training done: best val_acc=0.936 @epoch 75 | test_acc=0.969 test_auc=0.894 T=0.168
2026-07-31 03:52:55,791 | INFO    | molsanity | Saved checkpoint gcn_f99d3aae04bdd733.pt
2026-07-31 03:52:55,840 | ERROR   | molsanity | [cell BBBP__GCN__IntegratedGradients__scaffold__seed2] FAILED — index 1 is out of bounds for dimension 0 with size 1 (traceback -> logs/error_BBBP__GCN__IntegratedGradients__scaffold__seed2_20260731_005714.log)
2026-07-31 03:52:55,865 | INFO    | molsanity | [stage cell_BBBP__GCN__IntegratedGradients__random__seed0] running (97e624ae7bac4c6f)
2026-07-31 03:52:56,174 | INFO    | molsanity | Loaded BBBP: 2039 graphs, checksum 37d8fa85e636
2026-07-31 03:52:56,592 | INFO    | molsanity | Loaded existing checkpoint gcn_604a180f83e0893f.pt
2026-07-31 03:52:57,076 | ERROR   | molsanity | [cell BBBP__GCN__IntegratedGradients__random__seed0] FAILED — index 1 is out of bounds for dimension 0 with size 1 (traceback -> logs/error_BBBP__GCN__IntegratedGradients__random__seed0_20260731_005714.log)
2026-07-31 03:52:57,091 | INFO    | molsanity | [stage cell_BBBP__GCN__IntegratedGradients__random__seed1] running (8fa850c34e93d915)
2026-07-31 03:52:57,620 | INFO    | molsanity | Loaded BBBP: 2039 graphs, checksum 37d8fa85e636
2026-07-31 03:53:07,049 | INFO    | molsanity | Saved early checkpoint @epoch 30 -> gcn_dad5f21f0dee0734_early.pt
2026-07-31 03:53:45,081 | INFO    | molsanity | Training done: best val_acc=0.894 @epoch 142 | test_acc=0.798 test_auc=0.893 T=1.000
2026-07-31 03:53:45,097 | INFO    | molsanity | Saved checkpoint gcn_dad5f21f0dee0734.pt
2026-07-31 03:53:45,180 | ERROR   | molsanity | [cell BBBP__GCN__IntegratedGradients__random__seed1] FAILED — index 1 is out of bounds for dimension 0 with size 1 (traceback -> logs/error_BBBP__GCN__IntegratedGradients__random__seed1_20260731_005714.log)
2026-07-31 03:53:45,204 | INFO    | molsanity | [stage cell_BBBP__GCN__IntegratedGradients__random__seed2] running (6aec3bd316e4ac32)
2026-07-31 03:53:45,696 | INFO    | molsanity | Loaded BBBP: 2039 graphs, checksum 37d8fa85e636
2026-07-31 03:53:55,019 | INFO    | molsanity | Saved early checkpoint @epoch 30 -> gcn_d6a5270b7d695768_early.pt
2026-07-31 03:54:33,632 | INFO    | molsanity | Training done: best val_acc=0.904 @epoch 139 | test_acc=0.853 test_auc=0.902 T=0.666
2026-07-31 03:54:33,645 | INFO    | molsanity | Saved checkpoint gcn_d6a5270b7d695768.pt
2026-07-31 03:54:33,700 | ERROR   | molsanity | [cell BBBP__GCN__IntegratedGradients__random__seed2] FAILED — index 1 is out of bounds for dimension 0 with size 1 (traceback -> logs/error_BBBP__GCN__IntegratedGradients__random__seed2_20260731_005714.log)
2026-07-31 03:54:33,715 | INFO    | molsanity | [stage cell_BBBP__GAT__IntegratedGradients__scaffold__seed0] running (2c3ea111639a5b96)
2026-07-31 03:54:34,031 | INFO    | molsanity | Loaded BBBP: 2039 graphs, checksum 37d8fa85e636
2026-07-31 03:54:37,240 | INFO    | molsanity | class-aware split: moved scaffold group (1 mols, class 0) from train to val for coverage
2026-07-31 03:54:37,241 | INFO    | molsanity | class-aware split: moved scaffold group (1 mols, class 0) from train to test for coverage
2026-07-31 03:54:37,242 | INFO    | molsanity | Scaffold split: 2038 scaffolds -> train 1221 / val 204 / test 614
2026-07-31 03:54:37,697 | INFO    | molsanity | Loaded existing checkpoint gat_2224546572f492f6.pt
2026-07-31 03:54:38,239 | ERROR   | molsanity | [cell BBBP__GAT__IntegratedGradients__scaffold__seed0] FAILED — index 1 is out of bounds for dimension 0 with size 1 (traceback -> logs/error_BBBP__GAT__IntegratedGradients__scaffold__seed0_20260731_005714.log)
2026-07-31 03:54:38,262 | INFO    | molsanity | [stage cell_BBBP__GAT__IntegratedGradients__scaffold__seed1] running (090dd63f1156b367)
2026-07-31 03:54:38,746 | INFO    | molsanity | Loaded BBBP: 2039 graphs, checksum 37d8fa85e636
2026-07-31 03:54:43,053 | INFO    | molsanity | class-aware split: moved scaffold group (1 mols, class 0) from train to val for coverage
2026-07-31 03:54:43,054 | INFO    | molsanity | class-aware split: moved scaffold group (1 mols, class 0) from train to test for coverage
2026-07-31 03:54:43,054 | INFO    | molsanity | Scaffold split: 2038 scaffolds -> train 1221 / val 204 / test 614
2026-07-31 03:54:58,961 | INFO    | molsanity | Saved early checkpoint @epoch 30 -> gat_fd6fed1c60d59cac_early.pt
2026-07-31 03:56:02,900 | INFO    | molsanity | Training done: best val_acc=0.975 @epoch 138 | test_acc=0.922 test_auc=0.940 T=0.713
2026-07-31 03:56:02,921 | INFO    | molsanity | Saved checkpoint gat_fd6fed1c60d59cac.pt
2026-07-31 03:56:03,015 | ERROR   | molsanity | [cell BBBP__GAT__IntegratedGradients__scaffold__seed1] FAILED — index 1 is out of bounds for dimension 0 with size 1 (traceback -> logs/error_BBBP__GAT__IntegratedGradients__scaffold__seed1_20260731_005714.log)
2026-07-31 03:56:03,034 | INFO    | molsanity | [stage cell_BBBP__GAT__IntegratedGradients__scaffold__seed2] running (649c25c54a3e2962)
2026-07-31 03:56:03,518 | INFO    | molsanity | Loaded BBBP: 2039 graphs, checksum 37d8fa85e636
2026-07-31 03:56:06,879 | INFO    | molsanity | class-aware split: moved scaffold group (1 mols, class 0) from train to val for coverage
2026-07-31 03:56:06,879 | INFO    | molsanity | class-aware split: moved scaffold group (1 mols, class 0) from train to test for coverage
2026-07-31 03:56:06,880 | INFO    | molsanity | Scaffold split: 2038 scaffolds -> train 1221 / val 204 / test 614
2026-07-31 03:56:22,897 | INFO    | molsanity | Saved early checkpoint @epoch 30 -> gat_e614f3218db34d9a_early.pt
2026-07-31 03:57:27,336 | INFO    | molsanity | Training done: best val_acc=0.985 @epoch 49 | test_acc=0.980 test_auc=0.798 T=0.419
2026-07-31 03:57:27,351 | INFO    | molsanity | Saved checkpoint gat_e614f3218db34d9a.pt
2026-07-31 03:57:27,408 | ERROR   | molsanity | [cell BBBP__GAT__IntegratedGradients__scaffold__seed2] FAILED — index 1 is out of bounds for dimension 0 with size 1 (traceback -> logs/error_BBBP__GAT__IntegratedGradients__scaffold__seed2_20260731_005714.log)
2026-07-31 03:57:27,423 | INFO    | molsanity | [stage cell_BBBP__GAT__IntegratedGradients__random__seed0] running (4ef782b360928de3)
2026-07-31 03:57:27,954 | INFO    | molsanity | Loaded BBBP: 2039 graphs, checksum 37d8fa85e636
2026-07-31 03:57:28,431 | INFO    | molsanity | Loaded existing checkpoint gat_d5ce67978fe34ff0.pt
2026-07-31 03:57:29,022 | ERROR   | molsanity | [cell BBBP__GAT__IntegratedGradients__random__seed0] FAILED — index 1 is out of bounds for dimension 0 with size 1 (traceback -> logs/error_BBBP__GAT__IntegratedGradients__random__seed0_20260731_005714.log)
2026-07-31 03:57:29,038 | INFO    | molsanity | [stage cell_BBBP__GAT__IntegratedGradients__random__seed1] running (897437302aa8e7cb)
2026-07-31 03:57:29,343 | INFO    | molsanity | Loaded BBBP: 2039 graphs, checksum 37d8fa85e636
2026-07-31 03:57:45,112 | INFO    | molsanity | Saved early checkpoint @epoch 30 -> gat_2a4845808fcf5264_early.pt
2026-07-31 03:58:49,327 | INFO    | molsanity | Training done: best val_acc=0.920 @epoch 109 | test_acc=0.837 test_auc=0.906 T=0.790
2026-07-31 03:58:49,345 | INFO    | molsanity | Saved checkpoint gat_2a4845808fcf5264.pt
2026-07-31 03:58:49,402 | ERROR   | molsanity | [cell BBBP__GAT__IntegratedGradients__random__seed1] FAILED — index 1 is out of bounds for dimension 0 with size 1 (traceback -> logs/error_BBBP__GAT__IntegratedGradients__random__seed1_20260731_005714.log)
2026-07-31 03:58:49,418 | INFO    | molsanity | [stage cell_BBBP__GAT__IntegratedGradients__random__seed2] running (a28c2d80eef8438c)
2026-07-31 03:58:49,732 | INFO    | molsanity | Loaded BBBP: 2039 graphs, checksum 37d8fa85e636
2026-07-31 03:59:05,661 | INFO    | molsanity | Saved early checkpoint @epoch 30 -> gat_3ad9810973e791e9_early.pt
2026-07-31 04:00:10,332 | INFO    | molsanity | Training done: best val_acc=0.921 @epoch 136 | test_acc=0.827 test_auc=0.909 T=0.973
2026-07-31 04:00:10,350 | INFO    | molsanity | Saved checkpoint gat_3ad9810973e791e9.pt
2026-07-31 04:00:10,410 | ERROR   | molsanity | [cell BBBP__GAT__IntegratedGradients__random__seed2] FAILED — index 1 is out of bounds for dimension 0 with size 1 (traceback -> logs/error_BBBP__GAT__IntegratedGradients__random__seed2_20260731_005714.log)
2026-07-31 04:00:10,426 | INFO    | molsanity | [stage cell_BBBP__MPNN__IntegratedGradients__scaffold__seed0] running (78cab4b450f7fca9)
2026-07-31 04:00:10,751 | INFO    | molsanity | Loaded BBBP: 2039 graphs, checksum 37d8fa85e636
2026-07-31 04:00:14,016 | INFO    | molsanity | class-aware split: moved scaffold group (1 mols, class 0) from train to val for coverage
2026-07-31 04:00:14,017 | INFO    | molsanity | class-aware split: moved scaffold group (1 mols, class 0) from train to test for coverage
2026-07-31 04:00:14,017 | INFO    | molsanity | Scaffold split: 2038 scaffolds -> train 1221 / val 204 / test 614
2026-07-31 04:00:14,710 | INFO    | molsanity | Loaded existing checkpoint mpnn_b28164e08cc2ab85.pt
2026-07-31 04:00:15,389 | ERROR   | molsanity | [cell BBBP__MPNN__IntegratedGradients__scaffold__seed0] FAILED — index 1 is out of bounds for dimension 0 with size 1 (traceback -> logs/error_BBBP__MPNN__IntegratedGradients__scaffold__seed0_20260731_005714.log)
2026-07-31 04:00:15,406 | INFO    | molsanity | [stage cell_BBBP__MPNN__IntegratedGradients__scaffold__seed1] running (35ecc7ce5cdc27f1)
2026-07-31 04:00:15,756 | INFO    | molsanity | Loaded BBBP: 2039 graphs, checksum 37d8fa85e636
2026-07-31 04:00:18,985 | INFO    | molsanity | class-aware split: moved scaffold group (1 mols, class 0) from train to val for coverage
2026-07-31 04:00:18,986 | INFO    | molsanity | class-aware split: moved scaffold group (1 mols, class 0) from train to test for coverage
2026-07-31 04:00:18,986 | INFO    | molsanity | Scaffold split: 2038 scaffolds -> train 1221 / val 204 / test 614
2026-07-31 04:00:30,316 | INFO    | molsanity | Saved early checkpoint @epoch 30 -> mpnn_92a6a53d28b61d5d_early.pt
2026-07-31 04:01:13,736 | INFO    | molsanity | Training done: best val_acc=0.995 @epoch 9 | test_acc=0.002 test_auc=0.824 T=10.000
2026-07-31 04:01:13,759 | INFO    | molsanity | Saved checkpoint mpnn_92a6a53d28b61d5d.pt
2026-07-31 04:01:13,831 | ERROR   | molsanity | [cell BBBP__MPNN__IntegratedGradients__scaffold__seed1] FAILED — index 1 is out of bounds for dimension 0 with size 1 (traceback -> logs/error_BBBP__MPNN__IntegratedGradients__scaffold__seed1_20260731_005714.log)
2026-07-31 04:01:13,847 | INFO    | molsanity | [stage cell_BBBP__MPNN__IntegratedGradients__scaffold__seed2] running (191d40e9910e10e0)
2026-07-31 04:01:14,412 | INFO    | molsanity | Loaded BBBP: 2039 graphs, checksum 37d8fa85e636
2026-07-31 04:01:18,958 | INFO    | molsanity | class-aware split: moved scaffold group (1 mols, class 0) from train to val for coverage
2026-07-31 04:01:18,959 | INFO    | molsanity | class-aware split: moved scaffold group (1 mols, class 0) from train to test for coverage
2026-07-31 04:01:18,959 | INFO    | molsanity | Scaffold split: 2038 scaffolds -> train 1221 / val 204 / test 614
2026-07-31 04:01:29,307 | INFO    | molsanity | Saved early checkpoint @epoch 30 -> mpnn_4ec6a84e0263d8f7_early.pt
2026-07-31 04:02:12,741 | INFO    | molsanity | Training done: best val_acc=0.936 @epoch 100 | test_acc=0.971 test_auc=0.863 T=0.471
2026-07-31 04:02:12,770 | INFO    | molsanity | Saved checkpoint mpnn_4ec6a84e0263d8f7.pt
2026-07-31 04:02:12,871 | ERROR   | molsanity | [cell BBBP__MPNN__IntegratedGradients__scaffold__seed2] FAILED — index 1 is out of bounds for dimension 0 with size 1 (traceback -> logs/error_BBBP__MPNN__IntegratedGradients__scaffold__seed2_20260731_005714.log)
2026-07-31 04:02:12,892 | INFO    | molsanity | [stage cell_BBBP__MPNN__IntegratedGradients__random__seed0] running (259bfcff5920d193)
2026-07-31 04:02:13,402 | INFO    | molsanity | Loaded BBBP: 2039 graphs, checksum 37d8fa85e636
2026-07-31 04:02:14,050 | INFO    | molsanity | Loaded existing checkpoint mpnn_5fb3b98dab354a6c.pt
2026-07-31 04:02:14,615 | ERROR   | molsanity | [cell BBBP__MPNN__IntegratedGradients__random__seed0] FAILED — index 1 is out of bounds for dimension 0 with size 1 (traceback -> logs/error_BBBP__MPNN__IntegratedGradients__random__seed0_20260731_005714.log)
2026-07-31 04:02:14,632 | INFO    | molsanity | [stage cell_BBBP__MPNN__IntegratedGradients__random__seed1] running (71d15d32099b69f0)
2026-07-31 04:02:14,942 | INFO    | molsanity | Loaded BBBP: 2039 graphs, checksum 37d8fa85e636
2026-07-31 04:02:25,480 | INFO    | molsanity | Saved early checkpoint @epoch 30 -> mpnn_43bceddac466c597_early.pt
2026-07-31 04:03:08,132 | INFO    | molsanity | Training done: best val_acc=0.908 @epoch 149 | test_acc=0.848 test_auc=0.904 T=1.110
2026-07-31 04:03:08,162 | INFO    | molsanity | Saved checkpoint mpnn_43bceddac466c597.pt
2026-07-31 04:03:08,266 | ERROR   | molsanity | [cell BBBP__MPNN__IntegratedGradients__random__seed1] FAILED — index 1 is out of bounds for dimension 0 with size 1 (traceback -> logs/error_BBBP__MPNN__IntegratedGradients__random__seed1_20260731_005714.log)
2026-07-31 04:03:08,289 | INFO    | molsanity | [stage cell_BBBP__MPNN__IntegratedGradients__random__seed2] running (9c1171139589c678)
2026-07-31 04:03:08,688 | INFO    | molsanity | Loaded BBBP: 2039 graphs, checksum 37d8fa85e636
2026-07-31 04:03:19,050 | INFO    | molsanity | Saved early checkpoint @epoch 30 -> mpnn_cbde56b6ef4b9bd1_early.pt
2026-07-31 04:04:01,838 | INFO    | molsanity | Training done: best val_acc=0.944 @epoch 146 | test_acc=0.845 test_auc=0.899 T=0.769
2026-07-31 04:04:01,864 | INFO    | molsanity | Saved checkpoint mpnn_cbde56b6ef4b9bd1.pt
2026-07-31 04:04:01,952 | ERROR   | molsanity | [cell BBBP__MPNN__IntegratedGradients__random__seed2] FAILED — index 1 is out of bounds for dimension 0 with size 1 (traceback -> logs/error_BBBP__MPNN__IntegratedGradients__random__seed2_20260731_005714.log)
2026-07-31 04:04:01,972 | INFO    | molsanity | [stage cell_BBBP__AttentiveFP__IntegratedGradients__scaffold__seed0] running (9e1df31e6d538da3)
2026-07-31 04:04:02,450 | INFO    | molsanity | Loaded BBBP: 2039 graphs, checksum 37d8fa85e636
2026-07-31 04:04:06,009 | INFO    | molsanity | class-aware split: moved scaffold group (1 mols, class 0) from train to val for coverage
2026-07-31 04:04:06,010 | INFO    | molsanity | class-aware split: moved scaffold group (1 mols, class 0) from train to test for coverage
2026-07-31 04:04:06,010 | INFO    | molsanity | Scaffold split: 2038 scaffolds -> train 1221 / val 204 / test 614
2026-07-31 04:04:06,511 | INFO    | molsanity | Loaded existing checkpoint attentivefp_edbf3eb9f79c130a.pt
2026-07-31 04:04:07,056 | ERROR   | molsanity | [cell BBBP__AttentiveFP__IntegratedGradients__scaffold__seed0] FAILED — index 1 is out of bounds for dimension 0 with size 1 (traceback -> logs/error_BBBP__AttentiveFP__IntegratedGradients__scaffold__seed0_20260731_005714.log)
2026-07-31 04:04:07,073 | INFO    | molsanity | [stage cell_BBBP__AttentiveFP__IntegratedGradients__scaffold__seed1] running (e1d7e57e973ad2b4)
2026-07-31 04:04:07,385 | INFO    | molsanity | Loaded BBBP: 2039 graphs, checksum 37d8fa85e636
2026-07-31 04:04:10,668 | INFO    | molsanity | class-aware split: moved scaffold group (1 mols, class 0) from train to val for coverage
2026-07-31 04:04:10,669 | INFO    | molsanity | class-aware split: moved scaffold group (1 mols, class 0) from train to test for coverage
2026-07-31 04:04:10,670 | INFO    | molsanity | Scaffold split: 2038 scaffolds -> train 1221 / val 204 / test 614
2026-07-31 04:04:31,401 | INFO    | molsanity | Saved early checkpoint @epoch 30 -> attentivefp_709e1cf3ffbb1a86_early.pt
2026-07-31 04:05:48,776 | INFO    | molsanity | Training done: best val_acc=0.980 @epoch 107 | test_acc=0.930 test_auc=0.900 T=0.558
2026-07-31 04:05:48,793 | INFO    | molsanity | Saved checkpoint attentivefp_709e1cf3ffbb1a86.pt
2026-07-31 04:05:48,857 | ERROR   | molsanity | [cell BBBP__AttentiveFP__IntegratedGradients__scaffold__seed1] FAILED — index 1 is out of bounds for dimension 0 with size 1 (traceback -> logs/error_BBBP__AttentiveFP__IntegratedGradients__scaffold__seed1_20260731_005714.log)
2026-07-31 04:05:48,872 | INFO    | molsanity | [stage cell_BBBP__AttentiveFP__IntegratedGradients__scaffold__seed2] running (a17cbb33efdc8b39)
2026-07-31 04:05:49,304 | INFO    | molsanity | Loaded BBBP: 2039 graphs, checksum 37d8fa85e636
2026-07-31 04:05:53,818 | INFO    | molsanity | class-aware split: moved scaffold group (1 mols, class 0) from train to val for coverage
2026-07-31 04:05:53,819 | INFO    | molsanity | class-aware split: moved scaffold group (1 mols, class 0) from train to test for coverage
2026-07-31 04:05:53,819 | INFO    | molsanity | Scaffold split: 2038 scaffolds -> train 1221 / val 204 / test 614
2026-07-31 04:06:13,129 | INFO    | molsanity | Saved early checkpoint @epoch 30 -> attentivefp_eef5378af51a2f53_early.pt
2026-07-31 04:07:31,608 | INFO    | molsanity | Training done: best val_acc=0.980 @epoch 134 | test_acc=0.956 test_auc=0.959 T=0.320
2026-07-31 04:07:31,625 | INFO    | molsanity | Saved checkpoint attentivefp_eef5378af51a2f53.pt
2026-07-31 04:07:31,685 | ERROR   | molsanity | [cell BBBP__AttentiveFP__IntegratedGradients__scaffold__seed2] FAILED — index 1 is out of bounds for dimension 0 with size 1 (traceback -> logs/error_BBBP__AttentiveFP__IntegratedGradients__scaffold__seed2_20260731_005714.log)
2026-07-31 04:07:31,701 | INFO    | molsanity | [stage cell_BBBP__AttentiveFP__IntegratedGradients__random__seed0] running (8d98cabf852eacf9)
2026-07-31 04:07:32,007 | INFO    | molsanity | Loaded BBBP: 2039 graphs, checksum 37d8fa85e636
2026-07-31 04:07:32,562 | INFO    | molsanity | Loaded existing checkpoint attentivefp_82744bcba3c1d6f0.pt
2026-07-31 04:07:33,034 | ERROR   | molsanity | [cell BBBP__AttentiveFP__IntegratedGradients__random__seed0] FAILED — index 1 is out of bounds for dimension 0 with size 1 (traceback -> logs/error_BBBP__AttentiveFP__IntegratedGradients__random__seed0_20260731_005714.log)
2026-07-31 04:07:33,049 | INFO    | molsanity | [stage cell_BBBP__AttentiveFP__IntegratedGradients__random__seed1] running (5d8e710bfc70d62c)
2026-07-31 04:07:33,395 | INFO    | molsanity | Loaded BBBP: 2039 graphs, checksum 37d8fa85e636
2026-07-31 04:07:54,505 | INFO    | molsanity | Saved early checkpoint @epoch 30 -> attentivefp_aa29399fcb6745f0_early.pt
2026-07-31 04:09:12,098 | INFO    | molsanity | Training done: best val_acc=0.887 @epoch 116 | test_acc=0.865 test_auc=0.913 T=0.910
2026-07-31 04:09:12,113 | INFO    | molsanity | Saved checkpoint attentivefp_aa29399fcb6745f0.pt
2026-07-31 04:09:12,176 | ERROR   | molsanity | [cell BBBP__AttentiveFP__IntegratedGradients__random__seed1] FAILED — index 1 is out of bounds for dimension 0 with size 1 (traceback -> logs/error_BBBP__AttentiveFP__IntegratedGradients__random__seed1_20260731_005714.log)
2026-07-31 04:09:12,191 | INFO    | molsanity | [stage cell_BBBP__AttentiveFP__IntegratedGradients__random__seed2] running (ee8a665c47fe21d0)
2026-07-31 04:09:12,501 | INFO    | molsanity | Loaded BBBP: 2039 graphs, checksum 37d8fa85e636
2026-07-31 04:09:32,522 | INFO    | molsanity | Saved early checkpoint @epoch 30 -> attentivefp_21a36ead4b538703_early.pt
2026-07-31 04:10:49,463 | INFO    | molsanity | Training done: best val_acc=0.890 @epoch 142 | test_acc=0.840 test_auc=0.885 T=0.941
2026-07-31 04:10:49,492 | INFO    | molsanity | Saved checkpoint attentivefp_21a36ead4b538703.pt
2026-07-31 04:10:49,553 | ERROR   | molsanity | [cell BBBP__AttentiveFP__IntegratedGradients__random__seed2] FAILED — index 1 is out of bounds for dimension 0 with size 1 (traceback -> logs/error_BBBP__AttentiveFP__IntegratedGradients__random__seed2_20260731_005714.log)
2026-07-31 04:10:49,577 | INFO    | molsanity | [stage cell_BBBP__GINE__GNNExplainer__scaffold__seed0] running (f264ebddc7c8550a)
2026-07-31 04:10:49,909 | INFO    | molsanity | Loaded BBBP: 2039 graphs, checksum 37d8fa85e636
2026-07-31 04:10:54,575 | INFO    | molsanity | class-aware split: moved scaffold group (1 mols, class 0) from train to val for coverage
2026-07-31 04:10:54,576 | INFO    | molsanity | class-aware split: moved scaffold group (1 mols, class 0) from train to test for coverage
2026-07-31 04:10:54,576 | INFO    | molsanity | Scaffold split: 2038 scaffolds -> train 1221 / val 204 / test 614
2026-07-31 04:10:54,597 | INFO    | molsanity | Loaded existing checkpoint gine_5281be77a9e8e1fc.pt
2026-07-31 04:16:43,274 | INFO    | molsanity | Wrote GT-validation figure: artifacts/figures/BBBP__GINE__GNNExplainer__scaffold/gt_validation.pdf (+ .svg)
2026-07-31 04:16:43,623 | INFO    | molsanity | Wrote molecule attribution SVG: artifacts/figures/BBBP__GINE__GNNExplainer__scaffold/case_molecule.svg (GT atoms: [])
2026-07-31 04:16:44,464 | INFO    | molsanity | [cell BBBP__GINE__GNNExplainer__scaffold__seed0] DONE — acc=0.92 gt_auroc=nan n=200 (capped)
2026-07-31 04:16:44,473 | INFO    | molsanity | [stage cell_BBBP__GINE__GNNExplainer__scaffold__seed1] running (18ce643f4b91e756)
2026-07-31 04:16:44,787 | INFO    | molsanity | Loaded BBBP: 2039 graphs, checksum 37d8fa85e636
2026-07-31 04:16:47,971 | INFO    | molsanity | class-aware split: moved scaffold group (1 mols, class 0) from train to val for coverage
2026-07-31 04:16:47,972 | INFO    | molsanity | class-aware split: moved scaffold group (1 mols, class 0) from train to test for coverage
2026-07-31 04:16:47,972 | INFO    | molsanity | Scaffold split: 2038 scaffolds -> train 1221 / val 204 / test 614
2026-07-31 04:16:47,994 | INFO    | molsanity | Loaded existing checkpoint gine_ba47c6df3e15116b.pt
2026-07-31 04:22:38,171 | INFO    | molsanity | Wrote GT-validation figure: artifacts/figures/BBBP__GINE__GNNExplainer__scaffold/gt_validation.pdf (+ .svg)
2026-07-31 04:22:38,194 | INFO    | molsanity | Wrote molecule attribution SVG: artifacts/figures/BBBP__GINE__GNNExplainer__scaffold/case_molecule.svg (GT atoms: [])
2026-07-31 04:22:38,242 | INFO    | molsanity | [cell BBBP__GINE__GNNExplainer__scaffold__seed1] DONE — acc=0.72 gt_auroc=nan n=200 (capped)
2026-07-31 04:22:38,250 | INFO    | molsanity | [stage cell_BBBP__GINE__GNNExplainer__scaffold__seed2] running (9be380cdaf32c534)
2026-07-31 04:22:38,566 | INFO    | molsanity | Loaded BBBP: 2039 graphs, checksum 37d8fa85e636
2026-07-31 04:22:42,172 | INFO    | molsanity | class-aware split: moved scaffold group (1 mols, class 0) from train to val for coverage
2026-07-31 04:22:42,173 | INFO    | molsanity | class-aware split: moved scaffold group (1 mols, class 0) from train to test for coverage
2026-07-31 04:22:42,173 | INFO    | molsanity | Scaffold split: 2038 scaffolds -> train 1221 / val 204 / test 614
2026-07-31 04:22:42,199 | INFO    | molsanity | Loaded existing checkpoint gine_34584b44d53a42a9.pt
2026-07-31 04:28:42,056 | INFO    | molsanity | Wrote GT-validation figure: artifacts/figures/BBBP__GINE__GNNExplainer__scaffold/gt_validation.pdf (+ .svg)
2026-07-31 04:28:42,066 | INFO    | molsanity | Wrote molecule attribution SVG: artifacts/figures/BBBP__GINE__GNNExplainer__scaffold/case_molecule.svg (GT atoms: [])
2026-07-31 04:28:42,112 | INFO    | molsanity | [cell BBBP__GINE__GNNExplainer__scaffold__seed2] DONE — acc=0.84 gt_auroc=nan n=200 (capped)
2026-07-31 04:28:42,132 | INFO    | molsanity | [stage cell_BBBP__GINE__GNNExplainer__random__seed0] running (749f28a040b20fc0)
2026-07-31 04:28:42,440 | INFO    | molsanity | Loaded BBBP: 2039 graphs, checksum 37d8fa85e636
2026-07-31 04:28:42,509 | INFO    | molsanity | Loaded existing checkpoint gine_81524887c7adee3c.pt
2026-07-31 04:34:33,795 | INFO    | molsanity | Wrote GT-validation figure: artifacts/figures/BBBP__GINE__GNNExplainer__random/gt_validation.pdf (+ .svg)
2026-07-31 04:34:34,161 | INFO    | molsanity | Wrote molecule attribution SVG: artifacts/figures/BBBP__GINE__GNNExplainer__random/case_molecule.svg (GT atoms: [])
2026-07-31 04:34:34,939 | INFO    | molsanity | [cell BBBP__GINE__GNNExplainer__random__seed0] DONE — acc=0.74 gt_auroc=nan n=200 (capped)
2026-07-31 04:34:34,948 | INFO    | molsanity | [stage cell_BBBP__GINE__GNNExplainer__random__seed1] running (f3100ac4ad9626d7)
2026-07-31 04:34:35,262 | INFO    | molsanity | Loaded BBBP: 2039 graphs, checksum 37d8fa85e636
2026-07-31 04:34:35,329 | INFO    | molsanity | Loaded existing checkpoint gine_fbfa4ff78a93a73e.pt
2026-07-31 04:40:37,120 | INFO    | molsanity | Wrote GT-validation figure: artifacts/figures/BBBP__GINE__GNNExplainer__random/gt_validation.pdf (+ .svg)
2026-07-31 04:40:37,130 | INFO    | molsanity | Wrote molecule attribution SVG: artifacts/figures/BBBP__GINE__GNNExplainer__random/case_molecule.svg (GT atoms: [])
2026-07-31 04:40:37,177 | INFO    | molsanity | [cell BBBP__GINE__GNNExplainer__random__seed1] DONE — acc=0.76 gt_auroc=nan n=200 (capped)
2026-07-31 04:40:37,187 | INFO    | molsanity | [stage cell_BBBP__GINE__GNNExplainer__random__seed2] running (5a5bff4e1e597a0b)
2026-07-31 04:40:37,501 | INFO    | molsanity | Loaded BBBP: 2039 graphs, checksum 37d8fa85e636
2026-07-31 04:40:37,562 | INFO    | molsanity | Loaded existing checkpoint gine_055141d997e01cb6.pt
2026-07-31 04:46:37,851 | INFO    | molsanity | Wrote GT-validation figure: artifacts/figures/BBBP__GINE__GNNExplainer__random/gt_validation.pdf (+ .svg)
2026-07-31 04:46:37,863 | INFO    | molsanity | Wrote molecule attribution SVG: artifacts/figures/BBBP__GINE__GNNExplainer__random/case_molecule.svg (GT atoms: [])
2026-07-31 04:46:37,923 | INFO    | molsanity | [cell BBBP__GINE__GNNExplainer__random__seed2] DONE — acc=0.69 gt_auroc=nan n=200 (capped)
2026-07-31 04:46:37,934 | INFO    | molsanity | [stage cell_BBBP__GINE__PGExplainer__scaffold__seed0] running (f732ab9edb07e060)
2026-07-31 04:46:38,511 | INFO    | molsanity | Loaded BBBP: 2039 graphs, checksum 37d8fa85e636
2026-07-31 04:46:43,333 | INFO    | molsanity | class-aware split: moved scaffold group (1 mols, class 0) from train to val for coverage
2026-07-31 04:46:43,334 | INFO    | molsanity | class-aware split: moved scaffold group (1 mols, class 0) from train to test for coverage
2026-07-31 04:46:43,335 | INFO    | molsanity | Scaffold split: 2038 scaffolds -> train 1221 / val 204 / test 614
2026-07-31 04:46:43,359 | INFO    | molsanity | Loaded existing checkpoint gine_5281be77a9e8e1fc.pt
2026-07-31 04:48:39,979 | INFO    | molsanity | PGExplainer trained on 200 graphs (30 epochs), final loss 0.8929
2026-07-31 04:49:50,885 | INFO    | molsanity | PGExplainer trained on 200 graphs (30 epochs), final loss 0.6075
2026-07-31 04:49:58,547 | INFO    | molsanity | Wrote GT-validation figure: artifacts/figures/BBBP__GINE__PGExplainer__scaffold/gt_validation.pdf (+ .svg)
2026-07-31 04:49:58,841 | INFO    | molsanity | Wrote molecule attribution SVG: artifacts/figures/BBBP__GINE__PGExplainer__scaffold/case_molecule.svg (GT atoms: [])
2026-07-31 04:49:59,497 | INFO    | molsanity | [cell BBBP__GINE__PGExplainer__scaffold__seed0] DONE — acc=0.92 gt_auroc=nan n=200 (capped)
2026-07-31 04:49:59,513 | INFO    | molsanity | [stage cell_BBBP__GINE__PGExplainer__scaffold__seed1] running (73761a27865507dd)
2026-07-31 04:50:00,039 | INFO    | molsanity | Loaded BBBP: 2039 graphs, checksum 37d8fa85e636
2026-07-31 04:50:03,297 | INFO    | molsanity | class-aware split: moved scaffold group (1 mols, class 0) from train to val for coverage
2026-07-31 04:50:03,297 | INFO    | molsanity | class-aware split: moved scaffold group (1 mols, class 0) from train to test for coverage
2026-07-31 04:50:03,298 | INFO    | molsanity | Scaffold split: 2038 scaffolds -> train 1221 / val 204 / test 614
2026-07-31 04:50:03,319 | INFO    | molsanity | Loaded existing checkpoint gine_ba47c6df3e15116b.pt
2026-07-31 04:51:58,123 | INFO    | molsanity | PGExplainer trained on 200 graphs (30 epochs), final loss 0.4465
2026-07-31 04:53:07,973 | INFO    | molsanity | PGExplainer trained on 200 graphs (30 epochs), final loss 0.4578
2026-07-31 04:53:15,211 | INFO    | molsanity | Wrote GT-validation figure: artifacts/figures/BBBP__GINE__PGExplainer__scaffold/gt_validation.pdf (+ .svg)
2026-07-31 04:53:15,221 | INFO    | molsanity | Wrote molecule attribution SVG: artifacts/figures/BBBP__GINE__PGExplainer__scaffold/case_molecule.svg (GT atoms: [])
2026-07-31 04:53:15,279 | INFO    | molsanity | [cell BBBP__GINE__PGExplainer__scaffold__seed1] DONE — acc=0.72 gt_auroc=nan n=200 (capped)
2026-07-31 04:53:15,290 | INFO    | molsanity | [stage cell_BBBP__GINE__PGExplainer__scaffold__seed2] running (537bcd3b67d1ef35)
2026-07-31 04:53:15,783 | INFO    | molsanity | Loaded BBBP: 2039 graphs, checksum 37d8fa85e636
2026-07-31 04:53:19,478 | INFO    | molsanity | class-aware split: moved scaffold group (1 mols, class 0) from train to val for coverage
2026-07-31 04:53:19,479 | INFO    | molsanity | class-aware split: moved scaffold group (1 mols, class 0) from train to test for coverage
2026-07-31 04:53:19,479 | INFO    | molsanity | Scaffold split: 2038 scaffolds -> train 1221 / val 204 / test 614
2026-07-31 04:53:19,503 | INFO    | molsanity | Loaded existing checkpoint gine_34584b44d53a42a9.pt
2026-07-31 04:55:14,737 | INFO    | molsanity | PGExplainer trained on 200 graphs (30 epochs), final loss 0.3744
2026-07-31 04:56:23,397 | INFO    | molsanity | PGExplainer trained on 200 graphs (30 epochs), final loss 0.5870
2026-07-31 04:56:29,830 | INFO    | molsanity | Wrote GT-validation figure: artifacts/figures/BBBP__GINE__PGExplainer__scaffold/gt_validation.pdf (+ .svg)
2026-07-31 04:56:29,844 | INFO    | molsanity | Wrote molecule attribution SVG: artifacts/figures/BBBP__GINE__PGExplainer__scaffold/case_molecule.svg (GT atoms: [])
2026-07-31 04:56:29,923 | INFO    | molsanity | [cell BBBP__GINE__PGExplainer__scaffold__seed2] DONE — acc=0.84 gt_auroc=nan n=200 (capped)
2026-07-31 04:56:29,934 | INFO    | molsanity | [stage cell_BBBP__GINE__PGExplainer__random__seed0] running (083dc79dabd290f7)
2026-07-31 04:56:30,434 | INFO    | molsanity | Loaded BBBP: 2039 graphs, checksum 37d8fa85e636
2026-07-31 04:56:30,528 | INFO    | molsanity | Loaded existing checkpoint gine_81524887c7adee3c.pt
2026-07-31 04:58:25,043 | INFO    | molsanity | PGExplainer trained on 200 graphs (30 epochs), final loss 0.7641
2026-07-31 04:59:32,530 | INFO    | molsanity | PGExplainer trained on 200 graphs (30 epochs), final loss 0.7297
2026-07-31 04:59:40,283 | INFO    | molsanity | Wrote GT-validation figure: artifacts/figures/BBBP__GINE__PGExplainer__random/gt_validation.pdf (+ .svg)
2026-07-31 04:59:40,610 | INFO    | molsanity | Wrote molecule attribution SVG: artifacts/figures/BBBP__GINE__PGExplainer__random/case_molecule.svg (GT atoms: [])
2026-07-31 04:59:41,314 | INFO    | molsanity | [cell BBBP__GINE__PGExplainer__random__seed0] DONE — acc=0.74 gt_auroc=nan n=200 (capped)
2026-07-31 04:59:41,323 | INFO    | molsanity | [stage cell_BBBP__GINE__PGExplainer__random__seed1] running (0bde44ef776b9bbb)
2026-07-31 04:59:41,902 | INFO    | molsanity | Loaded BBBP: 2039 graphs, checksum 37d8fa85e636
2026-07-31 04:59:41,962 | INFO    | molsanity | Loaded existing checkpoint gine_fbfa4ff78a93a73e.pt
2026-07-31 05:01:36,015 | INFO    | molsanity | PGExplainer trained on 200 graphs (30 epochs), final loss 0.8210
2026-07-31 05:02:44,938 | INFO    | molsanity | PGExplainer trained on 200 graphs (30 epochs), final loss 0.5342
2026-07-31 05:02:52,373 | INFO    | molsanity | Wrote GT-validation figure: artifacts/figures/BBBP__GINE__PGExplainer__random/gt_validation.pdf (+ .svg)
2026-07-31 05:02:52,386 | INFO    | molsanity | Wrote molecule attribution SVG: artifacts/figures/BBBP__GINE__PGExplainer__random/case_molecule.svg (GT atoms: [])
2026-07-31 05:02:52,436 | INFO    | molsanity | [cell BBBP__GINE__PGExplainer__random__seed1] DONE — acc=0.76 gt_auroc=nan n=200 (capped)
2026-07-31 05:02:52,445 | INFO    | molsanity | [stage cell_BBBP__GINE__PGExplainer__random__seed2] running (be6ed06a29938302)
2026-07-31 05:02:52,778 | INFO    | molsanity | Loaded BBBP: 2039 graphs, checksum 37d8fa85e636
2026-07-31 05:02:52,842 | INFO    | molsanity | Loaded existing checkpoint gine_055141d997e01cb6.pt
2026-07-31 05:04:48,969 | INFO    | molsanity | PGExplainer trained on 200 graphs (30 epochs), final loss 0.3334
2026-07-31 05:05:58,855 | INFO    | molsanity | PGExplainer trained on 200 graphs (30 epochs), final loss 0.7654
2026-07-31 05:06:05,430 | INFO    | molsanity | Wrote GT-validation figure: artifacts/figures/BBBP__GINE__PGExplainer__random/gt_validation.pdf (+ .svg)
2026-07-31 05:06:05,442 | INFO    | molsanity | Wrote molecule attribution SVG: artifacts/figures/BBBP__GINE__PGExplainer__random/case_molecule.svg (GT atoms: [])
2026-07-31 05:06:05,511 | INFO    | molsanity | [cell BBBP__GINE__PGExplainer__random__seed2] DONE — acc=0.69 gt_auroc=nan n=200 (capped)
2026-07-31 05:06:05,521 | INFO    | molsanity | [stage cell_BACE__GINE__IntegratedGradients__scaffold__seed0] running (408fc2613238de38)
2026-07-31 05:06:08,778 | INFO    | molsanity | BACE checksum recorded: a4e30c60ce22
2026-07-31 05:06:08,778 | INFO    | molsanity | Loaded BACE: 1513 graphs, checksum a4e30c60ce22
2026-07-31 05:06:11,868 | INFO    | molsanity | class-aware split: moved scaffold group (1 mols, class 1) from train to val for coverage
2026-07-31 05:06:11,869 | INFO    | molsanity | class-aware split: moved scaffold group (1 mols, class 1) from train to test for coverage
2026-07-31 05:06:11,869 | INFO    | molsanity | Scaffold split: 1513 scaffolds -> train 905 / val 152 / test 456
2026-07-31 05:06:12,484 | INFO    | molsanity | Loaded existing checkpoint gine_5281be77a9e8e1fc.pt
2026-07-31 05:06:12,816 | ERROR   | molsanity | [cell BACE__GINE__IntegratedGradients__scaffold__seed0] FAILED — index 1 is out of bounds for dimension 0 with size 1 (traceback -> logs/error_BACE__GINE__IntegratedGradients__scaffold__seed0_20260731_005714.log)
2026-07-31 05:06:12,831 | INFO    | molsanity | [stage cell_BACE__GINE__IntegratedGradients__scaffold__seed1] running (f1d1aa06b3c23088)
2026-07-31 05:06:13,090 | INFO    | molsanity | Loaded BACE: 1513 graphs, checksum a4e30c60ce22
2026-07-31 05:06:16,040 | INFO    | molsanity | class-aware split: moved scaffold group (1 mols, class 1) from train to val for coverage
2026-07-31 05:06:16,041 | INFO    | molsanity | class-aware split: moved scaffold group (1 mols, class 1) from train to test for coverage
2026-07-31 05:06:16,041 | INFO    | molsanity | Scaffold split: 1513 scaffolds -> train 905 / val 152 / test 456
2026-07-31 05:06:23,633 | INFO    | molsanity | Saved early checkpoint @epoch 30 -> gine_ba47c6df3e15116b_early.pt
2026-07-31 05:06:51,476 | INFO    | molsanity | Training done: best val_acc=0.477 @epoch 79 | test_acc=0.836 test_auc=0.332 T=0.335
2026-07-31 05:06:51,492 | INFO    | molsanity | Saved checkpoint gine_ba47c6df3e15116b.pt
2026-07-31 05:06:51,539 | ERROR   | molsanity | [cell BACE__GINE__IntegratedGradients__scaffold__seed1] FAILED — index 1 is out of bounds for dimension 0 with size 1 (traceback -> logs/error_BACE__GINE__IntegratedGradients__scaffold__seed1_20260731_005714.log)
2026-07-31 05:06:51,553 | INFO    | molsanity | [stage cell_BACE__GINE__IntegratedGradients__scaffold__seed2] running (4b021f736152aa3f)
2026-07-31 05:06:51,822 | INFO    | molsanity | Loaded BACE: 1513 graphs, checksum a4e30c60ce22
2026-07-31 05:06:54,764 | INFO    | molsanity | class-aware split: moved scaffold group (1 mols, class 1) from train to val for coverage
2026-07-31 05:06:54,765 | INFO    | molsanity | class-aware split: moved scaffold group (1 mols, class 1) from train to test for coverage
2026-07-31 05:06:54,765 | INFO    | molsanity | Scaffold split: 1513 scaffolds -> train 905 / val 152 / test 456
2026-07-31 05:07:01,882 | INFO    | molsanity | Saved early checkpoint @epoch 30 -> gine_34584b44d53a42a9_early.pt
2026-07-31 05:07:30,992 | INFO    | molsanity | Training done: best val_acc=0.821 @epoch 1 | test_acc=0.002 test_auc=0.105 T=10.000
2026-07-31 05:07:31,016 | INFO    | molsanity | Saved checkpoint gine_34584b44d53a42a9.pt
2026-07-31 05:07:31,110 | ERROR   | molsanity | [cell BACE__GINE__IntegratedGradients__scaffold__seed2] FAILED — index 1 is out of bounds for dimension 0 with size 1 (traceback -> logs/error_BACE__GINE__IntegratedGradients__scaffold__seed2_20260731_005714.log)
2026-07-31 05:07:31,132 | INFO    | molsanity | [stage cell_BACE__GINE__IntegratedGradients__random__seed0] running (62bd5c98b624d17b)
2026-07-31 05:07:31,440 | INFO    | molsanity | Loaded BACE: 1513 graphs, checksum a4e30c60ce22
2026-07-31 05:07:31,908 | INFO    | molsanity | Loaded existing checkpoint gine_81524887c7adee3c.pt
2026-07-31 05:07:32,392 | ERROR   | molsanity | [cell BACE__GINE__IntegratedGradients__random__seed0] FAILED — index 1 is out of bounds for dimension 0 with size 1 (traceback -> logs/error_BACE__GINE__IntegratedGradients__random__seed0_20260731_005714.log)
2026-07-31 05:07:32,409 | INFO    | molsanity | [stage cell_BACE__GINE__IntegratedGradients__random__seed1] running (ef321e57338855b1)
2026-07-31 05:07:32,670 | INFO    | molsanity | Loaded BACE: 1513 graphs, checksum a4e30c60ce22
2026-07-31 05:07:39,258 | INFO    | molsanity | Saved early checkpoint @epoch 30 -> gine_fbfa4ff78a93a73e_early.pt
2026-07-31 05:08:07,781 | INFO    | molsanity | Training done: best val_acc=0.831 @epoch 125 | test_acc=0.741 test_auc=0.797 T=1.611
2026-07-31 05:08:07,800 | INFO    | molsanity | Saved checkpoint gine_fbfa4ff78a93a73e.pt
2026-07-31 05:08:07,851 | ERROR   | molsanity | [cell BACE__GINE__IntegratedGradients__random__seed1] FAILED — index 1 is out of bounds for dimension 0 with size 1 (traceback -> logs/error_BACE__GINE__IntegratedGradients__random__seed1_20260731_005714.log)
2026-07-31 05:08:07,867 | INFO    | molsanity | [stage cell_BACE__GINE__IntegratedGradients__random__seed2] running (616493c37b3a4b48)
2026-07-31 05:08:08,111 | INFO    | molsanity | Loaded BACE: 1513 graphs, checksum a4e30c60ce22
2026-07-31 05:08:15,865 | INFO    | molsanity | Saved early checkpoint @epoch 30 -> gine_055141d997e01cb6_early.pt
2026-07-31 05:08:44,892 | INFO    | molsanity | Training done: best val_acc=0.841 @epoch 118 | test_acc=0.754 test_auc=0.820 T=1.688
2026-07-31 05:08:44,910 | INFO    | molsanity | Saved checkpoint gine_055141d997e01cb6.pt
2026-07-31 05:08:44,961 | ERROR   | molsanity | [cell BACE__GINE__IntegratedGradients__random__seed2] FAILED — index 1 is out of bounds for dimension 0 with size 1 (traceback -> logs/error_BACE__GINE__IntegratedGradients__random__seed2_20260731_005714.log)
2026-07-31 05:08:44,975 | INFO    | molsanity | [stage cell_BACE__GCN__IntegratedGradients__scaffold__seed0] running (94578c99cbad8048)
2026-07-31 05:08:45,225 | INFO    | molsanity | Loaded BACE: 1513 graphs, checksum a4e30c60ce22
2026-07-31 05:08:48,188 | INFO    | molsanity | class-aware split: moved scaffold group (1 mols, class 1) from train to val for coverage
2026-07-31 05:08:48,189 | INFO    | molsanity | class-aware split: moved scaffold group (1 mols, class 1) from train to test for coverage
2026-07-31 05:08:48,189 | INFO    | molsanity | Scaffold split: 1513 scaffolds -> train 905 / val 152 / test 456
2026-07-31 05:08:48,476 | INFO    | molsanity | Loaded existing checkpoint gcn_d9216bef68cf8971.pt
2026-07-31 05:08:49,010 | ERROR   | molsanity | [cell BACE__GCN__IntegratedGradients__scaffold__seed0] FAILED — index 1 is out of bounds for dimension 0 with size 1 (traceback -> logs/error_BACE__GCN__IntegratedGradients__scaffold__seed0_20260731_005714.log)
2026-07-31 05:08:49,025 | INFO    | molsanity | [stage cell_BACE__GCN__IntegratedGradients__scaffold__seed1] running (8dbd914e826c95d3)
2026-07-31 05:08:49,275 | INFO    | molsanity | Loaded BACE: 1513 graphs, checksum a4e30c60ce22
2026-07-31 05:08:53,157 | INFO    | molsanity | class-aware split: moved scaffold group (1 mols, class 1) from train to val for coverage
2026-07-31 05:08:53,158 | INFO    | molsanity | class-aware split: moved scaffold group (1 mols, class 1) from train to test for coverage
2026-07-31 05:08:53,159 | INFO    | molsanity | Scaffold split: 1513 scaffolds -> train 905 / val 152 / test 456
2026-07-31 05:09:00,240 | INFO    | molsanity | Saved early checkpoint @epoch 30 -> gcn_5cbb4655d5b6f29c_early.pt
2026-07-31 05:09:30,079 | INFO    | molsanity | Training done: best val_acc=0.649 @epoch 103 | test_acc=0.537 test_auc=0.233 T=1.965
2026-07-31 05:09:30,092 | INFO    | molsanity | Saved checkpoint gcn_5cbb4655d5b6f29c.pt
2026-07-31 05:09:30,143 | ERROR   | molsanity | [cell BACE__GCN__IntegratedGradients__scaffold__seed1] FAILED — index 1 is out of bounds for dimension 0 with size 1 (traceback -> logs/error_BACE__GCN__IntegratedGradients__scaffold__seed1_20260731_005714.log)
2026-07-31 05:09:30,157 | INFO    | molsanity | [stage cell_BACE__GCN__IntegratedGradients__scaffold__seed2] running (b5b12add9489f05e)
2026-07-31 05:09:30,399 | INFO    | molsanity | Loaded BACE: 1513 graphs, checksum a4e30c60ce22
2026-07-31 05:09:34,019 | INFO    | molsanity | class-aware split: moved scaffold group (1 mols, class 1) from train to val for coverage
2026-07-31 05:09:34,020 | INFO    | molsanity | class-aware split: moved scaffold group (1 mols, class 1) from train to test for coverage
2026-07-31 05:09:34,020 | INFO    | molsanity | Scaffold split: 1513 scaffolds -> train 905 / val 152 / test 456
2026-07-31 05:09:41,611 | INFO    | molsanity | Saved early checkpoint @epoch 30 -> gcn_f99d3aae04bdd733_early.pt
2026-07-31 05:10:11,455 | INFO    | molsanity | Training done: best val_acc=0.728 @epoch 144 | test_acc=0.914 test_auc=0.160 T=0.417
2026-07-31 05:10:11,469 | INFO    | molsanity | Saved checkpoint gcn_f99d3aae04bdd733.pt
2026-07-31 05:10:11,520 | ERROR   | molsanity | [cell BACE__GCN__IntegratedGradients__scaffold__seed2] FAILED — index 1 is out of bounds for dimension 0 with size 1 (traceback -> logs/error_BACE__GCN__IntegratedGradients__scaffold__seed2_20260731_005714.log)
2026-07-31 05:10:11,536 | INFO    | molsanity | [stage cell_BACE__GCN__IntegratedGradients__random__seed0] running (50b899accda5e601)
2026-07-31 05:10:11,810 | INFO    | molsanity | Loaded BACE: 1513 graphs, checksum a4e30c60ce22
2026-07-31 05:10:12,304 | INFO    | molsanity | Loaded existing checkpoint gcn_604a180f83e0893f.pt
2026-07-31 05:10:12,705 | ERROR   | molsanity | [cell BACE__GCN__IntegratedGradients__random__seed0] FAILED — index 1 is out of bounds for dimension 0 with size 1 (traceback -> logs/error_BACE__GCN__IntegratedGradients__random__seed0_20260731_005714.log)
2026-07-31 05:10:12,722 | INFO    | molsanity | [stage cell_BACE__GCN__IntegratedGradients__random__seed1] running (5a3b30e5ac79122c)
2026-07-31 05:10:13,223 | INFO    | molsanity | Loaded BACE: 1513 graphs, checksum a4e30c60ce22
2026-07-31 05:10:21,072 | INFO    | molsanity | Saved early checkpoint @epoch 30 -> gcn_dad5f21f0dee0734_early.pt
2026-07-31 05:10:50,793 | INFO    | molsanity | Training done: best val_acc=0.804 @epoch 134 | test_acc=0.719 test_auc=0.797 T=1.505
2026-07-31 05:10:50,806 | INFO    | molsanity | Saved checkpoint gcn_dad5f21f0dee0734.pt
2026-07-31 05:10:50,859 | ERROR   | molsanity | [cell BACE__GCN__IntegratedGradients__random__seed1] FAILED — index 1 is out of bounds for dimension 0 with size 1 (traceback -> logs/error_BACE__GCN__IntegratedGradients__random__seed1_20260731_005714.log)
2026-07-31 05:10:50,875 | INFO    | molsanity | [stage cell_BACE__GCN__IntegratedGradients__random__seed2] running (097457d8917f414d)
2026-07-31 05:10:51,122 | INFO    | molsanity | Loaded BACE: 1513 graphs, checksum a4e30c60ce22
2026-07-31 05:10:58,804 | INFO    | molsanity | Saved early checkpoint @epoch 30 -> gcn_d6a5270b7d695768_early.pt
2026-07-31 05:11:28,571 | INFO    | molsanity | Training done: best val_acc=0.851 @epoch 133 | test_acc=0.736 test_auc=0.820 T=0.911
2026-07-31 05:11:28,586 | INFO    | molsanity | Saved checkpoint gcn_d6a5270b7d695768.pt
2026-07-31 05:11:28,642 | ERROR   | molsanity | [cell BACE__GCN__IntegratedGradients__random__seed2] FAILED — index 1 is out of bounds for dimension 0 with size 1 (traceback -> logs/error_BACE__GCN__IntegratedGradients__random__seed2_20260731_005714.log)
2026-07-31 05:11:28,656 | INFO    | molsanity | [stage cell_ESOL__GINE__IntegratedGradients__scaffold__seed0] running (16de47332ba07643)
2026-07-31 05:11:29,679 | INFO    | molsanity | ESOL checksum recorded: 158f23403345
2026-07-31 05:11:29,680 | INFO    | molsanity | Loaded ESOL: 1128 graphs, checksum 158f23403345
2026-07-31 05:11:30,820 | INFO    | molsanity | Scaffold split: 1112 scaffolds -> train 676 / val 112 / test 340
2026-07-31 05:11:31,275 | INFO    | molsanity | Loaded existing checkpoint gine_27781b40d90e5ab7.pt
2026-07-31 05:11:31,687 | ERROR   | molsanity | [cell ESOL__GINE__IntegratedGradients__scaffold__seed0] FAILED — index 1 is out of bounds for dimension 0 with size 1 (traceback -> logs/error_ESOL__GINE__IntegratedGradients__scaffold__seed0_20260731_005714.log)
2026-07-31 05:11:31,701 | INFO    | molsanity | [stage cell_ESOL__GINE__IntegratedGradients__scaffold__seed1] running (3d612503a2d8dc57)
2026-07-31 05:11:31,869 | INFO    | molsanity | Loaded ESOL: 1128 graphs, checksum 158f23403345
2026-07-31 05:11:32,999 | INFO    | molsanity | Scaffold split: 1112 scaffolds -> train 676 / val 112 / test 340
2026-07-31 05:11:37,767 | INFO    | molsanity | Saved early checkpoint @epoch 30 -> gine_2adbbd5eb51a4fdf_early.pt
2026-07-31 05:11:58,249 | INFO    | molsanity | Training done (regression): best val_rmse=0.909 @epoch 128 | test_rmse=0.928 test_r2=0.812
2026-07-31 05:11:58,266 | INFO    | molsanity | Saved checkpoint gine_2adbbd5eb51a4fdf.pt
2026-07-31 05:11:58,320 | ERROR   | molsanity | [cell ESOL__GINE__IntegratedGradients__scaffold__seed1] FAILED — index 1 is out of bounds for dimension 0 with size 1 (traceback -> logs/error_ESOL__GINE__IntegratedGradients__scaffold__seed1_20260731_005714.log)
2026-07-31 05:11:58,340 | INFO    | molsanity | [stage cell_ESOL__GINE__IntegratedGradients__scaffold__seed2] running (9070e8164d679dfe)
2026-07-31 05:11:58,505 | INFO    | molsanity | Loaded ESOL: 1128 graphs, checksum 158f23403345
2026-07-31 05:11:59,635 | INFO    | molsanity | Scaffold split: 1112 scaffolds -> train 676 / val 112 / test 340
2026-07-31 05:12:04,317 | INFO    | molsanity | Saved early checkpoint @epoch 30 -> gine_32503896a011b49e_early.pt
2026-07-31 05:12:25,378 | INFO    | molsanity | Training done (regression): best val_rmse=0.834 @epoch 147 | test_rmse=0.886 test_r2=0.829
2026-07-31 05:12:25,395 | INFO    | molsanity | Saved checkpoint gine_32503896a011b49e.pt
2026-07-31 05:12:25,447 | ERROR   | molsanity | [cell ESOL__GINE__IntegratedGradients__scaffold__seed2] FAILED — index 1 is out of bounds for dimension 0 with size 1 (traceback -> logs/error_ESOL__GINE__IntegratedGradients__scaffold__seed2_20260731_005714.log)
2026-07-31 05:12:25,461 | INFO    | molsanity | [stage cell_ESOL__GINE__IntegratedGradients__random__seed0] running (8218e99ed9c0dc34)
2026-07-31 05:12:25,640 | INFO    | molsanity | Loaded ESOL: 1128 graphs, checksum 158f23403345
2026-07-31 05:12:26,001 | INFO    | molsanity | Loaded existing checkpoint gine_996e9d20884147d8.pt
2026-07-31 05:12:26,510 | ERROR   | molsanity | [cell ESOL__GINE__IntegratedGradients__random__seed0] FAILED — index 1 is out of bounds for dimension 0 with size 1 (traceback -> logs/error_ESOL__GINE__IntegratedGradients__random__seed0_20260731_005714.log)
2026-07-31 05:12:26,535 | INFO    | molsanity | [stage cell_ESOL__GINE__IntegratedGradients__random__seed1] running (d1ad8c89018b0c63)
2026-07-31 05:12:26,718 | INFO    | molsanity | Loaded ESOL: 1128 graphs, checksum 158f23403345
2026-07-31 05:12:31,480 | INFO    | molsanity | Saved early checkpoint @epoch 30 -> gine_966b433d9e1cd093_early.pt
2026-07-31 05:12:52,338 | INFO    | molsanity | Training done (regression): best val_rmse=0.731 @epoch 124 | test_rmse=0.832 test_r2=0.825
2026-07-31 05:12:52,355 | INFO    | molsanity | Saved checkpoint gine_966b433d9e1cd093.pt
2026-07-31 05:12:52,406 | ERROR   | molsanity | [cell ESOL__GINE__IntegratedGradients__random__seed1] FAILED — index 1 is out of bounds for dimension 0 with size 1 (traceback -> logs/error_ESOL__GINE__IntegratedGradients__random__seed1_20260731_005714.log)
2026-07-31 05:12:52,419 | INFO    | molsanity | [stage cell_ESOL__GINE__IntegratedGradients__random__seed2] running (27e8c3ec6510e3be)
2026-07-31 05:12:52,812 | INFO    | molsanity | Loaded ESOL: 1128 graphs, checksum 158f23403345
2026-07-31 05:12:57,459 | INFO    | molsanity | Saved early checkpoint @epoch 30 -> gine_fcb1728d45c914c7_early.pt
2026-07-31 05:13:18,103 | INFO    | molsanity | Training done (regression): best val_rmse=0.834 @epoch 126 | test_rmse=0.879 test_r2=0.833
2026-07-31 05:13:18,120 | INFO    | molsanity | Saved checkpoint gine_fcb1728d45c914c7.pt
2026-07-31 05:13:18,190 | ERROR   | molsanity | [cell ESOL__GINE__IntegratedGradients__random__seed2] FAILED — index 1 is out of bounds for dimension 0 with size 1 (traceback -> logs/error_ESOL__GINE__IntegratedGradients__random__seed2_20260731_005714.log)
2026-07-31 05:13:18,209 | INFO    | molsanity | [stage cell_ESOL__GCN__IntegratedGradients__scaffold__seed0] running (2275fe6ef50f2630)
2026-07-31 05:13:18,493 | INFO    | molsanity | Loaded ESOL: 1128 graphs, checksum 158f23403345
2026-07-31 05:13:19,787 | INFO    | molsanity | Scaffold split: 1112 scaffolds -> train 676 / val 112 / test 340
2026-07-31 05:13:20,061 | INFO    | molsanity | Loaded existing checkpoint gcn_400023f0b0b0ba2e.pt
2026-07-31 05:13:20,799 | ERROR   | molsanity | [cell ESOL__GCN__IntegratedGradients__scaffold__seed0] FAILED — index 1 is out of bounds for dimension 0 with size 1 (traceback -> logs/error_ESOL__GCN__IntegratedGradients__scaffold__seed0_20260731_005714.log)
2026-07-31 05:13:20,814 | INFO    | molsanity | [stage cell_ESOL__GCN__IntegratedGradients__scaffold__seed1] running (34e30510614d8a71)
2026-07-31 05:13:20,981 | INFO    | molsanity | Loaded ESOL: 1128 graphs, checksum 158f23403345
2026-07-31 05:13:22,102 | INFO    | molsanity | Scaffold split: 1112 scaffolds -> train 676 / val 112 / test 340
2026-07-31 05:13:26,855 | INFO    | molsanity | Saved early checkpoint @epoch 30 -> gcn_dc9720a4c13bd126_early.pt
2026-07-31 05:13:47,983 | INFO    | molsanity | Training done (regression): best val_rmse=0.955 @epoch 127 | test_rmse=1.062 test_r2=0.755
2026-07-31 05:13:47,998 | INFO    | molsanity | Saved checkpoint gcn_dc9720a4c13bd126.pt
2026-07-31 05:13:48,047 | ERROR   | molsanity | [cell ESOL__GCN__IntegratedGradients__scaffold__seed1] FAILED — index 1 is out of bounds for dimension 0 with size 1 (traceback -> logs/error_ESOL__GCN__IntegratedGradients__scaffold__seed1_20260731_005714.log)
2026-07-31 05:13:48,061 | INFO    | molsanity | [stage cell_ESOL__GCN__IntegratedGradients__scaffold__seed2] running (ff91c20e85f5322e)
2026-07-31 05:13:48,231 | INFO    | molsanity | Loaded ESOL: 1128 graphs, checksum 158f23403345
2026-07-31 05:13:49,356 | INFO    | molsanity | Scaffold split: 1112 scaffolds -> train 676 / val 112 / test 340
2026-07-31 05:13:54,207 | INFO    | molsanity | Saved early checkpoint @epoch 30 -> gcn_587f291803e01249_early.pt
2026-07-31 05:14:15,894 | INFO    | molsanity | Training done (regression): best val_rmse=0.897 @epoch 136 | test_rmse=0.972 test_r2=0.794
2026-07-31 05:14:15,908 | INFO    | molsanity | Saved checkpoint gcn_587f291803e01249.pt
2026-07-31 05:14:15,968 | ERROR   | molsanity | [cell ESOL__GCN__IntegratedGradients__scaffold__seed2] FAILED — index 1 is out of bounds for dimension 0 with size 1 (traceback -> logs/error_ESOL__GCN__IntegratedGradients__scaffold__seed2_20260731_005714.log)
2026-07-31 05:14:15,981 | INFO    | molsanity | [stage cell_ESOL__GCN__IntegratedGradients__random__seed0] running (640aad6e80e96528)
2026-07-31 05:14:16,149 | INFO    | molsanity | Loaded ESOL: 1128 graphs, checksum 158f23403345
2026-07-31 05:14:16,527 | INFO    | molsanity | Loaded existing checkpoint gcn_fc07e9630fca9be7.pt
2026-07-31 05:14:16,869 | ERROR   | molsanity | [cell ESOL__GCN__IntegratedGradients__random__seed0] FAILED — index 1 is out of bounds for dimension 0 with size 1 (traceback -> logs/error_ESOL__GCN__IntegratedGradients__random__seed0_20260731_005714.log)
2026-07-31 05:14:16,883 | INFO    | molsanity | [stage cell_ESOL__GCN__IntegratedGradients__random__seed1] running (cf42557ccdcf2c8c)
2026-07-31 05:14:17,053 | INFO    | molsanity | Loaded ESOL: 1128 graphs, checksum 158f23403345
2026-07-31 05:14:21,997 | INFO    | molsanity | Saved early checkpoint @epoch 30 -> gcn_84bb5ec5f18233e5_early.pt
2026-07-31 05:14:43,782 | INFO    | molsanity | Training done (regression): best val_rmse=0.803 @epoch 136 | test_rmse=0.929 test_r2=0.782
2026-07-31 05:14:43,800 | INFO    | molsanity | Saved checkpoint gcn_84bb5ec5f18233e5.pt
2026-07-31 05:14:43,850 | ERROR   | molsanity | [cell ESOL__GCN__IntegratedGradients__random__seed1] FAILED — index 1 is out of bounds for dimension 0 with size 1 (traceback -> logs/error_ESOL__GCN__IntegratedGradients__random__seed1_20260731_005714.log)
2026-07-31 05:14:43,863 | INFO    | molsanity | [stage cell_ESOL__GCN__IntegratedGradients__random__seed2] running (bdbc2f2468065ec0)
2026-07-31 05:14:44,045 | INFO    | molsanity | Loaded ESOL: 1128 graphs, checksum 158f23403345
2026-07-31 05:14:48,875 | INFO    | molsanity | Saved early checkpoint @epoch 30 -> gcn_fea124762db3baa2_early.pt
2026-07-31 05:15:10,481 | INFO    | molsanity | Training done (regression): best val_rmse=0.849 @epoch 121 | test_rmse=0.961 test_r2=0.800
2026-07-31 05:15:10,501 | INFO    | molsanity | Saved checkpoint gcn_fea124762db3baa2.pt
2026-07-31 05:15:10,563 | ERROR   | molsanity | [cell ESOL__GCN__IntegratedGradients__random__seed2] FAILED — index 1 is out of bounds for dimension 0 with size 1 (traceback -> logs/error_ESOL__GCN__IntegratedGradients__random__seed2_20260731_005714.log)
2026-07-31 05:15:10,578 | INFO    | molsanity | [stage cell_ESOL__GAT__IntegratedGradients__scaffold__seed0] running (8dd01c3a6b641e19)
2026-07-31 05:15:10,756 | INFO    | molsanity | Loaded ESOL: 1128 graphs, checksum 158f23403345
2026-07-31 05:15:11,902 | INFO    | molsanity | Scaffold split: 1112 scaffolds -> train 676 / val 112 / test 340
2026-07-31 05:15:12,311 | INFO    | molsanity | Loaded existing checkpoint gat_0ca230937198a30c.pt
2026-07-31 05:15:12,777 | ERROR   | molsanity | [cell ESOL__GAT__IntegratedGradients__scaffold__seed0] FAILED — index 1 is out of bounds for dimension 0 with size 1 (traceback -> logs/error_ESOL__GAT__IntegratedGradients__scaffold__seed0_20260731_005714.log)
2026-07-31 05:15:12,792 | INFO    | molsanity | [stage cell_ESOL__GAT__IntegratedGradients__scaffold__seed1] running (37142f426a95dbd1)
2026-07-31 05:15:12,964 | INFO    | molsanity | Loaded ESOL: 1128 graphs, checksum 158f23403345
2026-07-31 05:15:14,092 | INFO    | molsanity | Scaffold split: 1112 scaffolds -> train 676 / val 112 / test 340
2026-07-31 05:15:22,978 | INFO    | molsanity | Saved early checkpoint @epoch 30 -> gat_d94ea6682e2bbaee_early.pt
2026-07-31 05:15:57,773 | INFO    | molsanity | Training done (regression): best val_rmse=0.851 @epoch 143 | test_rmse=0.829 test_r2=0.850
2026-07-31 05:15:57,789 | INFO    | molsanity | Saved checkpoint gat_d94ea6682e2bbaee.pt
2026-07-31 05:15:57,850 | ERROR   | molsanity | [cell ESOL__GAT__IntegratedGradients__scaffold__seed1] FAILED — index 1 is out of bounds for dimension 0 with size 1 (traceback -> logs/error_ESOL__GAT__IntegratedGradients__scaffold__seed1_20260731_005714.log)
2026-07-31 05:15:57,863 | INFO    | molsanity | [stage cell_ESOL__GAT__IntegratedGradients__scaffold__seed2] running (f315bd4ef9044e7b)
2026-07-31 05:15:58,028 | INFO    | molsanity | Loaded ESOL: 1128 graphs, checksum 158f23403345
2026-07-31 05:15:59,141 | INFO    | molsanity | Scaffold split: 1112 scaffolds -> train 676 / val 112 / test 340
2026-07-31 05:16:08,631 | INFO    | molsanity | Saved early checkpoint @epoch 30 -> gat_7229b49c6f7c6e70_early.pt
2026-07-31 05:16:43,699 | INFO    | molsanity | Training done (regression): best val_rmse=0.880 @epoch 112 | test_rmse=0.894 test_r2=0.826
2026-07-31 05:16:43,726 | INFO    | molsanity | Saved checkpoint gat_7229b49c6f7c6e70.pt
2026-07-31 05:16:43,810 | ERROR   | molsanity | [cell ESOL__GAT__IntegratedGradients__scaffold__seed2] FAILED — index 1 is out of bounds for dimension 0 with size 1 (traceback -> logs/error_ESOL__GAT__IntegratedGradients__scaffold__seed2_20260731_005714.log)
2026-07-31 05:16:43,827 | INFO    | molsanity | [stage cell_ESOL__GAT__IntegratedGradients__random__seed0] running (4e7c72df1429bbbc)
2026-07-31 05:16:44,089 | INFO    | molsanity | Loaded ESOL: 1128 graphs, checksum 158f23403345
2026-07-31 05:16:44,595 | INFO    | molsanity | Loaded existing checkpoint gat_7412c308ec264910.pt
2026-07-31 05:16:45,120 | ERROR   | molsanity | [cell ESOL__GAT__IntegratedGradients__random__seed0] FAILED — index 1 is out of bounds for dimension 0 with size 1 (traceback -> logs/error_ESOL__GAT__IntegratedGradients__random__seed0_20260731_005714.log)
2026-07-31 05:16:45,136 | INFO    | molsanity | [stage cell_ESOL__GAT__IntegratedGradients__random__seed1] running (951800e1cc2bd5e1)
2026-07-31 05:16:45,401 | INFO    | molsanity | Loaded ESOL: 1128 graphs, checksum 158f23403345
2026-07-31 05:16:53,771 | INFO    | molsanity | Saved early checkpoint @epoch 30 -> gat_e51bae78e489493b_early.pt
2026-07-31 05:17:29,048 | INFO    | molsanity | Training done (regression): best val_rmse=0.718 @epoch 147 | test_rmse=0.810 test_r2=0.834
2026-07-31 05:17:29,063 | INFO    | molsanity | Saved checkpoint gat_e51bae78e489493b.pt
2026-07-31 05:17:29,119 | ERROR   | molsanity | [cell ESOL__GAT__IntegratedGradients__random__seed1] FAILED — index 1 is out of bounds for dimension 0 with size 1 (traceback -> logs/error_ESOL__GAT__IntegratedGradients__random__seed1_20260731_005714.log)
2026-07-31 05:17:29,133 | INFO    | molsanity | [stage cell_ESOL__GAT__IntegratedGradients__random__seed2] running (f095ba43615fe14f)
2026-07-31 05:17:29,302 | INFO    | molsanity | Loaded ESOL: 1128 graphs, checksum 158f23403345
2026-07-31 05:17:37,355 | INFO    | molsanity | Saved early checkpoint @epoch 30 -> gat_3b2b0578f244dba8_early.pt
2026-07-31 05:18:12,841 | INFO    | molsanity | Training done (regression): best val_rmse=0.755 @epoch 143 | test_rmse=0.751 test_r2=0.878
2026-07-31 05:18:12,858 | INFO    | molsanity | Saved checkpoint gat_3b2b0578f244dba8.pt
2026-07-31 05:18:12,917 | ERROR   | molsanity | [cell ESOL__GAT__IntegratedGradients__random__seed2] FAILED — index 1 is out of bounds for dimension 0 with size 1 (traceback -> logs/error_ESOL__GAT__IntegratedGradients__random__seed2_20260731_005714.log)
2026-07-31 05:18:12,930 | INFO    | molsanity | [stage cell_ESOL__GINE__GNNExplainer__scaffold__seed0] running (7290ba94b7487a08)
2026-07-31 05:18:13,118 | INFO    | molsanity | Loaded ESOL: 1128 graphs, checksum 158f23403345
2026-07-31 05:18:14,238 | INFO    | molsanity | Scaffold split: 1112 scaffolds -> train 676 / val 112 / test 340
2026-07-31 05:18:14,258 | INFO    | molsanity | Loaded existing checkpoint gine_27781b40d90e5ab7.pt
2026-07-31 05:24:00,635 | INFO    | molsanity | Wrote GT-validation figure: artifacts/figures/ESOL__GINE__GNNExplainer__scaffold/gt_validation.pdf (+ .svg)
2026-07-31 05:24:01,047 | INFO    | molsanity | Wrote molecule attribution SVG: artifacts/figures/ESOL__GINE__GNNExplainer__scaffold/case_molecule.svg (GT atoms: [])
2026-07-31 05:24:02,010 | INFO    | molsanity | [cell ESOL__GINE__GNNExplainer__scaffold__seed0] DONE — rmse=0.929 r2=0.778 n=200 (capped)
2026-07-31 05:24:02,019 | INFO    | molsanity | [stage cell_ESOL__GINE__GNNExplainer__scaffold__seed1] running (5b72749783aa65e5)
2026-07-31 05:24:02,189 | INFO    | molsanity | Loaded ESOL: 1128 graphs, checksum 158f23403345
2026-07-31 05:24:03,305 | INFO    | molsanity | Scaffold split: 1112 scaffolds -> train 676 / val 112 / test 340
2026-07-31 05:24:03,332 | INFO    | molsanity | Loaded existing checkpoint gine_2adbbd5eb51a4fdf.pt
2026-07-31 05:29:52,420 | INFO    | molsanity | Wrote GT-validation figure: artifacts/figures/ESOL__GINE__GNNExplainer__scaffold/gt_validation.pdf (+ .svg)
2026-07-31 05:29:52,430 | INFO    | molsanity | Wrote molecule attribution SVG: artifacts/figures/ESOL__GINE__GNNExplainer__scaffold/case_molecule.svg (GT atoms: [])
2026-07-31 05:29:52,473 | INFO    | molsanity | [cell ESOL__GINE__GNNExplainer__scaffold__seed1] DONE — rmse=0.928 r2=0.812 n=200 (capped)
2026-07-31 05:29:52,497 | INFO    | molsanity | [stage cell_ESOL__GINE__GNNExplainer__scaffold__seed2] running (d53d4b4230d6c8d8)
2026-07-31 05:29:52,674 | INFO    | molsanity | Loaded ESOL: 1128 graphs, checksum 158f23403345
2026-07-31 05:29:53,814 | INFO    | molsanity | Scaffold split: 1112 scaffolds -> train 676 / val 112 / test 340
2026-07-31 05:29:53,836 | INFO    | molsanity | Loaded existing checkpoint gine_32503896a011b49e.pt
2026-07-31 05:35:56,169 | INFO    | molsanity | Wrote GT-validation figure: artifacts/figures/ESOL__GINE__GNNExplainer__scaffold/gt_validation.pdf (+ .svg)
2026-07-31 05:35:56,180 | INFO    | molsanity | Wrote molecule attribution SVG: artifacts/figures/ESOL__GINE__GNNExplainer__scaffold/case_molecule.svg (GT atoms: [])
2026-07-31 05:35:56,241 | INFO    | molsanity | [cell ESOL__GINE__GNNExplainer__scaffold__seed2] DONE — rmse=0.886 r2=0.829 n=200 (capped)
2026-07-31 05:35:56,251 | INFO    | molsanity | [stage cell_ESOL__GINE__GNNExplainer__random__seed0] running (af707ff00bdea59b)
2026-07-31 05:35:56,562 | INFO    | molsanity | Loaded ESOL: 1128 graphs, checksum 158f23403345
2026-07-31 05:35:56,590 | INFO    | molsanity | Loaded existing checkpoint gine_996e9d20884147d8.pt
2026-07-31 05:42:17,749 | INFO    | molsanity | Wrote GT-validation figure: artifacts/figures/ESOL__GINE__GNNExplainer__random/gt_validation.pdf (+ .svg)
2026-07-31 05:42:18,362 | INFO    | molsanity | Wrote molecule attribution SVG: artifacts/figures/ESOL__GINE__GNNExplainer__random/case_molecule.svg (GT atoms: [])
2026-07-31 05:42:19,185 | INFO    | molsanity | [cell ESOL__GINE__GNNExplainer__random__seed0] DONE — rmse=0.788 r2=0.869 n=200 (capped)
2026-07-31 05:42:19,197 | INFO    | molsanity | [stage cell_ESOL__GINE__GNNExplainer__random__seed1] running (3238e78a3cdfde4c)
2026-07-31 05:42:19,387 | INFO    | molsanity | Loaded ESOL: 1128 graphs, checksum 158f23403345
2026-07-31 05:42:19,408 | INFO    | molsanity | Loaded existing checkpoint gine_966b433d9e1cd093.pt
2026-07-31 05:48:40,256 | INFO    | molsanity | Wrote GT-validation figure: artifacts/figures/ESOL__GINE__GNNExplainer__random/gt_validation.pdf (+ .svg)
2026-07-31 05:48:40,268 | INFO    | molsanity | Wrote molecule attribution SVG: artifacts/figures/ESOL__GINE__GNNExplainer__random/case_molecule.svg (GT atoms: [])
2026-07-31 05:48:40,346 | INFO    | molsanity | [cell ESOL__GINE__GNNExplainer__random__seed1] DONE — rmse=0.832 r2=0.825 n=200 (capped)
2026-07-31 05:48:40,357 | INFO    | molsanity | [stage cell_ESOL__GINE__GNNExplainer__random__seed2] running (e440bdac1bdddbd6)
2026-07-31 05:48:40,827 | INFO    | molsanity | Loaded ESOL: 1128 graphs, checksum 158f23403345
2026-07-31 05:48:40,848 | INFO    | molsanity | Loaded existing checkpoint gine_fcb1728d45c914c7.pt
2026-07-31 05:55:07,894 | INFO    | molsanity | Wrote GT-validation figure: artifacts/figures/ESOL__GINE__GNNExplainer__random/gt_validation.pdf (+ .svg)
2026-07-31 05:55:07,906 | INFO    | molsanity | Wrote molecule attribution SVG: artifacts/figures/ESOL__GINE__GNNExplainer__random/case_molecule.svg (GT atoms: [])
2026-07-31 05:55:07,967 | INFO    | molsanity | [cell ESOL__GINE__GNNExplainer__random__seed2] DONE — rmse=0.879 r2=0.833 n=200 (capped)
2026-07-31 05:55:07,979 | INFO    | molsanity | [stage cell_FreeSolv__GINE__IntegratedGradients__scaffold__seed0] running (cc27a081446cf415)
2026-07-31 05:55:08,601 | INFO    | molsanity | FreeSolv checksum recorded: d1510bda958c
2026-07-31 05:55:08,601 | INFO    | molsanity | Loaded FreeSolv: 642 graphs, checksum d1510bda958c
2026-07-31 05:55:09,141 | INFO    | molsanity | Scaffold split: 631 scaffolds -> train 385 / val 64 / test 193
2026-07-31 05:55:09,456 | INFO    | molsanity | Loaded existing checkpoint gine_27781b40d90e5ab7.pt
2026-07-31 05:55:09,789 | ERROR   | molsanity | [cell FreeSolv__GINE__IntegratedGradients__scaffold__seed0] FAILED — index 1 is out of bounds for dimension 0 with size 1 (traceback -> logs/error_FreeSolv__GINE__IntegratedGradients__scaffold__seed0_20260731_005714.log)
2026-07-31 05:55:09,802 | INFO    | molsanity | [stage cell_FreeSolv__GINE__IntegratedGradients__scaffold__seed1] running (73309ab096238680)
2026-07-31 05:55:09,899 | INFO    | molsanity | Loaded FreeSolv: 642 graphs, checksum d1510bda958c
2026-07-31 05:55:10,420 | INFO    | molsanity | Scaffold split: 631 scaffolds -> train 385 / val 64 / test 193
2026-07-31 05:55:13,138 | INFO    | molsanity | Saved early checkpoint @epoch 30 -> gine_2adbbd5eb51a4fdf_early.pt
2026-07-31 05:55:25,112 | INFO    | molsanity | Training done (regression): best val_rmse=1.328 @epoch 145 | test_rmse=1.425 test_r2=0.847
2026-07-31 05:55:25,130 | INFO    | molsanity | Saved checkpoint gine_2adbbd5eb51a4fdf.pt
2026-07-31 05:55:25,178 | ERROR   | molsanity | [cell FreeSolv__GINE__IntegratedGradients__scaffold__seed1] FAILED — index 1 is out of bounds for dimension 0 with size 1 (traceback -> logs/error_FreeSolv__GINE__IntegratedGradients__scaffold__seed1_20260731_005714.log)
2026-07-31 05:55:25,192 | INFO    | molsanity | [stage cell_FreeSolv__GINE__IntegratedGradients__scaffold__seed2] running (d512eca559c15be8)
2026-07-31 05:55:25,289 | INFO    | molsanity | Loaded FreeSolv: 642 graphs, checksum d1510bda958c
2026-07-31 05:55:25,802 | INFO    | molsanity | Scaffold split: 631 scaffolds -> train 385 / val 64 / test 193
2026-07-31 05:55:28,566 | INFO    | molsanity | Saved early checkpoint @epoch 30 -> gine_32503896a011b49e_early.pt
2026-07-31 05:55:40,662 | INFO    | molsanity | Training done (regression): best val_rmse=1.468 @epoch 113 | test_rmse=1.529 test_r2=0.824
2026-07-31 05:55:40,679 | INFO    | molsanity | Saved checkpoint gine_32503896a011b49e.pt
2026-07-31 05:55:40,731 | ERROR   | molsanity | [cell FreeSolv__GINE__IntegratedGradients__scaffold__seed2] FAILED — index 1 is out of bounds for dimension 0 with size 1 (traceback -> logs/error_FreeSolv__GINE__IntegratedGradients__scaffold__seed2_20260731_005714.log)
2026-07-31 05:55:40,745 | INFO    | molsanity | [stage cell_FreeSolv__GINE__IntegratedGradients__random__seed0] running (e37e54902b3b27f2)
2026-07-31 05:55:40,842 | INFO    | molsanity | Loaded FreeSolv: 642 graphs, checksum d1510bda958c
2026-07-31 05:55:41,172 | INFO    | molsanity | Loaded existing checkpoint gine_996e9d20884147d8.pt
2026-07-31 05:55:41,604 | ERROR   | molsanity | [cell FreeSolv__GINE__IntegratedGradients__random__seed0] FAILED — index 1 is out of bounds for dimension 0 with size 1 (traceback -> logs/error_FreeSolv__GINE__IntegratedGradients__random__seed0_20260731_005714.log)
2026-07-31 05:55:41,617 | INFO    | molsanity | [stage cell_FreeSolv__GINE__IntegratedGradients__random__seed1] running (755629c999add9fa)
2026-07-31 05:55:41,714 | INFO    | molsanity | Loaded FreeSolv: 642 graphs, checksum d1510bda958c
2026-07-31 05:55:44,437 | INFO    | molsanity | Saved early checkpoint @epoch 30 -> gine_966b433d9e1cd093_early.pt
2026-07-31 05:55:56,441 | INFO    | molsanity | Training done (regression): best val_rmse=1.248 @epoch 110 | test_rmse=1.346 test_r2=0.857
2026-07-31 05:55:56,463 | INFO    | molsanity | Saved checkpoint gine_966b433d9e1cd093.pt
2026-07-31 05:55:56,507 | ERROR   | molsanity | [cell FreeSolv__GINE__IntegratedGradients__random__seed1] FAILED — index 1 is out of bounds for dimension 0 with size 1 (traceback -> logs/error_FreeSolv__GINE__IntegratedGradients__random__seed1_20260731_005714.log)
2026-07-31 05:55:56,521 | INFO    | molsanity | [stage cell_FreeSolv__GINE__IntegratedGradients__random__seed2] running (4fe3440a6afcfa1d)
2026-07-31 05:55:56,616 | INFO    | molsanity | Loaded FreeSolv: 642 graphs, checksum d1510bda958c
2026-07-31 05:55:59,371 | INFO    | molsanity | Saved early checkpoint @epoch 30 -> gine_fcb1728d45c914c7_early.pt
2026-07-31 05:56:11,078 | INFO    | molsanity | Training done (regression): best val_rmse=1.444 @epoch 143 | test_rmse=1.618 test_r2=0.830
2026-07-31 05:56:11,094 | INFO    | molsanity | Saved checkpoint gine_fcb1728d45c914c7.pt
2026-07-31 05:56:11,140 | ERROR   | molsanity | [cell FreeSolv__GINE__IntegratedGradients__random__seed2] FAILED — index 1 is out of bounds for dimension 0 with size 1 (traceback -> logs/error_FreeSolv__GINE__IntegratedGradients__random__seed2_20260731_005714.log)
2026-07-31 05:56:11,154 | INFO    | molsanity | [stage cell_Lipophilicity__GINE__IntegratedGradients__scaffold__seed0] running (0118b18e0ae70d9b)
2026-07-31 05:56:17,648 | INFO    | molsanity | Lipophilicity checksum recorded: a202851cc78a
2026-07-31 05:56:17,650 | INFO    | molsanity | Loaded Lipophilicity: 4200 graphs, checksum a202851cc78a
2026-07-31 05:56:25,884 | INFO    | molsanity | Scaffold split: 4194 scaffolds -> train 2520 / val 420 / test 1260
2026-07-31 05:56:26,337 | INFO    | molsanity | Loaded existing checkpoint gine_27781b40d90e5ab7.pt
2026-07-31 05:56:26,706 | ERROR   | molsanity | [cell Lipophilicity__GINE__IntegratedGradients__scaffold__seed0] FAILED — index 1 is out of bounds for dimension 0 with size 1 (traceback -> logs/error_Lipophilicity__GINE__IntegratedGradients__scaffold__seed0_20260731_005714.log)
2026-07-31 05:56:26,745 | INFO    | molsanity | [stage cell_Lipophilicity__GINE__IntegratedGradients__scaffold__seed1] running (5936367a77cfc41f)
2026-07-31 05:56:27,398 | INFO    | molsanity | Loaded Lipophilicity: 4200 graphs, checksum a202851cc78a
2026-07-31 05:56:36,373 | INFO    | molsanity | Scaffold split: 4194 scaffolds -> train 2520 / val 420 / test 1260
2026-07-31 05:56:54,940 | INFO    | molsanity | Saved early checkpoint @epoch 30 -> gine_2adbbd5eb51a4fdf_early.pt
2026-07-31 05:58:10,609 | INFO    | molsanity | Training done (regression): best val_rmse=0.791 @epoch 147 | test_rmse=0.764 test_r2=0.599
2026-07-31 05:58:10,626 | INFO    | molsanity | Saved checkpoint gine_2adbbd5eb51a4fdf.pt
2026-07-31 05:58:10,676 | ERROR   | molsanity | [cell Lipophilicity__GINE__IntegratedGradients__scaffold__seed1] FAILED — index 1 is out of bounds for dimension 0 with size 1 (traceback -> logs/error_Lipophilicity__GINE__IntegratedGradients__scaffold__seed1_20260731_005714.log)
2026-07-31 05:58:10,701 | INFO    | molsanity | [stage cell_Lipophilicity__GINE__IntegratedGradients__scaffold__seed2] running (d7ea174908d6379c)
2026-07-31 05:58:11,357 | INFO    | molsanity | Loaded Lipophilicity: 4200 graphs, checksum a202851cc78a
2026-07-31 05:58:19,155 | INFO    | molsanity | Scaffold split: 4194 scaffolds -> train 2520 / val 420 / test 1260
2026-07-31 05:58:38,941 | INFO    | molsanity | Saved early checkpoint @epoch 30 -> gine_32503896a011b49e_early.pt
2026-07-31 05:59:55,139 | INFO    | molsanity | Training done (regression): best val_rmse=0.790 @epoch 145 | test_rmse=0.754 test_r2=0.609
2026-07-31 05:59:55,157 | INFO    | molsanity | Saved checkpoint gine_32503896a011b49e.pt
2026-07-31 05:59:55,208 | ERROR   | molsanity | [cell Lipophilicity__GINE__IntegratedGradients__scaffold__seed2] FAILED — index 1 is out of bounds for dimension 0 with size 1 (traceback -> logs/error_Lipophilicity__GINE__IntegratedGradients__scaffold__seed2_20260731_005714.log)
2026-07-31 05:59:55,229 | INFO    | molsanity | [stage cell_Lipophilicity__GINE__IntegratedGradients__random__seed0] running (e3a5ee20c3670067)
2026-07-31 05:59:56,223 | INFO    | molsanity | Loaded Lipophilicity: 4200 graphs, checksum a202851cc78a
2026-07-31 05:59:56,625 | INFO    | molsanity | Loaded existing checkpoint gine_996e9d20884147d8.pt
2026-07-31 05:59:57,179 | ERROR   | molsanity | [cell Lipophilicity__GINE__IntegratedGradients__random__seed0] FAILED — index 1 is out of bounds for dimension 0 with size 1 (traceback -> logs/error_Lipophilicity__GINE__IntegratedGradients__random__seed0_20260731_005714.log)
2026-07-31 05:59:57,210 | INFO    | molsanity | [stage cell_Lipophilicity__GINE__IntegratedGradients__random__seed1] running (a94062edc9757ea9)
2026-07-31 05:59:58,234 | INFO    | molsanity | Loaded Lipophilicity: 4200 graphs, checksum a202851cc78a
2026-07-31 06:00:17,364 | INFO    | molsanity | Saved early checkpoint @epoch 30 -> gine_966b433d9e1cd093_early.pt
2026-07-31 06:01:33,902 | INFO    | molsanity | Training done (regression): best val_rmse=0.794 @epoch 138 | test_rmse=0.798 test_r2=0.527
2026-07-31 06:01:33,924 | INFO    | molsanity | Saved checkpoint gine_966b433d9e1cd093.pt
2026-07-31 06:01:34,007 | ERROR   | molsanity | [cell Lipophilicity__GINE__IntegratedGradients__random__seed1] FAILED — index 1 is out of bounds for dimension 0 with size 1 (traceback -> logs/error_Lipophilicity__GINE__IntegratedGradients__random__seed1_20260731_005714.log)
2026-07-31 06:01:34,042 | INFO    | molsanity | [stage cell_Lipophilicity__GINE__IntegratedGradients__random__seed2] running (cff04b44b7374bca)
2026-07-31 06:01:35,121 | INFO    | molsanity | Loaded Lipophilicity: 4200 graphs, checksum a202851cc78a
2026-07-31 06:01:54,899 | INFO    | molsanity | Saved early checkpoint @epoch 30 -> gine_fcb1728d45c914c7_early.pt
2026-07-31 06:03:13,863 | INFO    | molsanity | Training done (regression): best val_rmse=0.831 @epoch 150 | test_rmse=0.783 test_r2=0.563
2026-07-31 06:03:13,882 | INFO    | molsanity | Saved checkpoint gine_fcb1728d45c914c7.pt
2026-07-31 06:03:13,938 | ERROR   | molsanity | [cell Lipophilicity__GINE__IntegratedGradients__random__seed2] FAILED — index 1 is out of bounds for dimension 0 with size 1 (traceback -> logs/error_Lipophilicity__GINE__IntegratedGradients__random__seed2_20260731_005714.log)
2026-07-31 06:03:13,960 | INFO    | molsanity | [stage cell_ClinTox__GINE__IntegratedGradients__scaffold__seed0] running (95a2156d0c2352ea)
2026-07-31 06:03:15,821 | INFO    | molsanity | ClinTox: reduced to single task #1 (CT_TOX), 1480 labelled molecules
2026-07-31 06:03:15,876 | INFO    | molsanity | ClinTox checksum recorded: 1eda8813cda8
2026-07-31 06:03:15,876 | INFO    | molsanity | Loaded ClinTox: 1480 graphs, checksum 1eda8813cda8
2026-07-31 06:03:18,317 | INFO    | molsanity | Scaffold split: 1480 scaffolds -> train 888 / val 148 / test 444
2026-07-31 06:03:18,707 | INFO    | molsanity | Loaded existing checkpoint gine_5281be77a9e8e1fc.pt
2026-07-31 06:03:19,164 | ERROR   | molsanity | [cell ClinTox__GINE__IntegratedGradients__scaffold__seed0] FAILED — index 1 is out of bounds for dimension 0 with size 1 (traceback -> logs/error_ClinTox__GINE__IntegratedGradients__scaffold__seed0_20260731_005714.log)
2026-07-31 06:03:19,193 | INFO    | molsanity | [stage cell_ClinTox__GINE__IntegratedGradients__scaffold__seed1] running (f132ffb928b8b399)
2026-07-31 06:03:19,508 | INFO    | molsanity | ClinTox: reduced to single task #1 (CT_TOX), 1480 labelled molecules
2026-07-31 06:03:19,566 | INFO    | molsanity | Loaded ClinTox: 1480 graphs, checksum 1eda8813cda8
2026-07-31 06:03:22,028 | INFO    | molsanity | Scaffold split: 1480 scaffolds -> train 888 / val 148 / test 444
2026-07-31 06:03:29,541 | INFO    | molsanity | Saved early checkpoint @epoch 30 -> gine_ba47c6df3e15116b_early.pt
2026-07-31 06:03:57,789 | INFO    | molsanity | Training done: best val_acc=0.925 @epoch 132 | test_acc=0.759 test_auc=0.839 T=0.575
2026-07-31 06:03:57,809 | INFO    | molsanity | Saved checkpoint gine_ba47c6df3e15116b.pt
2026-07-31 06:03:57,857 | ERROR   | molsanity | [cell ClinTox__GINE__IntegratedGradients__scaffold__seed1] FAILED — index 1 is out of bounds for dimension 0 with size 1 (traceback -> logs/error_ClinTox__GINE__IntegratedGradients__scaffold__seed1_20260731_005714.log)
2026-07-31 06:03:57,877 | INFO    | molsanity | [stage cell_ClinTox__GINE__IntegratedGradients__scaffold__seed2] running (2725581e2a72d784)
2026-07-31 06:03:58,182 | INFO    | molsanity | ClinTox: reduced to single task #1 (CT_TOX), 1480 labelled molecules
2026-07-31 06:03:58,242 | INFO    | molsanity | Loaded ClinTox: 1480 graphs, checksum 1eda8813cda8
2026-07-31 06:04:00,786 | INFO    | molsanity | Scaffold split: 1480 scaffolds -> train 888 / val 148 / test 444
2026-07-31 06:04:08,054 | INFO    | molsanity | Saved early checkpoint @epoch 30 -> gine_34584b44d53a42a9_early.pt
2026-07-31 06:04:36,243 | INFO    | molsanity | Training done: best val_acc=0.957 @epoch 140 | test_acc=0.689 test_auc=0.873 T=1.564
2026-07-31 06:04:36,265 | INFO    | molsanity | Saved checkpoint gine_34584b44d53a42a9.pt
2026-07-31 06:04:36,323 | ERROR   | molsanity | [cell ClinTox__GINE__IntegratedGradients__scaffold__seed2] FAILED — index 1 is out of bounds for dimension 0 with size 1 (traceback -> logs/error_ClinTox__GINE__IntegratedGradients__scaffold__seed2_20260731_005714.log)
2026-07-31 06:04:36,348 | INFO    | molsanity | [stage cell_ClinTox__GINE__IntegratedGradients__random__seed0] running (0d7f68d396c9ca33)
2026-07-31 06:04:36,801 | INFO    | molsanity | ClinTox: reduced to single task #1 (CT_TOX), 1480 labelled molecules
2026-07-31 06:04:36,887 | INFO    | molsanity | Loaded ClinTox: 1480 graphs, checksum 1eda8813cda8
2026-07-31 06:04:37,287 | INFO    | molsanity | Loaded existing checkpoint gine_81524887c7adee3c.pt
2026-07-31 06:04:37,680 | ERROR   | molsanity | [cell ClinTox__GINE__IntegratedGradients__random__seed0] FAILED — index 1 is out of bounds for dimension 0 with size 1 (traceback -> logs/error_ClinTox__GINE__IntegratedGradients__random__seed0_20260731_005714.log)
2026-07-31 06:04:37,701 | INFO    | molsanity | [stage cell_ClinTox__GINE__IntegratedGradients__random__seed1] running (e4915976da24c8e9)
2026-07-31 06:04:38,256 | INFO    | molsanity | ClinTox: reduced to single task #1 (CT_TOX), 1480 labelled molecules
2026-07-31 06:04:38,309 | INFO    | molsanity | Loaded ClinTox: 1480 graphs, checksum 1eda8813cda8
2026-07-31 06:04:44,485 | INFO    | molsanity | Saved early checkpoint @epoch 30 -> gine_fbfa4ff78a93a73e_early.pt
2026-07-31 06:05:12,325 | INFO    | molsanity | Training done: best val_acc=0.866 @epoch 148 | test_acc=0.759 test_auc=0.870 T=2.332
2026-07-31 06:05:12,346 | INFO    | molsanity | Saved checkpoint gine_fbfa4ff78a93a73e.pt
2026-07-31 06:05:12,386 | ERROR   | molsanity | [cell ClinTox__GINE__IntegratedGradients__random__seed1] FAILED — index 1 is out of bounds for dimension 0 with size 1 (traceback -> logs/error_ClinTox__GINE__IntegratedGradients__random__seed1_20260731_005714.log)
2026-07-31 06:05:12,404 | INFO    | molsanity | [stage cell_ClinTox__GINE__IntegratedGradients__random__seed2] running (a26afbddb86ca7ee)
2026-07-31 06:05:12,713 | INFO    | molsanity | ClinTox: reduced to single task #1 (CT_TOX), 1480 labelled molecules
2026-07-31 06:05:12,769 | INFO    | molsanity | Loaded ClinTox: 1480 graphs, checksum 1eda8813cda8
2026-07-31 06:05:20,157 | INFO    | molsanity | Saved early checkpoint @epoch 30 -> gine_055141d997e01cb6_early.pt
2026-07-31 06:05:48,076 | INFO    | molsanity | Training done: best val_acc=0.954 @epoch 145 | test_acc=0.680 test_auc=0.861 T=1.292
2026-07-31 06:05:48,104 | INFO    | molsanity | Saved checkpoint gine_055141d997e01cb6.pt
2026-07-31 06:05:48,147 | ERROR   | molsanity | [cell ClinTox__GINE__IntegratedGradients__random__seed2] FAILED — index 1 is out of bounds for dimension 0 with size 1 (traceback -> logs/error_ClinTox__GINE__IntegratedGradients__random__seed2_20260731_005714.log)
2026-07-31 06:05:48,165 | INFO    | molsanity | [stage cell_ClinTox__GINE__GNNExplainer__scaffold__seed0] running (0410f50093df6f0e)
2026-07-31 06:05:48,472 | INFO    | molsanity | ClinTox: reduced to single task #1 (CT_TOX), 1480 labelled molecules
2026-07-31 06:05:48,529 | INFO    | molsanity | Loaded ClinTox: 1480 graphs, checksum 1eda8813cda8
2026-07-31 06:05:51,017 | INFO    | molsanity | Scaffold split: 1480 scaffolds -> train 888 / val 148 / test 444
2026-07-31 06:05:51,041 | INFO    | molsanity | Loaded existing checkpoint gine_5281be77a9e8e1fc.pt
2026-07-31 06:12:21,877 | INFO    | molsanity | Wrote GT-validation figure: artifacts/figures/ClinTox__GINE__GNNExplainer__scaffold/gt_validation.pdf (+ .svg)
2026-07-31 06:12:22,344 | INFO    | molsanity | Wrote molecule attribution SVG: artifacts/figures/ClinTox__GINE__GNNExplainer__scaffold/case_molecule.svg (GT atoms: [])
2026-07-31 06:12:23,386 | INFO    | molsanity | [cell ClinTox__GINE__GNNExplainer__scaffold__seed0] DONE — acc=0.81 gt_auroc=nan n=200 (capped)
2026-07-31 06:12:23,399 | INFO    | molsanity | [stage cell_ClinTox__GINE__GNNExplainer__scaffold__seed1] running (0c706be26e5c3c48)
2026-07-31 06:12:23,883 | INFO    | molsanity | ClinTox: reduced to single task #1 (CT_TOX), 1480 labelled molecules
2026-07-31 06:12:23,986 | INFO    | molsanity | Loaded ClinTox: 1480 graphs, checksum 1eda8813cda8
2026-07-31 06:12:27,411 | INFO    | molsanity | Scaffold split: 1480 scaffolds -> train 888 / val 148 / test 444
2026-07-31 06:12:27,433 | INFO    | molsanity | Loaded existing checkpoint gine_ba47c6df3e15116b.pt
2026-07-31 06:18:53,592 | INFO    | molsanity | Wrote GT-validation figure: artifacts/figures/ClinTox__GINE__GNNExplainer__scaffold/gt_validation.pdf (+ .svg)
2026-07-31 06:18:53,604 | INFO    | molsanity | Wrote molecule attribution SVG: artifacts/figures/ClinTox__GINE__GNNExplainer__scaffold/case_molecule.svg (GT atoms: [])
2026-07-31 06:18:53,656 | INFO    | molsanity | [cell ClinTox__GINE__GNNExplainer__scaffold__seed1] DONE — acc=0.79 gt_auroc=nan n=200 (capped)
2026-07-31 06:18:53,666 | INFO    | molsanity | [stage cell_ClinTox__GINE__GNNExplainer__scaffold__seed2] running (d01907fd02acd8f7)
2026-07-31 06:18:53,970 | INFO    | molsanity | ClinTox: reduced to single task #1 (CT_TOX), 1480 labelled molecules
2026-07-31 06:18:54,024 | INFO    | molsanity | Loaded ClinTox: 1480 graphs, checksum 1eda8813cda8
2026-07-31 06:18:56,523 | INFO    | molsanity | Scaffold split: 1480 scaffolds -> train 888 / val 148 / test 444
2026-07-31 06:18:56,545 | INFO    | molsanity | Loaded existing checkpoint gine_34584b44d53a42a9.pt
2026-07-31 06:25:23,792 | INFO    | molsanity | Wrote GT-validation figure: artifacts/figures/ClinTox__GINE__GNNExplainer__scaffold/gt_validation.pdf (+ .svg)
2026-07-31 06:25:23,804 | INFO    | molsanity | Wrote molecule attribution SVG: artifacts/figures/ClinTox__GINE__GNNExplainer__scaffold/case_molecule.svg (GT atoms: [])
2026-07-31 06:25:23,869 | INFO    | molsanity | [cell ClinTox__GINE__GNNExplainer__scaffold__seed2] DONE — acc=0.66 gt_auroc=nan n=200 (capped)
2026-07-31 06:25:23,880 | INFO    | molsanity | [stage cell_ClinTox__GINE__GNNExplainer__random__seed0] running (fef42c70558eae2f)
2026-07-31 06:25:24,186 | INFO    | molsanity | ClinTox: reduced to single task #1 (CT_TOX), 1480 labelled molecules
2026-07-31 06:25:24,245 | INFO    | molsanity | Loaded ClinTox: 1480 graphs, checksum 1eda8813cda8
2026-07-31 06:25:24,279 | INFO    | molsanity | Loaded existing checkpoint gine_81524887c7adee3c.pt
2026-07-31 06:31:44,405 | INFO    | molsanity | Wrote GT-validation figure: artifacts/figures/ClinTox__GINE__GNNExplainer__random/gt_validation.pdf (+ .svg)
2026-07-31 06:31:44,909 | INFO    | molsanity | Wrote molecule attribution SVG: artifacts/figures/ClinTox__GINE__GNNExplainer__random/case_molecule.svg (GT atoms: [])
2026-07-31 06:31:45,829 | INFO    | molsanity | [cell ClinTox__GINE__GNNExplainer__random__seed0] DONE — acc=0.72 gt_auroc=nan n=200 (capped)
2026-07-31 06:31:45,842 | INFO    | molsanity | [stage cell_ClinTox__GINE__GNNExplainer__random__seed1] running (3ee71b4ebfb09641)
2026-07-31 06:31:46,153 | INFO    | molsanity | ClinTox: reduced to single task #1 (CT_TOX), 1480 labelled molecules
2026-07-31 06:31:46,217 | INFO    | molsanity | Loaded ClinTox: 1480 graphs, checksum 1eda8813cda8
2026-07-31 06:31:46,252 | INFO    | molsanity | Loaded existing checkpoint gine_fbfa4ff78a93a73e.pt
2026-07-31 06:37:54,974 | INFO    | molsanity | Wrote GT-validation figure: artifacts/figures/ClinTox__GINE__GNNExplainer__random/gt_validation.pdf (+ .svg)
2026-07-31 06:37:54,988 | INFO    | molsanity | Wrote molecule attribution SVG: artifacts/figures/ClinTox__GINE__GNNExplainer__random/case_molecule.svg (GT atoms: [])
2026-07-31 06:37:55,059 | INFO    | molsanity | [cell ClinTox__GINE__GNNExplainer__random__seed1] DONE — acc=0.76 gt_auroc=nan n=200 (capped)
2026-07-31 06:37:55,073 | INFO    | molsanity | [stage cell_ClinTox__GINE__GNNExplainer__random__seed2] running (2a44b02629043836)
2026-07-31 06:37:55,626 | INFO    | molsanity | ClinTox: reduced to single task #1 (CT_TOX), 1480 labelled molecules
2026-07-31 06:37:55,720 | INFO    | molsanity | Loaded ClinTox: 1480 graphs, checksum 1eda8813cda8
2026-07-31 06:37:55,770 | INFO    | molsanity | Loaded existing checkpoint gine_055141d997e01cb6.pt
2026-07-31 06:44:11,046 | INFO    | molsanity | Wrote GT-validation figure: artifacts/figures/ClinTox__GINE__GNNExplainer__random/gt_validation.pdf (+ .svg)
2026-07-31 06:44:11,055 | INFO    | molsanity | Wrote molecule attribution SVG: artifacts/figures/ClinTox__GINE__GNNExplainer__random/case_molecule.svg (GT atoms: [])
2026-07-31 06:44:11,115 | INFO    | molsanity | [cell ClinTox__GINE__GNNExplainer__random__seed2] DONE — acc=0.70 gt_auroc=nan n=200 (capped)
2026-07-31 06:44:11,125 | INFO    | molsanity | [stage cell_SIDER__GINE__IntegratedGradients__scaffold__seed0] running (25942b42bd3c42df)
2026-07-31 06:44:13,356 | INFO    | molsanity | SIDER: reduced to single task #0 (Hepatobiliary disorders), 1427 labelled molecules
2026-07-31 06:44:13,409 | INFO    | molsanity | SIDER checksum recorded: 42bf0d88fb5e
2026-07-31 06:44:13,410 | INFO    | molsanity | Loaded SIDER: 1427 graphs, checksum 42bf0d88fb5e
2026-07-31 06:44:16,245 | INFO    | molsanity | Scaffold split: 1427 scaffolds -> train 856 / val 142 / test 429
2026-07-31 06:44:16,579 | INFO    | molsanity | Loaded existing checkpoint gine_5281be77a9e8e1fc.pt
2026-07-31 06:44:17,101 | ERROR   | molsanity | [cell SIDER__GINE__IntegratedGradients__scaffold__seed0] FAILED — index 1 is out of bounds for dimension 0 with size 1 (traceback -> logs/error_SIDER__GINE__IntegratedGradients__scaffold__seed0_20260731_005714.log)
2026-07-31 06:44:17,123 | INFO    | molsanity | [stage cell_SIDER__GINE__IntegratedGradients__scaffold__seed1] running (5a50fdab7615fe71)
2026-07-31 06:44:17,563 | INFO    | molsanity | SIDER: reduced to single task #0 (Hepatobiliary disorders), 1427 labelled molecules
2026-07-31 06:44:17,652 | INFO    | molsanity | Loaded SIDER: 1427 graphs, checksum 42bf0d88fb5e
2026-07-31 06:44:21,471 | INFO    | molsanity | Scaffold split: 1427 scaffolds -> train 856 / val 142 / test 429
2026-07-31 06:44:27,592 | INFO    | molsanity | Saved early checkpoint @epoch 30 -> gine_ba47c6df3e15116b_early.pt
2026-07-31 06:44:54,504 | INFO    | molsanity | Training done: best val_acc=0.717 @epoch 88 | test_acc=0.636 test_auc=0.656 T=1.440
2026-07-31 06:44:54,523 | INFO    | molsanity | Saved checkpoint gine_ba47c6df3e15116b.pt
2026-07-31 06:44:54,565 | ERROR   | molsanity | [cell SIDER__GINE__IntegratedGradients__scaffold__seed1] FAILED — index 1 is out of bounds for dimension 0 with size 1 (traceback -> logs/error_SIDER__GINE__IntegratedGradients__scaffold__seed1_20260731_005714.log)
2026-07-31 06:44:54,583 | INFO    | molsanity | [stage cell_SIDER__GINE__IntegratedGradients__scaffold__seed2] running (917d54c88ee402b6)
2026-07-31 06:44:54,872 | INFO    | molsanity | SIDER: reduced to single task #0 (Hepatobiliary disorders), 1427 labelled molecules
2026-07-31 06:44:54,927 | INFO    | molsanity | Loaded SIDER: 1427 graphs, checksum 42bf0d88fb5e
2026-07-31 06:44:57,807 | INFO    | molsanity | Scaffold split: 1427 scaffolds -> train 856 / val 142 / test 429
2026-07-31 06:45:05,166 | INFO    | molsanity | Saved early checkpoint @epoch 30 -> gine_34584b44d53a42a9_early.pt
2026-07-31 06:45:32,248 | INFO    | molsanity | Training done: best val_acc=0.719 @epoch 139 | test_acc=0.608 test_auc=0.668 T=1.455
2026-07-31 06:45:32,265 | INFO    | molsanity | Saved checkpoint gine_34584b44d53a42a9.pt
2026-07-31 06:45:32,306 | ERROR   | molsanity | [cell SIDER__GINE__IntegratedGradients__scaffold__seed2] FAILED — index 1 is out of bounds for dimension 0 with size 1 (traceback -> logs/error_SIDER__GINE__IntegratedGradients__scaffold__seed2_20260731_005714.log)
2026-07-31 06:45:32,324 | INFO    | molsanity | [stage cell_SIDER__GINE__IntegratedGradients__random__seed0] running (ff853290aee210c4)
2026-07-31 06:45:32,614 | INFO    | molsanity | SIDER: reduced to single task #0 (Hepatobiliary disorders), 1427 labelled molecules
2026-07-31 06:45:32,669 | INFO    | molsanity | Loaded SIDER: 1427 graphs, checksum 42bf0d88fb5e
2026-07-31 06:45:33,093 | INFO    | molsanity | Loaded existing checkpoint gine_81524887c7adee3c.pt
2026-07-31 06:45:33,463 | ERROR   | molsanity | [cell SIDER__GINE__IntegratedGradients__random__seed0] FAILED — index 1 is out of bounds for dimension 0 with size 1 (traceback -> logs/error_SIDER__GINE__IntegratedGradients__random__seed0_20260731_005714.log)
2026-07-31 06:45:33,481 | INFO    | molsanity | [stage cell_SIDER__GINE__IntegratedGradients__random__seed1] running (aecc4fbded884979)
2026-07-31 06:45:33,792 | INFO    | molsanity | SIDER: reduced to single task #0 (Hepatobiliary disorders), 1427 labelled molecules
2026-07-31 06:45:33,847 | INFO    | molsanity | Loaded SIDER: 1427 graphs, checksum 42bf0d88fb5e
2026-07-31 06:45:40,325 | INFO    | molsanity | Saved early checkpoint @epoch 30 -> gine_fbfa4ff78a93a73e_early.pt
2026-07-31 06:46:07,464 | INFO    | molsanity | Training done: best val_acc=0.741 @epoch 147 | test_acc=0.580 test_auc=0.628 T=1.012
2026-07-31 06:46:07,484 | INFO    | molsanity | Saved checkpoint gine_fbfa4ff78a93a73e.pt
2026-07-31 06:46:07,546 | ERROR   | molsanity | [cell SIDER__GINE__IntegratedGradients__random__seed1] FAILED — index 1 is out of bounds for dimension 0 with size 1 (traceback -> logs/error_SIDER__GINE__IntegratedGradients__random__seed1_20260731_005714.log)
2026-07-31 06:46:07,584 | INFO    | molsanity | [stage cell_SIDER__GINE__IntegratedGradients__random__seed2] running (12df6edbfbf228cc)
2026-07-31 06:46:08,026 | INFO    | molsanity | SIDER: reduced to single task #0 (Hepatobiliary disorders), 1427 labelled molecules
2026-07-31 06:46:08,118 | INFO    | molsanity | Loaded SIDER: 1427 graphs, checksum 42bf0d88fb5e
2026-07-31 06:46:15,365 | INFO    | molsanity | Saved early checkpoint @epoch 30 -> gine_055141d997e01cb6_early.pt
2026-07-31 06:46:42,825 | INFO    | molsanity | Training done: best val_acc=0.645 @epoch 86 | test_acc=0.648 test_auc=0.703 T=3.609
2026-07-31 06:46:42,842 | INFO    | molsanity | Saved checkpoint gine_055141d997e01cb6.pt
2026-07-31 06:46:42,897 | ERROR   | molsanity | [cell SIDER__GINE__IntegratedGradients__random__seed2] FAILED — index 1 is out of bounds for dimension 0 with size 1 (traceback -> logs/error_SIDER__GINE__IntegratedGradients__random__seed2_20260731_005714.log)
2026-07-31 06:46:42,915 | INFO    | molsanity | [stage cell_SIDER__GCN__IntegratedGradients__scaffold__seed0] running (278ac2358d8bfd5c)
2026-07-31 06:46:43,440 | INFO    | molsanity | SIDER: reduced to single task #0 (Hepatobiliary disorders), 1427 labelled molecules
2026-07-31 06:46:43,494 | INFO    | molsanity | Loaded SIDER: 1427 graphs, checksum 42bf0d88fb5e
2026-07-31 06:46:46,423 | INFO    | molsanity | Scaffold split: 1427 scaffolds -> train 856 / val 142 / test 429
2026-07-31 06:46:46,957 | INFO    | molsanity | Loaded existing checkpoint gcn_d9216bef68cf8971.pt
2026-07-31 06:46:47,590 | ERROR   | molsanity | [cell SIDER__GCN__IntegratedGradients__scaffold__seed0] FAILED — index 1 is out of bounds for dimension 0 with size 1 (traceback -> logs/error_SIDER__GCN__IntegratedGradients__scaffold__seed0_20260731_005714.log)
2026-07-31 06:46:47,609 | INFO    | molsanity | [stage cell_SIDER__GCN__IntegratedGradients__scaffold__seed1] running (7a794fef51181bd3)
2026-07-31 06:46:47,896 | INFO    | molsanity | SIDER: reduced to single task #0 (Hepatobiliary disorders), 1427 labelled molecules
2026-07-31 06:46:47,951 | INFO    | molsanity | Loaded SIDER: 1427 graphs, checksum 42bf0d88fb5e
2026-07-31 06:46:51,794 | INFO    | molsanity | Scaffold split: 1427 scaffolds -> train 856 / val 142 / test 429
2026-07-31 06:46:58,603 | INFO    | molsanity | Saved early checkpoint @epoch 30 -> gcn_5cbb4655d5b6f29c_early.pt
2026-07-31 06:47:26,381 | INFO    | molsanity | Training done: best val_acc=0.703 @epoch 138 | test_acc=0.641 test_auc=0.673 T=0.942
2026-07-31 06:47:26,395 | INFO    | molsanity | Saved checkpoint gcn_5cbb4655d5b6f29c.pt
2026-07-31 06:47:26,438 | ERROR   | molsanity | [cell SIDER__GCN__IntegratedGradients__scaffold__seed1] FAILED — index 1 is out of bounds for dimension 0 with size 1 (traceback -> logs/error_SIDER__GCN__IntegratedGradients__scaffold__seed1_20260731_005714.log)
2026-07-31 06:47:26,456 | INFO    | molsanity | [stage cell_SIDER__GCN__IntegratedGradients__scaffold__seed2] running (3c8cbaa44820a326)
2026-07-31 06:47:26,767 | INFO    | molsanity | SIDER: reduced to single task #0 (Hepatobiliary disorders), 1427 labelled molecules
2026-07-31 06:47:26,823 | INFO    | molsanity | Loaded SIDER: 1427 graphs, checksum 42bf0d88fb5e
2026-07-31 06:47:29,724 | INFO    | molsanity | Scaffold split: 1427 scaffolds -> train 856 / val 142 / test 429
2026-07-31 06:47:37,289 | INFO    | molsanity | Saved early checkpoint @epoch 30 -> gcn_f99d3aae04bdd733_early.pt
2026-07-31 06:48:05,290 | INFO    | molsanity | Training done: best val_acc=0.678 @epoch 141 | test_acc=0.592 test_auc=0.645 T=1.038
2026-07-31 06:48:05,304 | INFO    | molsanity | Saved checkpoint gcn_f99d3aae04bdd733.pt
2026-07-31 06:48:05,345 | ERROR   | molsanity | [cell SIDER__GCN__IntegratedGradients__scaffold__seed2] FAILED — index 1 is out of bounds for dimension 0 with size 1 (traceback -> logs/error_SIDER__GCN__IntegratedGradients__scaffold__seed2_20260731_005714.log)
2026-07-31 06:48:05,362 | INFO    | molsanity | [stage cell_SIDER__GCN__IntegratedGradients__random__seed0] running (a03ebb8ef197a68d)
2026-07-31 06:48:05,657 | INFO    | molsanity | SIDER: reduced to single task #0 (Hepatobiliary disorders), 1427 labelled molecules
2026-07-31 06:48:05,716 | INFO    | molsanity | Loaded SIDER: 1427 graphs, checksum 42bf0d88fb5e
2026-07-31 06:48:06,221 | INFO    | molsanity | Loaded existing checkpoint gcn_604a180f83e0893f.pt
2026-07-31 06:48:06,700 | ERROR   | molsanity | [cell SIDER__GCN__IntegratedGradients__random__seed0] FAILED — index 1 is out of bounds for dimension 0 with size 1 (traceback -> logs/error_SIDER__GCN__IntegratedGradients__random__seed0_20260731_005714.log)
2026-07-31 06:48:06,718 | INFO    | molsanity | [stage cell_SIDER__GCN__IntegratedGradients__random__seed1] running (171b58ef0496e5c9)
2026-07-31 06:48:07,007 | INFO    | molsanity | SIDER: reduced to single task #0 (Hepatobiliary disorders), 1427 labelled molecules
2026-07-31 06:48:07,068 | INFO    | molsanity | Loaded SIDER: 1427 graphs, checksum 42bf0d88fb5e
2026-07-31 06:48:13,937 | INFO    | molsanity | Saved early checkpoint @epoch 30 -> gcn_dad5f21f0dee0734_early.pt
2026-07-31 06:48:41,445 | INFO    | molsanity | Training done: best val_acc=0.724 @epoch 136 | test_acc=0.587 test_auc=0.636 T=0.601
2026-07-31 06:48:41,461 | INFO    | molsanity | Saved checkpoint gcn_dad5f21f0dee0734.pt
2026-07-31 06:48:41,517 | ERROR   | molsanity | [cell SIDER__GCN__IntegratedGradients__random__seed1] FAILED — index 1 is out of bounds for dimension 0 with size 1 (traceback -> logs/error_SIDER__GCN__IntegratedGradients__random__seed1_20260731_005714.log)
2026-07-31 06:48:41,539 | INFO    | molsanity | [stage cell_SIDER__GCN__IntegratedGradients__random__seed2] running (ec44ca54c03dc64c)
2026-07-31 06:48:42,279 | INFO    | molsanity | SIDER: reduced to single task #0 (Hepatobiliary disorders), 1427 labelled molecules
2026-07-31 06:48:42,372 | INFO    | molsanity | Loaded SIDER: 1427 graphs, checksum 42bf0d88fb5e
2026-07-31 06:48:49,098 | INFO    | molsanity | Saved early checkpoint @epoch 30 -> gcn_d6a5270b7d695768_early.pt
2026-07-31 06:49:16,473 | INFO    | molsanity | Training done: best val_acc=0.660 @epoch 134 | test_acc=0.627 test_auc=0.668 T=1.767
2026-07-31 06:49:16,487 | INFO    | molsanity | Saved checkpoint gcn_d6a5270b7d695768.pt
2026-07-31 06:49:16,526 | ERROR   | molsanity | [cell SIDER__GCN__IntegratedGradients__random__seed2] FAILED — index 1 is out of bounds for dimension 0 with size 1 (traceback -> logs/error_SIDER__GCN__IntegratedGradients__random__seed2_20260731_005714.log)
2026-07-31 06:49:16,543 | INFO    | molsanity | [stage cell_Tox21__GINE__IntegratedGradients__scaffold__seed0] running (656915373a8c802d)
2026-07-31 06:49:25,665 | INFO    | molsanity | Tox21: reduced to single task #0 (NR-AR), 7258 labelled molecules
2026-07-31 06:49:25,890 | INFO    | molsanity | Tox21 checksum recorded: 09988a6b0bfc
2026-07-31 06:49:25,891 | INFO    | molsanity | Loaded Tox21: 7258 graphs, checksum 09988a6b0bfc
2026-07-31 06:49:34,933 | INFO    | molsanity | Scaffold split: 7226 scaffolds -> train 4354 / val 725 / test 2179
2026-07-31 06:49:35,489 | INFO    | molsanity | Loaded existing checkpoint gine_5281be77a9e8e1fc.pt
2026-07-31 06:49:36,124 | ERROR   | molsanity | [cell Tox21__GINE__IntegratedGradients__scaffold__seed0] FAILED — index 1 is out of bounds for dimension 0 with size 1 (traceback -> logs/error_Tox21__GINE__IntegratedGradients__scaffold__seed0_20260731_005714.log)
2026-07-31 06:49:36,182 | INFO    | molsanity | [stage cell_Tox21__GINE__IntegratedGradients__scaffold__seed1] running (1a1a0eb2ddb2f3b9)
2026-07-31 06:49:38,810 | INFO    | molsanity | Tox21: reduced to single task #0 (NR-AR), 7258 labelled molecules
2026-07-31 06:49:39,034 | INFO    | molsanity | Loaded Tox21: 7258 graphs, checksum 09988a6b0bfc
2026-07-31 06:49:47,983 | INFO    | molsanity | Scaffold split: 7226 scaffolds -> train 4354 / val 725 / test 2179
2026-07-31 06:50:20,532 | INFO    | molsanity | Saved early checkpoint @epoch 30 -> gine_ba47c6df3e15116b_early.pt
2026-07-31 06:52:27,940 | INFO    | molsanity | Training done: best val_acc=0.884 @epoch 49 | test_acc=0.877 test_auc=0.786 T=0.689
2026-07-31 06:52:27,956 | INFO    | molsanity | Saved checkpoint gine_ba47c6df3e15116b.pt
2026-07-31 06:52:27,996 | ERROR   | molsanity | [cell Tox21__GINE__IntegratedGradients__scaffold__seed1] FAILED — index 1 is out of bounds for dimension 0 with size 1 (traceback -> logs/error_Tox21__GINE__IntegratedGradients__scaffold__seed1_20260731_005714.log)
2026-07-31 06:52:28,038 | INFO    | molsanity | [stage cell_Tox21__GINE__IntegratedGradients__scaffold__seed2] running (c1d577d2617ae144)
2026-07-31 06:52:29,748 | INFO    | molsanity | Tox21: reduced to single task #0 (NR-AR), 7258 labelled molecules
2026-07-31 06:52:29,974 | INFO    | molsanity | Loaded Tox21: 7258 graphs, checksum 09988a6b0bfc
2026-07-31 06:52:40,273 | INFO    | molsanity | Scaffold split: 7226 scaffolds -> train 4354 / val 725 / test 2179
2026-07-31 06:53:11,668 | INFO    | molsanity | Saved early checkpoint @epoch 30 -> gine_34584b44d53a42a9_early.pt
2026-07-31 06:55:18,935 | INFO    | molsanity | Training done: best val_acc=0.879 @epoch 29 | test_acc=0.587 test_auc=0.729 T=10.000
2026-07-31 06:55:18,952 | INFO    | molsanity | Saved checkpoint gine_34584b44d53a42a9.pt
2026-07-31 06:55:18,993 | ERROR   | molsanity | [cell Tox21__GINE__IntegratedGradients__scaffold__seed2] FAILED — index 1 is out of bounds for dimension 0 with size 1 (traceback -> logs/error_Tox21__GINE__IntegratedGradients__scaffold__seed2_20260731_005714.log)
2026-07-31 06:55:19,037 | INFO    | molsanity | [stage cell_Tox21__GINE__IntegratedGradients__random__seed0] running (e117b2aa552d6fb6)
2026-07-31 06:55:20,805 | INFO    | molsanity | Tox21: reduced to single task #0 (NR-AR), 7258 labelled molecules
2026-07-31 06:55:21,030 | INFO    | molsanity | Loaded Tox21: 7258 graphs, checksum 09988a6b0bfc
2026-07-31 06:55:21,626 | INFO    | molsanity | Loaded existing checkpoint gine_81524887c7adee3c.pt
2026-07-31 06:55:22,164 | ERROR   | molsanity | [cell Tox21__GINE__IntegratedGradients__random__seed0] FAILED — index 1 is out of bounds for dimension 0 with size 1 (traceback -> logs/error_Tox21__GINE__IntegratedGradients__random__seed0_20260731_005714.log)
2026-07-31 06:55:22,220 | INFO    | molsanity | [stage cell_Tox21__GINE__IntegratedGradients__random__seed1] running (fcf08d231c685ae3)
2026-07-31 06:55:24,853 | INFO    | molsanity | Tox21: reduced to single task #0 (NR-AR), 7258 labelled molecules
2026-07-31 06:55:25,088 | INFO    | molsanity | Loaded Tox21: 7258 graphs, checksum 09988a6b0bfc
2026-07-31 06:55:56,972 | INFO    | molsanity | Saved early checkpoint @epoch 30 -> gine_fbfa4ff78a93a73e_early.pt
2026-07-31 06:58:06,181 | INFO    | molsanity | Training done: best val_acc=0.792 @epoch 4 | test_acc=0.923 test_auc=0.792 T=0.549
2026-07-31 06:58:06,200 | INFO    | molsanity | Saved checkpoint gine_fbfa4ff78a93a73e.pt
2026-07-31 06:58:06,241 | ERROR   | molsanity | [cell Tox21__GINE__IntegratedGradients__random__seed1] FAILED — index 1 is out of bounds for dimension 0 with size 1 (traceback -> logs/error_Tox21__GINE__IntegratedGradients__random__seed1_20260731_005714.log)
2026-07-31 06:58:06,285 | INFO    | molsanity | [stage cell_Tox21__GINE__IntegratedGradients__random__seed2] running (85ddfea98e12cd3c)
2026-07-31 06:58:08,473 | INFO    | molsanity | Tox21: reduced to single task #0 (NR-AR), 7258 labelled molecules
2026-07-31 06:58:08,881 | INFO    | molsanity | Loaded Tox21: 7258 graphs, checksum 09988a6b0bfc
2026-07-31 06:58:42,225 | INFO    | molsanity | Saved early checkpoint @epoch 30 -> gine_055141d997e01cb6_early.pt
2026-07-31 07:00:55,639 | INFO    | molsanity | Training done: best val_acc=0.787 @epoch 134 | test_acc=0.889 test_auc=0.820 T=0.481
2026-07-31 07:00:55,663 | INFO    | molsanity | Saved checkpoint gine_055141d997e01cb6.pt
2026-07-31 07:00:55,734 | ERROR   | molsanity | [cell Tox21__GINE__IntegratedGradients__random__seed2] FAILED — index 1 is out of bounds for dimension 0 with size 1 (traceback -> logs/error_Tox21__GINE__IntegratedGradients__random__seed2_20260731_005714.log)
2026-07-31 07:00:55,794 | INFO    | molsanity | [stage cell_BA-2Motifs__GINE__IntegratedGradients__scaffold__seed0] running (8bb6c36471dde14f)
2026-07-31 07:00:56,969 | INFO    | molsanity | BA-2Motifs checksum recorded: fecc0a8aa094
2026-07-31 07:00:56,969 | INFO    | molsanity | Loaded BA-2Motifs: 1000 graphs, checksum fecc0a8aa094
2026-07-31 07:00:58,617 | INFO    | molsanity | class-aware split: moved scaffold group (1 mols, class 0) from train to val for coverage
2026-07-31 07:00:58,618 | INFO    | molsanity | class-aware split: moved scaffold group (1 mols, class 0) from train to test for coverage
2026-07-31 07:00:58,618 | INFO    | molsanity | Scaffold split: 996 scaffolds -> train 598 / val 101 / test 301
2026-07-31 07:00:58,964 | INFO    | molsanity | Loaded existing checkpoint gine_5281be77a9e8e1fc.pt
2026-07-31 07:00:59,308 | ERROR   | molsanity | [cell BA-2Motifs__GINE__IntegratedGradients__scaffold__seed0] FAILED — index 1 is out of bounds for dimension 0 with size 1 (traceback -> logs/error_BA-2Motifs__GINE__IntegratedGradients__scaffold__seed0_20260731_005714.log)
2026-07-31 07:00:59,322 | INFO    | molsanity | [stage cell_BA-2Motifs__GINE__IntegratedGradients__scaffold__seed1] running (5aa6f6ba1f6bd6f5)
2026-07-31 07:00:59,442 | INFO    | molsanity | Loaded BA-2Motifs: 1000 graphs, checksum fecc0a8aa094
2026-07-31 07:01:00,558 | INFO    | molsanity | class-aware split: moved scaffold group (1 mols, class 0) from train to val for coverage
2026-07-31 07:01:00,559 | INFO    | molsanity | class-aware split: moved scaffold group (1 mols, class 0) from train to test for coverage
2026-07-31 07:01:00,559 | INFO    | molsanity | Scaffold split: 996 scaffolds -> train 598 / val 101 / test 301
2026-07-31 07:01:04,829 | INFO    | molsanity | Saved early checkpoint @epoch 30 -> gine_ba47c6df3e15116b_early.pt
2026-07-31 07:01:22,990 | INFO    | molsanity | Training done: best val_acc=1.000 @epoch 8 | test_acc=0.990 test_auc=0.987 T=0.100
2026-07-31 07:01:23,009 | INFO    | molsanity | Saved checkpoint gine_ba47c6df3e15116b.pt
2026-07-31 07:01:23,075 | ERROR   | molsanity | [cell BA-2Motifs__GINE__IntegratedGradients__scaffold__seed1] FAILED — index 1 is out of bounds for dimension 0 with size 1 (traceback -> logs/error_BA-2Motifs__GINE__IntegratedGradients__scaffold__seed1_20260731_005714.log)
2026-07-31 07:01:23,092 | INFO    | molsanity | [stage cell_BA-2Motifs__GINE__IntegratedGradients__scaffold__seed2] running (630a06d7a1554a7e)
2026-07-31 07:01:23,279 | INFO    | molsanity | Loaded BA-2Motifs: 1000 graphs, checksum fecc0a8aa094
2026-07-31 07:01:24,991 | INFO    | molsanity | class-aware split: moved scaffold group (1 mols, class 0) from train to val for coverage
2026-07-31 07:01:24,991 | INFO    | molsanity | class-aware split: moved scaffold group (1 mols, class 0) from train to test for coverage
2026-07-31 07:01:24,992 | INFO    | molsanity | Scaffold split: 996 scaffolds -> train 598 / val 101 / test 301
2026-07-31 07:01:29,877 | INFO    | molsanity | Saved early checkpoint @epoch 30 -> gine_34584b44d53a42a9_early.pt
2026-07-31 07:01:47,839 | INFO    | molsanity | Training done: best val_acc=1.000 @epoch 8 | test_acc=0.890 test_auc=0.980 T=0.472
2026-07-31 07:01:47,865 | INFO    | molsanity | Saved checkpoint gine_34584b44d53a42a9.pt
2026-07-31 07:01:47,910 | ERROR   | molsanity | [cell BA-2Motifs__GINE__IntegratedGradients__scaffold__seed2] FAILED — index 1 is out of bounds for dimension 0 with size 1 (traceback -> logs/error_BA-2Motifs__GINE__IntegratedGradients__scaffold__seed2_20260731_005714.log)
2026-07-31 07:01:47,923 | INFO    | molsanity | [stage cell_BA-2Motifs__GINE__IntegratedGradients__random__seed0] running (9e1837540070e5d1)
2026-07-31 07:01:48,056 | INFO    | molsanity | Loaded BA-2Motifs: 1000 graphs, checksum fecc0a8aa094
2026-07-31 07:01:48,366 | INFO    | molsanity | Loaded existing checkpoint gine_81524887c7adee3c.pt
2026-07-31 07:01:48,695 | ERROR   | molsanity | [cell BA-2Motifs__GINE__IntegratedGradients__random__seed0] FAILED — index 1 is out of bounds for dimension 0 with size 1 (traceback -> logs/error_BA-2Motifs__GINE__IntegratedGradients__random__seed0_20260731_005714.log)
2026-07-31 07:01:48,709 | INFO    | molsanity | [stage cell_BA-2Motifs__GINE__IntegratedGradients__random__seed1] running (48db032102114365)
2026-07-31 07:01:48,826 | INFO    | molsanity | Loaded BA-2Motifs: 1000 graphs, checksum fecc0a8aa094
2026-07-31 07:01:54,043 | INFO    | molsanity | Saved early checkpoint @epoch 30 -> gine_fbfa4ff78a93a73e_early.pt
2026-07-31 07:02:12,396 | INFO    | molsanity | Training done: best val_acc=1.000 @epoch 11 | test_acc=0.763 test_auc=1.000 T=0.344
2026-07-31 07:02:12,414 | INFO    | molsanity | Saved checkpoint gine_fbfa4ff78a93a73e.pt
2026-07-31 07:02:12,458 | ERROR   | molsanity | [cell BA-2Motifs__GINE__IntegratedGradients__random__seed1] FAILED — index 1 is out of bounds for dimension 0 with size 1 (traceback -> logs/error_BA-2Motifs__GINE__IntegratedGradients__random__seed1_20260731_005714.log)
2026-07-31 07:02:12,471 | INFO    | molsanity | [stage cell_BA-2Motifs__GINE__IntegratedGradients__random__seed2] running (af3ba8633c6f6ee0)
2026-07-31 07:02:12,584 | INFO    | molsanity | Loaded BA-2Motifs: 1000 graphs, checksum fecc0a8aa094
2026-07-31 07:02:16,880 | INFO    | molsanity | Saved early checkpoint @epoch 30 -> gine_055141d997e01cb6_early.pt
2026-07-31 07:02:36,073 | INFO    | molsanity | Training done: best val_acc=1.000 @epoch 9 | test_acc=0.917 test_auc=1.000 T=0.193
2026-07-31 07:02:36,093 | INFO    | molsanity | Saved checkpoint gine_055141d997e01cb6.pt
2026-07-31 07:02:36,156 | ERROR   | molsanity | [cell BA-2Motifs__GINE__IntegratedGradients__random__seed2] FAILED — index 1 is out of bounds for dimension 0 with size 1 (traceback -> logs/error_BA-2Motifs__GINE__IntegratedGradients__random__seed2_20260731_005714.log)
2026-07-31 07:02:36,172 | INFO    | molsanity | [stage cell_BA-2Motifs__GINE__Saliency__scaffold__seed0] running (cefbf9d673c608bf)
2026-07-31 07:02:36,382 | INFO    | molsanity | Loaded BA-2Motifs: 1000 graphs, checksum fecc0a8aa094
2026-07-31 07:02:37,592 | INFO    | molsanity | class-aware split: moved scaffold group (1 mols, class 0) from train to val for coverage
2026-07-31 07:02:37,593 | INFO    | molsanity | class-aware split: moved scaffold group (1 mols, class 0) from train to test for coverage
2026-07-31 07:02:37,593 | INFO    | molsanity | Scaffold split: 996 scaffolds -> train 598 / val 101 / test 301
2026-07-31 07:02:37,613 | INFO    | molsanity | Loaded existing checkpoint gine_5281be77a9e8e1fc.pt
2026-07-31 07:02:49,183 | INFO    | molsanity | Wrote GT-validation figure: artifacts/figures/BA-2Motifs__GINE__Saliency__scaffold/gt_validation.pdf (+ .svg)
2026-07-31 07:02:49,186 | INFO    | molsanity | Skipping molecule SVG (no aligned mol for case_molecule.svg)
2026-07-31 07:02:49,264 | INFO    | molsanity | [cell BA-2Motifs__GINE__Saliency__scaffold__seed0] DONE — acc=0.98 gt_auroc=0.8948 n=200 (capped)
2026-07-31 07:02:49,278 | INFO    | molsanity | [stage cell_BA-2Motifs__GINE__Saliency__scaffold__seed1] running (83deab4f9bfe3a9f)
2026-07-31 07:02:49,469 | INFO    | molsanity | Loaded BA-2Motifs: 1000 graphs, checksum fecc0a8aa094
2026-07-31 07:02:51,102 | INFO    | molsanity | class-aware split: moved scaffold group (1 mols, class 0) from train to val for coverage
2026-07-31 07:02:51,103 | INFO    | molsanity | class-aware split: moved scaffold group (1 mols, class 0) from train to test for coverage
2026-07-31 07:02:51,103 | INFO    | molsanity | Scaffold split: 996 scaffolds -> train 598 / val 101 / test 301
2026-07-31 07:02:51,127 | INFO    | molsanity | Loaded existing checkpoint gine_ba47c6df3e15116b.pt
2026-07-31 07:03:02,615 | INFO    | molsanity | Wrote GT-validation figure: artifacts/figures/BA-2Motifs__GINE__Saliency__scaffold/gt_validation.pdf (+ .svg)
2026-07-31 07:03:02,620 | INFO    | molsanity | Skipping molecule SVG (no aligned mol for case_molecule.svg)
2026-07-31 07:03:02,678 | INFO    | molsanity | [cell BA-2Motifs__GINE__Saliency__scaffold__seed1] DONE — acc=0.99 gt_auroc=0.9347 n=200 (capped)
2026-07-31 07:03:02,691 | INFO    | molsanity | [stage cell_BA-2Motifs__GINE__Saliency__scaffold__seed2] running (07ff49766c8087c1)
2026-07-31 07:03:02,901 | INFO    | molsanity | Loaded BA-2Motifs: 1000 graphs, checksum fecc0a8aa094
2026-07-31 07:03:04,621 | INFO    | molsanity | class-aware split: moved scaffold group (1 mols, class 0) from train to val for coverage
2026-07-31 07:03:04,622 | INFO    | molsanity | class-aware split: moved scaffold group (1 mols, class 0) from train to test for coverage
2026-07-31 07:03:04,623 | INFO    | molsanity | Scaffold split: 996 scaffolds -> train 598 / val 101 / test 301
2026-07-31 07:03:04,655 | INFO    | molsanity | Loaded existing checkpoint gine_34584b44d53a42a9.pt
2026-07-31 07:03:15,600 | INFO    | molsanity | Wrote GT-validation figure: artifacts/figures/BA-2Motifs__GINE__Saliency__scaffold/gt_validation.pdf (+ .svg)
2026-07-31 07:03:15,602 | INFO    | molsanity | Skipping molecule SVG (no aligned mol for case_molecule.svg)
2026-07-31 07:03:15,667 | INFO    | molsanity | [cell BA-2Motifs__GINE__Saliency__scaffold__seed2] DONE — acc=0.90 gt_auroc=0.96335 n=200 (capped)
2026-07-31 07:03:15,680 | INFO    | molsanity | [stage cell_BA-2Motifs__GINE__Saliency__random__seed0] running (2ca54770606dec25)
2026-07-31 07:03:15,870 | INFO    | molsanity | Loaded BA-2Motifs: 1000 graphs, checksum fecc0a8aa094
2026-07-31 07:03:15,929 | INFO    | molsanity | Loaded existing checkpoint gine_81524887c7adee3c.pt
2026-07-31 07:03:27,631 | INFO    | molsanity | Wrote GT-validation figure: artifacts/figures/BA-2Motifs__GINE__Saliency__random/gt_validation.pdf (+ .svg)
2026-07-31 07:03:27,633 | INFO    | molsanity | Skipping molecule SVG (no aligned mol for case_molecule.svg)
2026-07-31 07:03:27,682 | INFO    | molsanity | [cell BA-2Motifs__GINE__Saliency__random__seed0] DONE — acc=0.78 gt_auroc=0.9995 n=200 (capped)
2026-07-31 07:03:27,693 | INFO    | molsanity | [stage cell_BA-2Motifs__GINE__Saliency__random__seed1] running (eabb1fc3c74eafff)
2026-07-31 07:03:27,829 | INFO    | molsanity | Loaded BA-2Motifs: 1000 graphs, checksum fecc0a8aa094
2026-07-31 07:03:27,870 | INFO    | molsanity | Loaded existing checkpoint gine_fbfa4ff78a93a73e.pt
2026-07-31 07:03:39,786 | INFO    | molsanity | Wrote GT-validation figure: artifacts/figures/BA-2Motifs__GINE__Saliency__random/gt_validation.pdf (+ .svg)
2026-07-31 07:03:39,788 | INFO    | molsanity | Skipping molecule SVG (no aligned mol for case_molecule.svg)
2026-07-31 07:03:39,829 | INFO    | molsanity | [cell BA-2Motifs__GINE__Saliency__random__seed1] DONE — acc=0.65 gt_auroc=0.9964000000000002 n=200 (capped)
2026-07-31 07:03:39,839 | INFO    | molsanity | [stage cell_BA-2Motifs__GINE__Saliency__random__seed2] running (abc19219c0909b9c)
2026-07-31 07:03:39,955 | INFO    | molsanity | Loaded BA-2Motifs: 1000 graphs, checksum fecc0a8aa094
2026-07-31 07:03:39,994 | INFO    | molsanity | Loaded existing checkpoint gine_055141d997e01cb6.pt
2026-07-31 07:03:51,983 | INFO    | molsanity | Wrote GT-validation figure: artifacts/figures/BA-2Motifs__GINE__Saliency__random/gt_validation.pdf (+ .svg)
2026-07-31 07:03:51,985 | INFO    | molsanity | Skipping molecule SVG (no aligned mol for case_molecule.svg)
2026-07-31 07:03:52,030 | INFO    | molsanity | [cell BA-2Motifs__GINE__Saliency__random__seed2] DONE — acc=0.88 gt_auroc=0.92785 n=200 (capped)
2026-07-31 07:03:52,046 | INFO    | molsanity | [stage cell_BA-2Motifs__GINE__InputXGradient__scaffold__seed0] running (6cf4afb215f30aa3)
2026-07-31 07:03:52,445 | INFO    | molsanity | Loaded BA-2Motifs: 1000 graphs, checksum fecc0a8aa094
2026-07-31 07:03:53,548 | INFO    | molsanity | class-aware split: moved scaffold group (1 mols, class 0) from train to val for coverage
2026-07-31 07:03:53,549 | INFO    | molsanity | class-aware split: moved scaffold group (1 mols, class 0) from train to test for coverage
2026-07-31 07:03:53,549 | INFO    | molsanity | Scaffold split: 996 scaffolds -> train 598 / val 101 / test 301
2026-07-31 07:03:53,570 | INFO    | molsanity | Loaded existing checkpoint gine_5281be77a9e8e1fc.pt
2026-07-31 07:04:05,492 | INFO    | molsanity | Wrote GT-validation figure: artifacts/figures/BA-2Motifs__GINE__InputXGradient__scaffold/gt_validation.pdf (+ .svg)
2026-07-31 07:04:05,494 | INFO    | molsanity | Skipping molecule SVG (no aligned mol for case_molecule.svg)
2026-07-31 07:04:05,542 | INFO    | molsanity | [cell BA-2Motifs__GINE__InputXGradient__scaffold__seed0] DONE — acc=0.98 gt_auroc=0.8948 n=200 (capped)
2026-07-31 07:04:05,553 | INFO    | molsanity | [stage cell_BA-2Motifs__GINE__InputXGradient__scaffold__seed1] running (cc0d4d358ac7f40c)
2026-07-31 07:04:05,676 | INFO    | molsanity | Loaded BA-2Motifs: 1000 graphs, checksum fecc0a8aa094
2026-07-31 07:04:06,778 | INFO    | molsanity | class-aware split: moved scaffold group (1 mols, class 0) from train to val for coverage
2026-07-31 07:04:06,779 | INFO    | molsanity | class-aware split: moved scaffold group (1 mols, class 0) from train to test for coverage
2026-07-31 07:04:06,780 | INFO    | molsanity | Scaffold split: 996 scaffolds -> train 598 / val 101 / test 301
2026-07-31 07:04:06,801 | INFO    | molsanity | Loaded existing checkpoint gine_ba47c6df3e15116b.pt
2026-07-31 07:04:18,622 | INFO    | molsanity | Wrote GT-validation figure: artifacts/figures/BA-2Motifs__GINE__InputXGradient__scaffold/gt_validation.pdf (+ .svg)
2026-07-31 07:04:18,623 | INFO    | molsanity | Skipping molecule SVG (no aligned mol for case_molecule.svg)
2026-07-31 07:04:18,676 | INFO    | molsanity | [cell BA-2Motifs__GINE__InputXGradient__scaffold__seed1] DONE — acc=0.99 gt_auroc=0.9347 n=200 (capped)
2026-07-31 07:04:18,685 | INFO    | molsanity | [stage cell_BA-2Motifs__GINE__InputXGradient__scaffold__seed2] running (fb86480fe7de502c)
2026-07-31 07:04:18,808 | INFO    | molsanity | Loaded BA-2Motifs: 1000 graphs, checksum fecc0a8aa094
2026-07-31 07:04:19,970 | INFO    | molsanity | class-aware split: moved scaffold group (1 mols, class 0) from train to val for coverage
2026-07-31 07:04:19,970 | INFO    | molsanity | class-aware split: moved scaffold group (1 mols, class 0) from train to test for coverage
2026-07-31 07:04:19,971 | INFO    | molsanity | Scaffold split: 996 scaffolds -> train 598 / val 101 / test 301
2026-07-31 07:04:19,993 | INFO    | molsanity | Loaded existing checkpoint gine_34584b44d53a42a9.pt
2026-07-31 07:04:31,979 | INFO    | molsanity | Wrote GT-validation figure: artifacts/figures/BA-2Motifs__GINE__InputXGradient__scaffold/gt_validation.pdf (+ .svg)
2026-07-31 07:04:31,981 | INFO    | molsanity | Skipping molecule SVG (no aligned mol for case_molecule.svg)
2026-07-31 07:04:32,028 | INFO    | molsanity | [cell BA-2Motifs__GINE__InputXGradient__scaffold__seed2] DONE — acc=0.90 gt_auroc=0.96335 n=200 (capped)
2026-07-31 07:04:32,041 | INFO    | molsanity | [stage cell_BA-2Motifs__GINE__InputXGradient__random__seed0] running (84dbbe7a4e587b77)
2026-07-31 07:04:32,175 | INFO    | molsanity | Loaded BA-2Motifs: 1000 graphs, checksum fecc0a8aa094
2026-07-31 07:04:32,216 | INFO    | molsanity | Loaded existing checkpoint gine_81524887c7adee3c.pt
2026-07-31 07:04:43,913 | INFO    | molsanity | Wrote GT-validation figure: artifacts/figures/BA-2Motifs__GINE__InputXGradient__random/gt_validation.pdf (+ .svg)
2026-07-31 07:04:43,915 | INFO    | molsanity | Skipping molecule SVG (no aligned mol for case_molecule.svg)
2026-07-31 07:04:43,982 | INFO    | molsanity | [cell BA-2Motifs__GINE__InputXGradient__random__seed0] DONE — acc=0.78 gt_auroc=0.9995 n=200 (capped)
2026-07-31 07:04:43,994 | INFO    | molsanity | [stage cell_BA-2Motifs__GINE__InputXGradient__random__seed1] running (f431440a6d122124)
2026-07-31 07:04:44,199 | INFO    | molsanity | Loaded BA-2Motifs: 1000 graphs, checksum fecc0a8aa094
2026-07-31 07:04:44,273 | INFO    | molsanity | Loaded existing checkpoint gine_fbfa4ff78a93a73e.pt
2026-07-31 07:04:55,532 | INFO    | molsanity | Wrote GT-validation figure: artifacts/figures/BA-2Motifs__GINE__InputXGradient__random/gt_validation.pdf (+ .svg)
2026-07-31 07:04:55,534 | INFO    | molsanity | Skipping molecule SVG (no aligned mol for case_molecule.svg)
2026-07-31 07:04:55,583 | INFO    | molsanity | [cell BA-2Motifs__GINE__InputXGradient__random__seed1] DONE — acc=0.65 gt_auroc=0.9964000000000002 n=200 (capped)
2026-07-31 07:04:55,596 | INFO    | molsanity | [stage cell_BA-2Motifs__GINE__InputXGradient__random__seed2] running (344cc4c3424ac5fd)
2026-07-31 07:04:55,787 | INFO    | molsanity | Loaded BA-2Motifs: 1000 graphs, checksum fecc0a8aa094
2026-07-31 07:04:55,848 | INFO    | molsanity | Loaded existing checkpoint gine_055141d997e01cb6.pt
2026-07-31 07:05:07,525 | INFO    | molsanity | Wrote GT-validation figure: artifacts/figures/BA-2Motifs__GINE__InputXGradient__random/gt_validation.pdf (+ .svg)
2026-07-31 07:05:07,527 | INFO    | molsanity | Skipping molecule SVG (no aligned mol for case_molecule.svg)
2026-07-31 07:05:07,569 | INFO    | molsanity | [cell BA-2Motifs__GINE__InputXGradient__random__seed2] DONE — acc=0.88 gt_auroc=0.92785 n=200 (capped)
2026-07-31 07:05:07,579 | INFO    | molsanity | [stage cell_BA-2Motifs__GINE__GuidedBackprop__scaffold__seed0] running (db470b5ecae3270d)
2026-07-31 07:05:07,725 | INFO    | molsanity | Loaded BA-2Motifs: 1000 graphs, checksum fecc0a8aa094
2026-07-31 07:05:08,804 | INFO    | molsanity | class-aware split: moved scaffold group (1 mols, class 0) from train to val for coverage
2026-07-31 07:05:08,805 | INFO    | molsanity | class-aware split: moved scaffold group (1 mols, class 0) from train to test for coverage
2026-07-31 07:05:08,805 | INFO    | molsanity | Scaffold split: 996 scaffolds -> train 598 / val 101 / test 301
2026-07-31 07:05:08,828 | INFO    | molsanity | Loaded existing checkpoint gine_5281be77a9e8e1fc.pt
2026-07-31 07:05:20,929 | INFO    | molsanity | Wrote GT-validation figure: artifacts/figures/BA-2Motifs__GINE__GuidedBackprop__scaffold/gt_validation.pdf (+ .svg)
2026-07-31 07:05:20,930 | INFO    | molsanity | Skipping molecule SVG (no aligned mol for case_molecule.svg)
2026-07-31 07:05:20,977 | INFO    | molsanity | [cell BA-2Motifs__GINE__GuidedBackprop__scaffold__seed0] DONE — acc=0.98 gt_auroc=0.8495999999999999 n=200 (capped)
2026-07-31 07:05:20,988 | INFO    | molsanity | [stage cell_BA-2Motifs__GINE__GuidedBackprop__scaffold__seed1] running (da3fbb284fdd68c8)
2026-07-31 07:05:21,113 | INFO    | molsanity | Loaded BA-2Motifs: 1000 graphs, checksum fecc0a8aa094
2026-07-31 07:05:22,203 | INFO    | molsanity | class-aware split: moved scaffold group (1 mols, class 0) from train to val for coverage
2026-07-31 07:05:22,203 | INFO    | molsanity | class-aware split: moved scaffold group (1 mols, class 0) from train to test for coverage
2026-07-31 07:05:22,204 | INFO    | molsanity | Scaffold split: 996 scaffolds -> train 598 / val 101 / test 301
2026-07-31 07:05:22,224 | INFO    | molsanity | Loaded existing checkpoint gine_ba47c6df3e15116b.pt
2026-07-31 07:05:34,258 | INFO    | molsanity | Wrote GT-validation figure: artifacts/figures/BA-2Motifs__GINE__GuidedBackprop__scaffold/gt_validation.pdf (+ .svg)
2026-07-31 07:05:34,260 | INFO    | molsanity | Skipping molecule SVG (no aligned mol for case_molecule.svg)
2026-07-31 07:05:34,304 | INFO    | molsanity | [cell BA-2Motifs__GINE__GuidedBackprop__scaffold__seed1] DONE — acc=0.99 gt_auroc=0.9341499999999999 n=200 (capped)
2026-07-31 07:05:34,314 | INFO    | molsanity | [stage cell_BA-2Motifs__GINE__GuidedBackprop__scaffold__seed2] running (e4292ec6617eb576)
2026-07-31 07:05:34,432 | INFO    | molsanity | Loaded BA-2Motifs: 1000 graphs, checksum fecc0a8aa094
2026-07-31 07:05:35,542 | INFO    | molsanity | class-aware split: moved scaffold group (1 mols, class 0) from train to val for coverage
2026-07-31 07:05:35,543 | INFO    | molsanity | class-aware split: moved scaffold group (1 mols, class 0) from train to test for coverage
2026-07-31 07:05:35,543 | INFO    | molsanity | Scaffold split: 996 scaffolds -> train 598 / val 101 / test 301
2026-07-31 07:05:35,834 | INFO    | molsanity | Loaded existing checkpoint gine_34584b44d53a42a9.pt
2026-07-31 07:05:47,902 | INFO    | molsanity | Wrote GT-validation figure: artifacts/figures/BA-2Motifs__GINE__GuidedBackprop__scaffold/gt_validation.pdf (+ .svg)
2026-07-31 07:05:47,905 | INFO    | molsanity | Skipping molecule SVG (no aligned mol for case_molecule.svg)
2026-07-31 07:05:47,960 | INFO    | molsanity | [cell BA-2Motifs__GINE__GuidedBackprop__scaffold__seed2] DONE — acc=0.90 gt_auroc=0.9076500000000002 n=200 (capped)
2026-07-31 07:05:47,970 | INFO    | molsanity | [stage cell_BA-2Motifs__GINE__GuidedBackprop__random__seed0] running (e77186ed69701e7f)
2026-07-31 07:05:48,086 | INFO    | molsanity | Loaded BA-2Motifs: 1000 graphs, checksum fecc0a8aa094
2026-07-31 07:05:48,125 | INFO    | molsanity | Loaded existing checkpoint gine_81524887c7adee3c.pt
2026-07-31 07:06:00,380 | INFO    | molsanity | Wrote GT-validation figure: artifacts/figures/BA-2Motifs__GINE__GuidedBackprop__random/gt_validation.pdf (+ .svg)
2026-07-31 07:06:00,382 | INFO    | molsanity | Skipping molecule SVG (no aligned mol for case_molecule.svg)
2026-07-31 07:06:00,430 | INFO    | molsanity | [cell BA-2Motifs__GINE__GuidedBackprop__random__seed0] DONE — acc=0.78 gt_auroc=0.9229 n=200 (capped)
2026-07-31 07:06:00,440 | INFO    | molsanity | [stage cell_BA-2Motifs__GINE__GuidedBackprop__random__seed1] running (76bb18783cc82745)
2026-07-31 07:06:00,555 | INFO    | molsanity | Loaded BA-2Motifs: 1000 graphs, checksum fecc0a8aa094
2026-07-31 07:06:00,594 | INFO    | molsanity | Loaded existing checkpoint gine_fbfa4ff78a93a73e.pt
2026-07-31 07:06:12,880 | INFO    | molsanity | Wrote GT-validation figure: artifacts/figures/BA-2Motifs__GINE__GuidedBackprop__random/gt_validation.pdf (+ .svg)
2026-07-31 07:06:12,882 | INFO    | molsanity | Skipping molecule SVG (no aligned mol for case_molecule.svg)
2026-07-31 07:06:12,948 | INFO    | molsanity | [cell BA-2Motifs__GINE__GuidedBackprop__random__seed1] DONE — acc=0.65 gt_auroc=0.9629000000000001 n=200 (capped)
2026-07-31 07:06:12,958 | INFO    | molsanity | [stage cell_BA-2Motifs__GINE__GuidedBackprop__random__seed2] running (55e0f44d804fdf5d)
2026-07-31 07:06:13,096 | INFO    | molsanity | Loaded BA-2Motifs: 1000 graphs, checksum fecc0a8aa094
2026-07-31 07:06:13,140 | INFO    | molsanity | Loaded existing checkpoint gine_055141d997e01cb6.pt
2026-07-31 07:06:25,142 | INFO    | molsanity | Wrote GT-validation figure: artifacts/figures/BA-2Motifs__GINE__GuidedBackprop__random/gt_validation.pdf (+ .svg)
2026-07-31 07:06:25,144 | INFO    | molsanity | Skipping molecule SVG (no aligned mol for case_molecule.svg)
2026-07-31 07:06:25,186 | INFO    | molsanity | [cell BA-2Motifs__GINE__GuidedBackprop__random__seed2] DONE — acc=0.88 gt_auroc=0.94825 n=200 (capped)
2026-07-31 07:06:25,196 | INFO    | molsanity | [stage cell_BA-2Motifs__GINE__GNNExplainer__scaffold__seed0] running (de59de526d2f5bcd)
2026-07-31 07:06:25,312 | INFO    | molsanity | Loaded BA-2Motifs: 1000 graphs, checksum fecc0a8aa094
2026-07-31 07:06:26,412 | INFO    | molsanity | class-aware split: moved scaffold group (1 mols, class 0) from train to val for coverage
2026-07-31 07:06:26,413 | INFO    | molsanity | class-aware split: moved scaffold group (1 mols, class 0) from train to test for coverage
2026-07-31 07:06:26,413 | INFO    | molsanity | Scaffold split: 996 scaffolds -> train 598 / val 101 / test 301
2026-07-31 07:06:26,434 | INFO    | molsanity | Loaded existing checkpoint gine_5281be77a9e8e1fc.pt
2026-07-31 07:12:43,076 | INFO    | molsanity | Wrote GT-validation figure: artifacts/figures/BA-2Motifs__GINE__GNNExplainer__scaffold/gt_validation.pdf (+ .svg)
2026-07-31 07:12:43,078 | INFO    | molsanity | Skipping molecule SVG (no aligned mol for case_molecule.svg)
2026-07-31 07:12:43,128 | INFO    | molsanity | [cell BA-2Motifs__GINE__GNNExplainer__scaffold__seed0] DONE — acc=0.98 gt_auroc=0.47730000000000006 n=200 (capped)
2026-07-31 07:12:43,138 | INFO    | molsanity | [stage cell_BA-2Motifs__GINE__GNNExplainer__scaffold__seed1] running (405390d7d554056d)
2026-07-31 07:12:43,269 | INFO    | molsanity | Loaded BA-2Motifs: 1000 graphs, checksum fecc0a8aa094
2026-07-31 07:12:44,370 | INFO    | molsanity | class-aware split: moved scaffold group (1 mols, class 0) from train to val for coverage
2026-07-31 07:12:44,371 | INFO    | molsanity | class-aware split: moved scaffold group (1 mols, class 0) from train to test for coverage
2026-07-31 07:12:44,371 | INFO    | molsanity | Scaffold split: 996 scaffolds -> train 598 / val 101 / test 301
2026-07-31 07:12:44,393 | INFO    | molsanity | Loaded existing checkpoint gine_ba47c6df3e15116b.pt
2026-07-31 07:18:56,228 | INFO    | molsanity | Wrote GT-validation figure: artifacts/figures/BA-2Motifs__GINE__GNNExplainer__scaffold/gt_validation.pdf (+ .svg)
2026-07-31 07:18:56,230 | INFO    | molsanity | Skipping molecule SVG (no aligned mol for case_molecule.svg)
2026-07-31 07:18:56,275 | INFO    | molsanity | [cell BA-2Motifs__GINE__GNNExplainer__scaffold__seed1] DONE — acc=0.99 gt_auroc=0.48485 n=200 (capped)
2026-07-31 07:18:56,286 | INFO    | molsanity | [stage cell_BA-2Motifs__GINE__GNNExplainer__scaffold__seed2] running (5da1c91bd5b237ba)
2026-07-31 07:18:56,402 | INFO    | molsanity | Loaded BA-2Motifs: 1000 graphs, checksum fecc0a8aa094
2026-07-31 07:18:58,019 | INFO    | molsanity | class-aware split: moved scaffold group (1 mols, class 0) from train to val for coverage
2026-07-31 07:18:58,020 | INFO    | molsanity | class-aware split: moved scaffold group (1 mols, class 0) from train to test for coverage
2026-07-31 07:18:58,021 | INFO    | molsanity | Scaffold split: 996 scaffolds -> train 598 / val 101 / test 301
2026-07-31 07:18:58,074 | INFO    | molsanity | Loaded existing checkpoint gine_34584b44d53a42a9.pt
2026-07-31 07:25:02,238 | INFO    | molsanity | Wrote GT-validation figure: artifacts/figures/BA-2Motifs__GINE__GNNExplainer__scaffold/gt_validation.pdf (+ .svg)
2026-07-31 07:25:02,241 | INFO    | molsanity | Skipping molecule SVG (no aligned mol for case_molecule.svg)
2026-07-31 07:25:02,284 | INFO    | molsanity | [cell BA-2Motifs__GINE__GNNExplainer__scaffold__seed2] DONE — acc=0.90 gt_auroc=0.5017499999999999 n=200 (capped)
2026-07-31 07:25:02,295 | INFO    | molsanity | [stage cell_BA-2Motifs__GINE__GNNExplainer__random__seed0] running (8c54b7a80c1b2409)
2026-07-31 07:25:02,419 | INFO    | molsanity | Loaded BA-2Motifs: 1000 graphs, checksum fecc0a8aa094
2026-07-31 07:25:02,462 | INFO    | molsanity | Loaded existing checkpoint gine_81524887c7adee3c.pt
2026-07-31 07:31:04,554 | INFO    | molsanity | Wrote GT-validation figure: artifacts/figures/BA-2Motifs__GINE__GNNExplainer__random/gt_validation.pdf (+ .svg)
2026-07-31 07:31:04,557 | INFO    | molsanity | Skipping molecule SVG (no aligned mol for case_molecule.svg)
2026-07-31 07:31:04,617 | INFO    | molsanity | [cell BA-2Motifs__GINE__GNNExplainer__random__seed0] DONE — acc=0.78 gt_auroc=0.5141500000000001 n=200 (capped)
2026-07-31 07:31:04,628 | INFO    | molsanity | [stage cell_BA-2Motifs__GINE__GNNExplainer__random__seed1] running (a6216cbfec316168)
2026-07-31 07:31:04,761 | INFO    | molsanity | Loaded BA-2Motifs: 1000 graphs, checksum fecc0a8aa094
2026-07-31 07:31:04,801 | INFO    | molsanity | Loaded existing checkpoint gine_fbfa4ff78a93a73e.pt
2026-07-31 07:36:56,773 | INFO    | molsanity | Wrote GT-validation figure: artifacts/figures/BA-2Motifs__GINE__GNNExplainer__random/gt_validation.pdf (+ .svg)
2026-07-31 07:36:56,775 | INFO    | molsanity | Skipping molecule SVG (no aligned mol for case_molecule.svg)
2026-07-31 07:36:56,817 | INFO    | molsanity | [cell BA-2Motifs__GINE__GNNExplainer__random__seed1] DONE — acc=0.65 gt_auroc=0.45615 n=200 (capped)
2026-07-31 07:36:56,826 | INFO    | molsanity | [stage cell_BA-2Motifs__GINE__GNNExplainer__random__seed2] running (cd0f05ec3de61c28)
2026-07-31 07:36:56,938 | INFO    | molsanity | Loaded BA-2Motifs: 1000 graphs, checksum fecc0a8aa094
2026-07-31 07:36:56,976 | INFO    | molsanity | Loaded existing checkpoint gine_055141d997e01cb6.pt
2026-07-31 07:42:56,535 | INFO    | molsanity | Wrote GT-validation figure: artifacts/figures/BA-2Motifs__GINE__GNNExplainer__random/gt_validation.pdf (+ .svg)
2026-07-31 07:42:56,538 | INFO    | molsanity | Skipping molecule SVG (no aligned mol for case_molecule.svg)
2026-07-31 07:42:56,588 | INFO    | molsanity | [cell BA-2Motifs__GINE__GNNExplainer__random__seed2] DONE — acc=0.88 gt_auroc=0.5716500000000001 n=200 (capped)
2026-07-31 07:42:56,601 | INFO    | molsanity | [stage cell_BA-2Motifs__GINE__PGExplainer__scaffold__seed0] running (73dc5e773bd4ab89)
2026-07-31 07:42:56,805 | INFO    | molsanity | Loaded BA-2Motifs: 1000 graphs, checksum fecc0a8aa094
2026-07-31 07:42:58,518 | INFO    | molsanity | class-aware split: moved scaffold group (1 mols, class 0) from train to val for coverage
2026-07-31 07:42:58,519 | INFO    | molsanity | class-aware split: moved scaffold group (1 mols, class 0) from train to test for coverage
2026-07-31 07:42:58,520 | INFO    | molsanity | Scaffold split: 996 scaffolds -> train 598 / val 101 / test 301
2026-07-31 07:42:58,549 | INFO    | molsanity | Loaded existing checkpoint gine_5281be77a9e8e1fc.pt
2026-07-31 07:44:53,984 | INFO    | molsanity | PGExplainer trained on 200 graphs (30 epochs), final loss 0.7966
2026-07-31 07:46:05,652 | INFO    | molsanity | PGExplainer trained on 200 graphs (30 epochs), final loss 0.0345
2026-07-31 07:46:13,453 | INFO    | molsanity | Wrote GT-validation figure: artifacts/figures/BA-2Motifs__GINE__PGExplainer__scaffold/gt_validation.pdf (+ .svg)
2026-07-31 07:46:13,454 | INFO    | molsanity | Skipping molecule SVG (no aligned mol for case_molecule.svg)
2026-07-31 07:46:13,504 | INFO    | molsanity | [cell BA-2Motifs__GINE__PGExplainer__scaffold__seed0] DONE — acc=0.98 gt_auroc=0.8380500000000001 n=200 (capped)
2026-07-31 07:46:13,514 | INFO    | molsanity | [stage cell_BA-2Motifs__GINE__PGExplainer__scaffold__seed1] running (47ca046ea99035e0)
2026-07-31 07:46:13,735 | INFO    | molsanity | Loaded BA-2Motifs: 1000 graphs, checksum fecc0a8aa094
2026-07-31 07:46:15,404 | INFO    | molsanity | class-aware split: moved scaffold group (1 mols, class 0) from train to val for coverage
2026-07-31 07:46:15,405 | INFO    | molsanity | class-aware split: moved scaffold group (1 mols, class 0) from train to test for coverage
2026-07-31 07:46:15,406 | INFO    | molsanity | Scaffold split: 996 scaffolds -> train 598 / val 101 / test 301
2026-07-31 07:46:15,433 | INFO    | molsanity | Loaded existing checkpoint gine_ba47c6df3e15116b.pt
2026-07-31 07:48:11,220 | INFO    | molsanity | PGExplainer trained on 200 graphs (30 epochs), final loss 0.4510
2026-07-31 07:49:21,821 | INFO    | molsanity | PGExplainer trained on 200 graphs (30 epochs), final loss 0.0328
2026-07-31 07:49:29,841 | INFO    | molsanity | Wrote GT-validation figure: artifacts/figures/BA-2Motifs__GINE__PGExplainer__scaffold/gt_validation.pdf (+ .svg)
2026-07-31 07:49:29,844 | INFO    | molsanity | Skipping molecule SVG (no aligned mol for case_molecule.svg)
2026-07-31 07:49:29,891 | INFO    | molsanity | [cell BA-2Motifs__GINE__PGExplainer__scaffold__seed1] DONE — acc=0.99 gt_auroc=0.857825 n=200 (capped)
2026-07-31 07:49:29,902 | INFO    | molsanity | [stage cell_BA-2Motifs__GINE__PGExplainer__scaffold__seed2] running (6899226b0af7833e)
2026-07-31 07:49:30,025 | INFO    | molsanity | Loaded BA-2Motifs: 1000 graphs, checksum fecc0a8aa094
2026-07-31 07:49:31,326 | INFO    | molsanity | class-aware split: moved scaffold group (1 mols, class 0) from train to val for coverage
2026-07-31 07:49:31,327 | INFO    | molsanity | class-aware split: moved scaffold group (1 mols, class 0) from train to test for coverage
2026-07-31 07:49:31,327 | INFO    | molsanity | Scaffold split: 996 scaffolds -> train 598 / val 101 / test 301
2026-07-31 07:49:31,355 | INFO    | molsanity | Loaded existing checkpoint gine_34584b44d53a42a9.pt
2026-07-31 07:51:29,253 | INFO    | molsanity | PGExplainer trained on 200 graphs (30 epochs), final loss 0.7301
2026-07-31 07:52:40,449 | INFO    | molsanity | PGExplainer trained on 200 graphs (30 epochs), final loss 0.1182
2026-07-31 07:52:48,135 | INFO    | molsanity | Wrote GT-validation figure: artifacts/figures/BA-2Motifs__GINE__PGExplainer__scaffold/gt_validation.pdf (+ .svg)
2026-07-31 07:52:48,137 | INFO    | molsanity | Skipping molecule SVG (no aligned mol for case_molecule.svg)
2026-07-31 07:52:48,194 | INFO    | molsanity | [cell BA-2Motifs__GINE__PGExplainer__scaffold__seed2] DONE — acc=0.90 gt_auroc=0.8628750000000001 n=200 (capped)
2026-07-31 07:52:48,205 | INFO    | molsanity | [stage cell_BA-2Motifs__GINE__PGExplainer__random__seed0] running (b4d573e3462ff45d)
2026-07-31 07:52:48,343 | INFO    | molsanity | Loaded BA-2Motifs: 1000 graphs, checksum fecc0a8aa094
2026-07-31 07:52:48,386 | INFO    | molsanity | Loaded existing checkpoint gine_81524887c7adee3c.pt
2026-07-31 07:54:44,939 | INFO    | molsanity | PGExplainer trained on 200 graphs (30 epochs), final loss 0.4382
2026-07-31 07:55:55,314 | INFO    | molsanity | PGExplainer trained on 200 graphs (30 epochs), final loss 0.0356
2026-07-31 07:56:03,413 | INFO    | molsanity | Wrote GT-validation figure: artifacts/figures/BA-2Motifs__GINE__PGExplainer__random/gt_validation.pdf (+ .svg)
2026-07-31 07:56:03,415 | INFO    | molsanity | Skipping molecule SVG (no aligned mol for case_molecule.svg)
2026-07-31 07:56:03,466 | INFO    | molsanity | [cell BA-2Motifs__GINE__PGExplainer__random__seed0] DONE — acc=0.78 gt_auroc=0.37717500000000004 n=200 (capped)
2026-07-31 07:56:03,477 | INFO    | molsanity | [stage cell_BA-2Motifs__GINE__PGExplainer__random__seed1] running (9953b37606eb8adb)
2026-07-31 07:56:03,620 | INFO    | molsanity | Loaded BA-2Motifs: 1000 graphs, checksum fecc0a8aa094
2026-07-31 07:56:03,665 | INFO    | molsanity | Loaded existing checkpoint gine_fbfa4ff78a93a73e.pt
2026-07-31 07:57:59,189 | INFO    | molsanity | PGExplainer trained on 200 graphs (30 epochs), final loss 0.4980
2026-07-31 07:59:07,960 | INFO    | molsanity | PGExplainer trained on 200 graphs (30 epochs), final loss 2.0741
2026-07-31 07:59:16,845 | INFO    | molsanity | Wrote GT-validation figure: artifacts/figures/BA-2Motifs__GINE__PGExplainer__random/gt_validation.pdf (+ .svg)
2026-07-31 07:59:16,847 | INFO    | molsanity | Skipping molecule SVG (no aligned mol for case_molecule.svg)
2026-07-31 07:59:16,900 | INFO    | molsanity | [cell BA-2Motifs__GINE__PGExplainer__random__seed1] DONE — acc=0.65 gt_auroc=0.591275 n=200 (capped)
2026-07-31 07:59:16,910 | INFO    | molsanity | [stage cell_BA-2Motifs__GINE__PGExplainer__random__seed2] running (21e97723c03dbaa5)
2026-07-31 07:59:17,035 | INFO    | molsanity | Loaded BA-2Motifs: 1000 graphs, checksum fecc0a8aa094
2026-07-31 07:59:17,075 | INFO    | molsanity | Loaded existing checkpoint gine_055141d997e01cb6.pt
2026-07-31 08:01:13,435 | INFO    | molsanity | PGExplainer trained on 200 graphs (30 epochs), final loss 0.7411
2026-07-31 08:02:23,138 | INFO    | molsanity | PGExplainer trained on 200 graphs (30 epochs), final loss 0.0709
2026-07-31 08:02:32,295 | INFO    | molsanity | Wrote GT-validation figure: artifacts/figures/BA-2Motifs__GINE__PGExplainer__random/gt_validation.pdf (+ .svg)
2026-07-31 08:02:32,297 | INFO    | molsanity | Skipping molecule SVG (no aligned mol for case_molecule.svg)
2026-07-31 08:02:32,346 | INFO    | molsanity | [cell BA-2Motifs__GINE__PGExplainer__random__seed2] DONE — acc=0.88 gt_auroc=0.10225000000000001 n=200 (capped)
2026-07-31 08:02:32,357 | INFO    | molsanity | [stage cell_DILI__GINE__IntegratedGradients__scaffold__seed0] running (42ebcfddbde4b3df)
2026-07-31 08:02:33,876 | INFO    | molsanity | DILI: skipped 3 unparseable molecules
2026-07-31 08:02:33,893 | INFO    | molsanity | DILI checksum recorded: 65deb1aabaed
2026-07-31 08:02:33,894 | INFO    | molsanity | Loaded DILI (TDC Tox/DILI): 472 graphs, checksum 65deb1aabaed
2026-07-31 08:02:34,623 | INFO    | molsanity | Scaffold split: 472 scaffolds -> train 283 / val 47 / test 142
2026-07-31 08:02:35,008 | INFO    | molsanity | Loaded existing checkpoint gine_5281be77a9e8e1fc.pt
2026-07-31 08:02:35,556 | ERROR   | molsanity | [cell DILI__GINE__IntegratedGradients__scaffold__seed0] FAILED — index 1 is out of bounds for dimension 0 with size 1 (traceback -> logs/error_DILI__GINE__IntegratedGradients__scaffold__seed0_20260731_005714.log)
2026-07-31 08:02:35,571 | INFO    | molsanity | [stage cell_DILI__GINE__IntegratedGradients__scaffold__seed1] running (ba4ae26cccabf7be)
2026-07-31 08:02:36,007 | INFO    | molsanity | DILI: skipped 3 unparseable molecules
2026-07-31 08:02:36,032 | INFO    | molsanity | Loaded DILI (TDC Tox/DILI): 472 graphs, checksum 65deb1aabaed
2026-07-31 08:02:36,748 | INFO    | molsanity | Scaffold split: 472 scaffolds -> train 283 / val 47 / test 142
2026-07-31 08:02:38,998 | INFO    | molsanity | Saved early checkpoint @epoch 30 -> gine_ba47c6df3e15116b_early.pt
2026-07-31 08:02:49,207 | INFO    | molsanity | Training done: best val_acc=0.925 @epoch 27 | test_acc=0.782 test_auc=0.848 T=0.721
2026-07-31 08:02:49,224 | INFO    | molsanity | Saved checkpoint gine_ba47c6df3e15116b.pt
2026-07-31 08:02:49,260 | ERROR   | molsanity | [cell DILI__GINE__IntegratedGradients__scaffold__seed1] FAILED — index 1 is out of bounds for dimension 0 with size 1 (traceback -> logs/error_DILI__GINE__IntegratedGradients__scaffold__seed1_20260731_005714.log)
2026-07-31 08:02:49,273 | INFO    | molsanity | [stage cell_DILI__GINE__IntegratedGradients__scaffold__seed2] running (0fafc44cd481456b)
2026-07-31 08:02:49,689 | INFO    | molsanity | DILI: skipped 3 unparseable molecules
2026-07-31 08:02:49,706 | INFO    | molsanity | Loaded DILI (TDC Tox/DILI): 472 graphs, checksum 65deb1aabaed
2026-07-31 08:02:50,438 | INFO    | molsanity | Scaffold split: 472 scaffolds -> train 283 / val 47 / test 142
2026-07-31 08:02:52,644 | INFO    | molsanity | Saved early checkpoint @epoch 30 -> gine_34584b44d53a42a9_early.pt
2026-07-31 08:03:02,836 | INFO    | molsanity | Training done: best val_acc=0.925 @epoch 98 | test_acc=0.711 test_auc=0.796 T=0.956
2026-07-31 08:03:02,856 | INFO    | molsanity | Saved checkpoint gine_34584b44d53a42a9.pt
2026-07-31 08:03:02,896 | ERROR   | molsanity | [cell DILI__GINE__IntegratedGradients__scaffold__seed2] FAILED — index 1 is out of bounds for dimension 0 with size 1 (traceback -> logs/error_DILI__GINE__IntegratedGradients__scaffold__seed2_20260731_005714.log)
2026-07-31 08:03:02,911 | INFO    | molsanity | [stage cell_DILI__GINE__IntegratedGradients__random__seed0] running (3e97a237b21c5405)
2026-07-31 08:03:03,357 | INFO    | molsanity | DILI: skipped 3 unparseable molecules
2026-07-31 08:03:03,375 | INFO    | molsanity | Loaded DILI (TDC Tox/DILI): 472 graphs, checksum 65deb1aabaed
2026-07-31 08:03:03,782 | INFO    | molsanity | Loaded existing checkpoint gine_81524887c7adee3c.pt
2026-07-31 08:03:04,274 | ERROR   | molsanity | [cell DILI__GINE__IntegratedGradients__random__seed0] FAILED — index 1 is out of bounds for dimension 0 with size 1 (traceback -> logs/error_DILI__GINE__IntegratedGradients__random__seed0_20260731_005714.log)
2026-07-31 08:03:04,291 | INFO    | molsanity | [stage cell_DILI__GINE__IntegratedGradients__random__seed1] running (9d5b016bfa039a6e)
2026-07-31 08:03:04,731 | INFO    | molsanity | DILI: skipped 3 unparseable molecules
2026-07-31 08:03:04,751 | INFO    | molsanity | Loaded DILI (TDC Tox/DILI): 472 graphs, checksum 65deb1aabaed
2026-07-31 08:03:06,929 | INFO    | molsanity | Saved early checkpoint @epoch 30 -> gine_fbfa4ff78a93a73e_early.pt
2026-07-31 08:03:16,886 | INFO    | molsanity | Training done: best val_acc=0.927 @epoch 79 | test_acc=0.613 test_auc=0.790 T=2.908
2026-07-31 08:03:16,904 | INFO    | molsanity | Saved checkpoint gine_fbfa4ff78a93a73e.pt
2026-07-31 08:03:16,939 | ERROR   | molsanity | [cell DILI__GINE__IntegratedGradients__random__seed1] FAILED — index 1 is out of bounds for dimension 0 with size 1 (traceback -> logs/error_DILI__GINE__IntegratedGradients__random__seed1_20260731_005714.log)
2026-07-31 08:03:16,953 | INFO    | molsanity | [stage cell_DILI__GINE__IntegratedGradients__random__seed2] running (f84505b13d17583f)
2026-07-31 08:03:17,420 | INFO    | molsanity | DILI: skipped 3 unparseable molecules
2026-07-31 08:03:17,440 | INFO    | molsanity | Loaded DILI (TDC Tox/DILI): 472 graphs, checksum 65deb1aabaed
2026-07-31 08:03:19,645 | INFO    | molsanity | Saved early checkpoint @epoch 30 -> gine_055141d997e01cb6_early.pt
2026-07-31 08:03:29,814 | INFO    | molsanity | Training done: best val_acc=0.875 @epoch 69 | test_acc=0.704 test_auc=0.775 T=0.681
2026-07-31 08:03:29,835 | INFO    | molsanity | Saved checkpoint gine_055141d997e01cb6.pt
2026-07-31 08:03:29,890 | ERROR   | molsanity | [cell DILI__GINE__IntegratedGradients__random__seed2] FAILED — index 1 is out of bounds for dimension 0 with size 1 (traceback -> logs/error_DILI__GINE__IntegratedGradients__random__seed2_20260731_005714.log)
2026-07-31 08:03:29,907 | INFO    | molsanity | [stage cell_hERG__GINE__IntegratedGradients__scaffold__seed0] running (918ee04c39507de4)
2026-07-31 08:03:31,339 | INFO    | molsanity | hERG checksum recorded: 998f4e965b89
2026-07-31 08:03:31,339 | INFO    | molsanity | Loaded hERG (TDC Tox/hERG): 655 graphs, checksum 998f4e965b89
2026-07-31 08:03:32,505 | INFO    | molsanity | Scaffold split: 655 scaffolds -> train 393 / val 65 / test 197
2026-07-31 08:03:32,963 | INFO    | molsanity | Loaded existing checkpoint gine_5281be77a9e8e1fc.pt
2026-07-31 08:03:33,448 | ERROR   | molsanity | [cell hERG__GINE__IntegratedGradients__scaffold__seed0] FAILED — index 1 is out of bounds for dimension 0 with size 1 (traceback -> logs/error_hERG__GINE__IntegratedGradients__scaffold__seed0_20260731_005714.log)
2026-07-31 08:03:33,465 | INFO    | molsanity | [stage cell_hERG__GINE__IntegratedGradients__scaffold__seed1] running (182816cd7a1e487d)
2026-07-31 08:03:34,125 | INFO    | molsanity | Loaded hERG (TDC Tox/hERG): 655 graphs, checksum 998f4e965b89
2026-07-31 08:03:35,439 | INFO    | molsanity | Scaffold split: 655 scaffolds -> train 393 / val 65 / test 197
2026-07-31 08:03:39,642 | INFO    | molsanity | Saved early checkpoint @epoch 30 -> gine_ba47c6df3e15116b_early.pt
2026-07-31 08:03:53,245 | INFO    | molsanity | Training done: best val_acc=0.632 @epoch 87 | test_acc=0.198 test_auc=0.629 T=10.000
2026-07-31 08:03:53,262 | INFO    | molsanity | Saved checkpoint gine_ba47c6df3e15116b.pt
2026-07-31 08:03:53,300 | ERROR   | molsanity | [cell hERG__GINE__IntegratedGradients__scaffold__seed1] FAILED — index 1 is out of bounds for dimension 0 with size 1 (traceback -> logs/error_hERG__GINE__IntegratedGradients__scaffold__seed1_20260731_005714.log)
2026-07-31 08:03:53,316 | INFO    | molsanity | [stage cell_hERG__GINE__IntegratedGradients__scaffold__seed2] running (6cb7f05fdb7eb38d)
2026-07-31 08:03:53,990 | INFO    | molsanity | Loaded hERG (TDC Tox/hERG): 655 graphs, checksum 998f4e965b89
2026-07-31 08:03:55,125 | INFO    | molsanity | Scaffold split: 655 scaffolds -> train 393 / val 65 / test 197
2026-07-31 08:03:58,336 | INFO    | molsanity | Saved early checkpoint @epoch 30 -> gine_34584b44d53a42a9_early.pt
2026-07-31 08:04:12,242 | INFO    | molsanity | Training done: best val_acc=0.598 @epoch 129 | test_acc=0.198 test_auc=0.542 T=10.000
2026-07-31 08:04:12,263 | INFO    | molsanity | Saved checkpoint gine_34584b44d53a42a9.pt
2026-07-31 08:04:12,301 | ERROR   | molsanity | [cell hERG__GINE__IntegratedGradients__scaffold__seed2] FAILED — index 1 is out of bounds for dimension 0 with size 1 (traceback -> logs/error_hERG__GINE__IntegratedGradients__scaffold__seed2_20260731_005714.log)
2026-07-31 08:04:12,317 | INFO    | molsanity | [stage cell_hERG__GINE__IntegratedGradients__random__seed0] running (e7a074fcbf925577)
2026-07-31 08:04:12,974 | INFO    | molsanity | Loaded hERG (TDC Tox/hERG): 655 graphs, checksum 998f4e965b89
2026-07-31 08:04:13,482 | INFO    | molsanity | Loaded existing checkpoint gine_81524887c7adee3c.pt
2026-07-31 08:04:14,064 | ERROR   | molsanity | [cell hERG__GINE__IntegratedGradients__random__seed0] FAILED — index 1 is out of bounds for dimension 0 with size 1 (traceback -> logs/error_hERG__GINE__IntegratedGradients__random__seed0_20260731_005714.log)
2026-07-31 08:04:14,080 | INFO    | molsanity | [stage cell_hERG__GINE__IntegratedGradients__random__seed1] running (398bf504c4eb5974)
2026-07-31 08:04:14,722 | INFO    | molsanity | Loaded hERG (TDC Tox/hERG): 655 graphs, checksum 998f4e965b89
2026-07-31 08:04:18,194 | INFO    | molsanity | Saved early checkpoint @epoch 30 -> gine_fbfa4ff78a93a73e_early.pt
2026-07-31 08:04:32,282 | INFO    | molsanity | Training done: best val_acc=0.843 @epoch 117 | test_acc=0.431 test_auc=0.823 T=2.589
2026-07-31 08:04:32,300 | INFO    | molsanity | Saved checkpoint gine_fbfa4ff78a93a73e.pt
2026-07-31 08:04:32,357 | ERROR   | molsanity | [cell hERG__GINE__IntegratedGradients__random__seed1] FAILED — index 1 is out of bounds for dimension 0 with size 1 (traceback -> logs/error_hERG__GINE__IntegratedGradients__random__seed1_20260731_005714.log)
2026-07-31 08:04:32,379 | INFO    | molsanity | [stage cell_hERG__GINE__IntegratedGradients__random__seed2] running (5e662f6ad6385d83)
2026-07-31 08:04:33,374 | INFO    | molsanity | Loaded hERG (TDC Tox/hERG): 655 graphs, checksum 998f4e965b89
2026-07-31 08:04:37,019 | INFO    | molsanity | Saved early checkpoint @epoch 30 -> gine_055141d997e01cb6_early.pt
2026-07-31 08:04:50,747 | INFO    | molsanity | Training done: best val_acc=0.807 @epoch 136 | test_acc=0.741 test_auc=0.815 T=1.458
2026-07-31 08:04:50,779 | INFO    | molsanity | Saved checkpoint gine_055141d997e01cb6.pt
2026-07-31 08:04:50,821 | ERROR   | molsanity | [cell hERG__GINE__IntegratedGradients__random__seed2] FAILED — index 1 is out of bounds for dimension 0 with size 1 (traceback -> logs/error_hERG__GINE__IntegratedGradients__random__seed2_20260731_005714.log)
2026-07-31 08:04:50,849 | INFO    | molsanity | Wrote SEED_VARIANCE.md (48 cells with >1 seed)
2026-07-31 08:04:50,849 | INFO    | molsanity | Wrote SEED_VARIANCE.md (48 multi-seed cells)
2026-07-31 08:05:12,149 | INFO    | molsanity | Wrote ABSTENTION.md (5 signals ranked)
2026-07-31 08:05:12,149 | INFO    | molsanity | Wrote ABSTENTION.md (5 signals ranked over 12113 records)
2026-07-31 08:05:12,155 | INFO    | molsanity | Wrote RATIONALE_USE.md (2005 molecules where the model reads the ground truth, 470 anti-aligned despite that)
2026-07-31 08:05:16,017 | INFO    | molsanity | Wrote BENCHMARK.md (106 cells)
2026-07-31 08:05:17,001 | INFO    | molsanity | Wrote BENCHMARK_GT.md (faithfulness-vs-ground-truth)
2026-07-31 08:05:18,813 | INFO    | molsanity | Wrote summary figure: artifacts/figures/_summary/attributor_gt_bar_MUTAG.pdf
2026-07-31 08:05:20,028 | INFO    | molsanity | Wrote summary figure: artifacts/figures/_summary/attributor_gt_bar_SynthMotifs.pdf
2026-07-31 08:05:21,751 | INFO    | molsanity | Wrote summary figure: artifacts/figures/_summary/faithfulness_stability_ecdf.pdf
2026-07-31 08:05:23,055 | INFO    | molsanity | Wrote summary figure: artifacts/figures/_summary/regime_stratification.pdf
2026-07-31 08:05:25,009 | INFO    | molsanity | Wrote rich figure: artifacts/figures/_summary/joint_faithful_correct.pdf
2026-07-31 08:05:26,667 | INFO    | molsanity | Wrote rich figure: artifacts/figures/_summary/raincloud_gt_MUTAG.pdf
2026-07-31 08:05:28,646 | INFO    | molsanity | Wrote rich figure: artifacts/figures/_summary/heatmap_gt.pdf
2026-07-31 08:05:31,851 | INFO    | molsanity | Wrote composite figure: artifacts/figures/_summary/results_composite.pdf
2026-07-31 08:05:31,879 | INFO    | molsanity | Loaded MUTAG: 188 graphs, checksum de1d4cec357f
2026-07-31 08:05:32,138 | INFO    | molsanity | Scaffold split: 52 scaffolds -> train 150 / val 18 / test 20
2026-07-31 08:05:32,416 | INFO    | molsanity | Loaded existing checkpoint gine_c98efc007771f38d.pt
2026-07-31 08:05:32,561 | WARNING | molsanity | Molecule grid MUTAG failed: index 1 is out of bounds for dimension 0 with size 1
2026-07-31 08:05:34,316 | INFO    | molsanity | Generated SynthMotifs: 1000 graphs (house/cycle), exact node GT
2026-07-31 08:05:34,349 | INFO    | molsanity | Loaded SynthMotifs: 1000 graphs, checksum dec19662af21
2026-07-31 08:05:35,938 | INFO    | molsanity | Scaffold split: 1000 scaffolds -> train 800 / val 100 / test 100
2026-07-31 08:05:36,356 | INFO    | molsanity | Loaded existing checkpoint gine_c98efc007771f38d.pt
2026-07-31 08:05:36,497 | WARNING | molsanity | Molecule grid SynthMotifs failed: index 1 is out of bounds for dimension 0 with size 1
2026-07-31 08:05:36,509 | INFO    | molsanity | Wrote 8 summary figure(s)
2026-07-31 08:05:37,496 | WARNING | molsanity | Dissociation figure generation failed: need two analysed regimes for the dissociation figure
2026-07-31 08:06:39,784 | INFO    | molsanity | Collected figures -> figures/ (306 files, 106 cells)
2026-07-31 08:06:39,785 | INFO    | molsanity | === Run complete: {'done': 144, 'failed': 222, 'skipped': 42, 'running': 0} ===
