2026-08-05 19:14:37,167 | INFO    | molsanity | === MolSanity run: full.yaml (seed=0) ===
2026-08-05 19:14:42,602 | INFO    | molsanity | Preflight: attributor dependencies OK.
2026-08-05 19:14:42,607 | INFO    | molsanity | Seeds: [0, 1, 2]
2026-08-05 19:14:42,980 | INFO    | molsanity | [stage cell_SynthMotifs__GINE__IntegratedGradients__scaffold__seed0] cache hit (65072488412316f0) — skipping
2026-08-05 19:14:42,980 | INFO    | molsanity | [cell SynthMotifs__GINE__IntegratedGradients__scaffold__seed0] DONE — acc=0.91 gt_auroc=0.97744 n=200 (capped) [cached]
2026-08-05 19:14:43,313 | INFO    | molsanity | [stage cell_SynthMotifs__GINE__IntegratedGradients__scaffold__seed1] cache hit (5a4f2b868a2ca606) — skipping
2026-08-05 19:14:43,313 | INFO    | molsanity | [cell SynthMotifs__GINE__IntegratedGradients__scaffold__seed1] DONE — acc=0.96 gt_auroc=0.9764400000000001 n=200 (capped) [cached]
2026-08-05 19:14:43,638 | INFO    | molsanity | [stage cell_SynthMotifs__GINE__IntegratedGradients__scaffold__seed2] cache hit (776e8dc349eeae43) — skipping
2026-08-05 19:14:43,638 | INFO    | molsanity | [cell SynthMotifs__GINE__IntegratedGradients__scaffold__seed2] DONE — acc=0.97 gt_auroc=0.9664400000000001 n=200 (capped) [cached]
2026-08-05 19:14:45,020 | INFO    | molsanity | [stage cell_SynthMotifs__GINE__IntegratedGradients__random__seed0] cache hit (02753f4e809ce5f5) — skipping
2026-08-05 19:14:45,020 | INFO    | molsanity | [cell SynthMotifs__GINE__IntegratedGradients__random__seed0] DONE — acc=0.98 gt_auroc=0.9968800000000002 n=200 (capped) [cached]
2026-08-05 19:14:45,304 | INFO    | molsanity | [stage cell_SynthMotifs__GINE__IntegratedGradients__random__seed1] cache hit (7d175e0f92c82ad0) — skipping
2026-08-05 19:14:45,304 | INFO    | molsanity | [cell SynthMotifs__GINE__IntegratedGradients__random__seed1] DONE — acc=0.98 gt_auroc=0.99576 n=200 (capped) [cached]
2026-08-05 19:14:45,600 | INFO    | molsanity | [stage cell_SynthMotifs__GINE__IntegratedGradients__random__seed2] cache hit (1565f585e9b5541c) — skipping
2026-08-05 19:14:45,600 | INFO    | molsanity | [cell SynthMotifs__GINE__IntegratedGradients__random__seed2] DONE — acc=0.94 gt_auroc=0.97708 n=200 (capped) [cached]
2026-08-05 19:14:45,804 | INFO    | molsanity | [stage cell_SynthMotifs__GINE__Saliency__scaffold__seed0] cache hit (3b9d072890976f41) — skipping
2026-08-05 19:14:45,805 | INFO    | molsanity | [cell SynthMotifs__GINE__Saliency__scaffold__seed0] DONE — acc=0.91 gt_auroc=0.98556 n=200 (capped) [cached]
2026-08-05 19:14:46,035 | INFO    | molsanity | [stage cell_SynthMotifs__GINE__Saliency__scaffold__seed1] cache hit (a531d612b8ef3f3d) — skipping
2026-08-05 19:14:46,035 | INFO    | molsanity | [cell SynthMotifs__GINE__Saliency__scaffold__seed1] DONE — acc=0.96 gt_auroc=0.91632 n=200 (capped) [cached]
2026-08-05 19:14:46,237 | INFO    | molsanity | [stage cell_SynthMotifs__GINE__Saliency__scaffold__seed2] cache hit (6aab46afcbab5440) — skipping
2026-08-05 19:14:46,237 | INFO    | molsanity | [cell SynthMotifs__GINE__Saliency__scaffold__seed2] DONE — acc=0.97 gt_auroc=0.96884 n=200 (capped) [cached]
2026-08-05 19:14:46,597 | INFO    | molsanity | [stage cell_SynthMotifs__GINE__Saliency__random__seed0] cache hit (f35ee62bd3a2fd8c) — skipping
2026-08-05 19:14:46,597 | INFO    | molsanity | [cell SynthMotifs__GINE__Saliency__random__seed0] DONE — acc=0.98 gt_auroc=0.9934000000000001 n=200 (capped) [cached]
2026-08-05 19:14:46,804 | INFO    | molsanity | [stage cell_SynthMotifs__GINE__Saliency__random__seed1] cache hit (b12bf657be55d0c6) — skipping
2026-08-05 19:14:46,805 | INFO    | molsanity | [cell SynthMotifs__GINE__Saliency__random__seed1] DONE — acc=0.98 gt_auroc=0.98276 n=200 (capped) [cached]
2026-08-05 19:14:47,098 | INFO    | molsanity | [stage cell_SynthMotifs__GINE__Saliency__random__seed2] cache hit (00333c65a3925cbb) — skipping
2026-08-05 19:14:47,098 | INFO    | molsanity | [cell SynthMotifs__GINE__Saliency__random__seed2] DONE — acc=0.94 gt_auroc=0.9599599999999999 n=200 (capped) [cached]
2026-08-05 19:14:47,379 | INFO    | molsanity | [stage cell_SynthMotifs__GINE__InputXGradient__scaffold__seed0] cache hit (eb74cc281bf91f06) — skipping
2026-08-05 19:14:47,379 | INFO    | molsanity | [cell SynthMotifs__GINE__InputXGradient__scaffold__seed0] DONE — acc=0.91 gt_auroc=0.99192 n=200 (capped) [cached]
2026-08-05 19:14:47,633 | INFO    | molsanity | [stage cell_SynthMotifs__GINE__InputXGradient__scaffold__seed1] cache hit (62f5df34343bb35e) — skipping
2026-08-05 19:14:47,634 | INFO    | molsanity | [cell SynthMotifs__GINE__InputXGradient__scaffold__seed1] DONE — acc=0.96 gt_auroc=0.9107599999999999 n=200 (capped) [cached]
2026-08-05 19:14:47,891 | INFO    | molsanity | [stage cell_SynthMotifs__GINE__InputXGradient__scaffold__seed2] cache hit (c2fca3cef07a7ae2) — skipping
2026-08-05 19:14:47,892 | INFO    | molsanity | [cell SynthMotifs__GINE__InputXGradient__scaffold__seed2] DONE — acc=0.97 gt_auroc=0.9607600000000001 n=200 (capped) [cached]
2026-08-05 19:14:48,184 | INFO    | molsanity | [stage cell_SynthMotifs__GINE__InputXGradient__random__seed0] cache hit (55c7baf914e35f27) — skipping
2026-08-05 19:14:48,185 | INFO    | molsanity | [cell SynthMotifs__GINE__InputXGradient__random__seed0] DONE — acc=0.98 gt_auroc=0.9872 n=200 (capped) [cached]
2026-08-05 19:14:48,520 | INFO    | molsanity | [stage cell_SynthMotifs__GINE__InputXGradient__random__seed1] cache hit (f0b3d5309ccd3f1a) — skipping
2026-08-05 19:14:48,520 | INFO    | molsanity | [cell SynthMotifs__GINE__InputXGradient__random__seed1] DONE — acc=0.98 gt_auroc=0.9632 n=200 (capped) [cached]
2026-08-05 19:14:48,817 | INFO    | molsanity | [stage cell_SynthMotifs__GINE__InputXGradient__random__seed2] cache hit (3745ebf4616a742c) — skipping
2026-08-05 19:14:48,817 | INFO    | molsanity | [cell SynthMotifs__GINE__InputXGradient__random__seed2] DONE — acc=0.94 gt_auroc=0.9592400000000001 n=200 (capped) [cached]
2026-08-05 19:14:49,133 | INFO    | molsanity | [stage cell_SynthMotifs__GINE__GuidedBackprop__scaffold__seed0] cache hit (10fc93f30c9f8dce) — skipping
2026-08-05 19:14:49,133 | INFO    | molsanity | [cell SynthMotifs__GINE__GuidedBackprop__scaffold__seed0] DONE — acc=0.91 gt_auroc=0.9814799999999999 n=200 (capped) [cached]
2026-08-05 19:14:49,402 | INFO    | molsanity | [stage cell_SynthMotifs__GINE__GuidedBackprop__scaffold__seed1] cache hit (30a28b9c93c1653e) — skipping
2026-08-05 19:14:49,402 | INFO    | molsanity | [cell SynthMotifs__GINE__GuidedBackprop__scaffold__seed1] DONE — acc=0.96 gt_auroc=0.9720799999999999 n=200 (capped) [cached]
2026-08-05 19:14:49,718 | INFO    | molsanity | [stage cell_SynthMotifs__GINE__GuidedBackprop__scaffold__seed2] cache hit (76e5b586fd2c00e4) — skipping
2026-08-05 19:14:49,718 | INFO    | molsanity | [cell SynthMotifs__GINE__GuidedBackprop__scaffold__seed2] DONE — acc=0.97 gt_auroc=0.97012 n=200 (capped) [cached]
2026-08-05 19:14:50,080 | INFO    | molsanity | [stage cell_SynthMotifs__GINE__GuidedBackprop__random__seed0] cache hit (638a07f5d6d7d957) — skipping
2026-08-05 19:14:50,081 | INFO    | molsanity | [cell SynthMotifs__GINE__GuidedBackprop__random__seed0] DONE — acc=0.98 gt_auroc=0.9992 n=200 (capped) [cached]
2026-08-05 19:14:50,422 | INFO    | molsanity | [stage cell_SynthMotifs__GINE__GuidedBackprop__random__seed1] cache hit (3e0b9edcddbc52d1) — skipping
2026-08-05 19:14:50,422 | INFO    | molsanity | [cell SynthMotifs__GINE__GuidedBackprop__random__seed1] DONE — acc=0.98 gt_auroc=0.9887999999999999 n=200 (capped) [cached]
2026-08-05 19:14:50,774 | INFO    | molsanity | [stage cell_SynthMotifs__GINE__GuidedBackprop__random__seed2] cache hit (77c447e50517c08c) — skipping
2026-08-05 19:14:50,774 | INFO    | molsanity | [cell SynthMotifs__GINE__GuidedBackprop__random__seed2] DONE — acc=0.94 gt_auroc=0.9957600000000001 n=200 (capped) [cached]
2026-08-05 19:14:50,962 | INFO    | molsanity | [stage cell_SynthMotifs__GINE__GNNExplainer__scaffold__seed0] cache hit (5aa8c44827d95495) — skipping
2026-08-05 19:14:50,963 | INFO    | molsanity | [cell SynthMotifs__GINE__GNNExplainer__scaffold__seed0] DONE — acc=0.91 gt_auroc=0.4738800000000001 n=200 (capped) [cached]
2026-08-05 19:14:51,282 | INFO    | molsanity | [stage cell_SynthMotifs__GINE__GNNExplainer__scaffold__seed1] cache hit (1a4c0c562e0ab0d1) — skipping
2026-08-05 19:14:51,283 | INFO    | molsanity | [cell SynthMotifs__GINE__GNNExplainer__scaffold__seed1] DONE — acc=0.96 gt_auroc=0.87772 n=200 (capped) [cached]
2026-08-05 19:14:51,562 | INFO    | molsanity | [stage cell_SynthMotifs__GINE__GNNExplainer__scaffold__seed2] cache hit (b63491b3995a5740) — skipping
2026-08-05 19:14:51,562 | INFO    | molsanity | [cell SynthMotifs__GINE__GNNExplainer__scaffold__seed2] DONE — acc=0.97 gt_auroc=0.57452 n=200 (capped) [cached]
2026-08-05 19:14:51,937 | INFO    | molsanity | [stage cell_SynthMotifs__GINE__GNNExplainer__random__seed0] cache hit (1de202a37979e9ea) — skipping
2026-08-05 19:14:51,937 | INFO    | molsanity | [cell SynthMotifs__GINE__GNNExplainer__random__seed0] DONE — acc=0.98 gt_auroc=0.5642 n=200 (capped) [cached]
2026-08-05 19:14:52,264 | INFO    | molsanity | [stage cell_SynthMotifs__GINE__GNNExplainer__random__seed1] cache hit (8340e3487494e388) — skipping
2026-08-05 19:14:52,264 | INFO    | molsanity | [cell SynthMotifs__GINE__GNNExplainer__random__seed1] DONE — acc=0.98 gt_auroc=0.63536 n=200 (capped) [cached]
2026-08-05 19:14:52,480 | INFO    | molsanity | [stage cell_SynthMotifs__GINE__GNNExplainer__random__seed2] cache hit (1bb1d5c3685e28db) — skipping
2026-08-05 19:14:52,481 | INFO    | molsanity | [cell SynthMotifs__GINE__GNNExplainer__random__seed2] DONE — acc=0.94 gt_auroc=0.6977600000000002 n=200 (capped) [cached]
2026-08-05 19:14:52,777 | INFO    | molsanity | [stage cell_SynthMotifs__GINE__PGExplainer__scaffold__seed0] cache hit (400598ec6edfeb7c) — skipping
2026-08-05 19:14:52,777 | INFO    | molsanity | [cell SynthMotifs__GINE__PGExplainer__scaffold__seed0] DONE — acc=0.91 gt_auroc=0.44195999999999996 n=200 (capped) [cached]
2026-08-05 19:14:53,099 | INFO    | molsanity | [stage cell_SynthMotifs__GINE__PGExplainer__scaffold__seed1] cache hit (9c3a4261196a4008) — skipping
2026-08-05 19:14:53,100 | INFO    | molsanity | [cell SynthMotifs__GINE__PGExplainer__scaffold__seed1] DONE — acc=0.96 gt_auroc=0.28966 n=200 (capped) [cached]
2026-08-05 19:14:53,421 | INFO    | molsanity | [stage cell_SynthMotifs__GINE__PGExplainer__scaffold__seed2] cache hit (8c55b0004a7adf6f) — skipping
2026-08-05 19:14:53,421 | INFO    | molsanity | [cell SynthMotifs__GINE__PGExplainer__scaffold__seed2] DONE — acc=0.97 gt_auroc=0.33104 n=200 (capped) [cached]
2026-08-05 19:14:53,775 | INFO    | molsanity | [stage cell_SynthMotifs__GINE__PGExplainer__random__seed0] cache hit (53469b066322fe83) — skipping
2026-08-05 19:14:53,775 | INFO    | molsanity | [cell SynthMotifs__GINE__PGExplainer__random__seed0] DONE — acc=0.98 gt_auroc=0.46025999999999995 n=200 (capped) [cached]
2026-08-05 19:14:53,986 | INFO    | molsanity | [stage cell_SynthMotifs__GINE__PGExplainer__random__seed1] cache hit (3d9086e35d1f027f) — skipping
2026-08-05 19:14:53,987 | INFO    | molsanity | [cell SynthMotifs__GINE__PGExplainer__random__seed1] DONE — acc=0.98 gt_auroc=0.47098 n=200 (capped) [cached]
2026-08-05 19:14:54,334 | INFO    | molsanity | [stage cell_SynthMotifs__GINE__PGExplainer__random__seed2] cache hit (696827c803f6b42b) — skipping
2026-08-05 19:14:54,334 | INFO    | molsanity | [cell SynthMotifs__GINE__PGExplainer__random__seed2] DONE — acc=0.94 gt_auroc=0.31392000000000003 n=200 (capped) [cached]
2026-08-05 19:14:54,630 | INFO    | molsanity | [stage cell_SynthMotifs__GINE__SubgraphX__scaffold__seed0] cache hit (083a8b2bad30e1a0) — skipping
2026-08-05 19:14:54,630 | INFO    | molsanity | [cell SynthMotifs__GINE__SubgraphX__scaffold__seed0] DONE — acc=0.91 gt_auroc=0.6311 n=200 (capped) [cached]
2026-08-05 19:14:54,959 | INFO    | molsanity | [stage cell_SynthMotifs__GINE__SubgraphX__scaffold__seed1] cache hit (bdb70b141c6888e4) — skipping
2026-08-05 19:14:54,959 | INFO    | molsanity | [cell SynthMotifs__GINE__SubgraphX__scaffold__seed1] DONE — acc=0.96 gt_auroc=0.8443999999999999 n=200 (capped) [cached]
2026-08-05 19:14:55,157 | INFO    | molsanity | [stage cell_SynthMotifs__GINE__SubgraphX__scaffold__seed2] cache hit (b20b7e59aca7c74e) — skipping
2026-08-05 19:14:55,158 | INFO    | molsanity | [cell SynthMotifs__GINE__SubgraphX__scaffold__seed2] DONE — acc=0.97 gt_auroc=0.7768 n=200 (capped) [cached]
2026-08-05 19:14:55,542 | INFO    | molsanity | [stage cell_SynthMotifs__GINE__SubgraphX__random__seed0] cache hit (494517c96ed94269) — skipping
2026-08-05 19:14:55,542 | INFO    | molsanity | [cell SynthMotifs__GINE__SubgraphX__random__seed0] DONE — acc=0.98 gt_auroc=0.6419999999999999 n=200 (capped) [cached]
2026-08-05 19:14:55,845 | INFO    | molsanity | [stage cell_SynthMotifs__GINE__SubgraphX__random__seed1] cache hit (ac86cb2b18b32abf) — skipping
2026-08-05 19:14:55,845 | INFO    | molsanity | [cell SynthMotifs__GINE__SubgraphX__random__seed1] DONE — acc=0.98 gt_auroc=0.8237000000000001 n=200 (capped) [cached]
2026-08-05 19:14:56,199 | INFO    | molsanity | [stage cell_SynthMotifs__GINE__SubgraphX__random__seed2] cache hit (e32ec76efe0fa024) — skipping
2026-08-05 19:14:56,199 | INFO    | molsanity | [cell SynthMotifs__GINE__SubgraphX__random__seed2] DONE — acc=0.94 gt_auroc=0.8449999999999999 n=200 (capped) [cached]
2026-08-05 19:14:56,440 | INFO    | molsanity | [stage cell_SynthMotifs__GCN__IntegratedGradients__scaffold__seed0] cache hit (1ac48dd9241a36bd) — skipping
2026-08-05 19:14:56,441 | INFO    | molsanity | [cell SynthMotifs__GCN__IntegratedGradients__scaffold__seed0] DONE — acc=0.63 gt_auroc=0.94524 n=200 (capped) [cached]
2026-08-05 19:14:56,744 | INFO    | molsanity | [stage cell_SynthMotifs__GCN__IntegratedGradients__scaffold__seed1] cache hit (11ccd2d46ef0aa00) — skipping
2026-08-05 19:14:56,744 | INFO    | molsanity | [cell SynthMotifs__GCN__IntegratedGradients__scaffold__seed1] DONE — acc=0.97 gt_auroc=0.93392 n=200 (capped) [cached]
2026-08-05 19:14:57,046 | INFO    | molsanity | [stage cell_SynthMotifs__GCN__IntegratedGradients__scaffold__seed2] cache hit (1a893f60534da494) — skipping
2026-08-05 19:14:57,047 | INFO    | molsanity | [cell SynthMotifs__GCN__IntegratedGradients__scaffold__seed2] DONE — acc=0.97 gt_auroc=0.9807600000000001 n=200 (capped) [cached]
2026-08-05 19:14:57,346 | INFO    | molsanity | [stage cell_SynthMotifs__GCN__IntegratedGradients__random__seed0] cache hit (ec9bf3b952b08fe6) — skipping
2026-08-05 19:14:57,347 | INFO    | molsanity | [cell SynthMotifs__GCN__IntegratedGradients__random__seed0] DONE — acc=0.69 gt_auroc=0.58304 n=200 (capped) [cached]
2026-08-05 19:14:57,747 | INFO    | molsanity | [stage cell_SynthMotifs__GCN__IntegratedGradients__random__seed1] cache hit (1e664288be969189) — skipping
2026-08-05 19:14:57,747 | INFO    | molsanity | [cell SynthMotifs__GCN__IntegratedGradients__random__seed1] DONE — acc=0.98 gt_auroc=0.98348 n=200 (capped) [cached]
2026-08-05 19:14:58,098 | INFO    | molsanity | [stage cell_SynthMotifs__GCN__IntegratedGradients__random__seed2] cache hit (c9fe87952bebe4f6) — skipping
2026-08-05 19:14:58,098 | INFO    | molsanity | [cell SynthMotifs__GCN__IntegratedGradients__random__seed2] DONE — acc=0.99 gt_auroc=0.9902799999999999 n=200 (capped) [cached]
2026-08-05 19:14:58,410 | INFO    | molsanity | [stage cell_SynthMotifs__GAT__IntegratedGradients__scaffold__seed0] cache hit (bdf84e464c133a60) — skipping
2026-08-05 19:14:58,410 | INFO    | molsanity | [cell SynthMotifs__GAT__IntegratedGradients__scaffold__seed0] DONE — acc=0.99 gt_auroc=0.8317599999999998 n=200 (capped) [cached]
2026-08-05 19:14:58,611 | INFO    | molsanity | [stage cell_SynthMotifs__GAT__IntegratedGradients__scaffold__seed1] cache hit (32df2027383f263e) — skipping
2026-08-05 19:14:58,611 | INFO    | molsanity | [cell SynthMotifs__GAT__IntegratedGradients__scaffold__seed1] DONE — acc=0.62 gt_auroc=0.98536 n=200 (capped) [cached]
2026-08-05 19:14:58,947 | INFO    | molsanity | [stage cell_SynthMotifs__GAT__IntegratedGradients__scaffold__seed2] cache hit (2f879b522c836157) — skipping
2026-08-05 19:14:58,947 | INFO    | molsanity | [cell SynthMotifs__GAT__IntegratedGradients__scaffold__seed2] DONE — acc=0.99 gt_auroc=0.9197600000000001 n=200 (capped) [cached]
2026-08-05 19:14:59,259 | INFO    | molsanity | [stage cell_SynthMotifs__GAT__IntegratedGradients__random__seed0] cache hit (6bf8cf15f56cd9d6) — skipping
2026-08-05 19:14:59,259 | INFO    | molsanity | [cell SynthMotifs__GAT__IntegratedGradients__random__seed0] DONE — acc=0.99 gt_auroc=0.9200800000000001 n=200 (capped) [cached]
2026-08-05 19:14:59,537 | INFO    | molsanity | [stage cell_SynthMotifs__GAT__IntegratedGradients__random__seed1] cache hit (8c9d530c6a6a33e1) — skipping
2026-08-05 19:14:59,537 | INFO    | molsanity | [cell SynthMotifs__GAT__IntegratedGradients__random__seed1] DONE — acc=0.98 gt_auroc=0.8164 n=200 (capped) [cached]
2026-08-05 19:14:59,822 | INFO    | molsanity | [stage cell_SynthMotifs__GAT__IntegratedGradients__random__seed2] cache hit (cb7e6f949af6680b) — skipping
2026-08-05 19:14:59,822 | INFO    | molsanity | [cell SynthMotifs__GAT__IntegratedGradients__random__seed2] DONE — acc=0.99 gt_auroc=0.64168 n=200 (capped) [cached]
2026-08-05 19:15:00,095 | INFO    | molsanity | [stage cell_SynthMotifs__MPNN__IntegratedGradients__scaffold__seed0] cache hit (b966104415fe5597) — skipping
2026-08-05 19:15:00,096 | INFO    | molsanity | [cell SynthMotifs__MPNN__IntegratedGradients__scaffold__seed0] DONE — acc=0.98 gt_auroc=0.8294400000000002 n=200 (capped) [cached]
2026-08-05 19:15:00,433 | INFO    | molsanity | [stage cell_SynthMotifs__MPNN__IntegratedGradients__scaffold__seed1] cache hit (baeb4835191e4394) — skipping
2026-08-05 19:15:00,433 | INFO    | molsanity | [cell SynthMotifs__MPNN__IntegratedGradients__scaffold__seed1] DONE — acc=0.82 gt_auroc=0.847 n=200 (capped) [cached]
2026-08-05 19:15:00,736 | INFO    | molsanity | [stage cell_SynthMotifs__MPNN__IntegratedGradients__scaffold__seed2] cache hit (b8183ea8ec331afb) — skipping
2026-08-05 19:15:00,736 | INFO    | molsanity | [cell SynthMotifs__MPNN__IntegratedGradients__scaffold__seed2] DONE — acc=0.71 gt_auroc=0.8597999999999999 n=200 (capped) [cached]
2026-08-05 19:15:01,043 | INFO    | molsanity | [stage cell_SynthMotifs__MPNN__IntegratedGradients__random__seed0] cache hit (6e5c645637de4293) — skipping
2026-08-05 19:15:01,044 | INFO    | molsanity | [cell SynthMotifs__MPNN__IntegratedGradients__random__seed0] DONE — acc=0.98 gt_auroc=0.81172 n=200 (capped) [cached]
2026-08-05 19:15:01,350 | INFO    | molsanity | [stage cell_SynthMotifs__MPNN__IntegratedGradients__random__seed1] cache hit (0645410eeb3f861d) — skipping
2026-08-05 19:15:01,350 | INFO    | molsanity | [cell SynthMotifs__MPNN__IntegratedGradients__random__seed1] DONE — acc=0.99 gt_auroc=0.8999600000000001 n=200 (capped) [cached]
2026-08-05 19:15:01,631 | INFO    | molsanity | [stage cell_SynthMotifs__MPNN__IntegratedGradients__random__seed2] cache hit (33dded6901cb933f) — skipping
2026-08-05 19:15:01,631 | INFO    | molsanity | [cell SynthMotifs__MPNN__IntegratedGradients__random__seed2] DONE — acc=1.00 gt_auroc=0.9031199999999999 n=200 (capped) [cached]
2026-08-05 19:15:02,032 | INFO    | molsanity | [stage cell_SynthMotifs__AttentiveFP__IntegratedGradients__scaffold__seed0] cache hit (2892187911c9da9f) — skipping
2026-08-05 19:15:02,032 | INFO    | molsanity | [cell SynthMotifs__AttentiveFP__IntegratedGradients__scaffold__seed0] DONE — acc=0.93 gt_auroc=0.82336 n=200 (capped) [cached]
2026-08-05 19:15:02,327 | INFO    | molsanity | [stage cell_SynthMotifs__AttentiveFP__IntegratedGradients__scaffold__seed1] cache hit (03d0689289aba3bf) — skipping
2026-08-05 19:15:02,327 | INFO    | molsanity | [cell SynthMotifs__AttentiveFP__IntegratedGradients__scaffold__seed1] DONE — acc=0.98 gt_auroc=0.8785200000000001 n=200 (capped) [cached]
2026-08-05 19:15:02,630 | INFO    | molsanity | [stage cell_SynthMotifs__AttentiveFP__IntegratedGradients__scaffold__seed2] cache hit (565b4ac370ec56ea) — skipping
2026-08-05 19:15:02,630 | INFO    | molsanity | [cell SynthMotifs__AttentiveFP__IntegratedGradients__scaffold__seed2] DONE — acc=0.98 gt_auroc=0.9090400000000001 n=200 (capped) [cached]
2026-08-05 19:15:02,921 | INFO    | molsanity | [stage cell_SynthMotifs__AttentiveFP__IntegratedGradients__random__seed0] cache hit (be6310cea51da325) — skipping
2026-08-05 19:15:02,921 | INFO    | molsanity | [cell SynthMotifs__AttentiveFP__IntegratedGradients__random__seed0] DONE — acc=0.97 gt_auroc=0.7764 n=200 (capped) [cached]
2026-08-05 19:15:03,259 | INFO    | molsanity | [stage cell_SynthMotifs__AttentiveFP__IntegratedGradients__random__seed1] cache hit (31821c4b22e4c233) — skipping
2026-08-05 19:15:03,259 | INFO    | molsanity | [cell SynthMotifs__AttentiveFP__IntegratedGradients__random__seed1] DONE — acc=0.98 gt_auroc=0.9398400000000001 n=200 (capped) [cached]
2026-08-05 19:15:03,585 | INFO    | molsanity | [stage cell_SynthMotifs__AttentiveFP__IntegratedGradients__random__seed2] cache hit (036246f8fc4bfa9f) — skipping
2026-08-05 19:15:03,586 | INFO    | molsanity | [cell SynthMotifs__AttentiveFP__IntegratedGradients__random__seed2] DONE — acc=0.98 gt_auroc=0.8982399999999999 n=200 (capped) [cached]
2026-08-05 19:15:03,767 | INFO    | molsanity | [stage cell_MUTAG__GINE__IntegratedGradients__scaffold__seed0] cache hit (b354fabd43044e89) — skipping
2026-08-05 19:15:03,767 | INFO    | molsanity | [cell MUTAG__GINE__IntegratedGradients__scaffold__seed0] DONE — acc=0.51 gt_auroc=0.6857638133026588 n=53 (capped) [cached]
2026-08-05 19:15:04,035 | INFO    | molsanity | [stage cell_MUTAG__GINE__IntegratedGradients__scaffold__seed1] cache hit (5447dc62dca88702) — skipping
2026-08-05 19:15:04,035 | INFO    | molsanity | [cell MUTAG__GINE__IntegratedGradients__scaffold__seed1] DONE — acc=0.91 gt_auroc=0.7148753967288928 n=53 (capped) [cached]
2026-08-05 19:15:04,202 | INFO    | molsanity | [stage cell_MUTAG__GINE__IntegratedGradients__scaffold__seed2] cache hit (32123259c4aa0b2c) — skipping
2026-08-05 19:15:04,202 | INFO    | molsanity | [cell MUTAG__GINE__IntegratedGradients__scaffold__seed2] DONE — acc=0.79 gt_auroc=0.30161212877639065 n=53 (capped) [cached]
2026-08-05 19:15:04,477 | INFO    | molsanity | [stage cell_MUTAG__GINE__IntegratedGradients__random__seed0] cache hit (d4fbdab4b540d133) — skipping
2026-08-05 19:15:04,477 | INFO    | molsanity | [cell MUTAG__GINE__IntegratedGradients__random__seed0] DONE — acc=0.53 gt_auroc=0.052496601888082625 n=58 (capped) [cached]
2026-08-05 19:15:04,812 | INFO    | molsanity | [stage cell_MUTAG__GINE__IntegratedGradients__random__seed1] cache hit (4300ff5c400332c8) — skipping
2026-08-05 19:15:04,812 | INFO    | molsanity | [cell MUTAG__GINE__IntegratedGradients__random__seed1] DONE — acc=0.81 gt_auroc=0.6122331818809479 n=58 (capped) [cached]
2026-08-05 19:15:05,163 | INFO    | molsanity | [stage cell_MUTAG__GINE__IntegratedGradients__random__seed2] cache hit (89ae96df2404e600) — skipping
2026-08-05 19:15:05,163 | INFO    | molsanity | [cell MUTAG__GINE__IntegratedGradients__random__seed2] DONE — acc=0.90 gt_auroc=0.4956688191982309 n=58 (capped) [cached]
2026-08-05 19:15:05,537 | INFO    | molsanity | [stage cell_MUTAG__GINE__Saliency__scaffold__seed0] cache hit (9aa0035121b6c009) — skipping
2026-08-05 19:15:05,538 | INFO    | molsanity | [cell MUTAG__GINE__Saliency__scaffold__seed0] DONE — acc=0.51 gt_auroc=0.12444117675804692 n=53 (capped) [cached]
2026-08-05 19:15:05,728 | INFO    | molsanity | [stage cell_MUTAG__GINE__Saliency__scaffold__seed1] cache hit (9ae00a5f49612d2b) — skipping
2026-08-05 19:15:05,729 | INFO    | molsanity | [cell MUTAG__GINE__Saliency__scaffold__seed1] DONE — acc=0.91 gt_auroc=0.027005045761982496 n=53 (capped) [cached]
2026-08-05 19:15:05,940 | INFO    | molsanity | [stage cell_MUTAG__GINE__Saliency__scaffold__seed2] cache hit (d067ac762ff3ac6e) — skipping
2026-08-05 19:15:05,940 | INFO    | molsanity | [cell MUTAG__GINE__Saliency__scaffold__seed2] DONE — acc=0.79 gt_auroc=0.0016273035140959662 n=53 (capped) [cached]
2026-08-05 19:15:06,260 | INFO    | molsanity | [stage cell_MUTAG__GINE__Saliency__random__seed0] cache hit (ae49521b02afcf41) — skipping
2026-08-05 19:15:06,260 | INFO    | molsanity | [cell MUTAG__GINE__Saliency__random__seed0] DONE — acc=0.53 gt_auroc=0.029480792196309433 n=58 (capped) [cached]
2026-08-05 19:15:06,550 | INFO    | molsanity | [stage cell_MUTAG__GINE__Saliency__random__seed1] cache hit (341703ac7e1ee699) — skipping
2026-08-05 19:15:06,551 | INFO    | molsanity | [cell MUTAG__GINE__Saliency__random__seed1] DONE — acc=0.81 gt_auroc=0.005584599740279254 n=58 (capped) [cached]
2026-08-05 19:15:06,929 | INFO    | molsanity | [stage cell_MUTAG__GINE__Saliency__random__seed2] cache hit (6904078b43ef0b42) — skipping
2026-08-05 19:15:06,929 | INFO    | molsanity | [cell MUTAG__GINE__Saliency__random__seed2] DONE — acc=0.90 gt_auroc=0.0017959770114942526 n=58 (capped) [cached]
2026-08-05 19:15:07,154 | INFO    | molsanity | [stage cell_MUTAG__GINE__InputXGradient__scaffold__seed0] cache hit (aefb1f013aeec8fd) — skipping
2026-08-05 19:15:07,154 | INFO    | molsanity | [cell MUTAG__GINE__InputXGradient__scaffold__seed0] DONE — acc=0.51 gt_auroc=0.2099770343111075 n=53 (capped) [cached]
2026-08-05 19:15:07,391 | INFO    | molsanity | [stage cell_MUTAG__GINE__InputXGradient__scaffold__seed1] cache hit (c92eff630654e26e) — skipping
2026-08-05 19:15:07,391 | INFO    | molsanity | [cell MUTAG__GINE__InputXGradient__scaffold__seed1] DONE — acc=0.91 gt_auroc=0.06037560858593045 n=53 (capped) [cached]
2026-08-05 19:15:07,653 | INFO    | molsanity | [stage cell_MUTAG__GINE__InputXGradient__scaffold__seed2] cache hit (0a66e0363a637de3) — skipping
2026-08-05 19:15:07,654 | INFO    | molsanity | [cell MUTAG__GINE__InputXGradient__scaffold__seed2] DONE — acc=0.79 gt_auroc=0.07852186145748852 n=53 (capped) [cached]
2026-08-05 19:15:08,001 | INFO    | molsanity | [stage cell_MUTAG__GINE__InputXGradient__random__seed0] cache hit (3728be81bab9db42) — skipping
2026-08-05 19:15:08,001 | INFO    | molsanity | [cell MUTAG__GINE__InputXGradient__random__seed0] DONE — acc=0.53 gt_auroc=0.06584852774000848 n=58 (capped) [cached]
2026-08-05 19:15:08,275 | INFO    | molsanity | [stage cell_MUTAG__GINE__InputXGradient__random__seed1] cache hit (9c9fb4c30aa1cbe1) — skipping
2026-08-05 19:15:08,275 | INFO    | molsanity | [cell MUTAG__GINE__InputXGradient__random__seed1] DONE — acc=0.81 gt_auroc=0.024886085918833865 n=58 (capped) [cached]
2026-08-05 19:15:08,625 | INFO    | molsanity | [stage cell_MUTAG__GINE__InputXGradient__random__seed2] cache hit (46c5b9d3394a9393) — skipping
2026-08-05 19:15:08,625 | INFO    | molsanity | [cell MUTAG__GINE__InputXGradient__random__seed2] DONE — acc=0.90 gt_auroc=0.013035591483867345 n=58 (capped) [cached]
2026-08-05 19:15:08,913 | INFO    | molsanity | [stage cell_MUTAG__GINE__GuidedBackprop__scaffold__seed0] cache hit (c06c76d2194d3feb) — skipping
2026-08-05 19:15:08,913 | INFO    | molsanity | [cell MUTAG__GINE__GuidedBackprop__scaffold__seed0] DONE — acc=0.51 gt_auroc=0.06735656028108858 n=53 (capped) [cached]
2026-08-05 19:15:09,232 | INFO    | molsanity | [stage cell_MUTAG__GINE__GuidedBackprop__scaffold__seed1] cache hit (1f32ecdfe96dcce8) — skipping
2026-08-05 19:15:09,232 | INFO    | molsanity | [cell MUTAG__GINE__GuidedBackprop__scaffold__seed1] DONE — acc=0.91 gt_auroc=0.06100073981594515 n=53 (capped) [cached]
2026-08-05 19:15:09,525 | INFO    | molsanity | [stage cell_MUTAG__GINE__GuidedBackprop__scaffold__seed2] cache hit (96bb1f82078b36bd) — skipping
2026-08-05 19:15:09,525 | INFO    | molsanity | [cell MUTAG__GINE__GuidedBackprop__scaffold__seed2] DONE — acc=0.79 gt_auroc=0.012858664745457197 n=53 (capped) [cached]
2026-08-05 19:15:09,808 | INFO    | molsanity | [stage cell_MUTAG__GINE__GuidedBackprop__random__seed0] cache hit (f64a56eee9ff5c02) — skipping
2026-08-05 19:15:09,808 | INFO    | molsanity | [cell MUTAG__GINE__GuidedBackprop__random__seed0] DONE — acc=0.53 gt_auroc=0.22485861510962932 n=58 (capped) [cached]
2026-08-05 19:15:10,128 | INFO    | molsanity | [stage cell_MUTAG__GINE__GuidedBackprop__random__seed1] cache hit (5197fd8710dcaee0) — skipping
2026-08-05 19:15:10,128 | INFO    | molsanity | [cell MUTAG__GINE__GuidedBackprop__random__seed1] DONE — acc=0.81 gt_auroc=0.030085411861861092 n=58 (capped) [cached]
2026-08-05 19:15:10,407 | INFO    | molsanity | [stage cell_MUTAG__GINE__GuidedBackprop__random__seed2] cache hit (c58f165f2742c7f0) — skipping
2026-08-05 19:15:10,408 | INFO    | molsanity | [cell MUTAG__GINE__GuidedBackprop__random__seed2] DONE — acc=0.90 gt_auroc=0.03692739346897562 n=58 (capped) [cached]
2026-08-05 19:15:10,743 | INFO    | molsanity | [stage cell_MUTAG__GINE__GNNExplainer__scaffold__seed0] cache hit (2e8558b0b6abe41d) — skipping
2026-08-05 19:15:10,743 | INFO    | molsanity | [cell MUTAG__GINE__GNNExplainer__scaffold__seed0] DONE — acc=0.51 gt_auroc=0.6751190823194153 n=53 (capped) [cached]
2026-08-05 19:15:10,984 | INFO    | molsanity | [stage cell_MUTAG__GINE__GNNExplainer__scaffold__seed1] cache hit (68f5286526a5c6b0) — skipping
2026-08-05 19:15:10,985 | INFO    | molsanity | [cell MUTAG__GINE__GNNExplainer__scaffold__seed1] DONE — acc=0.91 gt_auroc=0.8224781192109161 n=53 (capped) [cached]
2026-08-05 19:15:11,209 | INFO    | molsanity | [stage cell_MUTAG__GINE__GNNExplainer__scaffold__seed2] cache hit (dbcdfee130e00245) — skipping
2026-08-05 19:15:11,209 | INFO    | molsanity | [cell MUTAG__GINE__GNNExplainer__scaffold__seed2] DONE — acc=0.79 gt_auroc=0.8260556632088263 n=53 (capped) [cached]
2026-08-05 19:15:11,483 | INFO    | molsanity | [stage cell_MUTAG__GINE__GNNExplainer__random__seed0] cache hit (83f6206f8aa6c800) — skipping
2026-08-05 19:15:11,483 | INFO    | molsanity | [cell MUTAG__GINE__GNNExplainer__random__seed0] DONE — acc=0.53 gt_auroc=0.4478129307680524 n=58 (capped) [cached]
2026-08-05 19:15:11,844 | INFO    | molsanity | [stage cell_MUTAG__GINE__GNNExplainer__random__seed1] cache hit (4c93fbf63929b159) — skipping
2026-08-05 19:15:11,844 | INFO    | molsanity | [cell MUTAG__GINE__GNNExplainer__random__seed1] DONE — acc=0.81 gt_auroc=0.7279442813882203 n=58 (capped) [cached]
2026-08-05 19:15:12,159 | INFO    | molsanity | [stage cell_MUTAG__GINE__GNNExplainer__random__seed2] cache hit (d51b0fcc9cc85506) — skipping
2026-08-05 19:15:12,159 | INFO    | molsanity | [cell MUTAG__GINE__GNNExplainer__random__seed2] DONE — acc=0.90 gt_auroc=0.8578171940748005 n=58 (capped) [cached]
2026-08-05 19:15:12,473 | INFO    | molsanity | [stage cell_MUTAG__GINE__PGExplainer__scaffold__seed0] cache hit (9e87e6ea14e76c51) — skipping
2026-08-05 19:15:12,473 | INFO    | molsanity | [cell MUTAG__GINE__PGExplainer__scaffold__seed0] DONE — acc=0.51 gt_auroc=0.23129212475771851 n=53 (capped) [cached]
2026-08-05 19:15:12,701 | INFO    | molsanity | [stage cell_MUTAG__GINE__PGExplainer__scaffold__seed1] cache hit (a380f8bae2576f77) — skipping
2026-08-05 19:15:12,702 | INFO    | molsanity | [cell MUTAG__GINE__PGExplainer__scaffold__seed1] DONE — acc=0.91 gt_auroc=0.3672124267088196 n=53 (capped) [cached]
2026-08-05 19:15:12,967 | INFO    | molsanity | [stage cell_MUTAG__GINE__PGExplainer__scaffold__seed2] cache hit (ef568d3997c9e337) — skipping
2026-08-05 19:15:12,967 | INFO    | molsanity | [cell MUTAG__GINE__PGExplainer__scaffold__seed2] DONE — acc=0.79 gt_auroc=0.3603304321464698 n=53 (capped) [cached]
2026-08-05 19:15:13,351 | INFO    | molsanity | [stage cell_MUTAG__GINE__PGExplainer__random__seed0] cache hit (0aed256a98e6c327) — skipping
2026-08-05 19:15:13,351 | INFO    | molsanity | [cell MUTAG__GINE__PGExplainer__random__seed0] DONE — acc=0.53 gt_auroc=0.9956896551724138 n=58 (capped) [cached]
2026-08-05 19:15:13,595 | INFO    | molsanity | [stage cell_MUTAG__GINE__PGExplainer__random__seed1] cache hit (4e0253c0191cb1ed) — skipping
2026-08-05 19:15:13,595 | INFO    | molsanity | [cell MUTAG__GINE__PGExplainer__random__seed1] DONE — acc=0.81 gt_auroc=0.7430817492176518 n=58 (capped) [cached]
2026-08-05 19:15:13,916 | INFO    | molsanity | [stage cell_MUTAG__GINE__PGExplainer__random__seed2] cache hit (1789fc5a744c78e5) — skipping
2026-08-05 19:15:13,916 | INFO    | molsanity | [cell MUTAG__GINE__PGExplainer__random__seed2] DONE — acc=0.90 gt_auroc=0.250733136876646 n=58 (capped) [cached]
2026-08-05 19:15:14,216 | INFO    | molsanity | [stage cell_MUTAG__GINE__SubgraphX__scaffold__seed0] cache hit (142e7e25bc302055) — skipping
2026-08-05 19:15:14,216 | INFO    | molsanity | [cell MUTAG__GINE__SubgraphX__scaffold__seed0] DONE — acc=0.51 gt_auroc=0.5144978533921375 n=53 (capped) [cached]
2026-08-05 19:15:14,568 | INFO    | molsanity | [stage cell_MUTAG__GINE__SubgraphX__scaffold__seed1] cache hit (bef480ac4fcd3f58) — skipping
2026-08-05 19:15:14,568 | INFO    | molsanity | [cell MUTAG__GINE__SubgraphX__scaffold__seed1] DONE — acc=0.91 gt_auroc=0.3324233372374327 n=53 (capped) [cached]
2026-08-05 19:15:14,799 | INFO    | molsanity | [stage cell_MUTAG__GINE__SubgraphX__scaffold__seed2] cache hit (e7ce2a790be8f668) — skipping
2026-08-05 19:15:14,800 | INFO    | molsanity | [cell MUTAG__GINE__SubgraphX__scaffold__seed2] DONE — acc=0.79 gt_auroc=0.3302130159580215 n=53 (capped) [cached]
2026-08-05 19:15:15,175 | INFO    | molsanity | [stage cell_MUTAG__GINE__SubgraphX__random__seed0] cache hit (282f52bab8f5ae42) — skipping
2026-08-05 19:15:15,175 | INFO    | molsanity | [cell MUTAG__GINE__SubgraphX__random__seed0] DONE — acc=0.53 gt_auroc=0.3419885683957692 n=58 (capped) [cached]
2026-08-05 19:15:15,474 | INFO    | molsanity | [stage cell_MUTAG__GINE__SubgraphX__random__seed1] cache hit (8ae176b3ef0e670e) — skipping
2026-08-05 19:15:15,475 | INFO    | molsanity | [cell MUTAG__GINE__SubgraphX__random__seed1] DONE — acc=0.81 gt_auroc=0.4886552383286263 n=58 (capped) [cached]
2026-08-05 19:15:15,790 | INFO    | molsanity | [stage cell_MUTAG__GINE__SubgraphX__random__seed2] cache hit (f8de002d4d207692) — skipping
2026-08-05 19:15:15,790 | INFO    | molsanity | [cell MUTAG__GINE__SubgraphX__random__seed2] DONE — acc=0.90 gt_auroc=0.3478595989878952 n=58 (capped) [cached]
2026-08-05 19:15:15,986 | INFO    | molsanity | [stage cell_MUTAG__GCN__IntegratedGradients__scaffold__seed0] cache hit (c9d35747e39b07d5) — skipping
2026-08-05 19:15:15,986 | INFO    | molsanity | [cell MUTAG__GCN__IntegratedGradients__scaffold__seed0] DONE — acc=0.79 gt_auroc=0.10078474419484408 n=53 (capped) [cached]
2026-08-05 19:15:15,991 | INFO    | molsanity | [stage cell_MUTAG__GCN__IntegratedGradients__scaffold__seed1] config changed (987d95b23073b8d9 -> 1e9fba6432678ebb) — rerunning
2026-08-05 19:15:15,992 | INFO    | molsanity | [stage cell_MUTAG__GCN__IntegratedGradients__scaffold__seed1] running (1e9fba6432678ebb)
2026-08-05 19:15:16,065 | INFO    | molsanity | Loaded MUTAG: 188 graphs, checksum de1d4cec357f
2026-08-05 19:15:16,427 | INFO    | molsanity | Scaffold split: 47 scaffolds over 188 molecules (2 scaffold-less, 89.4% of molecules in multi-member groups) -> train 116 / val 19 / test 53
2026-08-05 19:15:17,059 | INFO    | molsanity | Loaded existing checkpoint gcn_fe77e3f554be942f.pt
2026-08-05 19:15:17,418 | INFO    | molsanity | [cell MUTAG__GCN__IntegratedGradients__scaffold] auditing 53 molecules
2026-08-05 19:15:17,424 | INFO    | molsanity | [cell MUTAG__GCN__IntegratedGradients__scaffold] auditing on 12 worker processes (CPU)
2026-08-05 19:15:22,465 | INFO    | molsanity | [cell MUTAG__GCN__IntegratedGradients__scaffold] 53 molecules in 0.1 min (0.10s each, 12 workers)
2026-08-05 19:15:24,105 | INFO    | molsanity | Wrote GT-validation figure: artifacts/figures/MUTAG__GCN__IntegratedGradients__scaffold/gt_validation.pdf (+ .svg)
2026-08-05 19:15:24,504 | INFO    | molsanity | Wrote molecule attribution SVG: artifacts/figures/MUTAG__GCN__IntegratedGradients__scaffold/case_molecule.svg (GT atoms: [14, 15, 16])
2026-08-05 19:15:25,311 | INFO    | molsanity | [cell MUTAG__GCN__IntegratedGradients__scaffold__seed1] DONE — acc=0.83 gt_auroc=0.06600783809440856 n=53 (capped)
2026-08-05 19:15:25,317 | INFO    | molsanity | [stage cell_MUTAG__GCN__IntegratedGradients__scaffold__seed2] config changed (56935e47e1de306f -> db2e980962cb6b98) — rerunning
2026-08-05 19:15:25,317 | INFO    | molsanity | [stage cell_MUTAG__GCN__IntegratedGradients__scaffold__seed2] running (db2e980962cb6b98)
2026-08-05 19:15:25,349 | INFO    | molsanity | Loaded MUTAG: 188 graphs, checksum de1d4cec357f
2026-08-05 19:15:25,577 | INFO    | molsanity | Scaffold split: 47 scaffolds over 188 molecules (2 scaffold-less, 89.4% of molecules in multi-member groups) -> train 116 / val 19 / test 53
2026-08-05 19:15:25,594 | INFO    | molsanity | Loaded existing checkpoint gcn_cfd9667f57c67738.pt
2026-08-05 19:15:25,606 | INFO    | molsanity | [cell MUTAG__GCN__IntegratedGradients__scaffold] auditing 53 molecules
2026-08-05 19:15:25,608 | INFO    | molsanity | [cell MUTAG__GCN__IntegratedGradients__scaffold] auditing on 12 worker processes (CPU)
2026-08-05 19:15:29,801 | INFO    | molsanity | [cell MUTAG__GCN__IntegratedGradients__scaffold] 53 molecules in 0.1 min (0.08s each, 12 workers)
2026-08-05 19:15:30,278 | INFO    | molsanity | Wrote GT-validation figure: artifacts/figures/MUTAG__GCN__IntegratedGradients__scaffold/gt_validation.pdf (+ .svg)
2026-08-05 19:15:30,287 | INFO    | molsanity | Wrote molecule attribution SVG: artifacts/figures/MUTAG__GCN__IntegratedGradients__scaffold/case_molecule.svg (GT atoms: [14, 15, 16])
2026-08-05 19:15:30,651 | INFO    | molsanity | [cell MUTAG__GCN__IntegratedGradients__scaffold__seed2] DONE — acc=0.77 gt_auroc=0.08287440557140889 n=53 (capped)
2026-08-05 19:15:31,075 | INFO    | molsanity | [stage cell_MUTAG__GCN__IntegratedGradients__random__seed0] cache hit (21451882e2988389) — skipping
2026-08-05 19:15:31,075 | INFO    | molsanity | [cell MUTAG__GCN__IntegratedGradients__random__seed0] DONE — acc=0.78 gt_auroc=0.17031666285596303 n=58 (capped) [cached]
2026-08-05 19:15:31,486 | INFO    | molsanity | [stage cell_MUTAG__GCN__IntegratedGradients__random__seed1] cache hit (c1785a15fc28f579) — skipping
2026-08-05 19:15:31,486 | INFO    | molsanity | [cell MUTAG__GCN__IntegratedGradients__random__seed1] DONE — acc=0.36 gt_auroc=0.37853816411318814 n=58 (capped) [cached]
2026-08-05 19:15:31,840 | INFO    | molsanity | [stage cell_MUTAG__GCN__IntegratedGradients__random__seed2] cache hit (f5bbf4903584b021) — skipping
2026-08-05 19:15:31,840 | INFO    | molsanity | [cell MUTAG__GCN__IntegratedGradients__random__seed2] DONE — acc=0.78 gt_auroc=0.5507647576486319 n=58 (capped) [cached]
2026-08-05 19:15:31,846 | INFO    | molsanity | [stage cell_MUTAG__GAT__IntegratedGradients__scaffold__seed0] config changed (bc637799aa54464b -> 822e998b02d75dd3) — rerunning
2026-08-05 19:15:31,846 | INFO    | molsanity | [stage cell_MUTAG__GAT__IntegratedGradients__scaffold__seed0] running (822e998b02d75dd3)
2026-08-05 19:15:31,876 | INFO    | molsanity | Loaded MUTAG: 188 graphs, checksum de1d4cec357f
2026-08-05 19:15:32,103 | INFO    | molsanity | Scaffold split: 47 scaffolds over 188 molecules (2 scaffold-less, 89.4% of molecules in multi-member groups) -> train 116 / val 19 / test 53
2026-08-05 19:15:32,178 | INFO    | molsanity | Loaded existing checkpoint gat_b940de37fbc26e31.pt
2026-08-05 19:15:32,192 | INFO    | molsanity | [cell MUTAG__GAT__IntegratedGradients__scaffold] auditing 53 molecules
2026-08-05 19:15:32,195 | INFO    | molsanity | [cell MUTAG__GAT__IntegratedGradients__scaffold] auditing on 12 worker processes (CPU)
2026-08-05 19:15:39,014 | INFO    | molsanity | [cell MUTAG__GAT__IntegratedGradients__scaffold] 53 molecules in 0.1 min (0.13s each, 12 workers)
2026-08-05 19:15:40,117 | INFO    | molsanity | Wrote GT-validation figure: artifacts/figures/MUTAG__GAT__IntegratedGradients__scaffold/gt_validation.pdf (+ .svg)
2026-08-05 19:15:40,418 | INFO    | molsanity | Wrote molecule attribution SVG: artifacts/figures/MUTAG__GAT__IntegratedGradients__scaffold/case_molecule.svg (GT atoms: [14, 15, 16])
2026-08-05 19:15:41,484 | INFO    | molsanity | [cell MUTAG__GAT__IntegratedGradients__scaffold__seed0] DONE — acc=0.77 gt_auroc=0.8476313698428016 n=53 (capped)
2026-08-05 19:15:41,490 | INFO    | molsanity | [stage cell_MUTAG__GAT__IntegratedGradients__scaffold__seed1] config changed (f51d94842206d854 -> 6efbb7b0a9f4e3f1) — rerunning
2026-08-05 19:15:41,490 | INFO    | molsanity | [stage cell_MUTAG__GAT__IntegratedGradients__scaffold__seed1] running (6efbb7b0a9f4e3f1)
2026-08-05 19:15:41,522 | INFO    | molsanity | Loaded MUTAG: 188 graphs, checksum de1d4cec357f
2026-08-05 19:15:41,749 | INFO    | molsanity | Scaffold split: 47 scaffolds over 188 molecules (2 scaffold-less, 89.4% of molecules in multi-member groups) -> train 116 / val 19 / test 53
2026-08-05 19:15:41,769 | INFO    | molsanity | Loaded existing checkpoint gat_9e372050b4a0c520.pt
2026-08-05 19:15:41,782 | INFO    | molsanity | [cell MUTAG__GAT__IntegratedGradients__scaffold] auditing 53 molecules
2026-08-05 19:15:41,785 | INFO    | molsanity | [cell MUTAG__GAT__IntegratedGradients__scaffold] auditing on 12 worker processes (CPU)
2026-08-05 19:15:48,077 | INFO    | molsanity | [cell MUTAG__GAT__IntegratedGradients__scaffold] 53 molecules in 0.1 min (0.12s each, 12 workers)
2026-08-05 19:15:48,543 | INFO    | molsanity | Wrote GT-validation figure: artifacts/figures/MUTAG__GAT__IntegratedGradients__scaffold/gt_validation.pdf (+ .svg)
2026-08-05 19:15:48,565 | INFO    | molsanity | Wrote molecule attribution SVG: artifacts/figures/MUTAG__GAT__IntegratedGradients__scaffold/case_molecule.svg (GT atoms: [14, 15, 16])
2026-08-05 19:15:48,868 | INFO    | molsanity | [cell MUTAG__GAT__IntegratedGradients__scaffold__seed1] DONE — acc=0.87 gt_auroc=0.018066191012916875 n=53 (capped)
2026-08-05 19:15:48,875 | INFO    | molsanity | [stage cell_MUTAG__GAT__IntegratedGradients__scaffold__seed2] config changed (2cb0852469803a0f -> 65c4d610d1da507f) — rerunning
2026-08-05 19:15:48,875 | INFO    | molsanity | [stage cell_MUTAG__GAT__IntegratedGradients__scaffold__seed2] running (65c4d610d1da507f)
2026-08-05 19:15:48,907 | INFO    | molsanity | Loaded MUTAG: 188 graphs, checksum de1d4cec357f
2026-08-05 19:15:49,135 | INFO    | molsanity | Scaffold split: 47 scaffolds over 188 molecules (2 scaffold-less, 89.4% of molecules in multi-member groups) -> train 116 / val 19 / test 53
2026-08-05 19:15:49,155 | INFO    | molsanity | Loaded existing checkpoint gat_00f3d693cd4f6439.pt
2026-08-05 19:15:49,168 | INFO    | molsanity | [cell MUTAG__GAT__IntegratedGradients__scaffold] auditing 53 molecules
2026-08-05 19:15:49,171 | INFO    | molsanity | [cell MUTAG__GAT__IntegratedGradients__scaffold] auditing on 12 worker processes (CPU)
2026-08-05 19:15:55,895 | INFO    | molsanity | [cell MUTAG__GAT__IntegratedGradients__scaffold] 53 molecules in 0.1 min (0.13s each, 12 workers)
2026-08-05 19:15:56,366 | INFO    | molsanity | Wrote GT-validation figure: artifacts/figures/MUTAG__GAT__IntegratedGradients__scaffold/gt_validation.pdf (+ .svg)
2026-08-05 19:15:56,374 | INFO    | molsanity | Wrote molecule attribution SVG: artifacts/figures/MUTAG__GAT__IntegratedGradients__scaffold/case_molecule.svg (GT atoms: [14, 15, 16])
2026-08-05 19:15:56,713 | INFO    | molsanity | [cell MUTAG__GAT__IntegratedGradients__scaffold__seed2] DONE — acc=0.83 gt_auroc=0.7333940733496781 n=53 (capped)
2026-08-05 19:15:57,105 | INFO    | molsanity | [stage cell_MUTAG__GAT__IntegratedGradients__random__seed0] cache hit (181d298c876a0f62) — skipping
2026-08-05 19:15:57,105 | INFO    | molsanity | [cell MUTAG__GAT__IntegratedGradients__random__seed0] DONE — acc=0.74 gt_auroc=0.6887873137492813 n=58 (capped) [cached]
2026-08-05 19:15:57,401 | INFO    | molsanity | [stage cell_MUTAG__GAT__IntegratedGradients__random__seed1] cache hit (df293efa3d4ffeda) — skipping
2026-08-05 19:15:57,401 | INFO    | molsanity | [cell MUTAG__GAT__IntegratedGradients__random__seed1] DONE — acc=0.36 gt_auroc=0.049930825345846155 n=58 (capped) [cached]
2026-08-05 19:15:57,601 | INFO    | molsanity | [stage cell_MUTAG__GAT__IntegratedGradients__random__seed2] cache hit (3dbffbf5617314dd) — skipping
2026-08-05 19:15:57,601 | INFO    | molsanity | [cell MUTAG__GAT__IntegratedGradients__random__seed2] DONE — acc=0.76 gt_auroc=0.4611851433162285 n=58 (capped) [cached]
2026-08-05 19:15:57,607 | INFO    | molsanity | [stage cell_MUTAG__MPNN__IntegratedGradients__scaffold__seed0] config changed (884e00526fe5582c -> 8bee6d0f12338ebe) — rerunning
2026-08-05 19:15:57,607 | INFO    | molsanity | [stage cell_MUTAG__MPNN__IntegratedGradients__scaffold__seed0] running (8bee6d0f12338ebe)
2026-08-05 19:15:57,640 | INFO    | molsanity | Loaded MUTAG: 188 graphs, checksum de1d4cec357f
2026-08-05 19:15:57,867 | INFO    | molsanity | Scaffold split: 47 scaffolds over 188 molecules (2 scaffold-less, 89.4% of molecules in multi-member groups) -> train 116 / val 19 / test 53
2026-08-05 19:15:57,935 | INFO    | molsanity | Loaded existing checkpoint mpnn_7b8b9771617d20b4.pt
2026-08-05 19:15:57,963 | INFO    | molsanity | [cell MUTAG__MPNN__IntegratedGradients__scaffold] auditing 53 molecules
2026-08-05 19:15:57,968 | INFO    | molsanity | [cell MUTAG__MPNN__IntegratedGradients__scaffold] auditing on 12 worker processes (CPU)
2026-08-05 19:16:03,816 | INFO    | molsanity | [cell MUTAG__MPNN__IntegratedGradients__scaffold] 53 molecules in 0.1 min (0.11s each, 12 workers)
2026-08-05 19:16:04,950 | INFO    | molsanity | Wrote GT-validation figure: artifacts/figures/MUTAG__MPNN__IntegratedGradients__scaffold/gt_validation.pdf (+ .svg)
2026-08-05 19:16:05,282 | INFO    | molsanity | Wrote molecule attribution SVG: artifacts/figures/MUTAG__MPNN__IntegratedGradients__scaffold/case_molecule.svg (GT atoms: [14, 15, 16])
2026-08-05 19:16:06,240 | INFO    | molsanity | [cell MUTAG__MPNN__IntegratedGradients__scaffold__seed0] DONE — acc=0.91 gt_auroc=0.11021901907029544 n=53 (capped)
2026-08-05 19:16:06,246 | INFO    | molsanity | [stage cell_MUTAG__MPNN__IntegratedGradients__scaffold__seed1] config changed (933b58c76b1c60c0 -> e6ca61e54a29a6bc) — rerunning
2026-08-05 19:16:06,246 | INFO    | molsanity | [stage cell_MUTAG__MPNN__IntegratedGradients__scaffold__seed1] running (e6ca61e54a29a6bc)
2026-08-05 19:16:06,277 | INFO    | molsanity | Loaded MUTAG: 188 graphs, checksum de1d4cec357f
2026-08-05 19:16:06,505 | INFO    | molsanity | Scaffold split: 47 scaffolds over 188 molecules (2 scaffold-less, 89.4% of molecules in multi-member groups) -> train 116 / val 19 / test 53
2026-08-05 19:16:06,543 | INFO    | molsanity | Loaded existing checkpoint mpnn_c1f94bc32494be41.pt
2026-08-05 19:16:06,574 | INFO    | molsanity | [cell MUTAG__MPNN__IntegratedGradients__scaffold] auditing 53 molecules
2026-08-05 19:16:06,579 | INFO    | molsanity | [cell MUTAG__MPNN__IntegratedGradients__scaffold] auditing on 12 worker processes (CPU)
2026-08-05 19:16:12,482 | INFO    | molsanity | [cell MUTAG__MPNN__IntegratedGradients__scaffold] 53 molecules in 0.1 min (0.11s each, 12 workers)
2026-08-05 19:16:12,953 | INFO    | molsanity | Wrote GT-validation figure: artifacts/figures/MUTAG__MPNN__IntegratedGradients__scaffold/gt_validation.pdf (+ .svg)
2026-08-05 19:16:12,961 | INFO    | molsanity | Wrote molecule attribution SVG: artifacts/figures/MUTAG__MPNN__IntegratedGradients__scaffold/case_molecule.svg (GT atoms: [14, 15, 16])
2026-08-05 19:16:13,310 | INFO    | molsanity | [cell MUTAG__MPNN__IntegratedGradients__scaffold__seed1] DONE — acc=0.85 gt_auroc=0.07895972157903346 n=53 (capped)
2026-08-05 19:16:13,317 | INFO    | molsanity | [stage cell_MUTAG__MPNN__IntegratedGradients__scaffold__seed2] config changed (ec0a15ac2d8e8af7 -> f5bfba839dafe47e) — rerunning
2026-08-05 19:16:13,317 | INFO    | molsanity | [stage cell_MUTAG__MPNN__IntegratedGradients__scaffold__seed2] running (f5bfba839dafe47e)
2026-08-05 19:16:13,348 | INFO    | molsanity | Loaded MUTAG: 188 graphs, checksum de1d4cec357f
2026-08-05 19:16:13,576 | INFO    | molsanity | Scaffold split: 47 scaffolds over 188 molecules (2 scaffold-less, 89.4% of molecules in multi-member groups) -> train 116 / val 19 / test 53
2026-08-05 19:16:13,609 | INFO    | molsanity | Loaded existing checkpoint mpnn_1979a810d67f1cca.pt
2026-08-05 19:16:13,634 | INFO    | molsanity | [cell MUTAG__MPNN__IntegratedGradients__scaffold] auditing 53 molecules
2026-08-05 19:16:13,638 | INFO    | molsanity | [cell MUTAG__MPNN__IntegratedGradients__scaffold] auditing on 12 worker processes (CPU)
2026-08-05 19:16:20,137 | INFO    | molsanity | [cell MUTAG__MPNN__IntegratedGradients__scaffold] 53 molecules in 0.1 min (0.12s each, 12 workers)
2026-08-05 19:16:20,863 | INFO    | molsanity | Wrote GT-validation figure: artifacts/figures/MUTAG__MPNN__IntegratedGradients__scaffold/gt_validation.pdf (+ .svg)
2026-08-05 19:16:20,871 | INFO    | molsanity | Wrote molecule attribution SVG: artifacts/figures/MUTAG__MPNN__IntegratedGradients__scaffold/case_molecule.svg (GT atoms: [14, 15, 16])
2026-08-05 19:16:21,201 | INFO    | molsanity | [cell MUTAG__MPNN__IntegratedGradients__scaffold__seed2] DONE — acc=0.75 gt_auroc=0.3008370437060781 n=53 (capped)
2026-08-05 19:16:21,521 | INFO    | molsanity | [stage cell_MUTAG__MPNN__IntegratedGradients__random__seed0] cache hit (726d4b62e0a51eb7) — skipping
2026-08-05 19:16:21,521 | INFO    | molsanity | [cell MUTAG__MPNN__IntegratedGradients__random__seed0] DONE — acc=0.86 gt_auroc=0.1440280326690063 n=58 (capped) [cached]
2026-08-05 19:16:21,998 | INFO    | molsanity | [stage cell_MUTAG__MPNN__IntegratedGradients__random__seed1] cache hit (b874bd98002c9724) — skipping
2026-08-05 19:16:21,999 | INFO    | molsanity | [cell MUTAG__MPNN__IntegratedGradients__random__seed1] DONE — acc=0.72 gt_auroc=0.038234113586080594 n=58 (capped) [cached]
2026-08-05 19:16:22,350 | INFO    | molsanity | [stage cell_MUTAG__MPNN__IntegratedGradients__random__seed2] cache hit (75b2c2a93e258898) — skipping
2026-08-05 19:16:22,350 | INFO    | molsanity | [cell MUTAG__MPNN__IntegratedGradients__random__seed2] DONE — acc=0.78 gt_auroc=0.12661135606749194 n=58 (capped) [cached]
2026-08-05 19:16:22,356 | INFO    | molsanity | [stage cell_MUTAG__AttentiveFP__IntegratedGradients__scaffold__seed0] config changed (050d50e5fc81a66b -> 7d4083d32b96f469) — rerunning
2026-08-05 19:16:22,356 | INFO    | molsanity | [stage cell_MUTAG__AttentiveFP__IntegratedGradients__scaffold__seed0] running (7d4083d32b96f469)
2026-08-05 19:16:22,386 | INFO    | molsanity | Loaded MUTAG: 188 graphs, checksum de1d4cec357f
2026-08-05 19:16:22,614 | INFO    | molsanity | Scaffold split: 47 scaffolds over 188 molecules (2 scaffold-less, 89.4% of molecules in multi-member groups) -> train 116 / val 19 / test 53
2026-08-05 19:16:22,688 | INFO    | molsanity | Loaded existing checkpoint attentivefp_79fe6d9f2aef95c7.pt
2026-08-05 19:16:22,703 | INFO    | molsanity | [cell MUTAG__AttentiveFP__IntegratedGradients__scaffold] auditing 53 molecules
2026-08-05 19:16:22,706 | INFO    | molsanity | [cell MUTAG__AttentiveFP__IntegratedGradients__scaffold] auditing on 12 worker processes (CPU)
2026-08-05 19:16:31,127 | INFO    | molsanity | [cell MUTAG__AttentiveFP__IntegratedGradients__scaffold] 53 molecules in 0.1 min (0.16s each, 12 workers)
2026-08-05 19:16:32,345 | INFO    | molsanity | Wrote GT-validation figure: artifacts/figures/MUTAG__AttentiveFP__IntegratedGradients__scaffold/gt_validation.pdf (+ .svg)
2026-08-05 19:16:32,850 | INFO    | molsanity | Wrote molecule attribution SVG: artifacts/figures/MUTAG__AttentiveFP__IntegratedGradients__scaffold/case_molecule.svg (GT atoms: [14, 15, 16])
2026-08-05 19:16:33,754 | INFO    | molsanity | [cell MUTAG__AttentiveFP__IntegratedGradients__scaffold__seed0] DONE — acc=0.77 gt_auroc=0.022913269264545625 n=53 (capped)
2026-08-05 19:16:33,760 | INFO    | molsanity | [stage cell_MUTAG__AttentiveFP__IntegratedGradients__scaffold__seed1] config changed (ed1f54a252fe9690 -> 4b214a0b9a134fe9) — rerunning
2026-08-05 19:16:33,761 | INFO    | molsanity | [stage cell_MUTAG__AttentiveFP__IntegratedGradients__scaffold__seed1] running (4b214a0b9a134fe9)
2026-08-05 19:16:33,791 | INFO    | molsanity | Loaded MUTAG: 188 graphs, checksum de1d4cec357f
2026-08-05 19:16:34,020 | INFO    | molsanity | Scaffold split: 47 scaffolds over 188 molecules (2 scaffold-less, 89.4% of molecules in multi-member groups) -> train 116 / val 19 / test 53
2026-08-05 19:16:34,042 | INFO    | molsanity | Loaded existing checkpoint attentivefp_c12bc66cc5123d44.pt
2026-08-05 19:16:34,057 | INFO    | molsanity | [cell MUTAG__AttentiveFP__IntegratedGradients__scaffold] auditing 53 molecules
2026-08-05 19:16:34,060 | INFO    | molsanity | [cell MUTAG__AttentiveFP__IntegratedGradients__scaffold] auditing on 12 worker processes (CPU)
2026-08-05 19:16:42,550 | INFO    | molsanity | [cell MUTAG__AttentiveFP__IntegratedGradients__scaffold] 53 molecules in 0.1 min (0.16s each, 12 workers)
2026-08-05 19:16:43,019 | INFO    | molsanity | Wrote GT-validation figure: artifacts/figures/MUTAG__AttentiveFP__IntegratedGradients__scaffold/gt_validation.pdf (+ .svg)
2026-08-05 19:16:43,027 | INFO    | molsanity | Wrote molecule attribution SVG: artifacts/figures/MUTAG__AttentiveFP__IntegratedGradients__scaffold/case_molecule.svg (GT atoms: [14, 15, 16])
2026-08-05 19:16:43,334 | INFO    | molsanity | [cell MUTAG__AttentiveFP__IntegratedGradients__scaffold__seed1] DONE — acc=0.77 gt_auroc=0.015734517260599393 n=53 (capped)
2026-08-05 19:16:43,341 | INFO    | molsanity | [stage cell_MUTAG__AttentiveFP__IntegratedGradients__scaffold__seed2] config changed (5e43e5f7ee293544 -> d27f3c8b1eb28734) — rerunning
2026-08-05 19:16:43,341 | INFO    | molsanity | [stage cell_MUTAG__AttentiveFP__IntegratedGradients__scaffold__seed2] running (d27f3c8b1eb28734)
2026-08-05 19:16:43,372 | INFO    | molsanity | Loaded MUTAG: 188 graphs, checksum de1d4cec357f
2026-08-05 19:16:43,600 | INFO    | molsanity | Scaffold split: 47 scaffolds over 188 molecules (2 scaffold-less, 89.4% of molecules in multi-member groups) -> train 116 / val 19 / test 53
2026-08-05 19:16:43,620 | INFO    | molsanity | Loaded existing checkpoint attentivefp_b2457251644294a3.pt
2026-08-05 19:16:43,637 | INFO    | molsanity | [cell MUTAG__AttentiveFP__IntegratedGradients__scaffold] auditing 53 molecules
2026-08-05 19:16:43,640 | INFO    | molsanity | [cell MUTAG__AttentiveFP__IntegratedGradients__scaffold] auditing on 12 worker processes (CPU)
2026-08-05 19:16:52,588 | INFO    | molsanity | [cell MUTAG__AttentiveFP__IntegratedGradients__scaffold] 53 molecules in 0.1 min (0.17s each, 12 workers)
2026-08-05 19:16:53,075 | INFO    | molsanity | Wrote GT-validation figure: artifacts/figures/MUTAG__AttentiveFP__IntegratedGradients__scaffold/gt_validation.pdf (+ .svg)
2026-08-05 19:16:53,083 | INFO    | molsanity | Wrote molecule attribution SVG: artifacts/figures/MUTAG__AttentiveFP__IntegratedGradients__scaffold/case_molecule.svg (GT atoms: [14, 15, 16])
2026-08-05 19:16:53,383 | INFO    | molsanity | [cell MUTAG__AttentiveFP__IntegratedGradients__scaffold__seed2] DONE — acc=0.77 gt_auroc=0.048679458515751506 n=53 (capped)
2026-08-05 19:16:53,673 | INFO    | molsanity | [stage cell_MUTAG__AttentiveFP__IntegratedGradients__random__seed0] cache hit (7b1cba9dd50a0b54) — skipping
2026-08-05 19:16:53,674 | INFO    | molsanity | [cell MUTAG__AttentiveFP__IntegratedGradients__random__seed0] DONE — acc=0.72 gt_auroc=0.04713550901431225 n=58 (capped) [cached]
2026-08-05 19:16:53,965 | INFO    | molsanity | [stage cell_MUTAG__AttentiveFP__IntegratedGradients__random__seed1] cache hit (5674bbc7a064d2db) — skipping
2026-08-05 19:16:53,966 | INFO    | molsanity | [cell MUTAG__AttentiveFP__IntegratedGradients__random__seed1] DONE — acc=0.81 gt_auroc=0.033601925527034955 n=58 (capped) [cached]
2026-08-05 19:16:57,999 | INFO    | molsanity | [stage cell_MUTAG__AttentiveFP__IntegratedGradients__random__seed2] cache hit (a1f43f938b04b56c) — skipping
2026-08-05 19:16:57,999 | INFO    | molsanity | [cell MUTAG__AttentiveFP__IntegratedGradients__random__seed2] DONE — acc=0.67 gt_auroc=0.03910418801392432 n=58 (capped) [cached]
2026-08-05 19:16:58,005 | INFO    | molsanity | [stage cell_MolMotif__GINE__IntegratedGradients__scaffold__seed0] config changed (4fafd7e7532b15d8 -> 81f0d060e5a82a52) — rerunning
2026-08-05 19:16:58,005 | INFO    | molsanity | [stage cell_MolMotif__GINE__IntegratedGradients__scaffold__seed0] running (81f0d060e5a82a52)
2026-08-05 19:17:00,677 | INFO    | molsanity | BBBP checksum recorded: 37d8fa85e636
2026-08-05 19:17:00,677 | INFO    | molsanity | Loaded BBBP: 2039 graphs, checksum 37d8fa85e636
2026-08-05 19:17:01,358 | INFO    | molsanity | MolMotif(halogen_aromatic): 906 molecules (453 positive), mask = matched atoms grown by 1 bond(s)
2026-08-05 19:17:01,396 | INFO    | molsanity | MolMotif checksum recorded: 26920433b3c1
2026-08-05 19:17:01,397 | INFO    | molsanity | Loaded MolMotif: 906 molecules with exact node ground truth
2026-08-05 19:17:01,815 | INFO    | molsanity | Scaffold split: 592 scaffolds over 906 molecules (33 scaffold-less, 46.8% of molecules in multi-member groups) -> train 543 / val 90 / test 273
2026-08-05 19:17:02,188 | INFO    | molsanity | Loaded existing checkpoint gine_8ec653c42f6cce9a.pt
2026-08-05 19:17:02,509 | INFO    | molsanity | [cell MolMotif__GINE__IntegratedGradients__scaffold] auditing 200 molecules (capped from 273)
2026-08-05 19:17:02,513 | INFO    | molsanity | [cell MolMotif__GINE__IntegratedGradients__scaffold] auditing on 12 worker processes (CPU)
2026-08-05 19:17:16,241 | INFO    | molsanity | [cell MolMotif__GINE__IntegratedGradients__scaffold] 200 molecules in 0.2 min (0.07s each, 12 workers)
2026-08-05 19:17:17,429 | INFO    | molsanity | Wrote GT-validation figure: artifacts/figures/MolMotif__GINE__IntegratedGradients__scaffold/gt_validation.pdf (+ .svg)
2026-08-05 19:17:17,734 | INFO    | molsanity | Wrote molecule attribution SVG: artifacts/figures/MolMotif__GINE__IntegratedGradients__scaffold/case_molecule.svg (GT atoms: [])
2026-08-05 19:17:18,742 | INFO    | molsanity | [cell MolMotif__GINE__IntegratedGradients__scaffold__seed0] DONE — acc=0.98 gt_auroc=0.8872513393214997 n=200 (capped)
2026-08-05 19:17:18,749 | INFO    | molsanity | [stage cell_MolMotif__GINE__IntegratedGradients__scaffold__seed1] config changed (5d6a7f5a47d6761d -> 735e031930b77312) — rerunning
2026-08-05 19:17:18,749 | INFO    | molsanity | [stage cell_MolMotif__GINE__IntegratedGradients__scaffold__seed1] running (735e031930b77312)
2026-08-05 19:17:19,090 | INFO    | molsanity | Loaded BBBP: 2039 graphs, checksum 37d8fa85e636
2026-08-05 19:17:19,789 | INFO    | molsanity | MolMotif(halogen_aromatic): 906 molecules (453 positive), mask = matched atoms grown by 1 bond(s)
2026-08-05 19:17:19,826 | INFO    | molsanity | Loaded MolMotif: 906 molecules with exact node ground truth
2026-08-05 19:17:20,248 | INFO    | molsanity | Scaffold split: 592 scaffolds over 906 molecules (33 scaffold-less, 46.8% of molecules in multi-member groups) -> train 543 / val 90 / test 273
2026-08-05 19:17:20,634 | INFO    | molsanity | Loaded existing checkpoint gine_72c0e898fb0e9a7b.pt
2026-08-05 19:17:21,039 | INFO    | molsanity | [cell MolMotif__GINE__IntegratedGradients__scaffold] auditing 200 molecules (capped from 273)
2026-08-05 19:17:21,042 | INFO    | molsanity | [cell MolMotif__GINE__IntegratedGradients__scaffold] auditing on 12 worker processes (CPU)
2026-08-05 19:17:34,983 | INFO    | molsanity | [cell MolMotif__GINE__IntegratedGradients__scaffold] 200 molecules in 0.2 min (0.07s each, 12 workers)
2026-08-05 19:17:35,496 | INFO    | molsanity | Wrote GT-validation figure: artifacts/figures/MolMotif__GINE__IntegratedGradients__scaffold/gt_validation.pdf (+ .svg)
2026-08-05 19:17:35,503 | INFO    | molsanity | Wrote molecule attribution SVG: artifacts/figures/MolMotif__GINE__IntegratedGradients__scaffold/case_molecule.svg (GT atoms: [])
2026-08-05 19:17:35,932 | INFO    | molsanity | [cell MolMotif__GINE__IntegratedGradients__scaffold__seed1] DONE — acc=0.97 gt_auroc=0.8646057970815498 n=200 (capped)
2026-08-05 19:17:35,938 | INFO    | molsanity | [stage cell_MolMotif__GINE__IntegratedGradients__scaffold__seed2] config changed (aee292435297bc82 -> 6656091cfe77f9de) — rerunning
2026-08-05 19:17:35,938 | INFO    | molsanity | [stage cell_MolMotif__GINE__IntegratedGradients__scaffold__seed2] running (6656091cfe77f9de)
2026-08-05 19:17:36,556 | INFO    | molsanity | Loaded BBBP: 2039 graphs, checksum 37d8fa85e636
2026-08-05 19:17:37,268 | INFO    | molsanity | MolMotif(halogen_aromatic): 906 molecules (453 positive), mask = matched atoms grown by 1 bond(s)
2026-08-05 19:17:37,305 | INFO    | molsanity | Loaded MolMotif: 906 molecules with exact node ground truth
2026-08-05 19:17:37,735 | INFO    | molsanity | Scaffold split: 592 scaffolds over 906 molecules (33 scaffold-less, 46.8% of molecules in multi-member groups) -> train 543 / val 90 / test 273
2026-08-05 19:17:38,116 | INFO    | molsanity | Loaded existing checkpoint gine_7620c31b26aac07a.pt
2026-08-05 19:17:38,408 | INFO    | molsanity | [cell MolMotif__GINE__IntegratedGradients__scaffold] auditing 200 molecules (capped from 273)
2026-08-05 19:17:38,412 | INFO    | molsanity | [cell MolMotif__GINE__IntegratedGradients__scaffold] auditing on 12 worker processes (CPU)
2026-08-05 19:17:52,338 | INFO    | molsanity | [cell MolMotif__GINE__IntegratedGradients__scaffold] 200 molecules in 0.2 min (0.07s each, 12 workers)
2026-08-05 19:17:52,877 | INFO    | molsanity | Wrote GT-validation figure: artifacts/figures/MolMotif__GINE__IntegratedGradients__scaffold/gt_validation.pdf (+ .svg)
2026-08-05 19:17:52,884 | INFO    | molsanity | Wrote molecule attribution SVG: artifacts/figures/MolMotif__GINE__IntegratedGradients__scaffold/case_molecule.svg (GT atoms: [])
2026-08-05 19:17:53,214 | INFO    | molsanity | [cell MolMotif__GINE__IntegratedGradients__scaffold__seed2] DONE — acc=0.96 gt_auroc=0.9387627737554669 n=200 (capped)
2026-08-05 19:17:53,495 | INFO    | molsanity | [stage cell_MolMotif__GINE__IntegratedGradients__random__seed0] cache hit (7773f68dbbba59ba) — skipping
2026-08-05 19:17:53,495 | INFO    | molsanity | [cell MolMotif__GINE__IntegratedGradients__random__seed0] DONE — acc=0.97 gt_auroc=0.9191083485338464 n=200 (capped) [cached]
2026-08-05 19:17:53,852 | INFO    | molsanity | [stage cell_MolMotif__GINE__IntegratedGradients__random__seed1] cache hit (893f7bf04718c5b6) — skipping
2026-08-05 19:17:53,853 | INFO    | molsanity | [cell MolMotif__GINE__IntegratedGradients__random__seed1] DONE — acc=0.81 gt_auroc=0.9626544605933575 n=200 (capped) [cached]
2026-08-05 19:17:54,437 | INFO    | molsanity | [stage cell_MolMotif__GINE__IntegratedGradients__random__seed2] cache hit (735a171d5de4d914) — skipping
2026-08-05 19:17:54,437 | INFO    | molsanity | [cell MolMotif__GINE__IntegratedGradients__random__seed2] DONE — acc=1.00 gt_auroc=0.9724428179553897 n=200 (capped) [cached]
2026-08-05 19:17:54,443 | INFO    | molsanity | [stage cell_MolMotif__GINE__Saliency__scaffold__seed0] config changed (c14be6f9b367a438 -> d9e4a912b219a7d5) — rerunning
2026-08-05 19:17:54,443 | INFO    | molsanity | [stage cell_MolMotif__GINE__Saliency__scaffold__seed0] running (d9e4a912b219a7d5)
2026-08-05 19:17:54,784 | INFO    | molsanity | Loaded BBBP: 2039 graphs, checksum 37d8fa85e636
2026-08-05 19:17:55,489 | INFO    | molsanity | MolMotif(halogen_aromatic): 906 molecules (453 positive), mask = matched atoms grown by 1 bond(s)
2026-08-05 19:17:55,526 | INFO    | molsanity | Loaded MolMotif: 906 molecules with exact node ground truth
2026-08-05 19:17:55,946 | INFO    | molsanity | Scaffold split: 592 scaffolds over 906 molecules (33 scaffold-less, 46.8% of molecules in multi-member groups) -> train 543 / val 90 / test 273
2026-08-05 19:17:55,966 | INFO    | molsanity | Loaded existing checkpoint gine_8ec653c42f6cce9a.pt
2026-08-05 19:17:55,986 | INFO    | molsanity | [cell MolMotif__GINE__Saliency__scaffold] auditing 200 molecules (capped from 273)
2026-08-05 19:17:55,989 | INFO    | molsanity | [cell MolMotif__GINE__Saliency__scaffold] auditing on 12 worker processes (CPU)
2026-08-05 19:17:57,469 | INFO    | molsanity | [cell MolMotif__GINE__Saliency__scaffold] 200 molecules in 0.0 min (0.01s each, 12 workers)
2026-08-05 19:17:58,932 | INFO    | molsanity | Wrote GT-validation figure: artifacts/figures/MolMotif__GINE__Saliency__scaffold/gt_validation.pdf (+ .svg)
2026-08-05 19:17:59,232 | INFO    | molsanity | Wrote molecule attribution SVG: artifacts/figures/MolMotif__GINE__Saliency__scaffold/case_molecule.svg (GT atoms: [])
2026-08-05 19:18:00,187 | INFO    | molsanity | [cell MolMotif__GINE__Saliency__scaffold__seed0] DONE — acc=0.98 gt_auroc=0.9985966202960584 n=200 (capped)
2026-08-05 19:18:00,193 | INFO    | molsanity | [stage cell_MolMotif__GINE__Saliency__scaffold__seed1] config changed (59cee291c3c1a2b0 -> b495693b9c2b3b65) — rerunning
2026-08-05 19:18:00,193 | INFO    | molsanity | [stage cell_MolMotif__GINE__Saliency__scaffold__seed1] running (b495693b9c2b3b65)
2026-08-05 19:18:00,537 | INFO    | molsanity | Loaded BBBP: 2039 graphs, checksum 37d8fa85e636
2026-08-05 19:18:01,255 | INFO    | molsanity | MolMotif(halogen_aromatic): 906 molecules (453 positive), mask = matched atoms grown by 1 bond(s)
2026-08-05 19:18:01,293 | INFO    | molsanity | Loaded MolMotif: 906 molecules with exact node ground truth
2026-08-05 19:18:01,720 | INFO    | molsanity | Scaffold split: 592 scaffolds over 906 molecules (33 scaffold-less, 46.8% of molecules in multi-member groups) -> train 543 / val 90 / test 273
2026-08-05 19:18:01,741 | INFO    | molsanity | Loaded existing checkpoint gine_72c0e898fb0e9a7b.pt
2026-08-05 19:18:01,761 | INFO    | molsanity | [cell MolMotif__GINE__Saliency__scaffold] auditing 200 molecules (capped from 273)
2026-08-05 19:18:01,764 | INFO    | molsanity | [cell MolMotif__GINE__Saliency__scaffold] auditing on 12 worker processes (CPU)
2026-08-05 19:18:03,346 | INFO    | molsanity | [cell MolMotif__GINE__Saliency__scaffold] 200 molecules in 0.0 min (0.01s each, 12 workers)
2026-08-05 19:18:03,854 | INFO    | molsanity | Wrote GT-validation figure: artifacts/figures/MolMotif__GINE__Saliency__scaffold/gt_validation.pdf (+ .svg)
2026-08-05 19:18:03,861 | INFO    | molsanity | Wrote molecule attribution SVG: artifacts/figures/MolMotif__GINE__Saliency__scaffold/case_molecule.svg (GT atoms: [])
2026-08-05 19:18:04,191 | INFO    | molsanity | [cell MolMotif__GINE__Saliency__scaffold__seed1] DONE — acc=0.97 gt_auroc=1.0 n=200 (capped)
2026-08-05 19:18:04,197 | INFO    | molsanity | [stage cell_MolMotif__GINE__Saliency__scaffold__seed2] config changed (2f6eb2b7c713b7c0 -> 8c829f5e9936e80e) — rerunning
2026-08-05 19:18:04,197 | INFO    | molsanity | [stage cell_MolMotif__GINE__Saliency__scaffold__seed2] running (8c829f5e9936e80e)
2026-08-05 19:18:04,537 | INFO    | molsanity | Loaded BBBP: 2039 graphs, checksum 37d8fa85e636
2026-08-05 19:18:05,244 | INFO    | molsanity | MolMotif(halogen_aromatic): 906 molecules (453 positive), mask = matched atoms grown by 1 bond(s)
2026-08-05 19:18:05,282 | INFO    | molsanity | Loaded MolMotif: 906 molecules with exact node ground truth
2026-08-05 19:18:05,700 | INFO    | molsanity | Scaffold split: 592 scaffolds over 906 molecules (33 scaffold-less, 46.8% of molecules in multi-member groups) -> train 543 / val 90 / test 273
2026-08-05 19:18:05,722 | INFO    | molsanity | Loaded existing checkpoint gine_7620c31b26aac07a.pt
2026-08-05 19:18:05,741 | INFO    | molsanity | [cell MolMotif__GINE__Saliency__scaffold] auditing 200 molecules (capped from 273)
2026-08-05 19:18:05,744 | INFO    | molsanity | [cell MolMotif__GINE__Saliency__scaffold] auditing on 12 worker processes (CPU)
2026-08-05 19:18:07,736 | INFO    | molsanity | [cell MolMotif__GINE__Saliency__scaffold] 200 molecules in 0.0 min (0.01s each, 12 workers)
2026-08-05 19:18:08,512 | INFO    | molsanity | Wrote GT-validation figure: artifacts/figures/MolMotif__GINE__Saliency__scaffold/gt_validation.pdf (+ .svg)
2026-08-05 19:18:08,518 | INFO    | molsanity | Wrote molecule attribution SVG: artifacts/figures/MolMotif__GINE__Saliency__scaffold/case_molecule.svg (GT atoms: [])
2026-08-05 19:18:08,885 | INFO    | molsanity | [cell MolMotif__GINE__Saliency__scaffold__seed2] DONE — acc=0.96 gt_auroc=0.9921665535261887 n=200 (capped)
2026-08-05 19:18:09,220 | INFO    | molsanity | [stage cell_MolMotif__GINE__Saliency__random__seed0] cache hit (e6306fca9cff3156) — skipping
2026-08-05 19:18:09,221 | INFO    | molsanity | [cell MolMotif__GINE__Saliency__random__seed0] DONE — acc=0.97 gt_auroc=0.9904156582888339 n=200 (capped) [cached]
2026-08-05 19:18:09,565 | INFO    | molsanity | [stage cell_MolMotif__GINE__Saliency__random__seed1] cache hit (3b3496e5c0bd7635) — skipping
2026-08-05 19:18:09,565 | INFO    | molsanity | [cell MolMotif__GINE__Saliency__random__seed1] DONE — acc=0.81 gt_auroc=0.9986173162374535 n=200 (capped) [cached]
2026-08-05 19:18:09,845 | INFO    | molsanity | [stage cell_MolMotif__GINE__Saliency__random__seed2] cache hit (259fc5a6c3bfd4a2) — skipping
2026-08-05 19:18:09,846 | INFO    | molsanity | [cell MolMotif__GINE__Saliency__random__seed2] DONE — acc=1.00 gt_auroc=0.9944049905280087 n=200 (capped) [cached]
2026-08-05 19:18:09,852 | INFO    | molsanity | [stage cell_MolMotif__GINE__InputXGradient__scaffold__seed0] config changed (b6dbd259357d4a11 -> f6be01a7a3af762c) — rerunning
2026-08-05 19:18:09,852 | INFO    | molsanity | [stage cell_MolMotif__GINE__InputXGradient__scaffold__seed0] running (f6be01a7a3af762c)
2026-08-05 19:18:10,189 | INFO    | molsanity | Loaded BBBP: 2039 graphs, checksum 37d8fa85e636
2026-08-05 19:18:10,898 | INFO    | molsanity | MolMotif(halogen_aromatic): 906 molecules (453 positive), mask = matched atoms grown by 1 bond(s)
2026-08-05 19:18:10,935 | INFO    | molsanity | Loaded MolMotif: 906 molecules with exact node ground truth
2026-08-05 19:18:11,359 | INFO    | molsanity | Scaffold split: 592 scaffolds over 906 molecules (33 scaffold-less, 46.8% of molecules in multi-member groups) -> train 543 / val 90 / test 273
2026-08-05 19:18:11,378 | INFO    | molsanity | Loaded existing checkpoint gine_8ec653c42f6cce9a.pt
2026-08-05 19:18:11,399 | INFO    | molsanity | [cell MolMotif__GINE__InputXGradient__scaffold] auditing 200 molecules (capped from 273)
2026-08-05 19:18:11,402 | INFO    | molsanity | [cell MolMotif__GINE__InputXGradient__scaffold] auditing on 12 worker processes (CPU)
2026-08-05 19:18:12,873 | INFO    | molsanity | [cell MolMotif__GINE__InputXGradient__scaffold] 200 molecules in 0.0 min (0.01s each, 12 workers)
2026-08-05 19:18:14,182 | INFO    | molsanity | Wrote GT-validation figure: artifacts/figures/MolMotif__GINE__InputXGradient__scaffold/gt_validation.pdf (+ .svg)
2026-08-05 19:18:14,520 | INFO    | molsanity | Wrote molecule attribution SVG: artifacts/figures/MolMotif__GINE__InputXGradient__scaffold/case_molecule.svg (GT atoms: [])
2026-08-05 19:18:15,549 | INFO    | molsanity | [cell MolMotif__GINE__InputXGradient__scaffold__seed0] DONE — acc=0.98 gt_auroc=0.9993144729802034 n=200 (capped)
2026-08-05 19:18:15,555 | INFO    | molsanity | [stage cell_MolMotif__GINE__InputXGradient__scaffold__seed1] config changed (8f33f13ae346d361 -> 139913a820148d2c) — rerunning
2026-08-05 19:18:15,555 | INFO    | molsanity | [stage cell_MolMotif__GINE__InputXGradient__scaffold__seed1] running (139913a820148d2c)
2026-08-05 19:18:15,897 | INFO    | molsanity | Loaded BBBP: 2039 graphs, checksum 37d8fa85e636
2026-08-05 19:18:16,611 | INFO    | molsanity | MolMotif(halogen_aromatic): 906 molecules (453 positive), mask = matched atoms grown by 1 bond(s)
2026-08-05 19:18:16,649 | INFO    | molsanity | Loaded MolMotif: 906 molecules with exact node ground truth
2026-08-05 19:18:17,072 | INFO    | molsanity | Scaffold split: 592 scaffolds over 906 molecules (33 scaffold-less, 46.8% of molecules in multi-member groups) -> train 543 / val 90 / test 273
2026-08-05 19:18:17,092 | INFO    | molsanity | Loaded existing checkpoint gine_72c0e898fb0e9a7b.pt
2026-08-05 19:18:17,113 | INFO    | molsanity | [cell MolMotif__GINE__InputXGradient__scaffold] auditing 200 molecules (capped from 273)
2026-08-05 19:18:17,116 | INFO    | molsanity | [cell MolMotif__GINE__InputXGradient__scaffold] auditing on 12 worker processes (CPU)
2026-08-05 19:18:18,606 | INFO    | molsanity | [cell MolMotif__GINE__InputXGradient__scaffold] 200 molecules in 0.0 min (0.01s each, 12 workers)
2026-08-05 19:18:19,122 | INFO    | molsanity | Wrote GT-validation figure: artifacts/figures/MolMotif__GINE__InputXGradient__scaffold/gt_validation.pdf (+ .svg)
2026-08-05 19:18:19,128 | INFO    | molsanity | Wrote molecule attribution SVG: artifacts/figures/MolMotif__GINE__InputXGradient__scaffold/case_molecule.svg (GT atoms: [])
2026-08-05 19:18:19,501 | INFO    | molsanity | [cell MolMotif__GINE__InputXGradient__scaffold__seed1] DONE — acc=0.97 gt_auroc=0.999676424877067 n=200 (capped)
2026-08-05 19:18:19,507 | INFO    | molsanity | [stage cell_MolMotif__GINE__InputXGradient__scaffold__seed2] config changed (afe9f6d338bdc0aa -> 2065ae2c9d0926f2) — rerunning
2026-08-05 19:18:19,507 | INFO    | molsanity | [stage cell_MolMotif__GINE__InputXGradient__scaffold__seed2] running (2065ae2c9d0926f2)
2026-08-05 19:18:19,851 | INFO    | molsanity | Loaded BBBP: 2039 graphs, checksum 37d8fa85e636
2026-08-05 19:18:20,567 | INFO    | molsanity | MolMotif(halogen_aromatic): 906 molecules (453 positive), mask = matched atoms grown by 1 bond(s)
2026-08-05 19:18:20,604 | INFO    | molsanity | Loaded MolMotif: 906 molecules with exact node ground truth
2026-08-05 19:18:21,026 | INFO    | molsanity | Scaffold split: 592 scaffolds over 906 molecules (33 scaffold-less, 46.8% of molecules in multi-member groups) -> train 543 / val 90 / test 273
2026-08-05 19:18:21,061 | INFO    | molsanity | Loaded existing checkpoint gine_7620c31b26aac07a.pt
2026-08-05 19:18:21,080 | INFO    | molsanity | [cell MolMotif__GINE__InputXGradient__scaffold] auditing 200 molecules (capped from 273)
2026-08-05 19:18:21,083 | INFO    | molsanity | [cell MolMotif__GINE__InputXGradient__scaffold] auditing on 12 worker processes (CPU)
2026-08-05 19:18:22,559 | INFO    | molsanity | [cell MolMotif__GINE__InputXGradient__scaffold] 200 molecules in 0.0 min (0.01s each, 12 workers)
2026-08-05 19:18:23,071 | INFO    | molsanity | Wrote GT-validation figure: artifacts/figures/MolMotif__GINE__InputXGradient__scaffold/gt_validation.pdf (+ .svg)
2026-08-05 19:18:23,078 | INFO    | molsanity | Wrote molecule attribution SVG: artifacts/figures/MolMotif__GINE__InputXGradient__scaffold/case_molecule.svg (GT atoms: [])
2026-08-05 19:18:23,479 | INFO    | molsanity | [cell MolMotif__GINE__InputXGradient__scaffold__seed2] DONE — acc=0.96 gt_auroc=0.9977460772074123 n=200 (capped)
2026-08-05 19:18:23,789 | INFO    | molsanity | [stage cell_MolMotif__GINE__InputXGradient__random__seed0] cache hit (8a05069648673aaa) — skipping
2026-08-05 19:18:23,789 | INFO    | molsanity | [cell MolMotif__GINE__InputXGradient__random__seed0] DONE — acc=0.97 gt_auroc=0.9863293047406394 n=200 (capped) [cached]
2026-08-05 19:18:24,086 | INFO    | molsanity | [stage cell_MolMotif__GINE__InputXGradient__random__seed1] cache hit (de985a16a2ad46a4) — skipping
2026-08-05 19:18:24,086 | INFO    | molsanity | [cell MolMotif__GINE__InputXGradient__random__seed1] DONE — acc=0.81 gt_auroc=0.9996628421900161 n=200 (capped) [cached]
2026-08-05 19:18:24,501 | INFO    | molsanity | [stage cell_MolMotif__GINE__InputXGradient__random__seed2] cache hit (0ddce8d957af673e) — skipping
2026-08-05 19:18:24,501 | INFO    | molsanity | [cell MolMotif__GINE__InputXGradient__random__seed2] DONE — acc=1.00 gt_auroc=0.9993121892631697 n=200 (capped) [cached]
2026-08-05 19:18:24,507 | INFO    | molsanity | [stage cell_MolMotif__GINE__GuidedBackprop__scaffold__seed0] config changed (2f69364dbcdeb027 -> 15bb8630483ce582) — rerunning
2026-08-05 19:18:24,507 | INFO    | molsanity | [stage cell_MolMotif__GINE__GuidedBackprop__scaffold__seed0] running (15bb8630483ce582)
2026-08-05 19:18:24,850 | INFO    | molsanity | Loaded BBBP: 2039 graphs, checksum 37d8fa85e636
2026-08-05 19:18:25,836 | INFO    | molsanity | MolMotif(halogen_aromatic): 906 molecules (453 positive), mask = matched atoms grown by 1 bond(s)
2026-08-05 19:18:25,874 | INFO    | molsanity | Loaded MolMotif: 906 molecules with exact node ground truth
2026-08-05 19:18:26,299 | INFO    | molsanity | Scaffold split: 592 scaffolds over 906 molecules (33 scaffold-less, 46.8% of molecules in multi-member groups) -> train 543 / val 90 / test 273
2026-08-05 19:18:26,318 | INFO    | molsanity | Loaded existing checkpoint gine_8ec653c42f6cce9a.pt
2026-08-05 19:18:26,337 | INFO    | molsanity | [cell MolMotif__GINE__GuidedBackprop__scaffold] auditing 200 molecules (capped from 273)
2026-08-05 19:18:26,340 | INFO    | molsanity | [cell MolMotif__GINE__GuidedBackprop__scaffold] auditing on 12 worker processes (CPU)
2026-08-05 19:18:27,948 | INFO    | molsanity | [cell MolMotif__GINE__GuidedBackprop__scaffold] 200 molecules in 0.0 min (0.01s each, 12 workers)
2026-08-05 19:18:29,139 | INFO    | molsanity | Wrote GT-validation figure: artifacts/figures/MolMotif__GINE__GuidedBackprop__scaffold/gt_validation.pdf (+ .svg)
2026-08-05 19:18:29,481 | INFO    | molsanity | Wrote molecule attribution SVG: artifacts/figures/MolMotif__GINE__GuidedBackprop__scaffold/case_molecule.svg (GT atoms: [])
2026-08-05 19:18:30,596 | INFO    | molsanity | [cell MolMotif__GINE__GuidedBackprop__scaffold__seed0] DONE — acc=0.98 gt_auroc=0.9956365290828677 n=200 (capped)
2026-08-05 19:18:30,603 | INFO    | molsanity | [stage cell_MolMotif__GINE__GuidedBackprop__scaffold__seed1] config changed (27d266683e8b6661 -> 257c264ec4abb93f) — rerunning
2026-08-05 19:18:30,603 | INFO    | molsanity | [stage cell_MolMotif__GINE__GuidedBackprop__scaffold__seed1] running (257c264ec4abb93f)
2026-08-05 19:18:30,944 | INFO    | molsanity | Loaded BBBP: 2039 graphs, checksum 37d8fa85e636
2026-08-05 19:18:31,651 | INFO    | molsanity | MolMotif(halogen_aromatic): 906 molecules (453 positive), mask = matched atoms grown by 1 bond(s)
2026-08-05 19:18:31,688 | INFO    | molsanity | Loaded MolMotif: 906 molecules with exact node ground truth
2026-08-05 19:18:32,106 | INFO    | molsanity | Scaffold split: 592 scaffolds over 906 molecules (33 scaffold-less, 46.8% of molecules in multi-member groups) -> train 543 / val 90 / test 273
2026-08-05 19:18:32,128 | INFO    | molsanity | Loaded existing checkpoint gine_72c0e898fb0e9a7b.pt
2026-08-05 19:18:32,154 | INFO    | molsanity | [cell MolMotif__GINE__GuidedBackprop__scaffold] auditing 200 molecules (capped from 273)
2026-08-05 19:18:32,158 | INFO    | molsanity | [cell MolMotif__GINE__GuidedBackprop__scaffold] auditing on 12 worker processes (CPU)
2026-08-05 19:18:33,702 | INFO    | molsanity | [cell MolMotif__GINE__GuidedBackprop__scaffold] 200 molecules in 0.0 min (0.01s each, 12 workers)
2026-08-05 19:18:34,210 | INFO    | molsanity | Wrote GT-validation figure: artifacts/figures/MolMotif__GINE__GuidedBackprop__scaffold/gt_validation.pdf (+ .svg)
2026-08-05 19:18:34,216 | INFO    | molsanity | Wrote molecule attribution SVG: artifacts/figures/MolMotif__GINE__GuidedBackprop__scaffold/case_molecule.svg (GT atoms: [])
2026-08-05 19:18:34,636 | INFO    | molsanity | [cell MolMotif__GINE__GuidedBackprop__scaffold__seed1] DONE — acc=0.97 gt_auroc=0.9997080696543114 n=200 (capped)
2026-08-05 19:18:34,642 | INFO    | molsanity | [stage cell_MolMotif__GINE__GuidedBackprop__scaffold__seed2] config changed (d77850655893a9e0 -> c7e7e18d99f3dab4) — rerunning
2026-08-05 19:18:34,643 | INFO    | molsanity | [stage cell_MolMotif__GINE__GuidedBackprop__scaffold__seed2] running (c7e7e18d99f3dab4)
2026-08-05 19:18:34,983 | INFO    | molsanity | Loaded BBBP: 2039 graphs, checksum 37d8fa85e636
2026-08-05 19:18:35,688 | INFO    | molsanity | MolMotif(halogen_aromatic): 906 molecules (453 positive), mask = matched atoms grown by 1 bond(s)
2026-08-05 19:18:35,725 | INFO    | molsanity | Loaded MolMotif: 906 molecules with exact node ground truth
2026-08-05 19:18:36,143 | INFO    | molsanity | Scaffold split: 592 scaffolds over 906 molecules (33 scaffold-less, 46.8% of molecules in multi-member groups) -> train 543 / val 90 / test 273
2026-08-05 19:18:36,163 | INFO    | molsanity | Loaded existing checkpoint gine_7620c31b26aac07a.pt
2026-08-05 19:18:36,182 | INFO    | molsanity | [cell MolMotif__GINE__GuidedBackprop__scaffold] auditing 200 molecules (capped from 273)
2026-08-05 19:18:36,185 | INFO    | molsanity | [cell MolMotif__GINE__GuidedBackprop__scaffold] auditing on 12 worker processes (CPU)
2026-08-05 19:18:37,688 | INFO    | molsanity | [cell MolMotif__GINE__GuidedBackprop__scaffold] 200 molecules in 0.0 min (0.01s each, 12 workers)
2026-08-05 19:18:38,199 | INFO    | molsanity | Wrote GT-validation figure: artifacts/figures/MolMotif__GINE__GuidedBackprop__scaffold/gt_validation.pdf (+ .svg)
2026-08-05 19:18:38,205 | INFO    | molsanity | Wrote molecule attribution SVG: artifacts/figures/MolMotif__GINE__GuidedBackprop__scaffold/case_molecule.svg (GT atoms: [])
2026-08-05 19:18:38,575 | INFO    | molsanity | [cell MolMotif__GINE__GuidedBackprop__scaffold__seed2] DONE — acc=0.96 gt_auroc=0.9700619959014363 n=200 (capped)
2026-08-05 19:18:38,897 | INFO    | molsanity | [stage cell_MolMotif__GINE__GuidedBackprop__random__seed0] cache hit (ab134a29a61beba6) — skipping
2026-08-05 19:18:38,898 | INFO    | molsanity | [cell MolMotif__GINE__GuidedBackprop__random__seed0] DONE — acc=0.97 gt_auroc=0.9814639191095337 n=200 (capped) [cached]
2026-08-05 19:18:39,368 | INFO    | molsanity | [stage cell_MolMotif__GINE__GuidedBackprop__random__seed1] cache hit (9564c53c0dd875af) — skipping
2026-08-05 19:18:39,368 | INFO    | molsanity | [cell MolMotif__GINE__GuidedBackprop__random__seed1] DONE — acc=0.81 gt_auroc=0.9350898441593138 n=200 (capped) [cached]
2026-08-05 19:18:39,932 | INFO    | molsanity | [stage cell_MolMotif__GINE__GuidedBackprop__random__seed2] cache hit (a28584642a3f5671) — skipping
2026-08-05 19:18:39,932 | INFO    | molsanity | [cell MolMotif__GINE__GuidedBackprop__random__seed2] DONE — acc=1.00 gt_auroc=0.9977738438525415 n=200 (capped) [cached]
2026-08-05 19:18:39,938 | INFO    | molsanity | [stage cell_MolMotif__GINE__GNNExplainer__scaffold__seed0] config changed (b20e0dc36dc896a7 -> d97429a4f03e5c99) — rerunning
2026-08-05 19:18:39,939 | INFO    | molsanity | [stage cell_MolMotif__GINE__GNNExplainer__scaffold__seed0] running (d97429a4f03e5c99)
2026-08-05 19:18:40,288 | INFO    | molsanity | Loaded BBBP: 2039 graphs, checksum 37d8fa85e636
2026-08-05 19:18:41,000 | INFO    | molsanity | MolMotif(halogen_aromatic): 906 molecules (453 positive), mask = matched atoms grown by 1 bond(s)
2026-08-05 19:18:41,037 | INFO    | molsanity | Loaded MolMotif: 906 molecules with exact node ground truth
2026-08-05 19:18:41,466 | INFO    | molsanity | Scaffold split: 592 scaffolds over 906 molecules (33 scaffold-less, 46.8% of molecules in multi-member groups) -> train 543 / val 90 / test 273
2026-08-05 19:18:41,491 | INFO    | molsanity | Loaded existing checkpoint gine_8ec653c42f6cce9a.pt
2026-08-05 19:18:41,514 | INFO    | molsanity | [cell MolMotif__GINE__GNNExplainer__scaffold] auditing 200 molecules (capped from 273)
2026-08-05 19:18:41,518 | INFO    | molsanity | [cell MolMotif__GINE__GNNExplainer__scaffold] auditing on 12 worker processes (CPU)
2026-08-05 19:19:16,203 | INFO    | molsanity | [cell MolMotif__GINE__GNNExplainer__scaffold] 200 molecules in 0.6 min (0.17s each, 12 workers)
2026-08-05 19:19:17,331 | INFO    | molsanity | Wrote GT-validation figure: artifacts/figures/MolMotif__GINE__GNNExplainer__scaffold/gt_validation.pdf (+ .svg)
2026-08-05 19:19:17,698 | INFO    | molsanity | Wrote molecule attribution SVG: artifacts/figures/MolMotif__GINE__GNNExplainer__scaffold/case_molecule.svg (GT atoms: [])
2026-08-05 19:19:18,674 | INFO    | molsanity | [cell MolMotif__GINE__GNNExplainer__scaffold__seed0] DONE — acc=0.98 gt_auroc=0.6215234000395884 n=200 (capped)
2026-08-05 19:19:18,680 | INFO    | molsanity | [stage cell_MolMotif__GINE__GNNExplainer__scaffold__seed1] config changed (1de053cb1a19d0b8 -> 8299ebd9bb0fecb5) — rerunning
2026-08-05 19:19:18,680 | INFO    | molsanity | [stage cell_MolMotif__GINE__GNNExplainer__scaffold__seed1] running (8299ebd9bb0fecb5)
2026-08-05 19:19:19,281 | INFO    | molsanity | Loaded BBBP: 2039 graphs, checksum 37d8fa85e636
2026-08-05 19:19:20,028 | INFO    | molsanity | MolMotif(halogen_aromatic): 906 molecules (453 positive), mask = matched atoms grown by 1 bond(s)
2026-08-05 19:19:20,083 | INFO    | molsanity | Loaded MolMotif: 906 molecules with exact node ground truth
2026-08-05 19:19:20,517 | INFO    | molsanity | Scaffold split: 592 scaffolds over 906 molecules (33 scaffold-less, 46.8% of molecules in multi-member groups) -> train 543 / val 90 / test 273
2026-08-05 19:19:20,539 | INFO    | molsanity | Loaded existing checkpoint gine_72c0e898fb0e9a7b.pt
2026-08-05 19:19:20,563 | INFO    | molsanity | [cell MolMotif__GINE__GNNExplainer__scaffold] auditing 200 molecules (capped from 273)
2026-08-05 19:19:20,567 | INFO    | molsanity | [cell MolMotif__GINE__GNNExplainer__scaffold] auditing on 12 worker processes (CPU)
2026-08-05 19:19:55,214 | INFO    | molsanity | [cell MolMotif__GINE__GNNExplainer__scaffold] 200 molecules in 0.6 min (0.17s each, 12 workers)
2026-08-05 19:19:55,720 | INFO    | molsanity | Wrote GT-validation figure: artifacts/figures/MolMotif__GINE__GNNExplainer__scaffold/gt_validation.pdf (+ .svg)
2026-08-05 19:19:55,727 | INFO    | molsanity | Wrote molecule attribution SVG: artifacts/figures/MolMotif__GINE__GNNExplainer__scaffold/case_molecule.svg (GT atoms: [])
2026-08-05 19:19:56,195 | INFO    | molsanity | [cell MolMotif__GINE__GNNExplainer__scaffold__seed1] DONE — acc=0.97 gt_auroc=0.5910566077352983 n=200 (capped)
2026-08-05 19:19:56,202 | INFO    | molsanity | [stage cell_MolMotif__GINE__GNNExplainer__scaffold__seed2] config changed (f75631b8b6d9ae8e -> a189be8866cc31f0) — rerunning
2026-08-05 19:19:56,202 | INFO    | molsanity | [stage cell_MolMotif__GINE__GNNExplainer__scaffold__seed2] running (a189be8866cc31f0)
2026-08-05 19:19:56,550 | INFO    | molsanity | Loaded BBBP: 2039 graphs, checksum 37d8fa85e636
2026-08-05 19:19:57,259 | INFO    | molsanity | MolMotif(halogen_aromatic): 906 molecules (453 positive), mask = matched atoms grown by 1 bond(s)
2026-08-05 19:19:57,295 | INFO    | molsanity | Loaded MolMotif: 906 molecules with exact node ground truth
2026-08-05 19:19:57,717 | INFO    | molsanity | Scaffold split: 592 scaffolds over 906 molecules (33 scaffold-less, 46.8% of molecules in multi-member groups) -> train 543 / val 90 / test 273
2026-08-05 19:19:57,738 | INFO    | molsanity | Loaded existing checkpoint gine_7620c31b26aac07a.pt
2026-08-05 19:19:57,756 | INFO    | molsanity | [cell MolMotif__GINE__GNNExplainer__scaffold] auditing 200 molecules (capped from 273)
2026-08-05 19:19:57,759 | INFO    | molsanity | [cell MolMotif__GINE__GNNExplainer__scaffold] auditing on 12 worker processes (CPU)
2026-08-05 19:20:32,252 | INFO    | molsanity | [cell MolMotif__GINE__GNNExplainer__scaffold] 200 molecules in 0.6 min (0.17s each, 12 workers)
2026-08-05 19:20:32,778 | INFO    | molsanity | Wrote GT-validation figure: artifacts/figures/MolMotif__GINE__GNNExplainer__scaffold/gt_validation.pdf (+ .svg)
2026-08-05 19:20:32,785 | INFO    | molsanity | Wrote molecule attribution SVG: artifacts/figures/MolMotif__GINE__GNNExplainer__scaffold/case_molecule.svg (GT atoms: [])
2026-08-05 19:20:33,266 | INFO    | molsanity | [cell MolMotif__GINE__GNNExplainer__scaffold__seed2] DONE — acc=0.96 gt_auroc=0.6363645465108255 n=200 (capped)
2026-08-05 19:20:33,570 | INFO    | molsanity | [stage cell_MolMotif__GINE__GNNExplainer__random__seed0] cache hit (b0efd7bc5d969b55) — skipping
2026-08-05 19:20:33,570 | INFO    | molsanity | [cell MolMotif__GINE__GNNExplainer__random__seed0] DONE — acc=0.97 gt_auroc=0.6833528633217354 n=200 (capped) [cached]
2026-08-05 19:20:33,899 | INFO    | molsanity | [stage cell_MolMotif__GINE__GNNExplainer__random__seed1] cache hit (1349a62469128555) — skipping
2026-08-05 19:20:33,899 | INFO    | molsanity | [cell MolMotif__GINE__GNNExplainer__random__seed1] DONE — acc=0.81 gt_auroc=0.6104240422325831 n=200 (capped) [cached]
2026-08-05 19:20:34,218 | INFO    | molsanity | [stage cell_MolMotif__GINE__GNNExplainer__random__seed2] cache hit (216c191e4f4717bf) — skipping
2026-08-05 19:20:34,218 | INFO    | molsanity | [cell MolMotif__GINE__GNNExplainer__random__seed2] DONE — acc=1.00 gt_auroc=0.6304748497589063 n=200 (capped) [cached]
2026-08-05 19:20:34,225 | INFO    | molsanity | [stage cell_MolMotif__GINE__PGExplainer__scaffold__seed0] config changed (542706328b1acf7a -> 9215055c25232473) — rerunning
2026-08-05 19:20:34,225 | INFO    | molsanity | [stage cell_MolMotif__GINE__PGExplainer__scaffold__seed0] running (9215055c25232473)
2026-08-05 19:20:34,588 | INFO    | molsanity | Loaded BBBP: 2039 graphs, checksum 37d8fa85e636
2026-08-05 19:20:35,300 | INFO    | molsanity | MolMotif(halogen_aromatic): 906 molecules (453 positive), mask = matched atoms grown by 1 bond(s)
2026-08-05 19:20:35,337 | INFO    | molsanity | Loaded MolMotif: 906 molecules with exact node ground truth
2026-08-05 19:20:35,752 | INFO    | molsanity | Scaffold split: 592 scaffolds over 906 molecules (33 scaffold-less, 46.8% of molecules in multi-member groups) -> train 543 / val 90 / test 273
2026-08-05 19:20:35,773 | INFO    | molsanity | Loaded existing checkpoint gine_8ec653c42f6cce9a.pt
2026-08-05 19:22:26,447 | INFO    | molsanity | PGExplainer trained on 200 graphs (30 epochs), final loss 0.0994
2026-08-05 19:23:34,164 | INFO    | molsanity | PGExplainer trained on 200 graphs (30 epochs), final loss 0.0364
2026-08-05 19:23:34,165 | INFO    | molsanity | [cell MolMotif__GINE__PGExplainer__scaffold] auditing 200 molecules (capped from 273)
2026-08-05 19:23:34,172 | INFO    | molsanity | [cell MolMotif__GINE__PGExplainer__scaffold] auditing on 12 worker processes (CPU)
2026-08-05 19:23:35,286 | INFO    | molsanity | [cell MolMotif__GINE__PGExplainer__scaffold] 200 molecules in 0.0 min (0.01s each, 12 workers)
2026-08-05 19:23:36,520 | INFO    | molsanity | Wrote GT-validation figure: artifacts/figures/MolMotif__GINE__PGExplainer__scaffold/gt_validation.pdf (+ .svg)
2026-08-05 19:23:36,935 | INFO    | molsanity | Wrote molecule attribution SVG: artifacts/figures/MolMotif__GINE__PGExplainer__scaffold/case_molecule.svg (GT atoms: [])
2026-08-05 19:23:37,905 | INFO    | molsanity | [cell MolMotif__GINE__PGExplainer__scaffold__seed0] DONE — acc=0.98 gt_auroc=0.29042856768644304 n=200 (capped)
2026-08-05 19:23:37,912 | INFO    | molsanity | [stage cell_MolMotif__GINE__PGExplainer__scaffold__seed1] config changed (2e16cb49d0e839a2 -> 35e36bd42f890b60) — rerunning
2026-08-05 19:23:37,912 | INFO    | molsanity | [stage cell_MolMotif__GINE__PGExplainer__scaffold__seed1] running (35e36bd42f890b60)
2026-08-05 19:23:38,252 | INFO    | molsanity | Loaded BBBP: 2039 graphs, checksum 37d8fa85e636
2026-08-05 19:23:39,225 | INFO    | molsanity | MolMotif(halogen_aromatic): 906 molecules (453 positive), mask = matched atoms grown by 1 bond(s)
2026-08-05 19:23:39,263 | INFO    | molsanity | Loaded MolMotif: 906 molecules with exact node ground truth
2026-08-05 19:23:39,685 | INFO    | molsanity | Scaffold split: 592 scaffolds over 906 molecules (33 scaffold-less, 46.8% of molecules in multi-member groups) -> train 543 / val 90 / test 273
2026-08-05 19:23:39,705 | INFO    | molsanity | Loaded existing checkpoint gine_72c0e898fb0e9a7b.pt
2026-08-05 19:25:29,032 | INFO    | molsanity | PGExplainer trained on 200 graphs (30 epochs), final loss 0.0354
2026-08-05 19:26:37,346 | INFO    | molsanity | PGExplainer trained on 200 graphs (30 epochs), final loss 0.0334
2026-08-05 19:26:37,346 | INFO    | molsanity | [cell MolMotif__GINE__PGExplainer__scaffold] auditing 200 molecules (capped from 273)
2026-08-05 19:26:37,353 | INFO    | molsanity | [cell MolMotif__GINE__PGExplainer__scaffold] auditing on 12 worker processes (CPU)
2026-08-05 19:26:38,490 | INFO    | molsanity | [cell MolMotif__GINE__PGExplainer__scaffold] 200 molecules in 0.0 min (0.01s each, 12 workers)
2026-08-05 19:26:39,006 | INFO    | molsanity | Wrote GT-validation figure: artifacts/figures/MolMotif__GINE__PGExplainer__scaffold/gt_validation.pdf (+ .svg)
2026-08-05 19:26:39,014 | INFO    | molsanity | Wrote molecule attribution SVG: artifacts/figures/MolMotif__GINE__PGExplainer__scaffold/case_molecule.svg (GT atoms: [])
2026-08-05 19:26:39,404 | INFO    | molsanity | [cell MolMotif__GINE__PGExplainer__scaffold__seed1] DONE — acc=0.97 gt_auroc=0.7252322479957498 n=200 (capped)
2026-08-05 19:26:39,411 | INFO    | molsanity | [stage cell_MolMotif__GINE__PGExplainer__scaffold__seed2] config changed (81deeee30f436283 -> 62d7b1e3bbde10ea) — rerunning
2026-08-05 19:26:39,411 | INFO    | molsanity | [stage cell_MolMotif__GINE__PGExplainer__scaffold__seed2] running (62d7b1e3bbde10ea)
2026-08-05 19:26:39,752 | INFO    | molsanity | Loaded BBBP: 2039 graphs, checksum 37d8fa85e636
2026-08-05 19:26:40,488 | INFO    | molsanity | MolMotif(halogen_aromatic): 906 molecules (453 positive), mask = matched atoms grown by 1 bond(s)
2026-08-05 19:26:40,527 | INFO    | molsanity | Loaded MolMotif: 906 molecules with exact node ground truth
2026-08-05 19:26:40,955 | INFO    | molsanity | Scaffold split: 592 scaffolds over 906 molecules (33 scaffold-less, 46.8% of molecules in multi-member groups) -> train 543 / val 90 / test 273
2026-08-05 19:26:40,975 | INFO    | molsanity | Loaded existing checkpoint gine_7620c31b26aac07a.pt
2026-08-05 19:28:30,721 | INFO    | molsanity | PGExplainer trained on 200 graphs (30 epochs), final loss 2.0152
2026-08-05 19:29:38,251 | INFO    | molsanity | PGExplainer trained on 200 graphs (30 epochs), final loss 0.0476
2026-08-05 19:29:38,251 | INFO    | molsanity | [cell MolMotif__GINE__PGExplainer__scaffold] auditing 200 molecules (capped from 273)
2026-08-05 19:29:38,258 | INFO    | molsanity | [cell MolMotif__GINE__PGExplainer__scaffold] auditing on 12 worker processes (CPU)
2026-08-05 19:29:39,421 | INFO    | molsanity | [cell MolMotif__GINE__PGExplainer__scaffold] 200 molecules in 0.0 min (0.01s each, 12 workers)
2026-08-05 19:29:39,924 | INFO    | molsanity | Wrote GT-validation figure: artifacts/figures/MolMotif__GINE__PGExplainer__scaffold/gt_validation.pdf (+ .svg)
2026-08-05 19:29:39,930 | INFO    | molsanity | Wrote molecule attribution SVG: artifacts/figures/MolMotif__GINE__PGExplainer__scaffold/case_molecule.svg (GT atoms: [])
2026-08-05 19:29:40,357 | INFO    | molsanity | [cell MolMotif__GINE__PGExplainer__scaffold__seed2] DONE — acc=0.96 gt_auroc=0.5226177828754137 n=200 (capped)
2026-08-05 19:29:40,685 | INFO    | molsanity | [stage cell_MolMotif__GINE__PGExplainer__random__seed0] cache hit (ecc17a6e0323b4f1) — skipping
2026-08-05 19:29:40,686 | INFO    | molsanity | [cell MolMotif__GINE__PGExplainer__random__seed0] DONE — acc=0.97 gt_auroc=0.6491229607774095 n=200 (capped) [cached]
2026-08-05 19:29:41,041 | INFO    | molsanity | [stage cell_MolMotif__GINE__PGExplainer__random__seed1] cache hit (3fbebaf742e8ae2d) — skipping
2026-08-05 19:29:41,041 | INFO    | molsanity | [cell MolMotif__GINE__PGExplainer__random__seed1] DONE — acc=0.81 gt_auroc=0.27315924812942816 n=200 (capped) [cached]
2026-08-05 19:29:41,392 | INFO    | molsanity | [stage cell_MolMotif__GINE__PGExplainer__random__seed2] cache hit (dae7e78109385679) — skipping
2026-08-05 19:29:41,392 | INFO    | molsanity | [cell MolMotif__GINE__PGExplainer__random__seed2] DONE — acc=1.00 gt_auroc=0.584361373075497 n=200 (capped) [cached]
2026-08-05 19:29:41,399 | INFO    | molsanity | [stage cell_MolMotif__GINE__SubgraphX__scaffold__seed0] config changed (fa0ccd5385f0b57c -> 48785a881dad3b23) — rerunning
2026-08-05 19:29:41,399 | INFO    | molsanity | [stage cell_MolMotif__GINE__SubgraphX__scaffold__seed0] running (48785a881dad3b23)
2026-08-05 19:29:41,744 | INFO    | molsanity | Loaded BBBP: 2039 graphs, checksum 37d8fa85e636
2026-08-05 19:29:42,465 | INFO    | molsanity | MolMotif(halogen_aromatic): 906 molecules (453 positive), mask = matched atoms grown by 1 bond(s)
2026-08-05 19:29:42,503 | INFO    | molsanity | Loaded MolMotif: 906 molecules with exact node ground truth
2026-08-05 19:29:42,931 | INFO    | molsanity | Scaffold split: 592 scaffolds over 906 molecules (33 scaffold-less, 46.8% of molecules in multi-member groups) -> train 543 / val 90 / test 273
2026-08-05 19:29:42,951 | INFO    | molsanity | Loaded existing checkpoint gine_8ec653c42f6cce9a.pt
2026-08-05 19:29:42,969 | INFO    | molsanity | [cell MolMotif__GINE__SubgraphX__scaffold] auditing 200 molecules (capped from 273)
2026-08-05 19:29:42,971 | INFO    | molsanity | [cell MolMotif__GINE__SubgraphX__scaffold] auditing on 12 worker processes (CPU)
2026-08-05 20:22:51,683 | INFO    | molsanity | [cell MolMotif__GINE__SubgraphX__scaffold] 200 molecules in 53.1 min (15.94s each, 12 workers)
2026-08-05 20:22:52,947 | INFO    | molsanity | Wrote GT-validation figure: artifacts/figures/MolMotif__GINE__SubgraphX__scaffold/gt_validation.pdf (+ .svg)
2026-08-05 20:22:53,353 | INFO    | molsanity | Wrote molecule attribution SVG: artifacts/figures/MolMotif__GINE__SubgraphX__scaffold/case_molecule.svg (GT atoms: [])
2026-08-05 20:22:54,337 | INFO    | molsanity | [cell MolMotif__GINE__SubgraphX__scaffold__seed0] DONE — acc=0.98 gt_auroc=0.38703945386421246 n=200 (capped)
2026-08-05 20:22:54,344 | INFO    | molsanity | [stage cell_MolMotif__GINE__SubgraphX__scaffold__seed1] config changed (bfb268fe343ef853 -> 68509cb863f0325e) — rerunning
2026-08-05 20:22:54,344 | INFO    | molsanity | [stage cell_MolMotif__GINE__SubgraphX__scaffold__seed1] running (68509cb863f0325e)
2026-08-05 20:22:54,691 | INFO    | molsanity | Loaded BBBP: 2039 graphs, checksum 37d8fa85e636
2026-08-05 20:22:55,417 | INFO    | molsanity | MolMotif(halogen_aromatic): 906 molecules (453 positive), mask = matched atoms grown by 1 bond(s)
2026-08-05 20:22:55,454 | INFO    | molsanity | Loaded MolMotif: 906 molecules with exact node ground truth
2026-08-05 20:22:55,880 | INFO    | molsanity | Scaffold split: 592 scaffolds over 906 molecules (33 scaffold-less, 46.8% of molecules in multi-member groups) -> train 543 / val 90 / test 273
2026-08-05 20:22:55,901 | INFO    | molsanity | Loaded existing checkpoint gine_72c0e898fb0e9a7b.pt
2026-08-05 20:22:55,920 | INFO    | molsanity | [cell MolMotif__GINE__SubgraphX__scaffold] auditing 200 molecules (capped from 273)
2026-08-05 20:22:55,923 | INFO    | molsanity | [cell MolMotif__GINE__SubgraphX__scaffold] auditing on 12 worker processes (CPU)
2026-08-05 21:13:30,827 | INFO    | molsanity | [cell MolMotif__GINE__SubgraphX__scaffold] 200 molecules in 50.6 min (15.17s each, 12 workers)
2026-08-05 21:13:31,346 | INFO    | molsanity | Wrote GT-validation figure: artifacts/figures/MolMotif__GINE__SubgraphX__scaffold/gt_validation.pdf (+ .svg)
2026-08-05 21:13:31,354 | INFO    | molsanity | Wrote molecule attribution SVG: artifacts/figures/MolMotif__GINE__SubgraphX__scaffold/case_molecule.svg (GT atoms: [])
2026-08-05 21:13:31,740 | INFO    | molsanity | [cell MolMotif__GINE__SubgraphX__scaffold__seed1] DONE — acc=0.97 gt_auroc=0.542883496562216 n=200 (capped)
2026-08-05 21:13:31,748 | INFO    | molsanity | [stage cell_MolMotif__GINE__SubgraphX__scaffold__seed2] config changed (95be198e0dc2b20a -> 59434383256493c2) — rerunning
2026-08-05 21:13:31,748 | INFO    | molsanity | [stage cell_MolMotif__GINE__SubgraphX__scaffold__seed2] running (59434383256493c2)
2026-08-05 21:13:32,381 | INFO    | molsanity | Loaded BBBP: 2039 graphs, checksum 37d8fa85e636
2026-08-05 21:13:33,117 | INFO    | molsanity | MolMotif(halogen_aromatic): 906 molecules (453 positive), mask = matched atoms grown by 1 bond(s)
2026-08-05 21:13:33,155 | INFO    | molsanity | Loaded MolMotif: 906 molecules with exact node ground truth
2026-08-05 21:13:33,601 | INFO    | molsanity | Scaffold split: 592 scaffolds over 906 molecules (33 scaffold-less, 46.8% of molecules in multi-member groups) -> train 543 / val 90 / test 273
2026-08-05 21:13:33,622 | INFO    | molsanity | Loaded existing checkpoint gine_7620c31b26aac07a.pt
2026-08-05 21:13:33,641 | INFO    | molsanity | [cell MolMotif__GINE__SubgraphX__scaffold] auditing 200 molecules (capped from 273)
2026-08-05 21:13:33,644 | INFO    | molsanity | [cell MolMotif__GINE__SubgraphX__scaffold] auditing on 12 worker processes (CPU)
2026-08-05 22:01:35,256 | INFO    | molsanity | [cell MolMotif__GINE__SubgraphX__scaffold] 200 molecules in 48.0 min (14.41s each, 12 workers)
2026-08-05 22:01:35,769 | INFO    | molsanity | Wrote GT-validation figure: artifacts/figures/MolMotif__GINE__SubgraphX__scaffold/gt_validation.pdf (+ .svg)
2026-08-05 22:01:35,776 | INFO    | molsanity | Wrote molecule attribution SVG: artifacts/figures/MolMotif__GINE__SubgraphX__scaffold/case_molecule.svg (GT atoms: [])
2026-08-05 22:01:36,208 | INFO    | molsanity | [cell MolMotif__GINE__SubgraphX__scaffold__seed2] DONE — acc=0.96 gt_auroc=0.4755095303048627 n=200 (capped)
2026-08-05 22:01:36,568 | INFO    | molsanity | [stage cell_MolMotif__GINE__SubgraphX__random__seed0] cache hit (f524971d4fef008c) — skipping
2026-08-05 22:01:36,569 | INFO    | molsanity | [cell MolMotif__GINE__SubgraphX__random__seed0] DONE — acc=0.97 gt_auroc=0.5727481687608074 n=200 (capped) [cached]
2026-08-05 22:01:37,007 | INFO    | molsanity | [stage cell_MolMotif__GINE__SubgraphX__random__seed1] cache hit (bd3f40ddfff6148d) — skipping
2026-08-05 22:01:37,007 | INFO    | molsanity | [cell MolMotif__GINE__SubgraphX__random__seed1] DONE — acc=0.81 gt_auroc=0.5347887380679491 n=200 (capped) [cached]
2026-08-05 22:01:37,354 | INFO    | molsanity | [stage cell_MolMotif__GINE__SubgraphX__random__seed2] cache hit (a7802cd0bbf3262d) — skipping
2026-08-05 22:01:37,354 | INFO    | molsanity | [cell MolMotif__GINE__SubgraphX__random__seed2] DONE — acc=1.00 gt_auroc=0.5557396101480824 n=200 (capped) [cached]
2026-08-05 22:01:37,361 | INFO    | molsanity | [stage cell_MolMotif__GCN__IntegratedGradients__scaffold__seed0] config changed (10ef5101341204b9 -> 65c1fe4652d22521) — rerunning
2026-08-05 22:01:37,361 | INFO    | molsanity | [stage cell_MolMotif__GCN__IntegratedGradients__scaffold__seed0] running (65c1fe4652d22521)
2026-08-05 22:01:37,702 | INFO    | molsanity | Loaded BBBP: 2039 graphs, checksum 37d8fa85e636
2026-08-05 22:01:38,424 | INFO    | molsanity | MolMotif(halogen_aromatic): 906 molecules (453 positive), mask = matched atoms grown by 1 bond(s)
2026-08-05 22:01:38,461 | INFO    | molsanity | Loaded MolMotif: 906 molecules with exact node ground truth
2026-08-05 22:01:38,887 | INFO    | molsanity | Scaffold split: 592 scaffolds over 906 molecules (33 scaffold-less, 46.8% of molecules in multi-member groups) -> train 543 / val 90 / test 273
2026-08-05 22:01:39,296 | INFO    | molsanity | Loaded existing checkpoint gcn_3c5623dff04264e9.pt
2026-08-05 22:01:39,664 | INFO    | molsanity | [cell MolMotif__GCN__IntegratedGradients__scaffold] auditing 200 molecules (capped from 273)
2026-08-05 22:01:39,667 | INFO    | molsanity | [cell MolMotif__GCN__IntegratedGradients__scaffold] auditing on 12 worker processes (CPU)
2026-08-05 22:01:40,010 | WARNING | molsanity | [cell MolMotif__GCN__IntegratedGradients__scaffold] worker pool failed (RuntimeError: Unable to handle autograd's threading in combination with fork-based multiprocessing. See https://github.com/pytorch/pytorch/wiki/Autograd-and-Fork) — falling back to the serial path for this cell
2026-08-05 22:02:40,187 | INFO    | molsanity | [cell MolMotif__GCN__IntegratedGradients__scaffold] 108/200 molecules (0.6s each, ~1 min left)
2026-08-05 22:03:33,941 | INFO    | molsanity | Wrote GT-validation figure: artifacts/figures/MolMotif__GCN__IntegratedGradients__scaffold/gt_validation.pdf (+ .svg)
2026-08-05 22:03:34,304 | INFO    | molsanity | Wrote molecule attribution SVG: artifacts/figures/MolMotif__GCN__IntegratedGradients__scaffold/case_molecule.svg (GT atoms: [])
2026-08-05 22:03:35,309 | INFO    | molsanity | [cell MolMotif__GCN__IntegratedGradients__scaffold__seed0] DONE — acc=0.99 gt_auroc=0.9996781367041199 n=200 (capped)
2026-08-05 22:03:35,317 | INFO    | molsanity | [stage cell_MolMotif__GCN__IntegratedGradients__scaffold__seed1] config changed (4c74234ddffdcce7 -> 809b47ef5ff448f9) — rerunning
2026-08-05 22:03:35,317 | INFO    | molsanity | [stage cell_MolMotif__GCN__IntegratedGradients__scaffold__seed1] running (809b47ef5ff448f9)
2026-08-05 22:03:35,656 | INFO    | molsanity | Loaded BBBP: 2039 graphs, checksum 37d8fa85e636
2026-08-05 22:03:36,368 | INFO    | molsanity | MolMotif(halogen_aromatic): 906 molecules (453 positive), mask = matched atoms grown by 1 bond(s)
2026-08-05 22:03:36,406 | INFO    | molsanity | Loaded MolMotif: 906 molecules with exact node ground truth
2026-08-05 22:03:36,811 | INFO    | molsanity | Scaffold split: 592 scaffolds over 906 molecules (33 scaffold-less, 46.8% of molecules in multi-member groups) -> train 543 / val 90 / test 273
2026-08-05 22:03:37,265 | INFO    | molsanity | Loaded existing checkpoint gcn_5a18ddc0a0af0a9f.pt
2026-08-05 22:03:37,623 | INFO    | molsanity | [cell MolMotif__GCN__IntegratedGradients__scaffold] auditing 200 molecules (capped from 273)
2026-08-05 22:03:37,625 | INFO    | molsanity | [cell MolMotif__GCN__IntegratedGradients__scaffold] auditing on 12 worker processes (CPU)
2026-08-05 22:03:37,955 | WARNING | molsanity | [cell MolMotif__GCN__IntegratedGradients__scaffold] worker pool failed (RuntimeError: Unable to handle autograd's threading in combination with fork-based multiprocessing. See https://github.com/pytorch/pytorch/wiki/Autograd-and-Fork) — falling back to the serial path for this cell
2026-08-05 22:04:38,452 | INFO    | molsanity | [cell MolMotif__GCN__IntegratedGradients__scaffold] 110/200 molecules (0.5s each, ~1 min left)
2026-08-05 22:05:29,737 | INFO    | molsanity | Wrote GT-validation figure: artifacts/figures/MolMotif__GCN__IntegratedGradients__scaffold/gt_validation.pdf (+ .svg)
2026-08-05 22:05:29,744 | INFO    | molsanity | Wrote molecule attribution SVG: artifacts/figures/MolMotif__GCN__IntegratedGradients__scaffold/case_molecule.svg (GT atoms: [])
2026-08-05 22:05:30,092 | INFO    | molsanity | [cell MolMotif__GCN__IntegratedGradients__scaffold__seed1] DONE — acc=0.96 gt_auroc=0.9915553974590687 n=200 (capped)
2026-08-05 22:05:30,099 | INFO    | molsanity | [stage cell_MolMotif__GCN__IntegratedGradients__scaffold__seed2] config changed (0190d14965e6d313 -> a1b8553c319971f5) — rerunning
2026-08-05 22:05:30,099 | INFO    | molsanity | [stage cell_MolMotif__GCN__IntegratedGradients__scaffold__seed2] running (a1b8553c319971f5)
2026-08-05 22:05:30,451 | INFO    | molsanity | Loaded BBBP: 2039 graphs, checksum 37d8fa85e636
2026-08-05 22:05:31,169 | INFO    | molsanity | MolMotif(halogen_aromatic): 906 molecules (453 positive), mask = matched atoms grown by 1 bond(s)
2026-08-05 22:05:31,206 | INFO    | molsanity | Loaded MolMotif: 906 molecules with exact node ground truth
2026-08-05 22:05:31,627 | INFO    | molsanity | Scaffold split: 592 scaffolds over 906 molecules (33 scaffold-less, 46.8% of molecules in multi-member groups) -> train 543 / val 90 / test 273
2026-08-05 22:05:31,947 | INFO    | molsanity | Loaded existing checkpoint gcn_5d18aeda91997c03.pt
2026-08-05 22:05:32,278 | INFO    | molsanity | [cell MolMotif__GCN__IntegratedGradients__scaffold] auditing 200 molecules (capped from 273)
2026-08-05 22:05:32,281 | INFO    | molsanity | [cell MolMotif__GCN__IntegratedGradients__scaffold] auditing on 12 worker processes (CPU)
2026-08-05 22:05:32,613 | WARNING | molsanity | [cell MolMotif__GCN__IntegratedGradients__scaffold] worker pool failed (RuntimeError: Unable to handle autograd's threading in combination with fork-based multiprocessing. See https://github.com/pytorch/pytorch/wiki/Autograd-and-Fork) — falling back to the serial path for this cell
2026-08-05 22:06:32,763 | INFO    | molsanity | [cell MolMotif__GCN__IntegratedGradients__scaffold] 108/200 molecules (0.6s each, ~1 min left)
2026-08-05 22:07:25,608 | INFO    | molsanity | Wrote GT-validation figure: artifacts/figures/MolMotif__GCN__IntegratedGradients__scaffold/gt_validation.pdf (+ .svg)
2026-08-05 22:07:25,615 | INFO    | molsanity | Wrote molecule attribution SVG: artifacts/figures/MolMotif__GCN__IntegratedGradients__scaffold/case_molecule.svg (GT atoms: [])
2026-08-05 22:07:25,963 | INFO    | molsanity | [cell MolMotif__GCN__IntegratedGradients__scaffold__seed2] DONE — acc=0.95 gt_auroc=0.9731603369911394 n=200 (capped)
2026-08-05 22:07:26,324 | INFO    | molsanity | [stage cell_MolMotif__GCN__IntegratedGradients__random__seed0] cache hit (7bffe5f2aba7e3f0) — skipping
2026-08-05 22:07:26,324 | INFO    | molsanity | [cell MolMotif__GCN__IntegratedGradients__random__seed0] DONE — acc=0.97 gt_auroc=0.9977217535815818 n=200 (capped) [cached]
2026-08-05 22:07:26,580 | INFO    | molsanity | [stage cell_MolMotif__GCN__IntegratedGradients__random__seed1] cache hit (e5906f3c84cde342) — skipping
2026-08-05 22:07:26,580 | INFO    | molsanity | [cell MolMotif__GCN__IntegratedGradients__random__seed1] DONE — acc=0.68 gt_auroc=0.9821226072322425 n=200 (capped) [cached]
2026-08-05 22:07:26,898 | INFO    | molsanity | [stage cell_MolMotif__GCN__IntegratedGradients__random__seed2] cache hit (1792d26416588c8b) — skipping
2026-08-05 22:07:26,899 | INFO    | molsanity | [cell MolMotif__GCN__IntegratedGradients__random__seed2] DONE — acc=0.96 gt_auroc=0.8495070580514895 n=200 (capped) [cached]
2026-08-05 22:07:26,905 | INFO    | molsanity | [stage cell_MolMotif__GAT__IntegratedGradients__scaffold__seed0] config changed (a3ec6adbbda0ca4d -> 7184f6c717505f3f) — rerunning
2026-08-05 22:07:26,905 | INFO    | molsanity | [stage cell_MolMotif__GAT__IntegratedGradients__scaffold__seed0] running (7184f6c717505f3f)
2026-08-05 22:07:27,532 | INFO    | molsanity | Loaded BBBP: 2039 graphs, checksum 37d8fa85e636
2026-08-05 22:07:28,257 | INFO    | molsanity | MolMotif(halogen_aromatic): 906 molecules (453 positive), mask = matched atoms grown by 1 bond(s)
2026-08-05 22:07:28,295 | INFO    | molsanity | Loaded MolMotif: 906 molecules with exact node ground truth
2026-08-05 22:07:28,735 | INFO    | molsanity | Scaffold split: 592 scaffolds over 906 molecules (33 scaffold-less, 46.8% of molecules in multi-member groups) -> train 543 / val 90 / test 273
2026-08-05 22:07:29,061 | INFO    | molsanity | Loaded existing checkpoint gat_76a624222a37c69a.pt
2026-08-05 22:07:29,459 | INFO    | molsanity | [cell MolMotif__GAT__IntegratedGradients__scaffold] auditing 200 molecules (capped from 273)
2026-08-05 22:07:29,462 | INFO    | molsanity | [cell MolMotif__GAT__IntegratedGradients__scaffold] auditing on 12 worker processes (CPU)
2026-08-05 22:07:29,809 | WARNING | molsanity | [cell MolMotif__GAT__IntegratedGradients__scaffold] worker pool failed (RuntimeError: Unable to handle autograd's threading in combination with fork-based multiprocessing. See https://github.com/pytorch/pytorch/wiki/Autograd-and-Fork) — falling back to the serial path for this cell
2026-08-05 22:08:30,281 | INFO    | molsanity | [cell MolMotif__GAT__IntegratedGradients__scaffold] 69/200 molecules (0.9s each, ~2 min left)
2026-08-05 22:09:30,917 | INFO    | molsanity | [cell MolMotif__GAT__IntegratedGradients__scaffold] 138/200 molecules (0.9s each, ~1 min left)
2026-08-05 22:10:27,235 | INFO    | molsanity | Wrote GT-validation figure: artifacts/figures/MolMotif__GAT__IntegratedGradients__scaffold/gt_validation.pdf (+ .svg)
2026-08-05 22:10:28,220 | INFO    | molsanity | Wrote molecule attribution SVG: artifacts/figures/MolMotif__GAT__IntegratedGradients__scaffold/case_molecule.svg (GT atoms: [])
2026-08-05 22:10:29,258 | INFO    | molsanity | [cell MolMotif__GAT__IntegratedGradients__scaffold__seed0] DONE — acc=0.99 gt_auroc=0.7666227580296474 n=200 (capped)
2026-08-05 22:10:29,264 | INFO    | molsanity | [stage cell_MolMotif__GAT__IntegratedGradients__scaffold__seed1] config changed (575221a054bb8803 -> 4b9d0b32faa8d069) — rerunning
2026-08-05 22:10:29,265 | INFO    | molsanity | [stage cell_MolMotif__GAT__IntegratedGradients__scaffold__seed1] running (4b9d0b32faa8d069)
2026-08-05 22:10:29,606 | INFO    | molsanity | Loaded BBBP: 2039 graphs, checksum 37d8fa85e636
2026-08-05 22:10:30,338 | INFO    | molsanity | MolMotif(halogen_aromatic): 906 molecules (453 positive), mask = matched atoms grown by 1 bond(s)
2026-08-05 22:10:30,375 | INFO    | molsanity | Loaded MolMotif: 906 molecules with exact node ground truth
2026-08-05 22:10:30,811 | INFO    | molsanity | Scaffold split: 592 scaffolds over 906 molecules (33 scaffold-less, 46.8% of molecules in multi-member groups) -> train 543 / val 90 / test 273
2026-08-05 22:10:31,274 | INFO    | molsanity | Loaded existing checkpoint gat_4cba387b533de49b.pt
2026-08-05 22:10:31,604 | INFO    | molsanity | [cell MolMotif__GAT__IntegratedGradients__scaffold] auditing 200 molecules (capped from 273)
2026-08-05 22:10:31,607 | INFO    | molsanity | [cell MolMotif__GAT__IntegratedGradients__scaffold] auditing on 12 worker processes (CPU)
2026-08-05 22:10:31,983 | WARNING | molsanity | [cell MolMotif__GAT__IntegratedGradients__scaffold] worker pool failed (RuntimeError: Unable to handle autograd's threading in combination with fork-based multiprocessing. See https://github.com/pytorch/pytorch/wiki/Autograd-and-Fork) — falling back to the serial path for this cell
2026-08-05 22:11:32,506 | INFO    | molsanity | [cell MolMotif__GAT__IntegratedGradients__scaffold] 69/200 molecules (0.9s each, ~2 min left)
2026-08-05 22:12:32,521 | INFO    | molsanity | [cell MolMotif__GAT__IntegratedGradients__scaffold] 137/200 molecules (0.9s each, ~1 min left)
2026-08-05 22:13:28,535 | INFO    | molsanity | Wrote GT-validation figure: artifacts/figures/MolMotif__GAT__IntegratedGradients__scaffold/gt_validation.pdf (+ .svg)
2026-08-05 22:13:28,542 | INFO    | molsanity | Wrote molecule attribution SVG: artifacts/figures/MolMotif__GAT__IntegratedGradients__scaffold/case_molecule.svg (GT atoms: [])
2026-08-05 22:13:28,953 | INFO    | molsanity | [cell MolMotif__GAT__IntegratedGradients__scaffold__seed1] DONE — acc=0.99 gt_auroc=0.9218149436163022 n=200 (capped)
2026-08-05 22:13:28,961 | INFO    | molsanity | [stage cell_MolMotif__GAT__IntegratedGradients__scaffold__seed2] config changed (4b9c1080f69e48fb -> 42997cbcfbceee41) — rerunning
2026-08-05 22:13:28,961 | INFO    | molsanity | [stage cell_MolMotif__GAT__IntegratedGradients__scaffold__seed2] running (42997cbcfbceee41)
2026-08-05 22:13:29,307 | INFO    | molsanity | Loaded BBBP: 2039 graphs, checksum 37d8fa85e636
2026-08-05 22:13:30,038 | INFO    | molsanity | MolMotif(halogen_aromatic): 906 molecules (453 positive), mask = matched atoms grown by 1 bond(s)
2026-08-05 22:13:30,075 | INFO    | molsanity | Loaded MolMotif: 906 molecules with exact node ground truth
2026-08-05 22:13:30,508 | INFO    | molsanity | Scaffold split: 592 scaffolds over 906 molecules (33 scaffold-less, 46.8% of molecules in multi-member groups) -> train 543 / val 90 / test 273
2026-08-05 22:13:30,870 | INFO    | molsanity | Loaded existing checkpoint gat_6df0c2b36fc23d39.pt
2026-08-05 22:13:31,246 | INFO    | molsanity | [cell MolMotif__GAT__IntegratedGradients__scaffold] auditing 200 molecules (capped from 273)
2026-08-05 22:13:31,249 | INFO    | molsanity | [cell MolMotif__GAT__IntegratedGradients__scaffold] auditing on 12 worker processes (CPU)
2026-08-05 22:13:31,598 | WARNING | molsanity | [cell MolMotif__GAT__IntegratedGradients__scaffold] worker pool failed (RuntimeError: Unable to handle autograd's threading in combination with fork-based multiprocessing. See https://github.com/pytorch/pytorch/wiki/Autograd-and-Fork) — falling back to the serial path for this cell
2026-08-05 22:14:31,892 | INFO    | molsanity | [cell MolMotif__GAT__IntegratedGradients__scaffold] 69/200 molecules (0.9s each, ~2 min left)
2026-08-05 22:15:32,482 | INFO    | molsanity | [cell MolMotif__GAT__IntegratedGradients__scaffold] 138/200 molecules (0.9s each, ~1 min left)
2026-08-05 22:16:27,583 | INFO    | molsanity | Wrote GT-validation figure: artifacts/figures/MolMotif__GAT__IntegratedGradients__scaffold/gt_validation.pdf (+ .svg)
2026-08-05 22:16:27,591 | INFO    | molsanity | Wrote molecule attribution SVG: artifacts/figures/MolMotif__GAT__IntegratedGradients__scaffold/case_molecule.svg (GT atoms: [])
2026-08-05 22:16:27,985 | INFO    | molsanity | [cell MolMotif__GAT__IntegratedGradients__scaffold__seed2] DONE — acc=1.00 gt_auroc=0.7056690926567717 n=200 (capped)
2026-08-05 22:16:28,300 | INFO    | molsanity | [stage cell_MolMotif__GAT__IntegratedGradients__random__seed0] cache hit (c8176e03f0d71a9c) — skipping
2026-08-05 22:16:28,301 | INFO    | molsanity | [cell MolMotif__GAT__IntegratedGradients__random__seed0] DONE — acc=1.00 gt_auroc=0.7960669305032867 n=200 (capped) [cached]
2026-08-05 22:16:28,658 | INFO    | molsanity | [stage cell_MolMotif__GAT__IntegratedGradients__random__seed1] cache hit (63d47772ae4950fd) — skipping
2026-08-05 22:16:28,659 | INFO    | molsanity | [cell MolMotif__GAT__IntegratedGradients__random__seed1] DONE — acc=1.00 gt_auroc=0.9957610663283009 n=200 (capped) [cached]
2026-08-05 22:16:28,926 | INFO    | molsanity | [stage cell_MolMotif__GAT__IntegratedGradients__random__seed2] cache hit (49014beca409ad2b) — skipping
2026-08-05 22:16:28,927 | INFO    | molsanity | [cell MolMotif__GAT__IntegratedGradients__random__seed2] DONE — acc=1.00 gt_auroc=0.7331860475743693 n=200 (capped) [cached]
2026-08-05 22:16:28,934 | INFO    | molsanity | [stage cell_MolMotif__MPNN__IntegratedGradients__scaffold__seed0] config changed (1c293225e19eecac -> 8f110bca9be4aaa0) — rerunning
2026-08-05 22:16:28,934 | INFO    | molsanity | [stage cell_MolMotif__MPNN__IntegratedGradients__scaffold__seed0] running (8f110bca9be4aaa0)
2026-08-05 22:16:29,289 | INFO    | molsanity | Loaded BBBP: 2039 graphs, checksum 37d8fa85e636
2026-08-05 22:16:30,309 | INFO    | molsanity | MolMotif(halogen_aromatic): 906 molecules (453 positive), mask = matched atoms grown by 1 bond(s)
2026-08-05 22:16:30,347 | INFO    | molsanity | Loaded MolMotif: 906 molecules with exact node ground truth
2026-08-05 22:16:30,780 | INFO    | molsanity | Scaffold split: 592 scaffolds over 906 molecules (33 scaffold-less, 46.8% of molecules in multi-member groups) -> train 543 / val 90 / test 273
2026-08-05 22:16:32,136 | INFO    | molsanity | Loaded existing checkpoint mpnn_a8d737f310775b1d.pt
2026-08-05 22:16:33,675 | INFO    | molsanity | [cell MolMotif__MPNN__IntegratedGradients__scaffold] auditing 200 molecules (capped from 273)
2026-08-05 22:16:33,681 | INFO    | molsanity | [cell MolMotif__MPNN__IntegratedGradients__scaffold] auditing on 12 worker processes (CPU)
2026-08-05 22:16:34,032 | WARNING | molsanity | [cell MolMotif__MPNN__IntegratedGradients__scaffold] worker pool failed (RuntimeError: Unable to handle autograd's threading in combination with fork-based multiprocessing. See https://github.com/pytorch/pytorch/wiki/Autograd-and-Fork) — falling back to the serial path for this cell
2026-08-05 22:17:34,319 | INFO    | molsanity | [cell MolMotif__MPNN__IntegratedGradients__scaffold] 97/200 molecules (0.6s each, ~1 min left)
2026-08-05 22:18:34,396 | INFO    | molsanity | [cell MolMotif__MPNN__IntegratedGradients__scaffold] 193/200 molecules (0.6s each, ~0 min left)
2026-08-05 22:18:40,139 | INFO    | molsanity | Wrote GT-validation figure: artifacts/figures/MolMotif__MPNN__IntegratedGradients__scaffold/gt_validation.pdf (+ .svg)
2026-08-05 22:18:40,449 | INFO    | molsanity | Wrote molecule attribution SVG: artifacts/figures/MolMotif__MPNN__IntegratedGradients__scaffold/case_molecule.svg (GT atoms: [])
2026-08-05 22:18:41,539 | INFO    | molsanity | [cell MolMotif__MPNN__IntegratedGradients__scaffold__seed0] DONE — acc=1.00 gt_auroc=0.8455157204154758 n=200 (capped)
2026-08-05 22:18:41,547 | INFO    | molsanity | [stage cell_MolMotif__MPNN__IntegratedGradients__scaffold__seed1] config changed (b600e14e979d39cd -> 9931dc27aead00fd) — rerunning
2026-08-05 22:18:41,547 | INFO    | molsanity | [stage cell_MolMotif__MPNN__IntegratedGradients__scaffold__seed1] running (9931dc27aead00fd)
2026-08-05 22:18:41,896 | INFO    | molsanity | Loaded BBBP: 2039 graphs, checksum 37d8fa85e636
2026-08-05 22:18:42,653 | INFO    | molsanity | MolMotif(halogen_aromatic): 906 molecules (453 positive), mask = matched atoms grown by 1 bond(s)
2026-08-05 22:18:42,691 | INFO    | molsanity | Loaded MolMotif: 906 molecules with exact node ground truth
2026-08-05 22:18:43,127 | INFO    | molsanity | Scaffold split: 592 scaffolds over 906 molecules (33 scaffold-less, 46.8% of molecules in multi-member groups) -> train 543 / val 90 / test 273
2026-08-05 22:18:44,171 | INFO    | molsanity | Loaded existing checkpoint mpnn_118d7d8ee97d9ee1.pt
2026-08-05 22:18:45,553 | INFO    | molsanity | [cell MolMotif__MPNN__IntegratedGradients__scaffold] auditing 200 molecules (capped from 273)
2026-08-05 22:18:45,557 | INFO    | molsanity | [cell MolMotif__MPNN__IntegratedGradients__scaffold] auditing on 12 worker processes (CPU)
2026-08-05 22:18:45,929 | WARNING | molsanity | [cell MolMotif__MPNN__IntegratedGradients__scaffold] worker pool failed (RuntimeError: Unable to handle autograd's threading in combination with fork-based multiprocessing. See https://github.com/pytorch/pytorch/wiki/Autograd-and-Fork) — falling back to the serial path for this cell
2026-08-05 22:19:46,424 | INFO    | molsanity | [cell MolMotif__MPNN__IntegratedGradients__scaffold] 97/200 molecules (0.6s each, ~1 min left)
2026-08-05 22:20:46,940 | INFO    | molsanity | [cell MolMotif__MPNN__IntegratedGradients__scaffold] 193/200 molecules (0.6s each, ~0 min left)
2026-08-05 22:20:52,084 | INFO    | molsanity | Wrote GT-validation figure: artifacts/figures/MolMotif__MPNN__IntegratedGradients__scaffold/gt_validation.pdf (+ .svg)
2026-08-05 22:20:52,091 | INFO    | molsanity | Wrote molecule attribution SVG: artifacts/figures/MolMotif__MPNN__IntegratedGradients__scaffold/case_molecule.svg (GT atoms: [])
2026-08-05 22:20:52,434 | INFO    | molsanity | [cell MolMotif__MPNN__IntegratedGradients__scaffold__seed1] DONE — acc=0.99 gt_auroc=0.7912524395709797 n=200 (capped)
2026-08-05 22:20:52,441 | INFO    | molsanity | [stage cell_MolMotif__MPNN__IntegratedGradients__scaffold__seed2] config changed (21a873e8bdbbf324 -> 1588c74c7e50d832) — rerunning
2026-08-05 22:20:52,441 | INFO    | molsanity | [stage cell_MolMotif__MPNN__IntegratedGradients__scaffold__seed2] running (1588c74c7e50d832)
2026-08-05 22:20:52,786 | INFO    | molsanity | Loaded BBBP: 2039 graphs, checksum 37d8fa85e636
2026-08-05 22:20:53,527 | INFO    | molsanity | MolMotif(halogen_aromatic): 906 molecules (453 positive), mask = matched atoms grown by 1 bond(s)
2026-08-05 22:20:53,565 | INFO    | molsanity | Loaded MolMotif: 906 molecules with exact node ground truth
2026-08-05 22:20:54,009 | INFO    | molsanity | Scaffold split: 592 scaffolds over 906 molecules (33 scaffold-less, 46.8% of molecules in multi-member groups) -> train 543 / val 90 / test 273
2026-08-05 22:20:55,539 | INFO    | molsanity | Loaded existing checkpoint mpnn_2d9db783dad2528e.pt
2026-08-05 22:20:56,310 | INFO    | molsanity | [cell MolMotif__MPNN__IntegratedGradients__scaffold] auditing 200 molecules (capped from 273)
2026-08-05 22:20:56,314 | INFO    | molsanity | [cell MolMotif__MPNN__IntegratedGradients__scaffold] auditing on 12 worker processes (CPU)
2026-08-05 22:20:56,702 | WARNING | molsanity | [cell MolMotif__MPNN__IntegratedGradients__scaffold] worker pool failed (RuntimeError: Unable to handle autograd's threading in combination with fork-based multiprocessing. See https://github.com/pytorch/pytorch/wiki/Autograd-and-Fork) — falling back to the serial path for this cell
2026-08-05 22:21:56,894 | INFO    | molsanity | [cell MolMotif__MPNN__IntegratedGradients__scaffold] 95/200 molecules (0.6s each, ~1 min left)
2026-08-05 22:22:57,276 | INFO    | molsanity | [cell MolMotif__MPNN__IntegratedGradients__scaffold] 191/200 molecules (0.6s each, ~0 min left)
2026-08-05 22:23:03,846 | INFO    | molsanity | Wrote GT-validation figure: artifacts/figures/MolMotif__MPNN__IntegratedGradients__scaffold/gt_validation.pdf (+ .svg)
2026-08-05 22:23:03,853 | INFO    | molsanity | Wrote molecule attribution SVG: artifacts/figures/MolMotif__MPNN__IntegratedGradients__scaffold/case_molecule.svg (GT atoms: [])
2026-08-05 22:23:04,187 | INFO    | molsanity | [cell MolMotif__MPNN__IntegratedGradients__scaffold__seed2] DONE — acc=1.00 gt_auroc=0.9764832449089392 n=200 (capped)
2026-08-05 22:23:04,560 | INFO    | molsanity | [stage cell_MolMotif__MPNN__IntegratedGradients__random__seed0] cache hit (a4d48cabb717271c) — skipping
2026-08-05 22:23:04,560 | INFO    | molsanity | [cell MolMotif__MPNN__IntegratedGradients__random__seed0] DONE — acc=1.00 gt_auroc=0.7825333316487607 n=200 (capped) [cached]
2026-08-05 22:23:04,944 | INFO    | molsanity | [stage cell_MolMotif__MPNN__IntegratedGradients__random__seed1] cache hit (f3423b8b047878df) — skipping
2026-08-05 22:23:04,944 | INFO    | molsanity | [cell MolMotif__MPNN__IntegratedGradients__random__seed1] DONE — acc=1.00 gt_auroc=0.8737012355533246 n=200 (capped) [cached]
2026-08-05 22:23:05,325 | INFO    | molsanity | [stage cell_MolMotif__MPNN__IntegratedGradients__random__seed2] cache hit (f8cf0702bf172a34) — skipping
2026-08-05 22:23:05,326 | INFO    | molsanity | [cell MolMotif__MPNN__IntegratedGradients__random__seed2] DONE — acc=1.00 gt_auroc=0.9617536793811429 n=200 (capped) [cached]
2026-08-05 22:23:05,332 | INFO    | molsanity | [stage cell_MolMotif__AttentiveFP__IntegratedGradients__scaffold__seed0] config changed (aeaf87a00c0702d9 -> 813ab4fbc76c303d) — rerunning
2026-08-05 22:23:05,333 | INFO    | molsanity | [stage cell_MolMotif__AttentiveFP__IntegratedGradients__scaffold__seed0] running (813ab4fbc76c303d)
2026-08-05 22:23:05,676 | INFO    | molsanity | Loaded BBBP: 2039 graphs, checksum 37d8fa85e636
2026-08-05 22:23:06,409 | INFO    | molsanity | MolMotif(halogen_aromatic): 906 molecules (453 positive), mask = matched atoms grown by 1 bond(s)
2026-08-05 22:23:06,446 | INFO    | molsanity | Loaded MolMotif: 906 molecules with exact node ground truth
2026-08-05 22:23:06,887 | INFO    | molsanity | Scaffold split: 592 scaffolds over 906 molecules (33 scaffold-less, 46.8% of molecules in multi-member groups) -> train 543 / val 90 / test 273
2026-08-05 22:23:07,573 | INFO    | molsanity | Loaded existing checkpoint attentivefp_7ac1717e205a21a6.pt
2026-08-05 22:23:08,220 | INFO    | molsanity | [cell MolMotif__AttentiveFP__IntegratedGradients__scaffold] auditing 200 molecules (capped from 273)
2026-08-05 22:23:08,223 | INFO    | molsanity | [cell MolMotif__AttentiveFP__IntegratedGradients__scaffold] auditing on 12 worker processes (CPU)
2026-08-05 22:23:08,596 | WARNING | molsanity | [cell MolMotif__AttentiveFP__IntegratedGradients__scaffold] worker pool failed (RuntimeError: Unable to handle autograd's threading in combination with fork-based multiprocessing. See https://github.com/pytorch/pytorch/wiki/Autograd-and-Fork) — falling back to the serial path for this cell
2026-08-05 22:24:08,808 | INFO    | molsanity | [cell MolMotif__AttentiveFP__IntegratedGradients__scaffold] 53/200 molecules (1.1s each, ~3 min left)
2026-08-05 22:25:09,325 | INFO    | molsanity | [cell MolMotif__AttentiveFP__IntegratedGradients__scaffold] 105/200 molecules (1.1s each, ~2 min left)
2026-08-05 22:26:09,339 | INFO    | molsanity | [cell MolMotif__AttentiveFP__IntegratedGradients__scaffold] 158/200 molecules (1.1s each, ~1 min left)
2026-08-05 22:26:59,637 | INFO    | molsanity | Wrote GT-validation figure: artifacts/figures/MolMotif__AttentiveFP__IntegratedGradients__scaffold/gt_validation.pdf (+ .svg)
2026-08-05 22:26:59,933 | INFO    | molsanity | Wrote molecule attribution SVG: artifacts/figures/MolMotif__AttentiveFP__IntegratedGradients__scaffold/case_molecule.svg (GT atoms: [])
2026-08-05 22:27:01,039 | INFO    | molsanity | [cell MolMotif__AttentiveFP__IntegratedGradients__scaffold__seed0] DONE — acc=0.98 gt_auroc=0.9805262281342162 n=200 (capped)
2026-08-05 22:27:01,046 | INFO    | molsanity | [stage cell_MolMotif__AttentiveFP__IntegratedGradients__scaffold__seed1] config changed (2aca99da69e7fe78 -> 5ef67d91770854d6) — rerunning
2026-08-05 22:27:01,046 | INFO    | molsanity | [stage cell_MolMotif__AttentiveFP__IntegratedGradients__scaffold__seed1] running (5ef67d91770854d6)
2026-08-05 22:27:01,395 | INFO    | molsanity | Loaded BBBP: 2039 graphs, checksum 37d8fa85e636
2026-08-05 22:27:02,431 | INFO    | molsanity | MolMotif(halogen_aromatic): 906 molecules (453 positive), mask = matched atoms grown by 1 bond(s)
2026-08-05 22:27:02,470 | INFO    | molsanity | Loaded MolMotif: 906 molecules with exact node ground truth
2026-08-05 22:27:02,919 | INFO    | molsanity | Scaffold split: 592 scaffolds over 906 molecules (33 scaffold-less, 46.8% of molecules in multi-member groups) -> train 543 / val 90 / test 273
2026-08-05 22:27:03,823 | INFO    | molsanity | Loaded existing checkpoint attentivefp_98b687a02a977467.pt
2026-08-05 22:27:04,596 | INFO    | molsanity | [cell MolMotif__AttentiveFP__IntegratedGradients__scaffold] auditing 200 molecules (capped from 273)
2026-08-05 22:27:04,600 | INFO    | molsanity | [cell MolMotif__AttentiveFP__IntegratedGradients__scaffold] auditing on 12 worker processes (CPU)
2026-08-05 22:27:04,971 | WARNING | molsanity | [cell MolMotif__AttentiveFP__IntegratedGradients__scaffold] worker pool failed (RuntimeError: Unable to handle autograd's threading in combination with fork-based multiprocessing. See https://github.com/pytorch/pytorch/wiki/Autograd-and-Fork) — falling back to the serial path for this cell
2026-08-05 22:28:05,223 | INFO    | molsanity | [cell MolMotif__AttentiveFP__IntegratedGradients__scaffold] 52/200 molecules (1.2s each, ~3 min left)
2026-08-05 22:29:05,632 | INFO    | molsanity | [cell MolMotif__AttentiveFP__IntegratedGradients__scaffold] 103/200 molecules (1.2s each, ~2 min left)
2026-08-05 22:30:05,778 | INFO    | molsanity | [cell MolMotif__AttentiveFP__IntegratedGradients__scaffold] 154/200 molecules (1.2s each, ~1 min left)
2026-08-05 22:31:01,050 | INFO    | molsanity | Wrote GT-validation figure: artifacts/figures/MolMotif__AttentiveFP__IntegratedGradients__scaffold/gt_validation.pdf (+ .svg)
2026-08-05 22:31:01,057 | INFO    | molsanity | Wrote molecule attribution SVG: artifacts/figures/MolMotif__AttentiveFP__IntegratedGradients__scaffold/case_molecule.svg (GT atoms: [])
2026-08-05 22:31:01,460 | INFO    | molsanity | [cell MolMotif__AttentiveFP__IntegratedGradients__scaffold__seed1] DONE — acc=0.99 gt_auroc=0.9778009819426804 n=200 (capped)
2026-08-05 22:31:01,468 | INFO    | molsanity | [stage cell_MolMotif__AttentiveFP__IntegratedGradients__scaffold__seed2] config changed (c9ae11501c6b61e3 -> 2e0b64a5e036704a) — rerunning
2026-08-05 22:31:01,468 | INFO    | molsanity | [stage cell_MolMotif__AttentiveFP__IntegratedGradients__scaffold__seed2] running (2e0b64a5e036704a)
2026-08-05 22:31:01,816 | INFO    | molsanity | Loaded BBBP: 2039 graphs, checksum 37d8fa85e636
2026-08-05 22:31:02,556 | INFO    | molsanity | MolMotif(halogen_aromatic): 906 molecules (453 positive), mask = matched atoms grown by 1 bond(s)
2026-08-05 22:31:02,594 | INFO    | molsanity | Loaded MolMotif: 906 molecules with exact node ground truth
2026-08-05 22:31:03,029 | INFO    | molsanity | Scaffold split: 592 scaffolds over 906 molecules (33 scaffold-less, 46.8% of molecules in multi-member groups) -> train 543 / val 90 / test 273
2026-08-05 22:31:03,727 | INFO    | molsanity | Loaded existing checkpoint attentivefp_bc10f5a550e029b0.pt
2026-08-05 22:31:04,382 | INFO    | molsanity | [cell MolMotif__AttentiveFP__IntegratedGradients__scaffold] auditing 200 molecules (capped from 273)
2026-08-05 22:31:04,385 | INFO    | molsanity | [cell MolMotif__AttentiveFP__IntegratedGradients__scaffold] auditing on 12 worker processes (CPU)
2026-08-05 22:31:04,751 | WARNING | molsanity | [cell MolMotif__AttentiveFP__IntegratedGradients__scaffold] worker pool failed (RuntimeError: Unable to handle autograd's threading in combination with fork-based multiprocessing. See https://github.com/pytorch/pytorch/wiki/Autograd-and-Fork) — falling back to the serial path for this cell
2026-08-05 22:32:05,786 | INFO    | molsanity | [cell MolMotif__AttentiveFP__IntegratedGradients__scaffold] 52/200 molecules (1.2s each, ~3 min left)
2026-08-05 22:33:06,537 | INFO    | molsanity | [cell MolMotif__AttentiveFP__IntegratedGradients__scaffold] 104/200 molecules (1.2s each, ~2 min left)
2026-08-05 22:34:06,638 | INFO    | molsanity | [cell MolMotif__AttentiveFP__IntegratedGradients__scaffold] 156/200 molecules (1.2s each, ~1 min left)
2026-08-05 22:34:58,423 | INFO    | molsanity | Wrote GT-validation figure: artifacts/figures/MolMotif__AttentiveFP__IntegratedGradients__scaffold/gt_validation.pdf (+ .svg)
2026-08-05 22:34:58,431 | INFO    | molsanity | Wrote molecule attribution SVG: artifacts/figures/MolMotif__AttentiveFP__IntegratedGradients__scaffold/case_molecule.svg (GT atoms: [])
2026-08-05 22:34:58,816 | INFO    | molsanity | [cell MolMotif__AttentiveFP__IntegratedGradients__scaffold__seed2] DONE — acc=0.97 gt_auroc=0.8103977141923847 n=200 (capped)
2026-08-05 22:34:59,164 | INFO    | molsanity | [stage cell_MolMotif__AttentiveFP__IntegratedGradients__random__seed0] cache hit (99f978f18a6b92c1) — skipping
2026-08-05 22:34:59,165 | INFO    | molsanity | [cell MolMotif__AttentiveFP__IntegratedGradients__random__seed0] DONE — acc=0.98 gt_auroc=0.9868429032353114 n=200 (capped) [cached]
2026-08-05 22:34:59,588 | INFO    | molsanity | [stage cell_MolMotif__AttentiveFP__IntegratedGradients__random__seed1] cache hit (448039ff236d664e) — skipping
2026-08-05 22:34:59,588 | INFO    | molsanity | [cell MolMotif__AttentiveFP__IntegratedGradients__random__seed1] DONE — acc=0.91 gt_auroc=0.9279166281920552 n=200 (capped) [cached]
2026-08-05 22:35:00,007 | INFO    | molsanity | [stage cell_MolMotif__AttentiveFP__IntegratedGradients__random__seed2] cache hit (2b2845ea9854dc54) — skipping
2026-08-05 22:35:00,007 | INFO    | molsanity | [cell MolMotif__AttentiveFP__IntegratedGradients__random__seed2] DONE — acc=0.97 gt_auroc=0.9862300114597343 n=200 (capped) [cached]
2026-08-05 22:35:00,014 | INFO    | molsanity | [stage cell_MolMotifHard__GINE__IntegratedGradients__scaffold__seed0] config changed (5cf2c4ff45fb7f7b -> 4c118fe7aa60d219) — rerunning
2026-08-05 22:35:00,014 | INFO    | molsanity | [stage cell_MolMotifHard__GINE__IntegratedGradients__scaffold__seed0] running (4c118fe7aa60d219)
2026-08-05 22:35:08,932 | INFO    | molsanity | Tox21: reduced to single task #0 (NR-AR), 7258 labelled molecules
2026-08-05 22:35:09,167 | INFO    | molsanity | Tox21 checksum recorded: 09988a6b0bfc
2026-08-05 22:35:09,168 | INFO    | molsanity | Loaded Tox21: 7258 graphs, checksum 09988a6b0bfc
2026-08-05 22:35:10,876 | INFO    | molsanity | MolMotif(carboxylic_acid): 1000 molecules (500 positive), mask = matched atoms grown by 1 bond(s)
2026-08-05 22:35:10,917 | INFO    | molsanity | MolMotifHard checksum recorded: 8c55d3ca6a28
2026-08-05 22:35:10,917 | INFO    | molsanity | Loaded MolMotif: 1000 molecules with exact node ground truth
2026-08-05 22:35:11,334 | INFO    | molsanity | Scaffold split: 671 scaffolds over 1000 molecules (233 scaffold-less, 39.1% of molecules in multi-member groups) -> train 600 / val 100 / test 300
2026-08-05 22:35:11,614 | INFO    | molsanity | Loaded existing checkpoint gine_105d4db246729bc9.pt
2026-08-05 22:35:11,850 | INFO    | molsanity | [cell MolMotifHard__GINE__IntegratedGradients__scaffold] auditing 200 molecules (capped from 300)
2026-08-05 22:35:11,853 | INFO    | molsanity | [cell MolMotifHard__GINE__IntegratedGradients__scaffold] auditing on 12 worker processes (CPU)
2026-08-05 22:35:12,256 | WARNING | molsanity | [cell MolMotifHard__GINE__IntegratedGradients__scaffold] worker pool failed (RuntimeError: Unable to handle autograd's threading in combination with fork-based multiprocessing. See https://github.com/pytorch/pytorch/wiki/Autograd-and-Fork) — falling back to the serial path for this cell
2026-08-05 22:36:12,384 | INFO    | molsanity | [cell MolMotifHard__GINE__IntegratedGradients__scaffold] 120/200 molecules (0.5s each, ~1 min left)
2026-08-05 22:36:53,913 | INFO    | molsanity | Wrote GT-validation figure: artifacts/figures/MolMotifHard__GINE__IntegratedGradients__scaffold/gt_validation.pdf (+ .svg)
2026-08-05 22:36:54,157 | INFO    | molsanity | Wrote molecule attribution SVG: artifacts/figures/MolMotifHard__GINE__IntegratedGradients__scaffold/case_molecule.svg (GT atoms: [7, 8, 9, 10, 19, 20, 21, 22, 45, 47, 48, 49])
2026-08-05 22:36:54,922 | INFO    | molsanity | [cell MolMotifHard__GINE__IntegratedGradients__scaffold__seed0] DONE — acc=0.97 gt_auroc=0.9882567151830456 n=200 (capped)
2026-08-05 22:36:54,930 | INFO    | molsanity | [stage cell_MolMotifHard__GINE__IntegratedGradients__scaffold__seed1] config changed (cf5410c57da30d2e -> 2092d7984d7980de) — rerunning
2026-08-05 22:36:54,930 | INFO    | molsanity | [stage cell_MolMotifHard__GINE__IntegratedGradients__scaffold__seed1] running (2092d7984d7980de)
2026-08-05 22:36:56,491 | INFO    | molsanity | Tox21: reduced to single task #0 (NR-AR), 7258 labelled molecules
2026-08-05 22:36:56,727 | INFO    | molsanity | Loaded Tox21: 7258 graphs, checksum 09988a6b0bfc
2026-08-05 22:36:58,708 | INFO    | molsanity | MolMotif(carboxylic_acid): 1000 molecules (500 positive), mask = matched atoms grown by 1 bond(s)
2026-08-05 22:36:58,749 | INFO    | molsanity | Loaded MolMotif: 1000 molecules with exact node ground truth
2026-08-05 22:36:59,166 | INFO    | molsanity | Scaffold split: 671 scaffolds over 1000 molecules (233 scaffold-less, 39.1% of molecules in multi-member groups) -> train 600 / val 100 / test 300
2026-08-05 22:36:59,518 | INFO    | molsanity | Loaded existing checkpoint gine_f887ff00458eaa57.pt
2026-08-05 22:36:59,774 | INFO    | molsanity | [cell MolMotifHard__GINE__IntegratedGradients__scaffold] auditing 200 molecules (capped from 300)
2026-08-05 22:36:59,777 | INFO    | molsanity | [cell MolMotifHard__GINE__IntegratedGradients__scaffold] auditing on 12 worker processes (CPU)
2026-08-05 22:37:00,150 | WARNING | molsanity | [cell MolMotifHard__GINE__IntegratedGradients__scaffold] worker pool failed (RuntimeError: Unable to handle autograd's threading in combination with fork-based multiprocessing. See https://github.com/pytorch/pytorch/wiki/Autograd-and-Fork) — falling back to the serial path for this cell
2026-08-05 22:38:00,562 | INFO    | molsanity | [cell MolMotifHard__GINE__IntegratedGradients__scaffold] 120/200 molecules (0.5s each, ~1 min left)
2026-08-05 22:38:41,812 | INFO    | molsanity | Wrote GT-validation figure: artifacts/figures/MolMotifHard__GINE__IntegratedGradients__scaffold/gt_validation.pdf (+ .svg)
2026-08-05 22:38:41,826 | INFO    | molsanity | Wrote molecule attribution SVG: artifacts/figures/MolMotifHard__GINE__IntegratedGradients__scaffold/case_molecule.svg (GT atoms: [7, 8, 9, 10, 19, 20, 21, 22, 45, 47, 48, 49])
2026-08-05 22:38:42,187 | INFO    | molsanity | [cell MolMotifHard__GINE__IntegratedGradients__scaffold__seed1] DONE — acc=0.89 gt_auroc=0.9926875093569516 n=200 (capped)
2026-08-05 22:38:42,195 | INFO    | molsanity | [stage cell_MolMotifHard__GINE__IntegratedGradients__scaffold__seed2] config changed (3689c1b66418915b -> 316f789dd91c71f2) — rerunning
2026-08-05 22:38:42,196 | INFO    | molsanity | [stage cell_MolMotifHard__GINE__IntegratedGradients__scaffold__seed2] running (316f789dd91c71f2)
2026-08-05 22:38:44,080 | INFO    | molsanity | Tox21: reduced to single task #0 (NR-AR), 7258 labelled molecules
2026-08-05 22:38:44,321 | INFO    | molsanity | Loaded Tox21: 7258 graphs, checksum 09988a6b0bfc
2026-08-05 22:38:46,013 | INFO    | molsanity | MolMotif(carboxylic_acid): 1000 molecules (500 positive), mask = matched atoms grown by 1 bond(s)
2026-08-05 22:38:46,053 | INFO    | molsanity | Loaded MolMotif: 1000 molecules with exact node ground truth
2026-08-05 22:38:46,468 | INFO    | molsanity | Scaffold split: 671 scaffolds over 1000 molecules (233 scaffold-less, 39.1% of molecules in multi-member groups) -> train 600 / val 100 / test 300
2026-08-05 22:38:46,748 | INFO    | molsanity | Loaded existing checkpoint gine_87e4d1105d1009b1.pt
2026-08-05 22:38:46,972 | INFO    | molsanity | [cell MolMotifHard__GINE__IntegratedGradients__scaffold] auditing 200 molecules (capped from 300)
2026-08-05 22:38:46,975 | INFO    | molsanity | [cell MolMotifHard__GINE__IntegratedGradients__scaffold] auditing on 12 worker processes (CPU)
2026-08-05 22:38:47,361 | WARNING | molsanity | [cell MolMotifHard__GINE__IntegratedGradients__scaffold] worker pool failed (RuntimeError: Unable to handle autograd's threading in combination with fork-based multiprocessing. See https://github.com/pytorch/pytorch/wiki/Autograd-and-Fork) — falling back to the serial path for this cell
2026-08-05 22:39:47,427 | INFO    | molsanity | [cell MolMotifHard__GINE__IntegratedGradients__scaffold] 116/200 molecules (0.5s each, ~1 min left)
2026-08-05 22:40:31,170 | INFO    | molsanity | Wrote GT-validation figure: artifacts/figures/MolMotifHard__GINE__IntegratedGradients__scaffold/gt_validation.pdf (+ .svg)
2026-08-05 22:40:31,185 | INFO    | molsanity | Wrote molecule attribution SVG: artifacts/figures/MolMotifHard__GINE__IntegratedGradients__scaffold/case_molecule.svg (GT atoms: [7, 8, 9, 10, 19, 20, 21, 22, 45, 47, 48, 49])
2026-08-05 22:40:31,462 | INFO    | molsanity | [cell MolMotifHard__GINE__IntegratedGradients__scaffold__seed2] DONE — acc=0.82 gt_auroc=0.9998105342932929 n=200 (capped)
2026-08-05 22:40:31,680 | INFO    | molsanity | [stage cell_MolMotifHard__GINE__IntegratedGradients__random__seed0] cache hit (31046423b1cc80b9) — skipping
2026-08-05 22:40:31,680 | INFO    | molsanity | [cell MolMotifHard__GINE__IntegratedGradients__random__seed0] DONE — acc=0.89 gt_auroc=0.9826099460539403 n=200 (capped) [cached]
2026-08-05 22:40:32,131 | INFO    | molsanity | [stage cell_MolMotifHard__GINE__IntegratedGradients__random__seed1] cache hit (a5c7e6c564f677d7) — skipping
2026-08-05 22:40:32,131 | INFO    | molsanity | [cell MolMotifHard__GINE__IntegratedGradients__random__seed1] DONE — acc=0.97 gt_auroc=0.988674154792576 n=200 (capped) [cached]
2026-08-05 22:40:32,367 | INFO    | molsanity | [stage cell_MolMotifHard__GINE__IntegratedGradients__random__seed2] cache hit (620627dd812005c5) — skipping
2026-08-05 22:40:32,367 | INFO    | molsanity | [cell MolMotifHard__GINE__IntegratedGradients__random__seed2] DONE — acc=0.95 gt_auroc=0.9816650437213497 n=200 (capped) [cached]
2026-08-05 22:40:32,375 | INFO    | molsanity | [stage cell_MolMotifHard__GINE__Saliency__scaffold__seed0] config changed (11b53407db387c7b -> 9eb7f99b8a6bc584) — rerunning
2026-08-05 22:40:32,375 | INFO    | molsanity | [stage cell_MolMotifHard__GINE__Saliency__scaffold__seed0] running (9eb7f99b8a6bc584)
2026-08-05 22:40:34,276 | INFO    | molsanity | Tox21: reduced to single task #0 (NR-AR), 7258 labelled molecules
2026-08-05 22:40:34,521 | INFO    | molsanity | Loaded Tox21: 7258 graphs, checksum 09988a6b0bfc
2026-08-05 22:40:36,263 | INFO    | molsanity | MolMotif(carboxylic_acid): 1000 molecules (500 positive), mask = matched atoms grown by 1 bond(s)
2026-08-05 22:40:36,306 | INFO    | molsanity | Loaded MolMotif: 1000 molecules with exact node ground truth
2026-08-05 22:40:36,725 | INFO    | molsanity | Scaffold split: 671 scaffolds over 1000 molecules (233 scaffold-less, 39.1% of molecules in multi-member groups) -> train 600 / val 100 / test 300
2026-08-05 22:40:36,746 | INFO    | molsanity | Loaded existing checkpoint gine_105d4db246729bc9.pt
2026-08-05 22:40:36,774 | INFO    | molsanity | [cell MolMotifHard__GINE__Saliency__scaffold] auditing 200 molecules (capped from 300)
2026-08-05 22:40:36,778 | INFO    | molsanity | [cell MolMotifHard__GINE__Saliency__scaffold] auditing on 12 worker processes (CPU)
2026-08-05 22:40:37,173 | WARNING | molsanity | [cell MolMotifHard__GINE__Saliency__scaffold] worker pool failed (RuntimeError: Unable to handle autograd's threading in combination with fork-based multiprocessing. See https://github.com/pytorch/pytorch/wiki/Autograd-and-Fork) — falling back to the serial path for this cell
2026-08-05 22:40:46,236 | INFO    | molsanity | Wrote GT-validation figure: artifacts/figures/MolMotifHard__GINE__Saliency__scaffold/gt_validation.pdf (+ .svg)
2026-08-05 22:40:46,476 | INFO    | molsanity | Wrote molecule attribution SVG: artifacts/figures/MolMotifHard__GINE__Saliency__scaffold/case_molecule.svg (GT atoms: [7, 8, 9, 10, 19, 20, 21, 22, 45, 47, 48, 49])
2026-08-05 22:40:47,141 | INFO    | molsanity | [cell MolMotifHard__GINE__Saliency__scaffold__seed0] DONE — acc=0.97 gt_auroc=0.9992398931959371 n=200 (capped)
2026-08-05 22:40:47,149 | INFO    | molsanity | [stage cell_MolMotifHard__GINE__Saliency__scaffold__seed1] config changed (84695e9ec3b22aaa -> 777808e1fe883281) — rerunning
2026-08-05 22:40:47,149 | INFO    | molsanity | [stage cell_MolMotifHard__GINE__Saliency__scaffold__seed1] running (777808e1fe883281)
2026-08-05 22:40:48,729 | INFO    | molsanity | Tox21: reduced to single task #0 (NR-AR), 7258 labelled molecules
2026-08-05 22:40:48,972 | INFO    | molsanity | Loaded Tox21: 7258 graphs, checksum 09988a6b0bfc
2026-08-05 22:40:51,010 | INFO    | molsanity | MolMotif(carboxylic_acid): 1000 molecules (500 positive), mask = matched atoms grown by 1 bond(s)
2026-08-05 22:40:51,052 | INFO    | molsanity | Loaded MolMotif: 1000 molecules with exact node ground truth
2026-08-05 22:40:51,473 | INFO    | molsanity | Scaffold split: 671 scaffolds over 1000 molecules (233 scaffold-less, 39.1% of molecules in multi-member groups) -> train 600 / val 100 / test 300
2026-08-05 22:40:51,496 | INFO    | molsanity | Loaded existing checkpoint gine_f887ff00458eaa57.pt
2026-08-05 22:40:51,515 | INFO    | molsanity | [cell MolMotifHard__GINE__Saliency__scaffold] auditing 200 molecules (capped from 300)
2026-08-05 22:40:51,518 | INFO    | molsanity | [cell MolMotifHard__GINE__Saliency__scaffold] auditing on 12 worker processes (CPU)
2026-08-05 22:40:51,899 | WARNING | molsanity | [cell MolMotifHard__GINE__Saliency__scaffold] worker pool failed (RuntimeError: Unable to handle autograd's threading in combination with fork-based multiprocessing. See https://github.com/pytorch/pytorch/wiki/Autograd-and-Fork) — falling back to the serial path for this cell
2026-08-05 22:41:00,546 | INFO    | molsanity | Wrote GT-validation figure: artifacts/figures/MolMotifHard__GINE__Saliency__scaffold/gt_validation.pdf (+ .svg)
2026-08-05 22:41:00,560 | INFO    | molsanity | Wrote molecule attribution SVG: artifacts/figures/MolMotifHard__GINE__Saliency__scaffold/case_molecule.svg (GT atoms: [7, 8, 9, 10, 19, 20, 21, 22, 45, 47, 48, 49])
2026-08-05 22:41:00,789 | INFO    | molsanity | [cell MolMotifHard__GINE__Saliency__scaffold__seed1] DONE — acc=0.89 gt_auroc=0.9993383916981872 n=200 (capped)
2026-08-05 22:41:00,797 | INFO    | molsanity | [stage cell_MolMotifHard__GINE__Saliency__scaffold__seed2] config changed (388c81094fb602e3 -> ab9adcb776c6d5fd) — rerunning
2026-08-05 22:41:00,797 | INFO    | molsanity | [stage cell_MolMotifHard__GINE__Saliency__scaffold__seed2] running (ab9adcb776c6d5fd)
2026-08-05 22:41:02,783 | INFO    | molsanity | Tox21: reduced to single task #0 (NR-AR), 7258 labelled molecules
2026-08-05 22:41:03,030 | INFO    | molsanity | Loaded Tox21: 7258 graphs, checksum 09988a6b0bfc
2026-08-05 22:41:04,851 | INFO    | molsanity | MolMotif(carboxylic_acid): 1000 molecules (500 positive), mask = matched atoms grown by 1 bond(s)
2026-08-05 22:41:04,893 | INFO    | molsanity | Loaded MolMotif: 1000 molecules with exact node ground truth
2026-08-05 22:41:05,319 | INFO    | molsanity | Scaffold split: 671 scaffolds over 1000 molecules (233 scaffold-less, 39.1% of molecules in multi-member groups) -> train 600 / val 100 / test 300
2026-08-05 22:41:05,340 | INFO    | molsanity | Loaded existing checkpoint gine_87e4d1105d1009b1.pt
2026-08-05 22:41:05,360 | INFO    | molsanity | [cell MolMotifHard__GINE__Saliency__scaffold] auditing 200 molecules (capped from 300)
2026-08-05 22:41:05,363 | INFO    | molsanity | [cell MolMotifHard__GINE__Saliency__scaffold] auditing on 12 worker processes (CPU)
2026-08-05 22:41:05,735 | WARNING | molsanity | [cell MolMotifHard__GINE__Saliency__scaffold] worker pool failed (RuntimeError: Unable to handle autograd's threading in combination with fork-based multiprocessing. See https://github.com/pytorch/pytorch/wiki/Autograd-and-Fork) — falling back to the serial path for this cell
2026-08-05 22:41:14,461 | INFO    | molsanity | Wrote GT-validation figure: artifacts/figures/MolMotifHard__GINE__Saliency__scaffold/gt_validation.pdf (+ .svg)
2026-08-05 22:41:14,476 | INFO    | molsanity | Wrote molecule attribution SVG: artifacts/figures/MolMotifHard__GINE__Saliency__scaffold/case_molecule.svg (GT atoms: [7, 8, 9, 10, 19, 20, 21, 22, 45, 47, 48, 49])
2026-08-05 22:41:14,719 | INFO    | molsanity | [cell MolMotifHard__GINE__Saliency__scaffold__seed2] DONE — acc=0.82 gt_auroc=0.9995810174381603 n=200 (capped)
2026-08-05 22:41:14,953 | INFO    | molsanity | [stage cell_MolMotifHard__GINE__Saliency__random__seed0] cache hit (ca6b506e4957302c) — skipping
2026-08-05 22:41:14,953 | INFO    | molsanity | [cell MolMotifHard__GINE__Saliency__random__seed0] DONE — acc=0.89 gt_auroc=0.9999451754385965 n=200 (capped) [cached]
2026-08-05 22:41:15,241 | INFO    | molsanity | [stage cell_MolMotifHard__GINE__Saliency__random__seed1] cache hit (0d286b57495fd0ab) — skipping
2026-08-05 22:41:15,241 | INFO    | molsanity | [cell MolMotifHard__GINE__Saliency__random__seed1] DONE — acc=0.97 gt_auroc=0.9987573099415205 n=200 (capped) [cached]
2026-08-05 22:41:15,475 | INFO    | molsanity | [stage cell_MolMotifHard__GINE__Saliency__random__seed2] cache hit (6c332bb7c3802693) — skipping
2026-08-05 22:41:15,475 | INFO    | molsanity | [cell MolMotifHard__GINE__Saliency__random__seed2] DONE — acc=0.95 gt_auroc=0.9940608647020284 n=200 (capped) [cached]
2026-08-05 22:41:15,482 | INFO    | molsanity | [stage cell_MolMotifHard__GINE__InputXGradient__scaffold__seed0] config changed (900e8fe103e6ed5f -> d74cb8f1951e4bbc) — rerunning
2026-08-05 22:41:15,483 | INFO    | molsanity | [stage cell_MolMotifHard__GINE__InputXGradient__scaffold__seed0] running (d74cb8f1951e4bbc)
2026-08-05 22:41:17,073 | INFO    | molsanity | Tox21: reduced to single task #0 (NR-AR), 7258 labelled molecules
2026-08-05 22:41:17,319 | INFO    | molsanity | Loaded Tox21: 7258 graphs, checksum 09988a6b0bfc
2026-08-05 22:41:19,348 | INFO    | molsanity | MolMotif(carboxylic_acid): 1000 molecules (500 positive), mask = matched atoms grown by 1 bond(s)
2026-08-05 22:41:19,389 | INFO    | molsanity | Loaded MolMotif: 1000 molecules with exact node ground truth
2026-08-05 22:41:19,808 | INFO    | molsanity | Scaffold split: 671 scaffolds over 1000 molecules (233 scaffold-less, 39.1% of molecules in multi-member groups) -> train 600 / val 100 / test 300
2026-08-05 22:41:19,828 | INFO    | molsanity | Loaded existing checkpoint gine_105d4db246729bc9.pt
2026-08-05 22:41:19,850 | INFO    | molsanity | [cell MolMotifHard__GINE__InputXGradient__scaffold] auditing 200 molecules (capped from 300)
2026-08-05 22:41:19,854 | INFO    | molsanity | [cell MolMotifHard__GINE__InputXGradient__scaffold] auditing on 12 worker processes (CPU)
2026-08-05 22:41:20,227 | WARNING | molsanity | [cell MolMotifHard__GINE__InputXGradient__scaffold] worker pool failed (RuntimeError: Unable to handle autograd's threading in combination with fork-based multiprocessing. See https://github.com/pytorch/pytorch/wiki/Autograd-and-Fork) — falling back to the serial path for this cell
2026-08-05 22:41:29,459 | INFO    | molsanity | Wrote GT-validation figure: artifacts/figures/MolMotifHard__GINE__InputXGradient__scaffold/gt_validation.pdf (+ .svg)
2026-08-05 22:41:29,726 | INFO    | molsanity | Wrote molecule attribution SVG: artifacts/figures/MolMotifHard__GINE__InputXGradient__scaffold/case_molecule.svg (GT atoms: [7, 8, 9, 10, 19, 20, 21, 22, 45, 47, 48, 49])
2026-08-05 22:41:30,430 | INFO    | molsanity | [cell MolMotifHard__GINE__InputXGradient__scaffold__seed0] DONE — acc=0.97 gt_auroc=0.986452806682023 n=200 (capped)
2026-08-05 22:41:30,438 | INFO    | molsanity | [stage cell_MolMotifHard__GINE__InputXGradient__scaffold__seed1] config changed (8b191a16e68de4d0 -> f296488830ed28ae) — rerunning
2026-08-05 22:41:30,438 | INFO    | molsanity | [stage cell_MolMotifHard__GINE__InputXGradient__scaffold__seed1] running (f296488830ed28ae)
2026-08-05 22:41:32,316 | INFO    | molsanity | Tox21: reduced to single task #0 (NR-AR), 7258 labelled molecules
2026-08-05 22:41:32,555 | INFO    | molsanity | Loaded Tox21: 7258 graphs, checksum 09988a6b0bfc
2026-08-05 22:41:34,328 | INFO    | molsanity | MolMotif(carboxylic_acid): 1000 molecules (500 positive), mask = matched atoms grown by 1 bond(s)
2026-08-05 22:41:34,369 | INFO    | molsanity | Loaded MolMotif: 1000 molecules with exact node ground truth
2026-08-05 22:41:34,794 | INFO    | molsanity | Scaffold split: 671 scaffolds over 1000 molecules (233 scaffold-less, 39.1% of molecules in multi-member groups) -> train 600 / val 100 / test 300
2026-08-05 22:41:34,813 | INFO    | molsanity | Loaded existing checkpoint gine_f887ff00458eaa57.pt
2026-08-05 22:41:34,832 | INFO    | molsanity | [cell MolMotifHard__GINE__InputXGradient__scaffold] auditing 200 molecules (capped from 300)
2026-08-05 22:41:34,836 | INFO    | molsanity | [cell MolMotifHard__GINE__InputXGradient__scaffold] auditing on 12 worker processes (CPU)
2026-08-05 22:41:35,205 | WARNING | molsanity | [cell MolMotifHard__GINE__InputXGradient__scaffold] worker pool failed (RuntimeError: Unable to handle autograd's threading in combination with fork-based multiprocessing. See https://github.com/pytorch/pytorch/wiki/Autograd-and-Fork) — falling back to the serial path for this cell
2026-08-05 22:41:44,151 | INFO    | molsanity | Wrote GT-validation figure: artifacts/figures/MolMotifHard__GINE__InputXGradient__scaffold/gt_validation.pdf (+ .svg)
2026-08-05 22:41:44,165 | INFO    | molsanity | Wrote molecule attribution SVG: artifacts/figures/MolMotifHard__GINE__InputXGradient__scaffold/case_molecule.svg (GT atoms: [7, 8, 9, 10, 19, 20, 21, 22, 45, 47, 48, 49])
2026-08-05 22:41:44,430 | INFO    | molsanity | [cell MolMotifHard__GINE__InputXGradient__scaffold__seed1] DONE — acc=0.89 gt_auroc=0.9982839440967519 n=200 (capped)
2026-08-05 22:41:44,438 | INFO    | molsanity | [stage cell_MolMotifHard__GINE__InputXGradient__scaffold__seed2] config changed (abbe9256a408876a -> da396d1f3e34c015) — rerunning
2026-08-05 22:41:44,438 | INFO    | molsanity | [stage cell_MolMotifHard__GINE__InputXGradient__scaffold__seed2] running (da396d1f3e34c015)
2026-08-05 22:41:46,383 | INFO    | molsanity | Tox21: reduced to single task #0 (NR-AR), 7258 labelled molecules
2026-08-05 22:41:46,627 | INFO    | molsanity | Loaded Tox21: 7258 graphs, checksum 09988a6b0bfc
2026-08-05 22:41:48,407 | INFO    | molsanity | MolMotif(carboxylic_acid): 1000 molecules (500 positive), mask = matched atoms grown by 1 bond(s)
2026-08-05 22:41:48,448 | INFO    | molsanity | Loaded MolMotif: 1000 molecules with exact node ground truth
2026-08-05 22:41:48,878 | INFO    | molsanity | Scaffold split: 671 scaffolds over 1000 molecules (233 scaffold-less, 39.1% of molecules in multi-member groups) -> train 600 / val 100 / test 300
2026-08-05 22:41:48,898 | INFO    | molsanity | Loaded existing checkpoint gine_87e4d1105d1009b1.pt
2026-08-05 22:41:48,918 | INFO    | molsanity | [cell MolMotifHard__GINE__InputXGradient__scaffold] auditing 200 molecules (capped from 300)
2026-08-05 22:41:48,922 | INFO    | molsanity | [cell MolMotifHard__GINE__InputXGradient__scaffold] auditing on 12 worker processes (CPU)
2026-08-05 22:41:49,305 | WARNING | molsanity | [cell MolMotifHard__GINE__InputXGradient__scaffold] worker pool failed (RuntimeError: Unable to handle autograd's threading in combination with fork-based multiprocessing. See https://github.com/pytorch/pytorch/wiki/Autograd-and-Fork) — falling back to the serial path for this cell
2026-08-05 22:41:57,979 | INFO    | molsanity | Wrote GT-validation figure: artifacts/figures/MolMotifHard__GINE__InputXGradient__scaffold/gt_validation.pdf (+ .svg)
2026-08-05 22:41:57,993 | INFO    | molsanity | Wrote molecule attribution SVG: artifacts/figures/MolMotifHard__GINE__InputXGradient__scaffold/case_molecule.svg (GT atoms: [7, 8, 9, 10, 19, 20, 21, 22, 45, 47, 48, 49])
2026-08-05 22:41:58,247 | INFO    | molsanity | [cell MolMotifHard__GINE__InputXGradient__scaffold__seed2] DONE — acc=0.82 gt_auroc=0.9995686546179157 n=200 (capped)
2026-08-05 22:41:58,506 | INFO    | molsanity | [stage cell_MolMotifHard__GINE__InputXGradient__random__seed0] cache hit (e94852b76e520d99) — skipping
2026-08-05 22:41:58,506 | INFO    | molsanity | [cell MolMotifHard__GINE__InputXGradient__random__seed0] DONE — acc=0.89 gt_auroc=0.9998198621553885 n=200 (capped) [cached]
2026-08-05 22:41:58,737 | INFO    | molsanity | [stage cell_MolMotifHard__GINE__InputXGradient__random__seed1] cache hit (dfde8b05873280c3) — skipping
2026-08-05 22:41:58,737 | INFO    | molsanity | [cell MolMotifHard__GINE__InputXGradient__random__seed1] DONE — acc=0.97 gt_auroc=1.0 n=200 (capped) [cached]
2026-08-05 22:41:58,955 | INFO    | molsanity | [stage cell_MolMotifHard__GINE__InputXGradient__random__seed2] cache hit (b49f1e5f43943434) — skipping
2026-08-05 22:41:58,956 | INFO    | molsanity | [cell MolMotifHard__GINE__InputXGradient__random__seed2] DONE — acc=0.95 gt_auroc=0.9884513469050107 n=200 (capped) [cached]
2026-08-05 22:41:58,964 | INFO    | molsanity | [stage cell_MolMotifHard__GINE__GuidedBackprop__scaffold__seed0] config changed (ef7563cfbdc2095d -> d85de5982e675e85) — rerunning
2026-08-05 22:41:58,964 | INFO    | molsanity | [stage cell_MolMotifHard__GINE__GuidedBackprop__scaffold__seed0] running (d85de5982e675e85)
2026-08-05 22:42:00,848 | INFO    | molsanity | Tox21: reduced to single task #0 (NR-AR), 7258 labelled molecules
2026-08-05 22:42:01,088 | INFO    | molsanity | Loaded Tox21: 7258 graphs, checksum 09988a6b0bfc
2026-08-05 22:42:02,849 | INFO    | molsanity | MolMotif(carboxylic_acid): 1000 molecules (500 positive), mask = matched atoms grown by 1 bond(s)
2026-08-05 22:42:02,890 | INFO    | molsanity | Loaded MolMotif: 1000 molecules with exact node ground truth
2026-08-05 22:42:03,308 | INFO    | molsanity | Scaffold split: 671 scaffolds over 1000 molecules (233 scaffold-less, 39.1% of molecules in multi-member groups) -> train 600 / val 100 / test 300
2026-08-05 22:42:03,328 | INFO    | molsanity | Loaded existing checkpoint gine_105d4db246729bc9.pt
2026-08-05 22:42:03,346 | INFO    | molsanity | [cell MolMotifHard__GINE__GuidedBackprop__scaffold] auditing 200 molecules (capped from 300)
2026-08-05 22:42:03,350 | INFO    | molsanity | [cell MolMotifHard__GINE__GuidedBackprop__scaffold] auditing on 12 worker processes (CPU)
2026-08-05 22:42:03,732 | WARNING | molsanity | [cell MolMotifHard__GINE__GuidedBackprop__scaffold] worker pool failed (RuntimeError: Unable to handle autograd's threading in combination with fork-based multiprocessing. See https://github.com/pytorch/pytorch/wiki/Autograd-and-Fork) — falling back to the serial path for this cell
2026-08-05 22:42:13,516 | INFO    | molsanity | Wrote GT-validation figure: artifacts/figures/MolMotifHard__GINE__GuidedBackprop__scaffold/gt_validation.pdf (+ .svg)
2026-08-05 22:42:13,726 | INFO    | molsanity | Wrote molecule attribution SVG: artifacts/figures/MolMotifHard__GINE__GuidedBackprop__scaffold/case_molecule.svg (GT atoms: [7, 8, 9, 10, 19, 20, 21, 22, 45, 47, 48, 49])
2026-08-05 22:42:14,434 | INFO    | molsanity | [cell MolMotifHard__GINE__GuidedBackprop__scaffold__seed0] DONE — acc=0.97 gt_auroc=0.9559260029573744 n=200 (capped)
2026-08-05 22:42:14,442 | INFO    | molsanity | [stage cell_MolMotifHard__GINE__GuidedBackprop__scaffold__seed1] config changed (a80526bfa3aa9c59 -> da5c35f7c29c63e4) — rerunning
2026-08-05 22:42:14,442 | INFO    | molsanity | [stage cell_MolMotifHard__GINE__GuidedBackprop__scaffold__seed1] running (da5c35f7c29c63e4)
2026-08-05 22:42:16,310 | INFO    | molsanity | Tox21: reduced to single task #0 (NR-AR), 7258 labelled molecules
2026-08-05 22:42:16,549 | INFO    | molsanity | Loaded Tox21: 7258 graphs, checksum 09988a6b0bfc
2026-08-05 22:42:18,287 | INFO    | molsanity | MolMotif(carboxylic_acid): 1000 molecules (500 positive), mask = matched atoms grown by 1 bond(s)
2026-08-05 22:42:18,327 | INFO    | molsanity | Loaded MolMotif: 1000 molecules with exact node ground truth
2026-08-05 22:42:18,743 | INFO    | molsanity | Scaffold split: 671 scaffolds over 1000 molecules (233 scaffold-less, 39.1% of molecules in multi-member groups) -> train 600 / val 100 / test 300
2026-08-05 22:42:18,765 | INFO    | molsanity | Loaded existing checkpoint gine_f887ff00458eaa57.pt
2026-08-05 22:42:18,785 | INFO    | molsanity | [cell MolMotifHard__GINE__GuidedBackprop__scaffold] auditing 200 molecules (capped from 300)
2026-08-05 22:42:18,788 | INFO    | molsanity | [cell MolMotifHard__GINE__GuidedBackprop__scaffold] auditing on 12 worker processes (CPU)
2026-08-05 22:42:19,158 | WARNING | molsanity | [cell MolMotifHard__GINE__GuidedBackprop__scaffold] worker pool failed (RuntimeError: Unable to handle autograd's threading in combination with fork-based multiprocessing. See https://github.com/pytorch/pytorch/wiki/Autograd-and-Fork) — falling back to the serial path for this cell
2026-08-05 22:42:28,164 | INFO    | molsanity | Wrote GT-validation figure: artifacts/figures/MolMotifHard__GINE__GuidedBackprop__scaffold/gt_validation.pdf (+ .svg)
2026-08-05 22:42:28,178 | INFO    | molsanity | Wrote molecule attribution SVG: artifacts/figures/MolMotifHard__GINE__GuidedBackprop__scaffold/case_molecule.svg (GT atoms: [7, 8, 9, 10, 19, 20, 21, 22, 45, 47, 48, 49])
2026-08-05 22:42:28,410 | INFO    | molsanity | [cell MolMotifHard__GINE__GuidedBackprop__scaffold__seed1] DONE — acc=0.89 gt_auroc=0.8456070983925981 n=200 (capped)
2026-08-05 22:42:28,418 | INFO    | molsanity | [stage cell_MolMotifHard__GINE__GuidedBackprop__scaffold__seed2] config changed (ded080571e489176 -> 0e24f2eb17eeb91b) — rerunning
2026-08-05 22:42:28,418 | INFO    | molsanity | [stage cell_MolMotifHard__GINE__GuidedBackprop__scaffold__seed2] running (0e24f2eb17eeb91b)
2026-08-05 22:42:30,326 | INFO    | molsanity | Tox21: reduced to single task #0 (NR-AR), 7258 labelled molecules
2026-08-05 22:42:30,566 | INFO    | molsanity | Loaded Tox21: 7258 graphs, checksum 09988a6b0bfc
2026-08-05 22:42:32,331 | INFO    | molsanity | MolMotif(carboxylic_acid): 1000 molecules (500 positive), mask = matched atoms grown by 1 bond(s)
2026-08-05 22:42:32,371 | INFO    | molsanity | Loaded MolMotif: 1000 molecules with exact node ground truth
2026-08-05 22:42:32,795 | INFO    | molsanity | Scaffold split: 671 scaffolds over 1000 molecules (233 scaffold-less, 39.1% of molecules in multi-member groups) -> train 600 / val 100 / test 300
2026-08-05 22:42:32,815 | INFO    | molsanity | Loaded existing checkpoint gine_87e4d1105d1009b1.pt
2026-08-05 22:42:32,834 | INFO    | molsanity | [cell MolMotifHard__GINE__GuidedBackprop__scaffold] auditing 200 molecules (capped from 300)
2026-08-05 22:42:32,837 | INFO    | molsanity | [cell MolMotifHard__GINE__GuidedBackprop__scaffold] auditing on 12 worker processes (CPU)
2026-08-05 22:42:33,214 | WARNING | molsanity | [cell MolMotifHard__GINE__GuidedBackprop__scaffold] worker pool failed (RuntimeError: Unable to handle autograd's threading in combination with fork-based multiprocessing. See https://github.com/pytorch/pytorch/wiki/Autograd-and-Fork) — falling back to the serial path for this cell
2026-08-05 22:42:42,256 | INFO    | molsanity | Wrote GT-validation figure: artifacts/figures/MolMotifHard__GINE__GuidedBackprop__scaffold/gt_validation.pdf (+ .svg)
2026-08-05 22:42:42,270 | INFO    | molsanity | Wrote molecule attribution SVG: artifacts/figures/MolMotifHard__GINE__GuidedBackprop__scaffold/case_molecule.svg (GT atoms: [7, 8, 9, 10, 19, 20, 21, 22, 45, 47, 48, 49])
2026-08-05 22:42:42,519 | INFO    | molsanity | [cell MolMotifHard__GINE__GuidedBackprop__scaffold__seed2] DONE — acc=0.82 gt_auroc=0.8235841204112005 n=200 (capped)
2026-08-05 22:42:42,773 | INFO    | molsanity | [stage cell_MolMotifHard__GINE__GuidedBackprop__random__seed0] cache hit (665e2d05cc01fb7b) — skipping
2026-08-05 22:42:42,773 | INFO    | molsanity | [cell MolMotifHard__GINE__GuidedBackprop__random__seed0] DONE — acc=0.89 gt_auroc=0.8559043913722311 n=200 (capped) [cached]
2026-08-05 22:42:42,993 | INFO    | molsanity | [stage cell_MolMotifHard__GINE__GuidedBackprop__random__seed1] cache hit (b3c0030a46eab870) — skipping
2026-08-05 22:42:42,993 | INFO    | molsanity | [cell MolMotifHard__GINE__GuidedBackprop__random__seed1] DONE — acc=0.97 gt_auroc=0.9779059579248082 n=200 (capped) [cached]
2026-08-05 22:42:43,201 | INFO    | molsanity | [stage cell_MolMotifHard__GINE__GuidedBackprop__random__seed2] cache hit (e7876c0df0bea3b2) — skipping
2026-08-05 22:42:43,201 | INFO    | molsanity | [cell MolMotifHard__GINE__GuidedBackprop__random__seed2] DONE — acc=0.95 gt_auroc=0.9225887224305866 n=200 (capped) [cached]
2026-08-05 22:42:43,210 | INFO    | molsanity | [stage cell_MolMotifHard__GINE__GNNExplainer__scaffold__seed0] config changed (61fd91f33ddc7897 -> 9f50689a8f76392f) — rerunning
2026-08-05 22:42:43,210 | INFO    | molsanity | [stage cell_MolMotifHard__GINE__GNNExplainer__scaffold__seed0] running (9f50689a8f76392f)
2026-08-05 22:42:44,776 | INFO    | molsanity | Tox21: reduced to single task #0 (NR-AR), 7258 labelled molecules
2026-08-05 22:42:45,017 | INFO    | molsanity | Loaded Tox21: 7258 graphs, checksum 09988a6b0bfc
2026-08-05 22:42:47,059 | INFO    | molsanity | MolMotif(carboxylic_acid): 1000 molecules (500 positive), mask = matched atoms grown by 1 bond(s)
2026-08-05 22:42:47,100 | INFO    | molsanity | Loaded MolMotif: 1000 molecules with exact node ground truth
2026-08-05 22:42:47,526 | INFO    | molsanity | Scaffold split: 671 scaffolds over 1000 molecules (233 scaffold-less, 39.1% of molecules in multi-member groups) -> train 600 / val 100 / test 300
2026-08-05 22:42:47,546 | INFO    | molsanity | Loaded existing checkpoint gine_105d4db246729bc9.pt
2026-08-05 22:42:47,565 | INFO    | molsanity | [cell MolMotifHard__GINE__GNNExplainer__scaffold] auditing 200 molecules (capped from 300)
2026-08-05 22:42:47,568 | INFO    | molsanity | [cell MolMotifHard__GINE__GNNExplainer__scaffold] auditing on 12 worker processes (CPU)
2026-08-05 22:42:47,961 | WARNING | molsanity | [cell MolMotifHard__GINE__GNNExplainer__scaffold] worker pool failed (RuntimeError: Unable to handle autograd's threading in combination with fork-based multiprocessing. See https://github.com/pytorch/pytorch/wiki/Autograd-and-Fork) — falling back to the serial path for this cell
2026-08-05 22:43:48,609 | INFO    | molsanity | [cell MolMotifHard__GINE__GNNExplainer__scaffold] 49/200 molecules (1.2s each, ~3 min left)
2026-08-05 22:44:48,726 | INFO    | molsanity | [cell MolMotifHard__GINE__GNNExplainer__scaffold] 97/200 molecules (1.2s each, ~2 min left)
2026-08-05 22:45:49,647 | INFO    | molsanity | [cell MolMotifHard__GINE__GNNExplainer__scaffold] 146/200 molecules (1.2s each, ~1 min left)
2026-08-05 22:46:50,152 | INFO    | molsanity | [cell MolMotifHard__GINE__GNNExplainer__scaffold] 195/200 molecules (1.2s each, ~0 min left)
2026-08-05 22:46:57,906 | INFO    | molsanity | Wrote GT-validation figure: artifacts/figures/MolMotifHard__GINE__GNNExplainer__scaffold/gt_validation.pdf (+ .svg)
2026-08-05 22:46:58,155 | INFO    | molsanity | Wrote molecule attribution SVG: artifacts/figures/MolMotifHard__GINE__GNNExplainer__scaffold/case_molecule.svg (GT atoms: [7, 8, 9, 10, 19, 20, 21, 22, 45, 47, 48, 49])
2026-08-05 22:46:58,959 | INFO    | molsanity | [cell MolMotifHard__GINE__GNNExplainer__scaffold__seed0] DONE — acc=0.97 gt_auroc=0.34923354814776797 n=200 (capped)
2026-08-05 22:46:58,967 | INFO    | molsanity | [stage cell_MolMotifHard__GINE__GNNExplainer__scaffold__seed1] config changed (25f9b44f9deb7de6 -> 797f892eed989a6a) — rerunning
2026-08-05 22:46:58,967 | INFO    | molsanity | [stage cell_MolMotifHard__GINE__GNNExplainer__scaffold__seed1] running (797f892eed989a6a)
2026-08-05 22:47:00,868 | INFO    | molsanity | Tox21: reduced to single task #0 (NR-AR), 7258 labelled molecules
2026-08-05 22:47:01,111 | INFO    | molsanity | Loaded Tox21: 7258 graphs, checksum 09988a6b0bfc
2026-08-05 22:47:02,885 | INFO    | molsanity | MolMotif(carboxylic_acid): 1000 molecules (500 positive), mask = matched atoms grown by 1 bond(s)
2026-08-05 22:47:02,930 | INFO    | molsanity | Loaded MolMotif: 1000 molecules with exact node ground truth
2026-08-05 22:47:03,355 | INFO    | molsanity | Scaffold split: 671 scaffolds over 1000 molecules (233 scaffold-less, 39.1% of molecules in multi-member groups) -> train 600 / val 100 / test 300
2026-08-05 22:47:03,375 | INFO    | molsanity | Loaded existing checkpoint gine_f887ff00458eaa57.pt
2026-08-05 22:47:03,394 | INFO    | molsanity | [cell MolMotifHard__GINE__GNNExplainer__scaffold] auditing 200 molecules (capped from 300)
2026-08-05 22:47:03,397 | INFO    | molsanity | [cell MolMotifHard__GINE__GNNExplainer__scaffold] auditing on 12 worker processes (CPU)
2026-08-05 22:47:03,785 | WARNING | molsanity | [cell MolMotifHard__GINE__GNNExplainer__scaffold] worker pool failed (RuntimeError: Unable to handle autograd's threading in combination with fork-based multiprocessing. See https://github.com/pytorch/pytorch/wiki/Autograd-and-Fork) — falling back to the serial path for this cell
2026-08-05 22:48:03,871 | INFO    | molsanity | [cell MolMotifHard__GINE__GNNExplainer__scaffold] 48/200 molecules (1.3s each, ~3 min left)
2026-08-05 22:49:04,928 | INFO    | molsanity | [cell MolMotifHard__GINE__GNNExplainer__scaffold] 97/200 molecules (1.2s each, ~2 min left)
2026-08-05 22:50:05,718 | INFO    | molsanity | [cell MolMotifHard__GINE__GNNExplainer__scaffold] 146/200 molecules (1.2s each, ~1 min left)
2026-08-05 22:51:06,053 | INFO    | molsanity | [cell MolMotifHard__GINE__GNNExplainer__scaffold] 194/200 molecules (1.2s each, ~0 min left)
2026-08-05 22:51:14,552 | INFO    | molsanity | Wrote GT-validation figure: artifacts/figures/MolMotifHard__GINE__GNNExplainer__scaffold/gt_validation.pdf (+ .svg)
2026-08-05 22:51:14,566 | INFO    | molsanity | Wrote molecule attribution SVG: artifacts/figures/MolMotifHard__GINE__GNNExplainer__scaffold/case_molecule.svg (GT atoms: [7, 8, 9, 10, 19, 20, 21, 22, 45, 47, 48, 49])
2026-08-05 22:51:14,843 | INFO    | molsanity | [cell MolMotifHard__GINE__GNNExplainer__scaffold__seed1] DONE — acc=0.89 gt_auroc=0.6080934070504095 n=200 (capped)
2026-08-05 22:51:14,851 | INFO    | molsanity | [stage cell_MolMotifHard__GINE__GNNExplainer__scaffold__seed2] config changed (992765a919260e11 -> 9889dc62ea7517f3) — rerunning
2026-08-05 22:51:14,851 | INFO    | molsanity | [stage cell_MolMotifHard__GINE__GNNExplainer__scaffold__seed2] running (9889dc62ea7517f3)
2026-08-05 22:51:16,783 | INFO    | molsanity | Tox21: reduced to single task #0 (NR-AR), 7258 labelled molecules
2026-08-05 22:51:17,025 | INFO    | molsanity | Loaded Tox21: 7258 graphs, checksum 09988a6b0bfc
2026-08-05 22:51:18,738 | INFO    | molsanity | MolMotif(carboxylic_acid): 1000 molecules (500 positive), mask = matched atoms grown by 1 bond(s)
2026-08-05 22:51:18,778 | INFO    | molsanity | Loaded MolMotif: 1000 molecules with exact node ground truth
2026-08-05 22:51:19,197 | INFO    | molsanity | Scaffold split: 671 scaffolds over 1000 molecules (233 scaffold-less, 39.1% of molecules in multi-member groups) -> train 600 / val 100 / test 300
2026-08-05 22:51:19,217 | INFO    | molsanity | Loaded existing checkpoint gine_87e4d1105d1009b1.pt
2026-08-05 22:51:19,236 | INFO    | molsanity | [cell MolMotifHard__GINE__GNNExplainer__scaffold] auditing 200 molecules (capped from 300)
2026-08-05 22:51:19,239 | INFO    | molsanity | [cell MolMotifHard__GINE__GNNExplainer__scaffold] auditing on 12 worker processes (CPU)
2026-08-05 22:51:19,617 | WARNING | molsanity | [cell MolMotifHard__GINE__GNNExplainer__scaffold] worker pool failed (RuntimeError: Unable to handle autograd's threading in combination with fork-based multiprocessing. See https://github.com/pytorch/pytorch/wiki/Autograd-and-Fork) — falling back to the serial path for this cell
2026-08-05 22:52:20,311 | INFO    | molsanity | [cell MolMotifHard__GINE__GNNExplainer__scaffold] 50/200 molecules (1.2s each, ~3 min left)
2026-08-05 22:53:21,203 | INFO    | molsanity | [cell MolMotifHard__GINE__GNNExplainer__scaffold] 98/200 molecules (1.2s each, ~2 min left)
2026-08-05 22:54:21,458 | INFO    | molsanity | [cell MolMotifHard__GINE__GNNExplainer__scaffold] 147/200 molecules (1.2s each, ~1 min left)
2026-08-05 22:55:22,224 | INFO    | molsanity | [cell MolMotifHard__GINE__GNNExplainer__scaffold] 196/200 molecules (1.2s each, ~0 min left)
2026-08-05 22:55:28,166 | INFO    | molsanity | Wrote GT-validation figure: artifacts/figures/MolMotifHard__GINE__GNNExplainer__scaffold/gt_validation.pdf (+ .svg)
2026-08-05 22:55:28,180 | INFO    | molsanity | Wrote molecule attribution SVG: artifacts/figures/MolMotifHard__GINE__GNNExplainer__scaffold/case_molecule.svg (GT atoms: [7, 8, 9, 10, 19, 20, 21, 22, 45, 47, 48, 49])
2026-08-05 22:55:28,525 | INFO    | molsanity | [cell MolMotifHard__GINE__GNNExplainer__scaffold__seed2] DONE — acc=0.82 gt_auroc=0.30269625980334136 n=200 (capped)
2026-08-05 22:55:28,764 | INFO    | molsanity | [stage cell_MolMotifHard__GINE__GNNExplainer__random__seed0] cache hit (4ea834b7e0bb1d41) — skipping
2026-08-05 22:55:28,765 | INFO    | molsanity | [cell MolMotifHard__GINE__GNNExplainer__random__seed0] DONE — acc=0.89 gt_auroc=0.2875174114285327 n=200 (capped) [cached]
2026-08-05 22:55:29,019 | INFO    | molsanity | [stage cell_MolMotifHard__GINE__GNNExplainer__random__seed1] cache hit (aa0aa3e4514f9b99) — skipping
2026-08-05 22:55:29,019 | INFO    | molsanity | [cell MolMotifHard__GINE__GNNExplainer__random__seed1] DONE — acc=0.97 gt_auroc=0.3797157696620219 n=200 (capped) [cached]
2026-08-05 22:55:29,257 | INFO    | molsanity | [stage cell_MolMotifHard__GINE__GNNExplainer__random__seed2] cache hit (5a2beb09a1605fb3) — skipping
2026-08-05 22:55:29,257 | INFO    | molsanity | [cell MolMotifHard__GINE__GNNExplainer__random__seed2] DONE — acc=0.95 gt_auroc=0.5711507788639638 n=200 (capped) [cached]
2026-08-05 22:55:29,265 | INFO    | molsanity | [stage cell_MolMotifHard__GINE__PGExplainer__scaffold__seed0] config changed (563c8396fec0bf36 -> 345d965fee07c151) — rerunning
2026-08-05 22:55:29,265 | INFO    | molsanity | [stage cell_MolMotifHard__GINE__PGExplainer__scaffold__seed0] running (345d965fee07c151)
2026-08-05 22:55:30,833 | INFO    | molsanity | Tox21: reduced to single task #0 (NR-AR), 7258 labelled molecules
2026-08-05 22:55:31,072 | INFO    | molsanity | Loaded Tox21: 7258 graphs, checksum 09988a6b0bfc
2026-08-05 22:55:33,084 | INFO    | molsanity | MolMotif(carboxylic_acid): 1000 molecules (500 positive), mask = matched atoms grown by 1 bond(s)
2026-08-05 22:55:33,124 | INFO    | molsanity | Loaded MolMotif: 1000 molecules with exact node ground truth
2026-08-05 22:55:33,541 | INFO    | molsanity | Scaffold split: 671 scaffolds over 1000 molecules (233 scaffold-less, 39.1% of molecules in multi-member groups) -> train 600 / val 100 / test 300
2026-08-05 22:55:33,561 | INFO    | molsanity | Loaded existing checkpoint gine_105d4db246729bc9.pt
2026-08-05 22:57:23,564 | INFO    | molsanity | PGExplainer trained on 200 graphs (30 epochs), final loss 0.0788
2026-08-05 22:58:31,842 | INFO    | molsanity | PGExplainer trained on 200 graphs (30 epochs), final loss 0.1432
2026-08-05 22:58:31,842 | INFO    | molsanity | [cell MolMotifHard__GINE__PGExplainer__scaffold] auditing 200 molecules (capped from 300)
2026-08-05 22:58:31,853 | INFO    | molsanity | [cell MolMotifHard__GINE__PGExplainer__scaffold] auditing on 12 worker processes (CPU)
2026-08-05 22:58:33,003 | INFO    | molsanity | [cell MolMotifHard__GINE__PGExplainer__scaffold] 200 molecules in 0.0 min (0.01s each, 12 workers)
2026-08-05 22:58:33,985 | INFO    | molsanity | Wrote GT-validation figure: artifacts/figures/MolMotifHard__GINE__PGExplainer__scaffold/gt_validation.pdf (+ .svg)
2026-08-05 22:58:34,230 | INFO    | molsanity | Wrote molecule attribution SVG: artifacts/figures/MolMotifHard__GINE__PGExplainer__scaffold/case_molecule.svg (GT atoms: [7, 8, 9, 10, 19, 20, 21, 22, 45, 47, 48, 49])
2026-08-05 22:58:34,947 | INFO    | molsanity | [cell MolMotifHard__GINE__PGExplainer__scaffold__seed0] DONE — acc=0.97 gt_auroc=0.2559069563317036 n=200 (capped)
2026-08-05 22:58:34,955 | INFO    | molsanity | [stage cell_MolMotifHard__GINE__PGExplainer__scaffold__seed1] config changed (704b2206b3392e9e -> b1b83c071f7312cc) — rerunning
2026-08-05 22:58:34,955 | INFO    | molsanity | [stage cell_MolMotifHard__GINE__PGExplainer__scaffold__seed1] running (b1b83c071f7312cc)
2026-08-05 22:58:36,825 | INFO    | molsanity | Tox21: reduced to single task #0 (NR-AR), 7258 labelled molecules
2026-08-05 22:58:37,066 | INFO    | molsanity | Loaded Tox21: 7258 graphs, checksum 09988a6b0bfc
2026-08-05 22:58:38,764 | INFO    | molsanity | MolMotif(carboxylic_acid): 1000 molecules (500 positive), mask = matched atoms grown by 1 bond(s)
2026-08-05 22:58:38,804 | INFO    | molsanity | Loaded MolMotif: 1000 molecules with exact node ground truth
2026-08-05 22:58:39,213 | INFO    | molsanity | Scaffold split: 671 scaffolds over 1000 molecules (233 scaffold-less, 39.1% of molecules in multi-member groups) -> train 600 / val 100 / test 300
2026-08-05 22:58:39,234 | INFO    | molsanity | Loaded existing checkpoint gine_f887ff00458eaa57.pt
2026-08-05 23:00:29,911 | INFO    | molsanity | PGExplainer trained on 200 graphs (30 epochs), final loss 0.1026
2026-08-05 23:01:39,038 | INFO    | molsanity | PGExplainer trained on 200 graphs (30 epochs), final loss 0.0354
2026-08-05 23:01:39,038 | INFO    | molsanity | [cell MolMotifHard__GINE__PGExplainer__scaffold] auditing 200 molecules (capped from 300)
2026-08-05 23:01:39,045 | INFO    | molsanity | [cell MolMotifHard__GINE__PGExplainer__scaffold] auditing on 12 worker processes (CPU)
2026-08-05 23:01:40,214 | INFO    | molsanity | [cell MolMotifHard__GINE__PGExplainer__scaffold] 200 molecules in 0.0 min (0.01s each, 12 workers)
2026-08-05 23:01:40,723 | INFO    | molsanity | Wrote GT-validation figure: artifacts/figures/MolMotifHard__GINE__PGExplainer__scaffold/gt_validation.pdf (+ .svg)
2026-08-05 23:01:40,738 | INFO    | molsanity | Wrote molecule attribution SVG: artifacts/figures/MolMotifHard__GINE__PGExplainer__scaffold/case_molecule.svg (GT atoms: [7, 8, 9, 10, 19, 20, 21, 22, 45, 47, 48, 49])
2026-08-05 23:01:41,171 | INFO    | molsanity | [cell MolMotifHard__GINE__PGExplainer__scaffold__seed1] DONE — acc=0.89 gt_auroc=0.30791250177709184 n=200 (capped)
2026-08-05 23:01:41,178 | INFO    | molsanity | [stage cell_MolMotifHard__GINE__PGExplainer__scaffold__seed2] config changed (32634099ac2c1f1d -> cab54cd155835a53) — rerunning
2026-08-05 23:01:41,179 | INFO    | molsanity | [stage cell_MolMotifHard__GINE__PGExplainer__scaffold__seed2] running (cab54cd155835a53)
2026-08-05 23:01:43,055 | INFO    | molsanity | Tox21: reduced to single task #0 (NR-AR), 7258 labelled molecules
2026-08-05 23:01:43,291 | INFO    | molsanity | Loaded Tox21: 7258 graphs, checksum 09988a6b0bfc
2026-08-05 23:01:44,979 | INFO    | molsanity | MolMotif(carboxylic_acid): 1000 molecules (500 positive), mask = matched atoms grown by 1 bond(s)
2026-08-05 23:01:45,018 | INFO    | molsanity | Loaded MolMotif: 1000 molecules with exact node ground truth
2026-08-05 23:01:45,429 | INFO    | molsanity | Scaffold split: 671 scaffolds over 1000 molecules (233 scaffold-less, 39.1% of molecules in multi-member groups) -> train 600 / val 100 / test 300
2026-08-05 23:01:45,450 | INFO    | molsanity | Loaded existing checkpoint gine_87e4d1105d1009b1.pt
2026-08-05 23:03:36,437 | INFO    | molsanity | PGExplainer trained on 200 graphs (30 epochs), final loss 0.0548
2026-08-05 23:04:45,030 | INFO    | molsanity | PGExplainer trained on 200 graphs (30 epochs), final loss 0.0463
2026-08-05 23:04:45,030 | INFO    | molsanity | [cell MolMotifHard__GINE__PGExplainer__scaffold] auditing 200 molecules (capped from 300)
2026-08-05 23:04:45,037 | INFO    | molsanity | [cell MolMotifHard__GINE__PGExplainer__scaffold] auditing on 12 worker processes (CPU)
2026-08-05 23:04:46,138 | INFO    | molsanity | [cell MolMotifHard__GINE__PGExplainer__scaffold] 200 molecules in 0.0 min (0.01s each, 12 workers)
2026-08-05 23:04:46,646 | INFO    | molsanity | Wrote GT-validation figure: artifacts/figures/MolMotifHard__GINE__PGExplainer__scaffold/gt_validation.pdf (+ .svg)
2026-08-05 23:04:46,662 | INFO    | molsanity | Wrote molecule attribution SVG: artifacts/figures/MolMotifHard__GINE__PGExplainer__scaffold/case_molecule.svg (GT atoms: [7, 8, 9, 10, 19, 20, 21, 22, 45, 47, 48, 49])
2026-08-05 23:04:46,996 | INFO    | molsanity | [cell MolMotifHard__GINE__PGExplainer__scaffold__seed2] DONE — acc=0.82 gt_auroc=0.5648912192733716 n=200 (capped)
2026-08-05 23:04:47,189 | INFO    | molsanity | [stage cell_MolMotifHard__GINE__PGExplainer__random__seed0] cache hit (ec5a10c28fa09c43) — skipping
2026-08-05 23:04:47,190 | INFO    | molsanity | [cell MolMotifHard__GINE__PGExplainer__random__seed0] DONE — acc=0.89 gt_auroc=0.581669676739298 n=200 (capped) [cached]
2026-08-05 23:04:47,424 | INFO    | molsanity | [stage cell_MolMotifHard__GINE__PGExplainer__random__seed1] cache hit (bc53b956214bd402) — skipping
2026-08-05 23:04:47,424 | INFO    | molsanity | [cell MolMotifHard__GINE__PGExplainer__random__seed1] DONE — acc=0.97 gt_auroc=0.46161214345130663 n=200 (capped) [cached]
2026-08-05 23:04:47,685 | INFO    | molsanity | [stage cell_MolMotifHard__GINE__PGExplainer__random__seed2] cache hit (16960ae970c92790) — skipping
2026-08-05 23:04:47,685 | INFO    | molsanity | [cell MolMotifHard__GINE__PGExplainer__random__seed2] DONE — acc=0.95 gt_auroc=0.49317471077714475 n=200 (capped) [cached]
2026-08-05 23:04:47,694 | INFO    | molsanity | [stage cell_MolMotifHard__GINE__SubgraphX__scaffold__seed0] config changed (f1aa52c5da4e7c61 -> 93f5355309606d1f) — rerunning
2026-08-05 23:04:47,694 | INFO    | molsanity | [stage cell_MolMotifHard__GINE__SubgraphX__scaffold__seed0] running (93f5355309606d1f)
2026-08-05 23:04:49,557 | INFO    | molsanity | Tox21: reduced to single task #0 (NR-AR), 7258 labelled molecules
2026-08-05 23:04:49,796 | INFO    | molsanity | Loaded Tox21: 7258 graphs, checksum 09988a6b0bfc
2026-08-05 23:04:51,512 | INFO    | molsanity | MolMotif(carboxylic_acid): 1000 molecules (500 positive), mask = matched atoms grown by 1 bond(s)
2026-08-05 23:04:51,552 | INFO    | molsanity | Loaded MolMotif: 1000 molecules with exact node ground truth
2026-08-05 23:04:51,966 | INFO    | molsanity | Scaffold split: 671 scaffolds over 1000 molecules (233 scaffold-less, 39.1% of molecules in multi-member groups) -> train 600 / val 100 / test 300
2026-08-05 23:04:51,987 | INFO    | molsanity | Loaded existing checkpoint gine_105d4db246729bc9.pt
2026-08-05 23:04:52,005 | INFO    | molsanity | [cell MolMotifHard__GINE__SubgraphX__scaffold] auditing 200 molecules (capped from 300)
2026-08-05 23:04:52,008 | INFO    | molsanity | [cell MolMotifHard__GINE__SubgraphX__scaffold] auditing on 12 worker processes (CPU)
2026-08-05 23:58:36,404 | INFO    | molsanity | [cell MolMotifHard__GINE__SubgraphX__scaffold] 200 molecules in 53.7 min (16.12s each, 12 workers)
2026-08-05 23:58:37,505 | INFO    | molsanity | Wrote GT-validation figure: artifacts/figures/MolMotifHard__GINE__SubgraphX__scaffold/gt_validation.pdf (+ .svg)
2026-08-05 23:58:37,817 | INFO    | molsanity | Wrote molecule attribution SVG: artifacts/figures/MolMotifHard__GINE__SubgraphX__scaffold/case_molecule.svg (GT atoms: [7, 8, 9, 10, 19, 20, 21, 22, 45, 47, 48, 49])
2026-08-05 23:58:38,796 | INFO    | molsanity | [cell MolMotifHard__GINE__SubgraphX__scaffold__seed0] DONE — acc=0.97 gt_auroc=0.4357853908561232 n=200 (capped)
2026-08-05 23:58:38,805 | INFO    | molsanity | [stage cell_MolMotifHard__GINE__SubgraphX__scaffold__seed1] config changed (480f5930b79b7cd3 -> 6d7a77cb6caf1743) — rerunning
2026-08-05 23:58:38,805 | INFO    | molsanity | [stage cell_MolMotifHard__GINE__SubgraphX__scaffold__seed1] running (6d7a77cb6caf1743)
2026-08-05 23:58:40,390 | INFO    | molsanity | Tox21: reduced to single task #0 (NR-AR), 7258 labelled molecules
2026-08-05 23:58:40,629 | INFO    | molsanity | Loaded Tox21: 7258 graphs, checksum 09988a6b0bfc
2026-08-05 23:58:42,643 | INFO    | molsanity | MolMotif(carboxylic_acid): 1000 molecules (500 positive), mask = matched atoms grown by 1 bond(s)
2026-08-05 23:58:42,684 | INFO    | molsanity | Loaded MolMotif: 1000 molecules with exact node ground truth
2026-08-05 23:58:43,102 | INFO    | molsanity | Scaffold split: 671 scaffolds over 1000 molecules (233 scaffold-less, 39.1% of molecules in multi-member groups) -> train 600 / val 100 / test 300
2026-08-05 23:58:43,122 | INFO    | molsanity | Loaded existing checkpoint gine_f887ff00458eaa57.pt
2026-08-05 23:58:43,142 | INFO    | molsanity | [cell MolMotifHard__GINE__SubgraphX__scaffold] auditing 200 molecules (capped from 300)
2026-08-05 23:58:43,145 | INFO    | molsanity | [cell MolMotifHard__GINE__SubgraphX__scaffold] auditing on 12 worker processes (CPU)
2026-08-06 00:51:19,961 | INFO    | molsanity | [cell MolMotifHard__GINE__SubgraphX__scaffold] 200 molecules in 52.6 min (15.78s each, 12 workers)
2026-08-06 00:51:20,488 | INFO    | molsanity | Wrote GT-validation figure: artifacts/figures/MolMotifHard__GINE__SubgraphX__scaffold/gt_validation.pdf (+ .svg)
2026-08-06 00:51:20,502 | INFO    | molsanity | Wrote molecule attribution SVG: artifacts/figures/MolMotifHard__GINE__SubgraphX__scaffold/case_molecule.svg (GT atoms: [7, 8, 9, 10, 19, 20, 21, 22, 45, 47, 48, 49])
2026-08-06 00:51:20,875 | INFO    | molsanity | [cell MolMotifHard__GINE__SubgraphX__scaffold__seed1] DONE — acc=0.89 gt_auroc=0.5365574538065653 n=200 (capped)
2026-08-06 00:51:20,883 | INFO    | molsanity | [stage cell_MolMotifHard__GINE__SubgraphX__scaffold__seed2] config changed (e15aa1930f50b977 -> aa3096390fb3c517) — rerunning
2026-08-06 00:51:20,884 | INFO    | molsanity | [stage cell_MolMotifHard__GINE__SubgraphX__scaffold__seed2] running (aa3096390fb3c517)
2026-08-06 00:51:22,818 | INFO    | molsanity | Tox21: reduced to single task #0 (NR-AR), 7258 labelled molecules
2026-08-06 00:51:23,058 | INFO    | molsanity | Loaded Tox21: 7258 graphs, checksum 09988a6b0bfc
2026-08-06 00:51:24,767 | INFO    | molsanity | MolMotif(carboxylic_acid): 1000 molecules (500 positive), mask = matched atoms grown by 1 bond(s)
2026-08-06 00:51:24,808 | INFO    | molsanity | Loaded MolMotif: 1000 molecules with exact node ground truth
2026-08-06 00:51:25,225 | INFO    | molsanity | Scaffold split: 671 scaffolds over 1000 molecules (233 scaffold-less, 39.1% of molecules in multi-member groups) -> train 600 / val 100 / test 300
2026-08-06 00:51:25,247 | INFO    | molsanity | Loaded existing checkpoint gine_87e4d1105d1009b1.pt
2026-08-06 00:51:25,266 | INFO    | molsanity | [cell MolMotifHard__GINE__SubgraphX__scaffold] auditing 200 molecules (capped from 300)
2026-08-06 00:51:25,268 | INFO    | molsanity | [cell MolMotifHard__GINE__SubgraphX__scaffold] auditing on 12 worker processes (CPU)
2026-08-06 01:43:40,215 | INFO    | molsanity | [cell MolMotifHard__GINE__SubgraphX__scaffold] 200 molecules in 52.2 min (15.67s each, 12 workers)
2026-08-06 01:43:40,727 | INFO    | molsanity | Wrote GT-validation figure: artifacts/figures/MolMotifHard__GINE__SubgraphX__scaffold/gt_validation.pdf (+ .svg)
2026-08-06 01:43:40,741 | INFO    | molsanity | Wrote molecule attribution SVG: artifacts/figures/MolMotifHard__GINE__SubgraphX__scaffold/case_molecule.svg (GT atoms: [7, 8, 9, 10, 19, 20, 21, 22, 45, 47, 48, 49])
2026-08-06 01:43:41,123 | INFO    | molsanity | [cell MolMotifHard__GINE__SubgraphX__scaffold__seed2] DONE — acc=0.82 gt_auroc=0.44317061966589766 n=200 (capped)
2026-08-06 01:43:41,359 | INFO    | molsanity | [stage cell_MolMotifHard__GINE__SubgraphX__random__seed0] cache hit (6ef6e0e6039f9cb2) — skipping
2026-08-06 01:43:41,359 | INFO    | molsanity | [cell MolMotifHard__GINE__SubgraphX__random__seed0] DONE — acc=0.89 gt_auroc=0.3624728793326058 n=200 (capped) [cached]
2026-08-06 01:43:41,543 | INFO    | molsanity | [stage cell_MolMotifHard__GINE__SubgraphX__random__seed1] cache hit (14930d443953b48e) — skipping
2026-08-06 01:43:41,543 | INFO    | molsanity | [cell MolMotifHard__GINE__SubgraphX__random__seed1] DONE — acc=0.97 gt_auroc=0.44194322264471236 n=200 (capped) [cached]
2026-08-06 01:43:41,777 | INFO    | molsanity | [stage cell_MolMotifHard__GINE__SubgraphX__random__seed2] cache hit (163febe666c8f7ee) — skipping
2026-08-06 01:43:41,777 | INFO    | molsanity | [cell MolMotifHard__GINE__SubgraphX__random__seed2] DONE — acc=0.95 gt_auroc=0.4207801437829535 n=200 (capped) [cached]
2026-08-06 01:43:41,785 | INFO    | molsanity | [stage cell_MolMotifHard__GCN__IntegratedGradients__scaffold__seed0] config changed (b1ad5a1fd93caf66 -> 3c85d5086bd8f6af) — rerunning
2026-08-06 01:43:41,785 | INFO    | molsanity | [stage cell_MolMotifHard__GCN__IntegratedGradients__scaffold__seed0] running (3c85d5086bd8f6af)
2026-08-06 01:43:43,683 | INFO    | molsanity | Tox21: reduced to single task #0 (NR-AR), 7258 labelled molecules
2026-08-06 01:43:43,924 | INFO    | molsanity | Loaded Tox21: 7258 graphs, checksum 09988a6b0bfc
2026-08-06 01:43:45,643 | INFO    | molsanity | MolMotif(carboxylic_acid): 1000 molecules (500 positive), mask = matched atoms grown by 1 bond(s)
2026-08-06 01:43:45,682 | INFO    | molsanity | Loaded MolMotif: 1000 molecules with exact node ground truth
2026-08-06 01:43:46,099 | INFO    | molsanity | Scaffold split: 671 scaffolds over 1000 molecules (233 scaffold-less, 39.1% of molecules in multi-member groups) -> train 600 / val 100 / test 300
2026-08-06 01:43:46,389 | INFO    | molsanity | Loaded existing checkpoint gcn_1be275997f004486.pt
2026-08-06 01:43:46,736 | INFO    | molsanity | [cell MolMotifHard__GCN__IntegratedGradients__scaffold] auditing 200 molecules (capped from 300)
2026-08-06 01:43:46,739 | INFO    | molsanity | [cell MolMotifHard__GCN__IntegratedGradients__scaffold] auditing on 12 worker processes (CPU)
2026-08-06 01:43:47,118 | WARNING | molsanity | [cell MolMotifHard__GCN__IntegratedGradients__scaffold] worker pool failed (RuntimeError: Unable to handle autograd's threading in combination with fork-based multiprocessing. See https://github.com/pytorch/pytorch/wiki/Autograd-and-Fork) — falling back to the serial path for this cell
2026-08-06 01:44:47,612 | INFO    | molsanity | [cell MolMotifHard__GCN__IntegratedGradients__scaffold] 104/200 molecules (0.6s each, ~1 min left)
2026-08-06 01:45:44,251 | INFO    | molsanity | Wrote GT-validation figure: artifacts/figures/MolMotifHard__GCN__IntegratedGradients__scaffold/gt_validation.pdf (+ .svg)
2026-08-06 01:45:44,589 | INFO    | molsanity | Wrote molecule attribution SVG: artifacts/figures/MolMotifHard__GCN__IntegratedGradients__scaffold/case_molecule.svg (GT atoms: [7, 8, 9, 10, 19, 20, 21, 22, 45, 47, 48, 49])
2026-08-06 01:45:45,515 | INFO    | molsanity | [cell MolMotifHard__GCN__IntegratedGradients__scaffold__seed0] DONE — acc=0.89 gt_auroc=0.910099792601565 n=200 (capped)
2026-08-06 01:45:45,523 | INFO    | molsanity | [stage cell_MolMotifHard__GCN__IntegratedGradients__scaffold__seed1] config changed (026dc3025b397123 -> b38a8bd45ac56f16) — rerunning
2026-08-06 01:45:45,523 | INFO    | molsanity | [stage cell_MolMotifHard__GCN__IntegratedGradients__scaffold__seed1] running (b38a8bd45ac56f16)
2026-08-06 01:45:47,425 | INFO    | molsanity | Tox21: reduced to single task #0 (NR-AR), 7258 labelled molecules
2026-08-06 01:45:47,666 | INFO    | molsanity | Loaded Tox21: 7258 graphs, checksum 09988a6b0bfc
2026-08-06 01:45:49,376 | INFO    | molsanity | MolMotif(carboxylic_acid): 1000 molecules (500 positive), mask = matched atoms grown by 1 bond(s)
2026-08-06 01:45:49,416 | INFO    | molsanity | Loaded MolMotif: 1000 molecules with exact node ground truth
2026-08-06 01:45:49,835 | INFO    | molsanity | Scaffold split: 671 scaffolds over 1000 molecules (233 scaffold-less, 39.1% of molecules in multi-member groups) -> train 600 / val 100 / test 300
2026-08-06 01:45:50,167 | INFO    | molsanity | Loaded existing checkpoint gcn_e31a7ccd51791c64.pt
2026-08-06 01:45:50,402 | INFO    | molsanity | [cell MolMotifHard__GCN__IntegratedGradients__scaffold] auditing 200 molecules (capped from 300)
2026-08-06 01:45:50,404 | INFO    | molsanity | [cell MolMotifHard__GCN__IntegratedGradients__scaffold] auditing on 12 worker processes (CPU)
2026-08-06 01:45:50,798 | WARNING | molsanity | [cell MolMotifHard__GCN__IntegratedGradients__scaffold] worker pool failed (RuntimeError: Unable to handle autograd's threading in combination with fork-based multiprocessing. See https://github.com/pytorch/pytorch/wiki/Autograd-and-Fork) — falling back to the serial path for this cell
2026-08-06 01:46:51,292 | INFO    | molsanity | [cell MolMotifHard__GCN__IntegratedGradients__scaffold] 103/200 molecules (0.6s each, ~1 min left)
2026-08-06 01:47:49,129 | INFO    | molsanity | Wrote GT-validation figure: artifacts/figures/MolMotifHard__GCN__IntegratedGradients__scaffold/gt_validation.pdf (+ .svg)
2026-08-06 01:47:49,143 | INFO    | molsanity | Wrote molecule attribution SVG: artifacts/figures/MolMotifHard__GCN__IntegratedGradients__scaffold/case_molecule.svg (GT atoms: [7, 8, 9, 10, 19, 20, 21, 22, 45, 47, 48, 49])
2026-08-06 01:47:49,520 | INFO    | molsanity | [cell MolMotifHard__GCN__IntegratedGradients__scaffold__seed1] DONE — acc=0.87 gt_auroc=0.7155950795348857 n=200 (capped)
2026-08-06 01:47:49,529 | INFO    | molsanity | [stage cell_MolMotifHard__GCN__IntegratedGradients__scaffold__seed2] config changed (39e1a084a080f415 -> 41a319244530eb0f) — rerunning
2026-08-06 01:47:49,530 | INFO    | molsanity | [stage cell_MolMotifHard__GCN__IntegratedGradients__scaffold__seed2] running (41a319244530eb0f)
2026-08-06 01:47:51,410 | INFO    | molsanity | Tox21: reduced to single task #0 (NR-AR), 7258 labelled molecules
2026-08-06 01:47:51,649 | INFO    | molsanity | Loaded Tox21: 7258 graphs, checksum 09988a6b0bfc
2026-08-06 01:47:53,365 | INFO    | molsanity | MolMotif(carboxylic_acid): 1000 molecules (500 positive), mask = matched atoms grown by 1 bond(s)
2026-08-06 01:47:53,406 | INFO    | molsanity | Loaded MolMotif: 1000 molecules with exact node ground truth
2026-08-06 01:47:53,828 | INFO    | molsanity | Scaffold split: 671 scaffolds over 1000 molecules (233 scaffold-less, 39.1% of molecules in multi-member groups) -> train 600 / val 100 / test 300
2026-08-06 01:47:54,146 | INFO    | molsanity | Loaded existing checkpoint gcn_5cd787f93067a514.pt
2026-08-06 01:47:54,458 | INFO    | molsanity | [cell MolMotifHard__GCN__IntegratedGradients__scaffold] auditing 200 molecules (capped from 300)
2026-08-06 01:47:54,461 | INFO    | molsanity | [cell MolMotifHard__GCN__IntegratedGradients__scaffold] auditing on 12 worker processes (CPU)
2026-08-06 01:47:54,860 | WARNING | molsanity | [cell MolMotifHard__GCN__IntegratedGradients__scaffold] worker pool failed (RuntimeError: Unable to handle autograd's threading in combination with fork-based multiprocessing. See https://github.com/pytorch/pytorch/wiki/Autograd-and-Fork) — falling back to the serial path for this cell
2026-08-06 01:48:55,413 | INFO    | molsanity | [cell MolMotifHard__GCN__IntegratedGradients__scaffold] 104/200 molecules (0.6s each, ~1 min left)
2026-08-06 01:49:52,359 | INFO    | molsanity | Wrote GT-validation figure: artifacts/figures/MolMotifHard__GCN__IntegratedGradients__scaffold/gt_validation.pdf (+ .svg)
2026-08-06 01:49:52,373 | INFO    | molsanity | Wrote molecule attribution SVG: artifacts/figures/MolMotifHard__GCN__IntegratedGradients__scaffold/case_molecule.svg (GT atoms: [7, 8, 9, 10, 19, 20, 21, 22, 45, 47, 48, 49])
2026-08-06 01:49:52,747 | INFO    | molsanity | [cell MolMotifHard__GCN__IntegratedGradients__scaffold__seed2] DONE — acc=0.78 gt_auroc=0.9723231275366908 n=200 (capped)
2026-08-06 01:49:53,079 | INFO    | molsanity | [stage cell_MolMotifHard__GCN__IntegratedGradients__random__seed0] cache hit (77a7ff7a93cb04fd) — skipping
2026-08-06 01:49:53,079 | INFO    | molsanity | [cell MolMotifHard__GCN__IntegratedGradients__random__seed0] DONE — acc=0.91 gt_auroc=0.8503340759497364 n=200 (capped) [cached]
2026-08-06 01:49:53,302 | INFO    | molsanity | [stage cell_MolMotifHard__GCN__IntegratedGradients__random__seed1] cache hit (c5e69f3e8583fd72) — skipping
2026-08-06 01:49:53,302 | INFO    | molsanity | [cell MolMotifHard__GCN__IntegratedGradients__random__seed1] DONE — acc=0.77 gt_auroc=0.9456413768475541 n=200 (capped) [cached]
2026-08-06 01:49:53,634 | INFO    | molsanity | [stage cell_MolMotifHard__GCN__IntegratedGradients__random__seed2] cache hit (7f68c258903929bf) — skipping
2026-08-06 01:49:53,634 | INFO    | molsanity | [cell MolMotifHard__GCN__IntegratedGradients__random__seed2] DONE — acc=0.97 gt_auroc=0.9084014342848091 n=200 (capped) [cached]
2026-08-06 01:49:53,642 | INFO    | molsanity | [stage cell_MolMotifHard__GAT__IntegratedGradients__scaffold__seed0] config changed (7f1b224025ba2711 -> 95616a6a62ec5b4b) — rerunning
2026-08-06 01:49:53,642 | INFO    | molsanity | [stage cell_MolMotifHard__GAT__IntegratedGradients__scaffold__seed0] running (95616a6a62ec5b4b)
2026-08-06 01:49:55,551 | INFO    | molsanity | Tox21: reduced to single task #0 (NR-AR), 7258 labelled molecules
2026-08-06 01:49:55,796 | INFO    | molsanity | Loaded Tox21: 7258 graphs, checksum 09988a6b0bfc
2026-08-06 01:49:57,584 | INFO    | molsanity | MolMotif(carboxylic_acid): 1000 molecules (500 positive), mask = matched atoms grown by 1 bond(s)
2026-08-06 01:49:57,626 | INFO    | molsanity | Loaded MolMotif: 1000 molecules with exact node ground truth
2026-08-06 01:49:58,066 | INFO    | molsanity | Scaffold split: 671 scaffolds over 1000 molecules (233 scaffold-less, 39.1% of molecules in multi-member groups) -> train 600 / val 100 / test 300
2026-08-06 01:49:58,437 | INFO    | molsanity | Loaded existing checkpoint gat_1ca293bd2de576ab.pt
2026-08-06 01:49:58,691 | INFO    | molsanity | [cell MolMotifHard__GAT__IntegratedGradients__scaffold] auditing 200 molecules (capped from 300)
2026-08-06 01:49:58,695 | INFO    | molsanity | [cell MolMotifHard__GAT__IntegratedGradients__scaffold] auditing on 12 worker processes (CPU)
2026-08-06 01:49:59,092 | WARNING | molsanity | [cell MolMotifHard__GAT__IntegratedGradients__scaffold] worker pool failed (RuntimeError: Unable to handle autograd's threading in combination with fork-based multiprocessing. See https://github.com/pytorch/pytorch/wiki/Autograd-and-Fork) — falling back to the serial path for this cell
2026-08-06 01:50:59,452 | INFO    | molsanity | [cell MolMotifHard__GAT__IntegratedGradients__scaffold] 67/200 molecules (0.9s each, ~2 min left)
2026-08-06 01:52:00,127 | INFO    | molsanity | [cell MolMotifHard__GAT__IntegratedGradients__scaffold] 133/200 molecules (0.9s each, ~1 min left)
2026-08-06 01:53:00,653 | INFO    | molsanity | [cell MolMotifHard__GAT__IntegratedGradients__scaffold] 199/200 molecules (0.9s each, ~0 min left)
2026-08-06 01:53:03,063 | INFO    | molsanity | Wrote GT-validation figure: artifacts/figures/MolMotifHard__GAT__IntegratedGradients__scaffold/gt_validation.pdf (+ .svg)
2026-08-06 01:53:03,334 | INFO    | molsanity | Wrote molecule attribution SVG: artifacts/figures/MolMotifHard__GAT__IntegratedGradients__scaffold/case_molecule.svg (GT atoms: [7, 8, 9, 10, 19, 20, 21, 22, 45, 47, 48, 49])
2026-08-06 01:53:04,244 | INFO    | molsanity | [cell MolMotifHard__GAT__IntegratedGradients__scaffold__seed0] DONE — acc=0.96 gt_auroc=0.9081808445474281 n=200 (capped)
2026-08-06 01:53:04,253 | INFO    | molsanity | [stage cell_MolMotifHard__GAT__IntegratedGradients__scaffold__seed1] config changed (81ab4d5d64168f48 -> edd7f44c07c96d94) — rerunning
2026-08-06 01:53:04,253 | INFO    | molsanity | [stage cell_MolMotifHard__GAT__IntegratedGradients__scaffold__seed1] running (edd7f44c07c96d94)
2026-08-06 01:53:06,160 | INFO    | molsanity | Tox21: reduced to single task #0 (NR-AR), 7258 labelled molecules
2026-08-06 01:53:06,417 | INFO    | molsanity | Loaded Tox21: 7258 graphs, checksum 09988a6b0bfc
2026-08-06 01:53:08,161 | INFO    | molsanity | MolMotif(carboxylic_acid): 1000 molecules (500 positive), mask = matched atoms grown by 1 bond(s)
2026-08-06 01:53:08,204 | INFO    | molsanity | Loaded MolMotif: 1000 molecules with exact node ground truth
2026-08-06 01:53:08,631 | INFO    | molsanity | Scaffold split: 671 scaffolds over 1000 molecules (233 scaffold-less, 39.1% of molecules in multi-member groups) -> train 600 / val 100 / test 300
2026-08-06 01:53:08,948 | INFO    | molsanity | Loaded existing checkpoint gat_bb5d81003111651c.pt
2026-08-06 01:53:09,235 | INFO    | molsanity | [cell MolMotifHard__GAT__IntegratedGradients__scaffold] auditing 200 molecules (capped from 300)
2026-08-06 01:53:09,238 | INFO    | molsanity | [cell MolMotifHard__GAT__IntegratedGradients__scaffold] auditing on 12 worker processes (CPU)
2026-08-06 01:53:09,627 | WARNING | molsanity | [cell MolMotifHard__GAT__IntegratedGradients__scaffold] worker pool failed (RuntimeError: Unable to handle autograd's threading in combination with fork-based multiprocessing. See https://github.com/pytorch/pytorch/wiki/Autograd-and-Fork) — falling back to the serial path for this cell
2026-08-06 01:54:10,265 | INFO    | molsanity | [cell MolMotifHard__GAT__IntegratedGradients__scaffold] 68/200 molecules (0.9s each, ~2 min left)
2026-08-06 01:55:11,157 | INFO    | molsanity | [cell MolMotifHard__GAT__IntegratedGradients__scaffold] 136/200 molecules (0.9s each, ~1 min left)
2026-08-06 01:56:09,331 | INFO    | molsanity | Wrote GT-validation figure: artifacts/figures/MolMotifHard__GAT__IntegratedGradients__scaffold/gt_validation.pdf (+ .svg)
2026-08-06 01:56:09,345 | INFO    | molsanity | Wrote molecule attribution SVG: artifacts/figures/MolMotifHard__GAT__IntegratedGradients__scaffold/case_molecule.svg (GT atoms: [7, 8, 9, 10, 19, 20, 21, 22, 45, 47, 48, 49])
2026-08-06 01:56:09,605 | INFO    | molsanity | [cell MolMotifHard__GAT__IntegratedGradients__scaffold__seed1] DONE — acc=0.95 gt_auroc=0.732434802512263 n=200 (capped)
2026-08-06 01:56:09,615 | INFO    | molsanity | [stage cell_MolMotifHard__GAT__IntegratedGradients__scaffold__seed2] config changed (53d98cf4eddcff3e -> e4d0e14e7d8ec481) — rerunning
2026-08-06 01:56:09,615 | INFO    | molsanity | [stage cell_MolMotifHard__GAT__IntegratedGradients__scaffold__seed2] running (e4d0e14e7d8ec481)
2026-08-06 01:56:11,513 | INFO    | molsanity | Tox21: reduced to single task #0 (NR-AR), 7258 labelled molecules
2026-08-06 01:56:11,756 | INFO    | molsanity | Loaded Tox21: 7258 graphs, checksum 09988a6b0bfc
2026-08-06 01:56:13,480 | INFO    | molsanity | MolMotif(carboxylic_acid): 1000 molecules (500 positive), mask = matched atoms grown by 1 bond(s)
2026-08-06 01:56:13,520 | INFO    | molsanity | Loaded MolMotif: 1000 molecules with exact node ground truth
2026-08-06 01:56:13,941 | INFO    | molsanity | Scaffold split: 671 scaffolds over 1000 molecules (233 scaffold-less, 39.1% of molecules in multi-member groups) -> train 600 / val 100 / test 300
2026-08-06 01:56:14,274 | INFO    | molsanity | Loaded existing checkpoint gat_73e2651b96f71083.pt
2026-08-06 01:56:14,522 | INFO    | molsanity | [cell MolMotifHard__GAT__IntegratedGradients__scaffold] auditing 200 molecules (capped from 300)
2026-08-06 01:56:14,525 | INFO    | molsanity | [cell MolMotifHard__GAT__IntegratedGradients__scaffold] auditing on 12 worker processes (CPU)
2026-08-06 01:56:14,916 | WARNING | molsanity | [cell MolMotifHard__GAT__IntegratedGradients__scaffold] worker pool failed (RuntimeError: Unable to handle autograd's threading in combination with fork-based multiprocessing. See https://github.com/pytorch/pytorch/wiki/Autograd-and-Fork) — falling back to the serial path for this cell
2026-08-06 01:57:14,984 | INFO    | molsanity | [cell MolMotifHard__GAT__IntegratedGradients__scaffold] 68/200 molecules (0.9s each, ~2 min left)
2026-08-06 01:58:15,626 | INFO    | molsanity | [cell MolMotifHard__GAT__IntegratedGradients__scaffold] 136/200 molecules (0.9s each, ~1 min left)
2026-08-06 01:59:12,850 | INFO    | molsanity | Wrote GT-validation figure: artifacts/figures/MolMotifHard__GAT__IntegratedGradients__scaffold/gt_validation.pdf (+ .svg)
2026-08-06 01:59:12,871 | INFO    | molsanity | Wrote molecule attribution SVG: artifacts/figures/MolMotifHard__GAT__IntegratedGradients__scaffold/case_molecule.svg (GT atoms: [7, 8, 9, 10, 19, 20, 21, 22, 45, 47, 48, 49])
2026-08-06 01:59:13,154 | INFO    | molsanity | [cell MolMotifHard__GAT__IntegratedGradients__scaffold__seed2] DONE — acc=0.96 gt_auroc=0.781639759296402 n=200 (capped)
2026-08-06 01:59:13,382 | INFO    | molsanity | [stage cell_MolMotifHard__GAT__IntegratedGradients__random__seed0] cache hit (f8e0f9c50e538604) — skipping
2026-08-06 01:59:13,382 | INFO    | molsanity | [cell MolMotifHard__GAT__IntegratedGradients__random__seed0] DONE — acc=0.98 gt_auroc=0.9287071735238328 n=200 (capped) [cached]
2026-08-06 01:59:13,702 | INFO    | molsanity | [stage cell_MolMotifHard__GAT__IntegratedGradients__random__seed1] cache hit (9de412c400335b63) — skipping
2026-08-06 01:59:13,702 | INFO    | molsanity | [cell MolMotifHard__GAT__IntegratedGradients__random__seed1] DONE — acc=0.92 gt_auroc=0.6633164534493319 n=200 (capped) [cached]
2026-08-06 01:59:14,023 | INFO    | molsanity | [stage cell_MolMotifHard__GAT__IntegratedGradients__random__seed2] cache hit (e6e3d259a1061612) — skipping
2026-08-06 01:59:14,023 | INFO    | molsanity | [cell MolMotifHard__GAT__IntegratedGradients__random__seed2] DONE — acc=0.99 gt_auroc=0.7878621890463006 n=200 (capped) [cached]
2026-08-06 01:59:14,031 | INFO    | molsanity | [stage cell_MolMotifHard__MPNN__IntegratedGradients__scaffold__seed0] config changed (2d7e654677a235bf -> a61de47fa3574fdd) — rerunning
2026-08-06 01:59:14,031 | INFO    | molsanity | [stage cell_MolMotifHard__MPNN__IntegratedGradients__scaffold__seed0] running (a61de47fa3574fdd)
2026-08-06 01:59:15,901 | INFO    | molsanity | Tox21: reduced to single task #0 (NR-AR), 7258 labelled molecules
2026-08-06 01:59:16,141 | INFO    | molsanity | Loaded Tox21: 7258 graphs, checksum 09988a6b0bfc
2026-08-06 01:59:17,863 | INFO    | molsanity | MolMotif(carboxylic_acid): 1000 molecules (500 positive), mask = matched atoms grown by 1 bond(s)
2026-08-06 01:59:17,905 | INFO    | molsanity | Loaded MolMotif: 1000 molecules with exact node ground truth
2026-08-06 01:59:18,324 | INFO    | molsanity | Scaffold split: 671 scaffolds over 1000 molecules (233 scaffold-less, 39.1% of molecules in multi-member groups) -> train 600 / val 100 / test 300
2026-08-06 01:59:20,260 | INFO    | molsanity | Loaded existing checkpoint mpnn_f7ccd95cb2d7ff5f.pt
2026-08-06 01:59:21,324 | INFO    | molsanity | [cell MolMotifHard__MPNN__IntegratedGradients__scaffold] auditing 200 molecules (capped from 300)
2026-08-06 01:59:21,329 | INFO    | molsanity | [cell MolMotifHard__MPNN__IntegratedGradients__scaffold] auditing on 12 worker processes (CPU)
2026-08-06 01:59:21,722 | WARNING | molsanity | [cell MolMotifHard__MPNN__IntegratedGradients__scaffold] worker pool failed (RuntimeError: Unable to handle autograd's threading in combination with fork-based multiprocessing. See https://github.com/pytorch/pytorch/wiki/Autograd-and-Fork) — falling back to the serial path for this cell
2026-08-06 02:00:22,083 | INFO    | molsanity | [cell MolMotifHard__MPNN__IntegratedGradients__scaffold] 96/200 molecules (0.6s each, ~1 min left)
2026-08-06 02:01:22,586 | INFO    | molsanity | [cell MolMotifHard__MPNN__IntegratedGradients__scaffold] 192/200 molecules (0.6s each, ~0 min left)
2026-08-06 02:01:29,944 | INFO    | molsanity | Wrote GT-validation figure: artifacts/figures/MolMotifHard__MPNN__IntegratedGradients__scaffold/gt_validation.pdf (+ .svg)
2026-08-06 02:01:30,288 | INFO    | molsanity | Wrote molecule attribution SVG: artifacts/figures/MolMotifHard__MPNN__IntegratedGradients__scaffold/case_molecule.svg (GT atoms: [7, 8, 9, 10, 19, 20, 21, 22, 45, 47, 48, 49])
2026-08-06 02:01:31,291 | INFO    | molsanity | [cell MolMotifHard__MPNN__IntegratedGradients__scaffold__seed0] DONE — acc=0.98 gt_auroc=0.976133801654066 n=200 (capped)
2026-08-06 02:01:31,299 | INFO    | molsanity | [stage cell_MolMotifHard__MPNN__IntegratedGradients__scaffold__seed1] config changed (630dfecad3893b85 -> 1899c044ade39cf1) — rerunning
2026-08-06 02:01:31,299 | INFO    | molsanity | [stage cell_MolMotifHard__MPNN__IntegratedGradients__scaffold__seed1] running (1899c044ade39cf1)
2026-08-06 02:01:33,148 | INFO    | molsanity | Tox21: reduced to single task #0 (NR-AR), 7258 labelled molecules
2026-08-06 02:01:33,401 | INFO    | molsanity | Loaded Tox21: 7258 graphs, checksum 09988a6b0bfc
2026-08-06 02:01:35,098 | INFO    | molsanity | MolMotif(carboxylic_acid): 1000 molecules (500 positive), mask = matched atoms grown by 1 bond(s)
2026-08-06 02:01:35,138 | INFO    | molsanity | Loaded MolMotif: 1000 molecules with exact node ground truth
2026-08-06 02:01:35,552 | INFO    | molsanity | Scaffold split: 671 scaffolds over 1000 molecules (233 scaffold-less, 39.1% of molecules in multi-member groups) -> train 600 / val 100 / test 300
2026-08-06 02:01:36,427 | INFO    | molsanity | Loaded existing checkpoint mpnn_c0f9acfc58474a48.pt
2026-08-06 02:01:37,161 | INFO    | molsanity | [cell MolMotifHard__MPNN__IntegratedGradients__scaffold] auditing 200 molecules (capped from 300)
2026-08-06 02:01:37,166 | INFO    | molsanity | [cell MolMotifHard__MPNN__IntegratedGradients__scaffold] auditing on 12 worker processes (CPU)
2026-08-06 02:01:37,565 | WARNING | molsanity | [cell MolMotifHard__MPNN__IntegratedGradients__scaffold] worker pool failed (RuntimeError: Unable to handle autograd's threading in combination with fork-based multiprocessing. See https://github.com/pytorch/pytorch/wiki/Autograd-and-Fork) — falling back to the serial path for this cell
2026-08-06 02:02:37,660 | INFO    | molsanity | [cell MolMotifHard__MPNN__IntegratedGradients__scaffold] 94/200 molecules (0.6s each, ~1 min left)
2026-08-06 02:03:37,931 | INFO    | molsanity | [cell MolMotifHard__MPNN__IntegratedGradients__scaffold] 189/200 molecules (0.6s each, ~0 min left)
2026-08-06 02:03:46,239 | INFO    | molsanity | Wrote GT-validation figure: artifacts/figures/MolMotifHard__MPNN__IntegratedGradients__scaffold/gt_validation.pdf (+ .svg)
2026-08-06 02:03:46,252 | INFO    | molsanity | Wrote molecule attribution SVG: artifacts/figures/MolMotifHard__MPNN__IntegratedGradients__scaffold/case_molecule.svg (GT atoms: [7, 8, 9, 10, 19, 20, 21, 22, 45, 47, 48, 49])
2026-08-06 02:03:46,760 | INFO    | molsanity | [cell MolMotifHard__MPNN__IntegratedGradients__scaffold__seed1] DONE — acc=0.98 gt_auroc=0.9377983658446041 n=200 (capped)
2026-08-06 02:03:46,768 | INFO    | molsanity | [stage cell_MolMotifHard__MPNN__IntegratedGradients__scaffold__seed2] config changed (35051b177d85a1b2 -> 88381dab186d9c96) — rerunning
2026-08-06 02:03:46,768 | INFO    | molsanity | [stage cell_MolMotifHard__MPNN__IntegratedGradients__scaffold__seed2] running (88381dab186d9c96)
2026-08-06 02:03:48,686 | INFO    | molsanity | Tox21: reduced to single task #0 (NR-AR), 7258 labelled molecules
2026-08-06 02:03:48,931 | INFO    | molsanity | Loaded Tox21: 7258 graphs, checksum 09988a6b0bfc
2026-08-06 02:03:50,723 | INFO    | molsanity | MolMotif(carboxylic_acid): 1000 molecules (500 positive), mask = matched atoms grown by 1 bond(s)
2026-08-06 02:03:50,763 | INFO    | molsanity | Loaded MolMotif: 1000 molecules with exact node ground truth
2026-08-06 02:03:51,190 | INFO    | molsanity | Scaffold split: 671 scaffolds over 1000 molecules (233 scaffold-less, 39.1% of molecules in multi-member groups) -> train 600 / val 100 / test 300
2026-08-06 02:03:52,535 | INFO    | molsanity | Loaded existing checkpoint mpnn_bf2167e8379b8d37.pt
2026-08-06 02:03:53,458 | INFO    | molsanity | [cell MolMotifHard__MPNN__IntegratedGradients__scaffold] auditing 200 molecules (capped from 300)
2026-08-06 02:03:53,462 | INFO    | molsanity | [cell MolMotifHard__MPNN__IntegratedGradients__scaffold] auditing on 12 worker processes (CPU)
2026-08-06 02:03:53,852 | WARNING | molsanity | [cell MolMotifHard__MPNN__IntegratedGradients__scaffold] worker pool failed (RuntimeError: Unable to handle autograd's threading in combination with fork-based multiprocessing. See https://github.com/pytorch/pytorch/wiki/Autograd-and-Fork) — falling back to the serial path for this cell
2026-08-06 02:04:53,921 | INFO    | molsanity | [cell MolMotifHard__MPNN__IntegratedGradients__scaffold] 91/200 molecules (0.7s each, ~1 min left)
2026-08-06 02:05:54,468 | INFO    | molsanity | [cell MolMotifHard__MPNN__IntegratedGradients__scaffold] 185/200 molecules (0.7s each, ~0 min left)
2026-08-06 02:06:05,286 | INFO    | molsanity | Wrote GT-validation figure: artifacts/figures/MolMotifHard__MPNN__IntegratedGradients__scaffold/gt_validation.pdf (+ .svg)
2026-08-06 02:06:05,299 | INFO    | molsanity | Wrote molecule attribution SVG: artifacts/figures/MolMotifHard__MPNN__IntegratedGradients__scaffold/case_molecule.svg (GT atoms: [7, 8, 9, 10, 19, 20, 21, 22, 45, 47, 48, 49])
2026-08-06 02:06:05,643 | INFO    | molsanity | [cell MolMotifHard__MPNN__IntegratedGradients__scaffold__seed2] DONE — acc=0.99 gt_auroc=0.9823198195069943 n=200 (capped)
2026-08-06 02:06:06,019 | INFO    | molsanity | [stage cell_MolMotifHard__MPNN__IntegratedGradients__random__seed0] cache hit (adbdca53a9dd4760) — skipping
2026-08-06 02:06:06,019 | INFO    | molsanity | [cell MolMotifHard__MPNN__IntegratedGradients__random__seed0] DONE — acc=0.97 gt_auroc=0.9231895134305398 n=200 (capped) [cached]
2026-08-06 02:06:06,326 | INFO    | molsanity | [stage cell_MolMotifHard__MPNN__IntegratedGradients__random__seed1] cache hit (ea1071b846a3f5c7) — skipping
2026-08-06 02:06:06,327 | INFO    | molsanity | [cell MolMotifHard__MPNN__IntegratedGradients__random__seed1] DONE — acc=0.98 gt_auroc=0.9678255956108992 n=200 (capped) [cached]
2026-08-06 02:06:06,642 | INFO    | molsanity | [stage cell_MolMotifHard__MPNN__IntegratedGradients__random__seed2] cache hit (6692eb913b28b607) — skipping
2026-08-06 02:06:06,642 | INFO    | molsanity | [cell MolMotifHard__MPNN__IntegratedGradients__random__seed2] DONE — acc=0.77 gt_auroc=0.9693179023534414 n=200 (capped) [cached]
2026-08-06 02:06:06,651 | INFO    | molsanity | [stage cell_MolMotifHard__AttentiveFP__IntegratedGradients__scaffold__seed0] config changed (1774fc60d2653f13 -> 00bee160a260e72f) — rerunning
2026-08-06 02:06:06,651 | INFO    | molsanity | [stage cell_MolMotifHard__AttentiveFP__IntegratedGradients__scaffold__seed0] running (00bee160a260e72f)
2026-08-06 02:06:08,568 | INFO    | molsanity | Tox21: reduced to single task #0 (NR-AR), 7258 labelled molecules
2026-08-06 02:06:08,811 | INFO    | molsanity | Loaded Tox21: 7258 graphs, checksum 09988a6b0bfc
2026-08-06 02:06:10,567 | INFO    | molsanity | MolMotif(carboxylic_acid): 1000 molecules (500 positive), mask = matched atoms grown by 1 bond(s)
2026-08-06 02:06:10,608 | INFO    | molsanity | Loaded MolMotif: 1000 molecules with exact node ground truth
2026-08-06 02:06:11,032 | INFO    | molsanity | Scaffold split: 671 scaffolds over 1000 molecules (233 scaffold-less, 39.1% of molecules in multi-member groups) -> train 600 / val 100 / test 300
2026-08-06 02:06:11,612 | INFO    | molsanity | Loaded existing checkpoint attentivefp_1a9dc5e8676a1b22.pt
2026-08-06 02:06:12,168 | INFO    | molsanity | [cell MolMotifHard__AttentiveFP__IntegratedGradients__scaffold] auditing 200 molecules (capped from 300)
2026-08-06 02:06:12,171 | INFO    | molsanity | [cell MolMotifHard__AttentiveFP__IntegratedGradients__scaffold] auditing on 12 worker processes (CPU)
2026-08-06 02:06:12,602 | WARNING | molsanity | [cell MolMotifHard__AttentiveFP__IntegratedGradients__scaffold] worker pool failed (RuntimeError: Unable to handle autograd's threading in combination with fork-based multiprocessing. See https://github.com/pytorch/pytorch/wiki/Autograd-and-Fork) — falling back to the serial path for this cell
2026-08-06 02:07:12,819 | INFO    | molsanity | [cell MolMotifHard__AttentiveFP__IntegratedGradients__scaffold] 51/200 molecules (1.2s each, ~3 min left)
2026-08-06 02:08:13,440 | INFO    | molsanity | [cell MolMotifHard__AttentiveFP__IntegratedGradients__scaffold] 102/200 molecules (1.2s each, ~2 min left)
2026-08-06 02:09:13,522 | INFO    | molsanity | [cell MolMotifHard__AttentiveFP__IntegratedGradients__scaffold] 153/200 molecules (1.2s each, ~1 min left)
2026-08-06 02:10:10,390 | INFO    | molsanity | Wrote GT-validation figure: artifacts/figures/MolMotifHard__AttentiveFP__IntegratedGradients__scaffold/gt_validation.pdf (+ .svg)
2026-08-06 02:10:10,677 | INFO    | molsanity | Wrote molecule attribution SVG: artifacts/figures/MolMotifHard__AttentiveFP__IntegratedGradients__scaffold/case_molecule.svg (GT atoms: [7, 8, 9, 10, 19, 20, 21, 22, 45, 47, 48, 49])
2026-08-06 02:10:11,568 | INFO    | molsanity | [cell MolMotifHard__AttentiveFP__IntegratedGradients__scaffold__seed0] DONE — acc=0.99 gt_auroc=0.9091646582190515 n=200 (capped)
2026-08-06 02:10:11,577 | INFO    | molsanity | [stage cell_MolMotifHard__AttentiveFP__IntegratedGradients__scaffold__seed1] config changed (1f17701860311dc1 -> bcf7cc77e5e9e55b) — rerunning
2026-08-06 02:10:11,577 | INFO    | molsanity | [stage cell_MolMotifHard__AttentiveFP__IntegratedGradients__scaffold__seed1] running (bcf7cc77e5e9e55b)
2026-08-06 02:10:13,504 | INFO    | molsanity | Tox21: reduced to single task #0 (NR-AR), 7258 labelled molecules
2026-08-06 02:10:13,768 | INFO    | molsanity | Loaded Tox21: 7258 graphs, checksum 09988a6b0bfc
2026-08-06 02:10:15,528 | INFO    | molsanity | MolMotif(carboxylic_acid): 1000 molecules (500 positive), mask = matched atoms grown by 1 bond(s)
2026-08-06 02:10:15,569 | INFO    | molsanity | Loaded MolMotif: 1000 molecules with exact node ground truth
2026-08-06 02:10:15,999 | INFO    | molsanity | Scaffold split: 671 scaffolds over 1000 molecules (233 scaffold-less, 39.1% of molecules in multi-member groups) -> train 600 / val 100 / test 300
2026-08-06 02:10:17,265 | INFO    | molsanity | Loaded existing checkpoint attentivefp_ad6ef7fa261df341.pt
2026-08-06 02:10:18,724 | INFO    | molsanity | [cell MolMotifHard__AttentiveFP__IntegratedGradients__scaffold] auditing 200 molecules (capped from 300)
2026-08-06 02:10:18,727 | INFO    | molsanity | [cell MolMotifHard__AttentiveFP__IntegratedGradients__scaffold] auditing on 12 worker processes (CPU)
2026-08-06 02:10:19,138 | WARNING | molsanity | [cell MolMotifHard__AttentiveFP__IntegratedGradients__scaffold] worker pool failed (RuntimeError: Unable to handle autograd's threading in combination with fork-based multiprocessing. See https://github.com/pytorch/pytorch/wiki/Autograd-and-Fork) — falling back to the serial path for this cell
2026-08-06 02:11:20,004 | INFO    | molsanity | [cell MolMotifHard__AttentiveFP__IntegratedGradients__scaffold] 51/200 molecules (1.2s each, ~3 min left)
2026-08-06 02:12:20,678 | INFO    | molsanity | [cell MolMotifHard__AttentiveFP__IntegratedGradients__scaffold] 103/200 molecules (1.2s each, ~2 min left)
2026-08-06 02:13:21,515 | INFO    | molsanity | [cell MolMotifHard__AttentiveFP__IntegratedGradients__scaffold] 155/200 molecules (1.2s each, ~1 min left)
2026-08-06 02:14:15,441 | INFO    | molsanity | Wrote GT-validation figure: artifacts/figures/MolMotifHard__AttentiveFP__IntegratedGradients__scaffold/gt_validation.pdf (+ .svg)
2026-08-06 02:14:15,454 | INFO    | molsanity | Wrote molecule attribution SVG: artifacts/figures/MolMotifHard__AttentiveFP__IntegratedGradients__scaffold/case_molecule.svg (GT atoms: [7, 8, 9, 10, 19, 20, 21, 22, 45, 47, 48, 49])
2026-08-06 02:14:15,880 | INFO    | molsanity | [cell MolMotifHard__AttentiveFP__IntegratedGradients__scaffold__seed1] DONE — acc=0.98 gt_auroc=0.9174566898057384 n=200 (capped)
2026-08-06 02:14:15,888 | INFO    | molsanity | [stage cell_MolMotifHard__AttentiveFP__IntegratedGradients__scaffold__seed2] config changed (c254280e3e5a2897 -> db6311742e9728ed) — rerunning
2026-08-06 02:14:15,889 | INFO    | molsanity | [stage cell_MolMotifHard__AttentiveFP__IntegratedGradients__scaffold__seed2] running (db6311742e9728ed)
2026-08-06 02:14:17,741 | INFO    | molsanity | Tox21: reduced to single task #0 (NR-AR), 7258 labelled molecules
2026-08-06 02:14:17,982 | INFO    | molsanity | Loaded Tox21: 7258 graphs, checksum 09988a6b0bfc
2026-08-06 02:14:19,687 | INFO    | molsanity | MolMotif(carboxylic_acid): 1000 molecules (500 positive), mask = matched atoms grown by 1 bond(s)
2026-08-06 02:14:19,728 | INFO    | molsanity | Loaded MolMotif: 1000 molecules with exact node ground truth
2026-08-06 02:14:20,146 | INFO    | molsanity | Scaffold split: 671 scaffolds over 1000 molecules (233 scaffold-less, 39.1% of molecules in multi-member groups) -> train 600 / val 100 / test 300
2026-08-06 02:14:22,126 | INFO    | molsanity | Loaded existing checkpoint attentivefp_4dff35c4c84812b1.pt
2026-08-06 02:14:24,420 | INFO    | molsanity | [cell MolMotifHard__AttentiveFP__IntegratedGradients__scaffold] auditing 200 molecules (capped from 300)
2026-08-06 02:14:24,423 | INFO    | molsanity | [cell MolMotifHard__AttentiveFP__IntegratedGradients__scaffold] auditing on 12 worker processes (CPU)
2026-08-06 02:14:24,830 | WARNING | molsanity | [cell MolMotifHard__AttentiveFP__IntegratedGradients__scaffold] worker pool failed (RuntimeError: Unable to handle autograd's threading in combination with fork-based multiprocessing. See https://github.com/pytorch/pytorch/wiki/Autograd-and-Fork) — falling back to the serial path for this cell
2026-08-06 02:15:25,674 | INFO    | molsanity | [cell MolMotifHard__AttentiveFP__IntegratedGradients__scaffold] 53/200 molecules (1.1s each, ~3 min left)
2026-08-06 02:16:26,179 | INFO    | molsanity | [cell MolMotifHard__AttentiveFP__IntegratedGradients__scaffold] 105/200 molecules (1.2s each, ~2 min left)
2026-08-06 02:17:26,895 | INFO    | molsanity | [cell MolMotifHard__AttentiveFP__IntegratedGradients__scaffold] 158/200 molecules (1.2s each, ~1 min left)
2026-08-06 02:18:16,172 | INFO    | molsanity | Wrote GT-validation figure: artifacts/figures/MolMotifHard__AttentiveFP__IntegratedGradients__scaffold/gt_validation.pdf (+ .svg)
2026-08-06 02:18:16,186 | INFO    | molsanity | Wrote molecule attribution SVG: artifacts/figures/MolMotifHard__AttentiveFP__IntegratedGradients__scaffold/case_molecule.svg (GT atoms: [7, 8, 9, 10, 19, 20, 21, 22, 45, 47, 48, 49])
2026-08-06 02:18:16,530 | INFO    | molsanity | [cell MolMotifHard__AttentiveFP__IntegratedGradients__scaffold__seed2] DONE — acc=0.95 gt_auroc=0.8739042665607619 n=200 (capped)
2026-08-06 02:18:16,913 | INFO    | molsanity | [stage cell_MolMotifHard__AttentiveFP__IntegratedGradients__random__seed0] cache hit (30da1717b5271a1b) — skipping
2026-08-06 02:18:16,913 | INFO    | molsanity | [cell MolMotifHard__AttentiveFP__IntegratedGradients__random__seed0] DONE — acc=0.96 gt_auroc=0.9550967454970305 n=200 (capped) [cached]
2026-08-06 02:18:17,271 | INFO    | molsanity | [stage cell_MolMotifHard__AttentiveFP__IntegratedGradients__random__seed1] cache hit (98061def3dc2e7cf) — skipping
2026-08-06 02:18:17,272 | INFO    | molsanity | [cell MolMotifHard__AttentiveFP__IntegratedGradients__random__seed1] DONE — acc=0.98 gt_auroc=0.8776671343352404 n=200 (capped) [cached]
2026-08-06 02:18:17,539 | INFO    | molsanity | [stage cell_MolMotifHard__AttentiveFP__IntegratedGradients__random__seed2] cache hit (2b1d60427a9d82df) — skipping
2026-08-06 02:18:17,539 | INFO    | molsanity | [cell MolMotifHard__AttentiveFP__IntegratedGradients__random__seed2] DONE — acc=0.97 gt_auroc=0.8011116369685078 n=200 (capped) [cached]
2026-08-06 02:18:17,548 | INFO    | molsanity | [stage cell_FluorideCarbonyl__GINE__IntegratedGradients__scaffold__seed0] config changed (99a034fabaf38933 -> f138b43657f6c70e) — rerunning
2026-08-06 02:18:17,548 | INFO    | molsanity | [stage cell_FluorideCarbonyl__GINE__IntegratedGradients__scaffold__seed0] running (f138b43657f6c70e)
2026-08-06 02:18:18,323 | INFO    | molsanity | npz smiles: column 1 parses for 20/20 probed molecules
2026-08-06 02:18:20,224 | INFO    | molsanity | FluorideCarbonyl checksum recorded: fd79a0b656b8
2026-08-06 02:18:20,224 | INFO    | molsanity | Loaded FluorideCarbonyl (GraphXAI FluorideCarbonyl): 1000 molecules (500 positive), 2 dropped for an unscoreable mask, checksum fd79a0b656b8
2026-08-06 02:18:20,703 | INFO    | molsanity | Scaffold split: 722 scaffolds over 1000 molecules (25 scaffold-less, 35.4% of molecules in multi-member groups) -> train 600 / val 100 / test 300
2026-08-06 02:18:25,208 | INFO    | molsanity | Saved early checkpoint @epoch 30 -> gine_17d4e1bf8ca78e8d_early.pt
2026-08-06 02:18:42,825 | INFO    | molsanity | Training done: best val_acc=0.982 @epoch 124 | test_acc=0.947 test_auc=0.979 T=1.020
2026-08-06 02:18:42,839 | INFO    | molsanity | Saved checkpoint gine_17d4e1bf8ca78e8d.pt
2026-08-06 02:18:42,856 | INFO    | molsanity | [cell FluorideCarbonyl__GINE__IntegratedGradients__scaffold] auditing 200 molecules (capped from 300)
2026-08-06 02:18:42,861 | INFO    | molsanity | [cell FluorideCarbonyl__GINE__IntegratedGradients__scaffold] auditing on 12 worker processes (CPU)
2026-08-06 02:18:43,260 | WARNING | molsanity | [cell FluorideCarbonyl__GINE__IntegratedGradients__scaffold] worker pool failed (RuntimeError: Unable to handle autograd's threading in combination with fork-based multiprocessing. See https://github.com/pytorch/pytorch/wiki/Autograd-and-Fork) — falling back to the serial path for this cell
2026-08-06 02:19:43,718 | INFO    | molsanity | [cell FluorideCarbonyl__GINE__IntegratedGradients__scaffold] 119/200 molecules (0.5s each, ~1 min left)
2026-08-06 02:20:26,307 | INFO    | molsanity | Wrote GT-validation figure: artifacts/figures/FluorideCarbonyl__GINE__IntegratedGradients__scaffold/gt_validation.pdf (+ .svg)
2026-08-06 02:20:26,317 | INFO    | molsanity | Wrote molecule attribution SVG: artifacts/figures/FluorideCarbonyl__GINE__IntegratedGradients__scaffold/case_molecule.svg (GT atoms: [])
2026-08-06 02:20:27,234 | INFO    | molsanity | [cell FluorideCarbonyl__GINE__IntegratedGradients__scaffold__seed0] DONE — acc=0.95 gt_auroc=0.7616068858257325 n=200 (capped)
2026-08-06 02:20:27,243 | INFO    | molsanity | [stage cell_FluorideCarbonyl__GINE__IntegratedGradients__scaffold__seed1] config changed (71a75390bb48b432 -> 02b503892ced2c3f) — rerunning
2026-08-06 02:20:27,243 | INFO    | molsanity | [stage cell_FluorideCarbonyl__GINE__IntegratedGradients__scaffold__seed1] running (02b503892ced2c3f)
2026-08-06 02:20:27,755 | INFO    | molsanity | npz smiles: column 1 parses for 20/20 probed molecules
2026-08-06 02:20:29,698 | INFO    | molsanity | Loaded FluorideCarbonyl (GraphXAI FluorideCarbonyl): 1000 molecules (500 positive), 2 dropped for an unscoreable mask, checksum fd79a0b656b8
2026-08-06 02:20:30,187 | INFO    | molsanity | Scaffold split: 722 scaffolds over 1000 molecules (25 scaffold-less, 35.4% of molecules in multi-member groups) -> train 600 / val 100 / test 300
2026-08-06 02:20:34,623 | INFO    | molsanity | Saved early checkpoint @epoch 30 -> gine_73277940317f759d_early.pt
2026-08-06 02:20:52,331 | INFO    | molsanity | Training done: best val_acc=0.996 @epoch 143 | test_acc=0.950 test_auc=0.992 T=0.943
2026-08-06 02:20:52,347 | INFO    | molsanity | Saved checkpoint gine_73277940317f759d.pt
2026-08-06 02:20:52,364 | INFO    | molsanity | [cell FluorideCarbonyl__GINE__IntegratedGradients__scaffold] auditing 200 molecules (capped from 300)
2026-08-06 02:20:52,369 | INFO    | molsanity | [cell FluorideCarbonyl__GINE__IntegratedGradients__scaffold] auditing on 12 worker processes (CPU)
2026-08-06 02:20:52,790 | WARNING | molsanity | [cell FluorideCarbonyl__GINE__IntegratedGradients__scaffold] worker pool failed (RuntimeError: Unable to handle autograd's threading in combination with fork-based multiprocessing. See https://github.com/pytorch/pytorch/wiki/Autograd-and-Fork) — falling back to the serial path for this cell
2026-08-06 02:21:53,032 | INFO    | molsanity | [cell FluorideCarbonyl__GINE__IntegratedGradients__scaffold] 118/200 molecules (0.5s each, ~1 min left)
2026-08-06 02:22:35,582 | INFO    | molsanity | Wrote GT-validation figure: artifacts/figures/FluorideCarbonyl__GINE__IntegratedGradients__scaffold/gt_validation.pdf (+ .svg)
2026-08-06 02:22:35,590 | INFO    | molsanity | Wrote molecule attribution SVG: artifacts/figures/FluorideCarbonyl__GINE__IntegratedGradients__scaffold/case_molecule.svg (GT atoms: [])
2026-08-06 02:22:36,066 | INFO    | molsanity | [cell FluorideCarbonyl__GINE__IntegratedGradients__scaffold__seed1] DONE — acc=0.95 gt_auroc=0.7974007004114879 n=200 (capped)
2026-08-06 02:22:36,076 | INFO    | molsanity | [stage cell_FluorideCarbonyl__GINE__IntegratedGradients__scaffold__seed2] config changed (c2117a6efe47ea34 -> 55387e67e04d857e) — rerunning
2026-08-06 02:22:36,077 | INFO    | molsanity | [stage cell_FluorideCarbonyl__GINE__IntegratedGradients__scaffold__seed2] running (55387e67e04d857e)
2026-08-06 02:22:36,596 | INFO    | molsanity | npz smiles: column 1 parses for 20/20 probed molecules
2026-08-06 02:22:38,504 | INFO    | molsanity | Loaded FluorideCarbonyl (GraphXAI FluorideCarbonyl): 1000 molecules (500 positive), 2 dropped for an unscoreable mask, checksum fd79a0b656b8
2026-08-06 02:22:38,979 | INFO    | molsanity | Scaffold split: 722 scaffolds over 1000 molecules (25 scaffold-less, 35.4% of molecules in multi-member groups) -> train 600 / val 100 / test 300
2026-08-06 02:22:43,347 | INFO    | molsanity | Saved early checkpoint @epoch 30 -> gine_20c6efce23ddf097_early.pt
2026-08-06 02:23:00,904 | INFO    | molsanity | Training done: best val_acc=0.985 @epoch 144 | test_acc=0.957 test_auc=0.984 T=1.317
2026-08-06 02:23:00,925 | INFO    | molsanity | Saved checkpoint gine_20c6efce23ddf097.pt
2026-08-06 02:23:00,942 | INFO    | molsanity | [cell FluorideCarbonyl__GINE__IntegratedGradients__scaffold] auditing 200 molecules (capped from 300)
2026-08-06 02:23:00,947 | INFO    | molsanity | [cell FluorideCarbonyl__GINE__IntegratedGradients__scaffold] auditing on 12 worker processes (CPU)
2026-08-06 02:23:01,374 | WARNING | molsanity | [cell FluorideCarbonyl__GINE__IntegratedGradients__scaffold] worker pool failed (RuntimeError: Unable to handle autograd's threading in combination with fork-based multiprocessing. See https://github.com/pytorch/pytorch/wiki/Autograd-and-Fork) — falling back to the serial path for this cell
2026-08-06 02:24:01,762 | INFO    | molsanity | [cell FluorideCarbonyl__GINE__IntegratedGradients__scaffold] 117/200 molecules (0.5s each, ~1 min left)
2026-08-06 02:24:45,533 | INFO    | molsanity | Wrote GT-validation figure: artifacts/figures/FluorideCarbonyl__GINE__IntegratedGradients__scaffold/gt_validation.pdf (+ .svg)
2026-08-06 02:24:45,541 | INFO    | molsanity | Wrote molecule attribution SVG: artifacts/figures/FluorideCarbonyl__GINE__IntegratedGradients__scaffold/case_molecule.svg (GT atoms: [])
2026-08-06 02:24:45,892 | INFO    | molsanity | [cell FluorideCarbonyl__GINE__IntegratedGradients__scaffold__seed2] DONE — acc=0.96 gt_auroc=0.8326791819864574 n=200 (capped)
2026-08-06 02:24:46,130 | INFO    | molsanity | [stage cell_FluorideCarbonyl__GINE__IntegratedGradients__random__seed0] cache hit (45f1fbac797784b5) — skipping
2026-08-06 02:24:46,130 | INFO    | molsanity | [cell FluorideCarbonyl__GINE__IntegratedGradients__random__seed0] DONE — acc=0.96 gt_auroc=0.7896658812874837 n=200 (capped) [cached]
2026-08-06 02:24:46,541 | INFO    | molsanity | [stage cell_FluorideCarbonyl__GINE__IntegratedGradients__random__seed1] cache hit (9fee80660942682f) — skipping
2026-08-06 02:24:46,541 | INFO    | molsanity | [cell FluorideCarbonyl__GINE__IntegratedGradients__random__seed1] DONE — acc=0.92 gt_auroc=0.7184650370364722 n=200 (capped) [cached]
2026-08-06 02:24:46,838 | INFO    | molsanity | [stage cell_FluorideCarbonyl__GINE__IntegratedGradients__random__seed2] cache hit (9a4a14047cc43a4a) — skipping
2026-08-06 02:24:46,838 | INFO    | molsanity | [cell FluorideCarbonyl__GINE__IntegratedGradients__random__seed2] DONE — acc=0.95 gt_auroc=0.7645890519308483 n=200 (capped) [cached]
2026-08-06 02:24:46,847 | INFO    | molsanity | [stage cell_FluorideCarbonyl__GINE__Saliency__scaffold__seed0] config changed (a205e67887b38810 -> 3e858a0f3147db6e) — rerunning
2026-08-06 02:24:46,848 | INFO    | molsanity | [stage cell_FluorideCarbonyl__GINE__Saliency__scaffold__seed0] running (3e858a0f3147db6e)
2026-08-06 02:24:47,365 | INFO    | molsanity | npz smiles: column 1 parses for 20/20 probed molecules
2026-08-06 02:24:49,275 | INFO    | molsanity | Loaded FluorideCarbonyl (GraphXAI FluorideCarbonyl): 1000 molecules (500 positive), 2 dropped for an unscoreable mask, checksum fd79a0b656b8
2026-08-06 02:24:49,750 | INFO    | molsanity | Scaffold split: 722 scaffolds over 1000 molecules (25 scaffold-less, 35.4% of molecules in multi-member groups) -> train 600 / val 100 / test 300
2026-08-06 02:24:49,771 | INFO    | molsanity | Loaded existing checkpoint gine_17d4e1bf8ca78e8d.pt
2026-08-06 02:24:49,788 | INFO    | molsanity | [cell FluorideCarbonyl__GINE__Saliency__scaffold] auditing 200 molecules (capped from 300)
2026-08-06 02:24:49,791 | INFO    | molsanity | [cell FluorideCarbonyl__GINE__Saliency__scaffold] auditing on 12 worker processes (CPU)
2026-08-06 02:24:50,182 | WARNING | molsanity | [cell FluorideCarbonyl__GINE__Saliency__scaffold] worker pool failed (RuntimeError: Unable to handle autograd's threading in combination with fork-based multiprocessing. See https://github.com/pytorch/pytorch/wiki/Autograd-and-Fork) — falling back to the serial path for this cell
2026-08-06 02:24:59,431 | INFO    | molsanity | Wrote GT-validation figure: artifacts/figures/FluorideCarbonyl__GINE__Saliency__scaffold/gt_validation.pdf (+ .svg)
2026-08-06 02:24:59,440 | INFO    | molsanity | Wrote molecule attribution SVG: artifacts/figures/FluorideCarbonyl__GINE__Saliency__scaffold/case_molecule.svg (GT atoms: [])
2026-08-06 02:25:00,243 | INFO    | molsanity | [cell FluorideCarbonyl__GINE__Saliency__scaffold__seed0] DONE — acc=0.95 gt_auroc=0.8748173213740165 n=200 (capped)
2026-08-06 02:25:00,252 | INFO    | molsanity | [stage cell_FluorideCarbonyl__GINE__Saliency__scaffold__seed1] config changed (e309fe1d467a1ee7 -> cbae711916d4dc92) — rerunning
2026-08-06 02:25:00,252 | INFO    | molsanity | [stage cell_FluorideCarbonyl__GINE__Saliency__scaffold__seed1] running (cbae711916d4dc92)
2026-08-06 02:25:00,778 | INFO    | molsanity | npz smiles: column 1 parses for 20/20 probed molecules
2026-08-06 02:25:02,420 | INFO    | molsanity | Loaded FluorideCarbonyl (GraphXAI FluorideCarbonyl): 1000 molecules (500 positive), 2 dropped for an unscoreable mask, checksum fd79a0b656b8
2026-08-06 02:25:02,941 | INFO    | molsanity | Scaffold split: 722 scaffolds over 1000 molecules (25 scaffold-less, 35.4% of molecules in multi-member groups) -> train 600 / val 100 / test 300
2026-08-06 02:25:02,960 | INFO    | molsanity | Loaded existing checkpoint gine_73277940317f759d.pt
2026-08-06 02:25:02,977 | INFO    | molsanity | [cell FluorideCarbonyl__GINE__Saliency__scaffold] auditing 200 molecules (capped from 300)
2026-08-06 02:25:02,980 | INFO    | molsanity | [cell FluorideCarbonyl__GINE__Saliency__scaffold] auditing on 12 worker processes (CPU)
2026-08-06 02:25:03,358 | WARNING | molsanity | [cell FluorideCarbonyl__GINE__Saliency__scaffold] worker pool failed (RuntimeError: Unable to handle autograd's threading in combination with fork-based multiprocessing. See https://github.com/pytorch/pytorch/wiki/Autograd-and-Fork) — falling back to the serial path for this cell
2026-08-06 02:25:12,623 | INFO    | molsanity | Wrote GT-validation figure: artifacts/figures/FluorideCarbonyl__GINE__Saliency__scaffold/gt_validation.pdf (+ .svg)
2026-08-06 02:25:12,630 | INFO    | molsanity | Wrote molecule attribution SVG: artifacts/figures/FluorideCarbonyl__GINE__Saliency__scaffold/case_molecule.svg (GT atoms: [])
2026-08-06 02:25:13,084 | INFO    | molsanity | [cell FluorideCarbonyl__GINE__Saliency__scaffold__seed1] DONE — acc=0.95 gt_auroc=0.9313346509763886 n=200 (capped)
2026-08-06 02:25:13,093 | INFO    | molsanity | [stage cell_FluorideCarbonyl__GINE__Saliency__scaffold__seed2] config changed (b445c00f6a3a86f7 -> 291fa521fd9e123d) — rerunning
2026-08-06 02:25:13,093 | INFO    | molsanity | [stage cell_FluorideCarbonyl__GINE__Saliency__scaffold__seed2] running (291fa521fd9e123d)
2026-08-06 02:25:13,613 | INFO    | molsanity | npz smiles: column 1 parses for 20/20 probed molecules
2026-08-06 02:25:15,500 | INFO    | molsanity | Loaded FluorideCarbonyl (GraphXAI FluorideCarbonyl): 1000 molecules (500 positive), 2 dropped for an unscoreable mask, checksum fd79a0b656b8
2026-08-06 02:25:15,985 | INFO    | molsanity | Scaffold split: 722 scaffolds over 1000 molecules (25 scaffold-less, 35.4% of molecules in multi-member groups) -> train 600 / val 100 / test 300
2026-08-06 02:25:16,005 | INFO    | molsanity | Loaded existing checkpoint gine_20c6efce23ddf097.pt
2026-08-06 02:25:16,021 | INFO    | molsanity | [cell FluorideCarbonyl__GINE__Saliency__scaffold] auditing 200 molecules (capped from 300)
2026-08-06 02:25:16,024 | INFO    | molsanity | [cell FluorideCarbonyl__GINE__Saliency__scaffold] auditing on 12 worker processes (CPU)
2026-08-06 02:25:16,410 | WARNING | molsanity | [cell FluorideCarbonyl__GINE__Saliency__scaffold] worker pool failed (RuntimeError: Unable to handle autograd's threading in combination with fork-based multiprocessing. See https://github.com/pytorch/pytorch/wiki/Autograd-and-Fork) — falling back to the serial path for this cell
2026-08-06 02:25:25,023 | INFO    | molsanity | Wrote GT-validation figure: artifacts/figures/FluorideCarbonyl__GINE__Saliency__scaffold/gt_validation.pdf (+ .svg)
2026-08-06 02:25:25,030 | INFO    | molsanity | Wrote molecule attribution SVG: artifacts/figures/FluorideCarbonyl__GINE__Saliency__scaffold/case_molecule.svg (GT atoms: [])
2026-08-06 02:25:25,244 | INFO    | molsanity | [cell FluorideCarbonyl__GINE__Saliency__scaffold__seed2] DONE — acc=0.96 gt_auroc=0.8210287396999856 n=200 (capped)
2026-08-06 02:25:25,567 | INFO    | molsanity | [stage cell_FluorideCarbonyl__GINE__Saliency__random__seed0] cache hit (631382e5833af1b1) — skipping
2026-08-06 02:25:25,567 | INFO    | molsanity | [cell FluorideCarbonyl__GINE__Saliency__random__seed0] DONE — acc=0.96 gt_auroc=0.8422386561061241 n=200 (capped) [cached]
2026-08-06 02:25:25,913 | INFO    | molsanity | [stage cell_FluorideCarbonyl__GINE__Saliency__random__seed1] cache hit (7713e07957ae9f87) — skipping
2026-08-06 02:25:25,913 | INFO    | molsanity | [cell FluorideCarbonyl__GINE__Saliency__random__seed1] DONE — acc=0.92 gt_auroc=0.8433658898360391 n=200 (capped) [cached]
2026-08-06 02:25:26,277 | INFO    | molsanity | [stage cell_FluorideCarbonyl__GINE__Saliency__random__seed2] cache hit (3ad51bd5740dd148) — skipping
2026-08-06 02:25:26,277 | INFO    | molsanity | [cell FluorideCarbonyl__GINE__Saliency__random__seed2] DONE — acc=0.95 gt_auroc=0.8721130531009464 n=200 (capped) [cached]
2026-08-06 02:25:26,286 | INFO    | molsanity | [stage cell_FluorideCarbonyl__GINE__InputXGradient__scaffold__seed0] config changed (5a16028a69d8f0e9 -> b4c4da6e208d6d74) — rerunning
2026-08-06 02:25:26,286 | INFO    | molsanity | [stage cell_FluorideCarbonyl__GINE__InputXGradient__scaffold__seed0] running (b4c4da6e208d6d74)
2026-08-06 02:25:26,814 | INFO    | molsanity | npz smiles: column 1 parses for 20/20 probed molecules
2026-08-06 02:25:28,441 | INFO    | molsanity | Loaded FluorideCarbonyl (GraphXAI FluorideCarbonyl): 1000 molecules (500 positive), 2 dropped for an unscoreable mask, checksum fd79a0b656b8
2026-08-06 02:25:28,918 | INFO    | molsanity | Scaffold split: 722 scaffolds over 1000 molecules (25 scaffold-less, 35.4% of molecules in multi-member groups) -> train 600 / val 100 / test 300
2026-08-06 02:25:29,201 | INFO    | molsanity | Loaded existing checkpoint gine_17d4e1bf8ca78e8d.pt
2026-08-06 02:25:29,218 | INFO    | molsanity | [cell FluorideCarbonyl__GINE__InputXGradient__scaffold] auditing 200 molecules (capped from 300)
2026-08-06 02:25:29,222 | INFO    | molsanity | [cell FluorideCarbonyl__GINE__InputXGradient__scaffold] auditing on 12 worker processes (CPU)
2026-08-06 02:25:29,609 | WARNING | molsanity | [cell FluorideCarbonyl__GINE__InputXGradient__scaffold] worker pool failed (RuntimeError: Unable to handle autograd's threading in combination with fork-based multiprocessing. See https://github.com/pytorch/pytorch/wiki/Autograd-and-Fork) — falling back to the serial path for this cell
2026-08-06 02:25:38,839 | INFO    | molsanity | Wrote GT-validation figure: artifacts/figures/FluorideCarbonyl__GINE__InputXGradient__scaffold/gt_validation.pdf (+ .svg)
2026-08-06 02:25:38,848 | INFO    | molsanity | Wrote molecule attribution SVG: artifacts/figures/FluorideCarbonyl__GINE__InputXGradient__scaffold/case_molecule.svg (GT atoms: [])
2026-08-06 02:25:39,482 | INFO    | molsanity | [cell FluorideCarbonyl__GINE__InputXGradient__scaffold__seed0] DONE — acc=0.95 gt_auroc=0.6700265773205982 n=200 (capped)
2026-08-06 02:25:39,491 | INFO    | molsanity | [stage cell_FluorideCarbonyl__GINE__InputXGradient__scaffold__seed1] config changed (83c48a2b5c81c0b1 -> 120c012813dd4e34) — rerunning
2026-08-06 02:25:39,491 | INFO    | molsanity | [stage cell_FluorideCarbonyl__GINE__InputXGradient__scaffold__seed1] running (120c012813dd4e34)
2026-08-06 02:25:40,023 | INFO    | molsanity | npz smiles: column 1 parses for 20/20 probed molecules
2026-08-06 02:25:41,937 | INFO    | molsanity | Loaded FluorideCarbonyl (GraphXAI FluorideCarbonyl): 1000 molecules (500 positive), 2 dropped for an unscoreable mask, checksum fd79a0b656b8
2026-08-06 02:25:42,419 | INFO    | molsanity | Scaffold split: 722 scaffolds over 1000 molecules (25 scaffold-less, 35.4% of molecules in multi-member groups) -> train 600 / val 100 / test 300
2026-08-06 02:25:42,438 | INFO    | molsanity | Loaded existing checkpoint gine_73277940317f759d.pt
2026-08-06 02:25:42,455 | INFO    | molsanity | [cell FluorideCarbonyl__GINE__InputXGradient__scaffold] auditing 200 molecules (capped from 300)
2026-08-06 02:25:42,458 | INFO    | molsanity | [cell FluorideCarbonyl__GINE__InputXGradient__scaffold] auditing on 12 worker processes (CPU)
2026-08-06 02:25:42,845 | WARNING | molsanity | [cell FluorideCarbonyl__GINE__InputXGradient__scaffold] worker pool failed (RuntimeError: Unable to handle autograd's threading in combination with fork-based multiprocessing. See https://github.com/pytorch/pytorch/wiki/Autograd-and-Fork) — falling back to the serial path for this cell
2026-08-06 02:25:51,566 | INFO    | molsanity | Wrote GT-validation figure: artifacts/figures/FluorideCarbonyl__GINE__InputXGradient__scaffold/gt_validation.pdf (+ .svg)
2026-08-06 02:25:51,574 | INFO    | molsanity | Wrote molecule attribution SVG: artifacts/figures/FluorideCarbonyl__GINE__InputXGradient__scaffold/case_molecule.svg (GT atoms: [])
2026-08-06 02:25:51,973 | INFO    | molsanity | [cell FluorideCarbonyl__GINE__InputXGradient__scaffold__seed1] DONE — acc=0.95 gt_auroc=0.8690549748633145 n=200 (capped)
2026-08-06 02:25:51,982 | INFO    | molsanity | [stage cell_FluorideCarbonyl__GINE__InputXGradient__scaffold__seed2] config changed (2ef211bf0663bfea -> 79e20c587a9bcd63) — rerunning
2026-08-06 02:25:51,983 | INFO    | molsanity | [stage cell_FluorideCarbonyl__GINE__InputXGradient__scaffold__seed2] running (79e20c587a9bcd63)
2026-08-06 02:25:52,517 | INFO    | molsanity | npz smiles: column 1 parses for 20/20 probed molecules
2026-08-06 02:25:54,409 | INFO    | molsanity | Loaded FluorideCarbonyl (GraphXAI FluorideCarbonyl): 1000 molecules (500 positive), 2 dropped for an unscoreable mask, checksum fd79a0b656b8
2026-08-06 02:25:54,884 | INFO    | molsanity | Scaffold split: 722 scaffolds over 1000 molecules (25 scaffold-less, 35.4% of molecules in multi-member groups) -> train 600 / val 100 / test 300
2026-08-06 02:25:54,903 | INFO    | molsanity | Loaded existing checkpoint gine_20c6efce23ddf097.pt
2026-08-06 02:25:54,919 | INFO    | molsanity | [cell FluorideCarbonyl__GINE__InputXGradient__scaffold] auditing 200 molecules (capped from 300)
2026-08-06 02:25:54,922 | INFO    | molsanity | [cell FluorideCarbonyl__GINE__InputXGradient__scaffold] auditing on 12 worker processes (CPU)
2026-08-06 02:25:55,310 | WARNING | molsanity | [cell FluorideCarbonyl__GINE__InputXGradient__scaffold] worker pool failed (RuntimeError: Unable to handle autograd's threading in combination with fork-based multiprocessing. See https://github.com/pytorch/pytorch/wiki/Autograd-and-Fork) — falling back to the serial path for this cell
2026-08-06 02:26:03,814 | INFO    | molsanity | Wrote GT-validation figure: artifacts/figures/FluorideCarbonyl__GINE__InputXGradient__scaffold/gt_validation.pdf (+ .svg)
2026-08-06 02:26:03,821 | INFO    | molsanity | Wrote molecule attribution SVG: artifacts/figures/FluorideCarbonyl__GINE__InputXGradient__scaffold/case_molecule.svg (GT atoms: [])
2026-08-06 02:26:04,262 | INFO    | molsanity | [cell FluorideCarbonyl__GINE__InputXGradient__scaffold__seed2] DONE — acc=0.96 gt_auroc=0.7905165648066674 n=200 (capped)
2026-08-06 02:26:04,473 | INFO    | molsanity | [stage cell_FluorideCarbonyl__GINE__InputXGradient__random__seed0] cache hit (a5ca421efc1ea5af) — skipping
2026-08-06 02:26:04,473 | INFO    | molsanity | [cell FluorideCarbonyl__GINE__InputXGradient__random__seed0] DONE — acc=0.96 gt_auroc=0.8184521255132194 n=200 (capped) [cached]
2026-08-06 02:26:04,794 | INFO    | molsanity | [stage cell_FluorideCarbonyl__GINE__InputXGradient__random__seed1] cache hit (5762c26385ef4e42) — skipping
2026-08-06 02:26:04,795 | INFO    | molsanity | [cell FluorideCarbonyl__GINE__InputXGradient__random__seed1] DONE — acc=0.92 gt_auroc=0.7752158022195206 n=200 (capped) [cached]
2026-08-06 02:26:05,127 | INFO    | molsanity | [stage cell_FluorideCarbonyl__GINE__InputXGradient__random__seed2] cache hit (f0ed379c3621f1ce) — skipping
2026-08-06 02:26:05,127 | INFO    | molsanity | [cell FluorideCarbonyl__GINE__InputXGradient__random__seed2] DONE — acc=0.95 gt_auroc=0.843493304395798 n=200 (capped) [cached]
2026-08-06 02:26:05,136 | INFO    | molsanity | [stage cell_FluorideCarbonyl__GINE__GuidedBackprop__scaffold__seed0] config changed (a3f1fa7b14559573 -> 10dbf3955759b037) — rerunning
2026-08-06 02:26:05,136 | INFO    | molsanity | [stage cell_FluorideCarbonyl__GINE__GuidedBackprop__scaffold__seed0] running (10dbf3955759b037)
2026-08-06 02:26:05,652 | INFO    | molsanity | npz smiles: column 1 parses for 20/20 probed molecules
2026-08-06 02:26:07,255 | INFO    | molsanity | Loaded FluorideCarbonyl (GraphXAI FluorideCarbonyl): 1000 molecules (500 positive), 2 dropped for an unscoreable mask, checksum fd79a0b656b8
2026-08-06 02:26:07,726 | INFO    | molsanity | Scaffold split: 722 scaffolds over 1000 molecules (25 scaffold-less, 35.4% of molecules in multi-member groups) -> train 600 / val 100 / test 300
2026-08-06 02:26:07,746 | INFO    | molsanity | Loaded existing checkpoint gine_17d4e1bf8ca78e8d.pt
2026-08-06 02:26:07,764 | INFO    | molsanity | [cell FluorideCarbonyl__GINE__GuidedBackprop__scaffold] auditing 200 molecules (capped from 300)
2026-08-06 02:26:07,767 | INFO    | molsanity | [cell FluorideCarbonyl__GINE__GuidedBackprop__scaffold] auditing on 12 worker processes (CPU)
2026-08-06 02:26:08,157 | WARNING | molsanity | [cell FluorideCarbonyl__GINE__GuidedBackprop__scaffold] worker pool failed (RuntimeError: Unable to handle autograd's threading in combination with fork-based multiprocessing. See https://github.com/pytorch/pytorch/wiki/Autograd-and-Fork) — falling back to the serial path for this cell
2026-08-06 02:26:17,886 | INFO    | molsanity | Wrote GT-validation figure: artifacts/figures/FluorideCarbonyl__GINE__GuidedBackprop__scaffold/gt_validation.pdf (+ .svg)
2026-08-06 02:26:17,895 | INFO    | molsanity | Wrote molecule attribution SVG: artifacts/figures/FluorideCarbonyl__GINE__GuidedBackprop__scaffold/case_molecule.svg (GT atoms: [])
2026-08-06 02:26:18,871 | INFO    | molsanity | [cell FluorideCarbonyl__GINE__GuidedBackprop__scaffold__seed0] DONE — acc=0.95 gt_auroc=0.9363546903947446 n=200 (capped)
2026-08-06 02:26:18,881 | INFO    | molsanity | [stage cell_FluorideCarbonyl__GINE__GuidedBackprop__scaffold__seed1] config changed (eb84aff5916cc1c5 -> 1e46d56752bc77fe) — rerunning
2026-08-06 02:26:18,881 | INFO    | molsanity | [stage cell_FluorideCarbonyl__GINE__GuidedBackprop__scaffold__seed1] running (1e46d56752bc77fe)
2026-08-06 02:26:19,390 | INFO    | molsanity | npz smiles: column 1 parses for 20/20 probed molecules
2026-08-06 02:26:21,286 | INFO    | molsanity | Loaded FluorideCarbonyl (GraphXAI FluorideCarbonyl): 1000 molecules (500 positive), 2 dropped for an unscoreable mask, checksum fd79a0b656b8
2026-08-06 02:26:21,764 | INFO    | molsanity | Scaffold split: 722 scaffolds over 1000 molecules (25 scaffold-less, 35.4% of molecules in multi-member groups) -> train 600 / val 100 / test 300
2026-08-06 02:26:21,785 | INFO    | molsanity | Loaded existing checkpoint gine_73277940317f759d.pt
2026-08-06 02:26:21,802 | INFO    | molsanity | [cell FluorideCarbonyl__GINE__GuidedBackprop__scaffold] auditing 200 molecules (capped from 300)
2026-08-06 02:26:21,805 | INFO    | molsanity | [cell FluorideCarbonyl__GINE__GuidedBackprop__scaffold] auditing on 12 worker processes (CPU)
2026-08-06 02:26:22,180 | WARNING | molsanity | [cell FluorideCarbonyl__GINE__GuidedBackprop__scaffold] worker pool failed (RuntimeError: Unable to handle autograd's threading in combination with fork-based multiprocessing. See https://github.com/pytorch/pytorch/wiki/Autograd-and-Fork) — falling back to the serial path for this cell
2026-08-06 02:26:31,593 | INFO    | molsanity | Wrote GT-validation figure: artifacts/figures/FluorideCarbonyl__GINE__GuidedBackprop__scaffold/gt_validation.pdf (+ .svg)
2026-08-06 02:26:31,612 | INFO    | molsanity | Wrote molecule attribution SVG: artifacts/figures/FluorideCarbonyl__GINE__GuidedBackprop__scaffold/case_molecule.svg (GT atoms: [])
2026-08-06 02:26:31,920 | INFO    | molsanity | [cell FluorideCarbonyl__GINE__GuidedBackprop__scaffold__seed1] DONE — acc=0.95 gt_auroc=0.9661735414532435 n=200 (capped)
2026-08-06 02:26:31,930 | INFO    | molsanity | [stage cell_FluorideCarbonyl__GINE__GuidedBackprop__scaffold__seed2] config changed (81d646490169bb02 -> e3182d410d05186a) — rerunning
2026-08-06 02:26:31,931 | INFO    | molsanity | [stage cell_FluorideCarbonyl__GINE__GuidedBackprop__scaffold__seed2] running (e3182d410d05186a)
2026-08-06 02:26:32,456 | INFO    | molsanity | npz smiles: column 1 parses for 20/20 probed molecules
2026-08-06 02:26:34,372 | INFO    | molsanity | Loaded FluorideCarbonyl (GraphXAI FluorideCarbonyl): 1000 molecules (500 positive), 2 dropped for an unscoreable mask, checksum fd79a0b656b8
2026-08-06 02:26:34,842 | INFO    | molsanity | Scaffold split: 722 scaffolds over 1000 molecules (25 scaffold-less, 35.4% of molecules in multi-member groups) -> train 600 / val 100 / test 300
2026-08-06 02:26:34,862 | INFO    | molsanity | Loaded existing checkpoint gine_20c6efce23ddf097.pt
2026-08-06 02:26:34,879 | INFO    | molsanity | [cell FluorideCarbonyl__GINE__GuidedBackprop__scaffold] auditing 200 molecules (capped from 300)
2026-08-06 02:26:34,882 | INFO    | molsanity | [cell FluorideCarbonyl__GINE__GuidedBackprop__scaffold] auditing on 12 worker processes (CPU)
2026-08-06 02:26:35,257 | WARNING | molsanity | [cell FluorideCarbonyl__GINE__GuidedBackprop__scaffold] worker pool failed (RuntimeError: Unable to handle autograd's threading in combination with fork-based multiprocessing. See https://github.com/pytorch/pytorch/wiki/Autograd-and-Fork) — falling back to the serial path for this cell
2026-08-06 02:26:44,177 | INFO    | molsanity | Wrote GT-validation figure: artifacts/figures/FluorideCarbonyl__GINE__GuidedBackprop__scaffold/gt_validation.pdf (+ .svg)
2026-08-06 02:26:44,184 | INFO    | molsanity | Wrote molecule attribution SVG: artifacts/figures/FluorideCarbonyl__GINE__GuidedBackprop__scaffold/case_molecule.svg (GT atoms: [])
2026-08-06 02:26:44,598 | INFO    | molsanity | [cell FluorideCarbonyl__GINE__GuidedBackprop__scaffold__seed2] DONE — acc=0.96 gt_auroc=0.9369953736565579 n=200 (capped)
2026-08-06 02:26:44,986 | INFO    | molsanity | [stage cell_FluorideCarbonyl__GINE__GuidedBackprop__random__seed0] cache hit (c4b92026615691e6) — skipping
2026-08-06 02:26:44,986 | INFO    | molsanity | [cell FluorideCarbonyl__GINE__GuidedBackprop__random__seed0] DONE — acc=0.96 gt_auroc=0.8845343543456301 n=200 (capped) [cached]
2026-08-06 02:26:45,347 | INFO    | molsanity | [stage cell_FluorideCarbonyl__GINE__GuidedBackprop__random__seed1] cache hit (0349efe61ddc020b) — skipping
2026-08-06 02:26:45,347 | INFO    | molsanity | [cell FluorideCarbonyl__GINE__GuidedBackprop__random__seed1] DONE — acc=0.92 gt_auroc=0.8848139065266015 n=200 (capped) [cached]
2026-08-06 02:26:45,678 | INFO    | molsanity | [stage cell_FluorideCarbonyl__GINE__GuidedBackprop__random__seed2] cache hit (010c401ace00a138) — skipping
2026-08-06 02:26:45,678 | INFO    | molsanity | [cell FluorideCarbonyl__GINE__GuidedBackprop__random__seed2] DONE — acc=0.95 gt_auroc=0.8808376136379827 n=200 (capped) [cached]
2026-08-06 02:26:45,688 | INFO    | molsanity | [stage cell_FluorideCarbonyl__GINE__GNNExplainer__scaffold__seed0] config changed (23bb5b614031f6b5 -> 87e7c272b337c0cd) — rerunning
2026-08-06 02:26:45,688 | INFO    | molsanity | [stage cell_FluorideCarbonyl__GINE__GNNExplainer__scaffold__seed0] running (87e7c272b337c0cd)
2026-08-06 02:26:46,211 | INFO    | molsanity | npz smiles: column 1 parses for 20/20 probed molecules
2026-08-06 02:26:48,139 | INFO    | molsanity | Loaded FluorideCarbonyl (GraphXAI FluorideCarbonyl): 1000 molecules (500 positive), 2 dropped for an unscoreable mask, checksum fd79a0b656b8
2026-08-06 02:26:48,624 | INFO    | molsanity | Scaffold split: 722 scaffolds over 1000 molecules (25 scaffold-less, 35.4% of molecules in multi-member groups) -> train 600 / val 100 / test 300
2026-08-06 02:26:48,644 | INFO    | molsanity | Loaded existing checkpoint gine_17d4e1bf8ca78e8d.pt
2026-08-06 02:26:48,660 | INFO    | molsanity | [cell FluorideCarbonyl__GINE__GNNExplainer__scaffold] auditing 200 molecules (capped from 300)
2026-08-06 02:26:48,663 | INFO    | molsanity | [cell FluorideCarbonyl__GINE__GNNExplainer__scaffold] auditing on 12 worker processes (CPU)
2026-08-06 02:26:49,052 | WARNING | molsanity | [cell FluorideCarbonyl__GINE__GNNExplainer__scaffold] worker pool failed (RuntimeError: Unable to handle autograd's threading in combination with fork-based multiprocessing. See https://github.com/pytorch/pytorch/wiki/Autograd-and-Fork) — falling back to the serial path for this cell
2026-08-06 02:27:49,641 | INFO    | molsanity | [cell FluorideCarbonyl__GINE__GNNExplainer__scaffold] 50/200 molecules (1.2s each, ~3 min left)
2026-08-06 02:28:49,651 | INFO    | molsanity | [cell FluorideCarbonyl__GINE__GNNExplainer__scaffold] 99/200 molecules (1.2s each, ~2 min left)
2026-08-06 02:29:50,426 | INFO    | molsanity | [cell FluorideCarbonyl__GINE__GNNExplainer__scaffold] 148/200 molecules (1.2s each, ~1 min left)
2026-08-06 02:30:50,589 | INFO    | molsanity | [cell FluorideCarbonyl__GINE__GNNExplainer__scaffold] 196/200 molecules (1.2s each, ~0 min left)
2026-08-06 02:30:57,642 | INFO    | molsanity | Wrote GT-validation figure: artifacts/figures/FluorideCarbonyl__GINE__GNNExplainer__scaffold/gt_validation.pdf (+ .svg)
2026-08-06 02:30:57,651 | INFO    | molsanity | Wrote molecule attribution SVG: artifacts/figures/FluorideCarbonyl__GINE__GNNExplainer__scaffold/case_molecule.svg (GT atoms: [])
2026-08-06 02:30:58,608 | INFO    | molsanity | [cell FluorideCarbonyl__GINE__GNNExplainer__scaffold__seed0] DONE — acc=0.95 gt_auroc=0.6029035181418598 n=200 (capped)
2026-08-06 02:30:58,617 | INFO    | molsanity | [stage cell_FluorideCarbonyl__GINE__GNNExplainer__scaffold__seed1] config changed (576088bf50c6c0a9 -> 0c90cdbbfa206e76) — rerunning
2026-08-06 02:30:58,617 | INFO    | molsanity | [stage cell_FluorideCarbonyl__GINE__GNNExplainer__scaffold__seed1] running (0c90cdbbfa206e76)
2026-08-06 02:30:59,150 | INFO    | molsanity | npz smiles: column 1 parses for 20/20 probed molecules
2026-08-06 02:31:00,774 | INFO    | molsanity | Loaded FluorideCarbonyl (GraphXAI FluorideCarbonyl): 1000 molecules (500 positive), 2 dropped for an unscoreable mask, checksum fd79a0b656b8
2026-08-06 02:31:01,272 | INFO    | molsanity | Scaffold split: 722 scaffolds over 1000 molecules (25 scaffold-less, 35.4% of molecules in multi-member groups) -> train 600 / val 100 / test 300
2026-08-06 02:31:01,293 | INFO    | molsanity | Loaded existing checkpoint gine_73277940317f759d.pt
2026-08-06 02:31:01,309 | INFO    | molsanity | [cell FluorideCarbonyl__GINE__GNNExplainer__scaffold] auditing 200 molecules (capped from 300)
2026-08-06 02:31:01,312 | INFO    | molsanity | [cell FluorideCarbonyl__GINE__GNNExplainer__scaffold] auditing on 12 worker processes (CPU)
2026-08-06 02:31:01,689 | WARNING | molsanity | [cell FluorideCarbonyl__GINE__GNNExplainer__scaffold] worker pool failed (RuntimeError: Unable to handle autograd's threading in combination with fork-based multiprocessing. See https://github.com/pytorch/pytorch/wiki/Autograd-and-Fork) — falling back to the serial path for this cell
2026-08-06 02:32:02,208 | INFO    | molsanity | [cell FluorideCarbonyl__GINE__GNNExplainer__scaffold] 50/200 molecules (1.2s each, ~3 min left)
2026-08-06 02:33:02,913 | INFO    | molsanity | [cell FluorideCarbonyl__GINE__GNNExplainer__scaffold] 99/200 molecules (1.2s each, ~2 min left)
2026-08-06 02:34:04,085 | INFO    | molsanity | [cell FluorideCarbonyl__GINE__GNNExplainer__scaffold] 148/200 molecules (1.2s each, ~1 min left)
2026-08-06 02:35:05,141 | INFO    | molsanity | [cell FluorideCarbonyl__GINE__GNNExplainer__scaffold] 198/200 molecules (1.2s each, ~0 min left)
2026-08-06 02:35:09,045 | INFO    | molsanity | Wrote GT-validation figure: artifacts/figures/FluorideCarbonyl__GINE__GNNExplainer__scaffold/gt_validation.pdf (+ .svg)
2026-08-06 02:35:09,053 | INFO    | molsanity | Wrote molecule attribution SVG: artifacts/figures/FluorideCarbonyl__GINE__GNNExplainer__scaffold/case_molecule.svg (GT atoms: [])
2026-08-06 02:35:09,559 | INFO    | molsanity | [cell FluorideCarbonyl__GINE__GNNExplainer__scaffold__seed1] DONE — acc=0.95 gt_auroc=0.6765881760729381 n=200 (capped)
2026-08-06 02:35:09,569 | INFO    | molsanity | [stage cell_FluorideCarbonyl__GINE__GNNExplainer__scaffold__seed2] config changed (13d3fc91ec1d57f4 -> d59fd57d8060e7fe) — rerunning
2026-08-06 02:35:09,569 | INFO    | molsanity | [stage cell_FluorideCarbonyl__GINE__GNNExplainer__scaffold__seed2] running (d59fd57d8060e7fe)
2026-08-06 02:35:10,079 | INFO    | molsanity | npz smiles: column 1 parses for 20/20 probed molecules
2026-08-06 02:35:11,987 | INFO    | molsanity | Loaded FluorideCarbonyl (GraphXAI FluorideCarbonyl): 1000 molecules (500 positive), 2 dropped for an unscoreable mask, checksum fd79a0b656b8
2026-08-06 02:35:12,472 | INFO    | molsanity | Scaffold split: 722 scaffolds over 1000 molecules (25 scaffold-less, 35.4% of molecules in multi-member groups) -> train 600 / val 100 / test 300
2026-08-06 02:35:12,495 | INFO    | molsanity | Loaded existing checkpoint gine_20c6efce23ddf097.pt
2026-08-06 02:35:12,511 | INFO    | molsanity | [cell FluorideCarbonyl__GINE__GNNExplainer__scaffold] auditing 200 molecules (capped from 300)
2026-08-06 02:35:12,514 | INFO    | molsanity | [cell FluorideCarbonyl__GINE__GNNExplainer__scaffold] auditing on 12 worker processes (CPU)
2026-08-06 02:35:12,901 | WARNING | molsanity | [cell FluorideCarbonyl__GINE__GNNExplainer__scaffold] worker pool failed (RuntimeError: Unable to handle autograd's threading in combination with fork-based multiprocessing. See https://github.com/pytorch/pytorch/wiki/Autograd-and-Fork) — falling back to the serial path for this cell
2026-08-06 02:36:13,403 | INFO    | molsanity | [cell FluorideCarbonyl__GINE__GNNExplainer__scaffold] 49/200 molecules (1.2s each, ~3 min left)
2026-08-06 02:37:14,200 | INFO    | molsanity | [cell FluorideCarbonyl__GINE__GNNExplainer__scaffold] 98/200 molecules (1.2s each, ~2 min left)
2026-08-06 02:38:15,119 | INFO    | molsanity | [cell FluorideCarbonyl__GINE__GNNExplainer__scaffold] 147/200 molecules (1.2s each, ~1 min left)
2026-08-06 02:39:15,271 | INFO    | molsanity | [cell FluorideCarbonyl__GINE__GNNExplainer__scaffold] 196/200 molecules (1.2s each, ~0 min left)
2026-08-06 02:39:21,717 | INFO    | molsanity | Wrote GT-validation figure: artifacts/figures/FluorideCarbonyl__GINE__GNNExplainer__scaffold/gt_validation.pdf (+ .svg)
2026-08-06 02:39:21,725 | INFO    | molsanity | Wrote molecule attribution SVG: artifacts/figures/FluorideCarbonyl__GINE__GNNExplainer__scaffold/case_molecule.svg (GT atoms: [])
2026-08-06 02:39:22,255 | INFO    | molsanity | [cell FluorideCarbonyl__GINE__GNNExplainer__scaffold__seed2] DONE — acc=0.96 gt_auroc=0.6139739635060358 n=200 (capped)
2026-08-06 02:39:22,486 | INFO    | molsanity | [stage cell_FluorideCarbonyl__GINE__GNNExplainer__random__seed0] cache hit (b99d75ee36664659) — skipping
2026-08-06 02:39:22,486 | INFO    | molsanity | [cell FluorideCarbonyl__GINE__GNNExplainer__random__seed0] DONE — acc=0.96 gt_auroc=0.6329228229232258 n=200 (capped) [cached]
2026-08-06 02:39:22,802 | INFO    | molsanity | [stage cell_FluorideCarbonyl__GINE__GNNExplainer__random__seed1] cache hit (5a0106ed3344c103) — skipping
2026-08-06 02:39:22,802 | INFO    | molsanity | [cell FluorideCarbonyl__GINE__GNNExplainer__random__seed1] DONE — acc=0.92 gt_auroc=0.49725663137462794 n=200 (capped) [cached]
2026-08-06 02:39:23,069 | INFO    | molsanity | [stage cell_FluorideCarbonyl__GINE__GNNExplainer__random__seed2] cache hit (dcd64fe4152d5667) — skipping
2026-08-06 02:39:23,069 | INFO    | molsanity | [cell FluorideCarbonyl__GINE__GNNExplainer__random__seed2] DONE — acc=0.95 gt_auroc=0.6714013815899124 n=200 (capped) [cached]
2026-08-06 02:39:23,079 | INFO    | molsanity | [stage cell_FluorideCarbonyl__GINE__PGExplainer__scaffold__seed0] config changed (4beb51593f87b1f4 -> c858a4750e6ce294) — rerunning
2026-08-06 02:39:23,079 | INFO    | molsanity | [stage cell_FluorideCarbonyl__GINE__PGExplainer__scaffold__seed0] running (c858a4750e6ce294)
2026-08-06 02:39:23,606 | INFO    | molsanity | npz smiles: column 1 parses for 20/20 probed molecules
2026-08-06 02:39:25,206 | INFO    | molsanity | Loaded FluorideCarbonyl (GraphXAI FluorideCarbonyl): 1000 molecules (500 positive), 2 dropped for an unscoreable mask, checksum fd79a0b656b8
2026-08-06 02:39:25,703 | INFO    | molsanity | Scaffold split: 722 scaffolds over 1000 molecules (25 scaffold-less, 35.4% of molecules in multi-member groups) -> train 600 / val 100 / test 300
2026-08-06 02:39:25,723 | INFO    | molsanity | Loaded existing checkpoint gine_17d4e1bf8ca78e8d.pt
2026-08-06 02:41:15,290 | INFO    | molsanity | PGExplainer trained on 200 graphs (30 epochs), final loss 0.1510
2026-08-06 02:42:23,517 | INFO    | molsanity | PGExplainer trained on 200 graphs (30 epochs), final loss 0.2038
2026-08-06 02:42:23,517 | INFO    | molsanity | [cell FluorideCarbonyl__GINE__PGExplainer__scaffold] auditing 200 molecules (capped from 300)
2026-08-06 02:42:23,524 | INFO    | molsanity | [cell FluorideCarbonyl__GINE__PGExplainer__scaffold] auditing on 12 worker processes (CPU)
2026-08-06 02:42:24,635 | INFO    | molsanity | [cell FluorideCarbonyl__GINE__PGExplainer__scaffold] 200 molecules in 0.0 min (0.01s each, 12 workers)
2026-08-06 02:42:26,074 | INFO    | molsanity | Wrote GT-validation figure: artifacts/figures/FluorideCarbonyl__GINE__PGExplainer__scaffold/gt_validation.pdf (+ .svg)
2026-08-06 02:42:26,083 | INFO    | molsanity | Wrote molecule attribution SVG: artifacts/figures/FluorideCarbonyl__GINE__PGExplainer__scaffold/case_molecule.svg (GT atoms: [])
2026-08-06 02:42:27,133 | INFO    | molsanity | [cell FluorideCarbonyl__GINE__PGExplainer__scaffold__seed0] DONE — acc=0.95 gt_auroc=0.16369497095933822 n=200 (capped)
2026-08-06 02:42:27,142 | INFO    | molsanity | [stage cell_FluorideCarbonyl__GINE__PGExplainer__scaffold__seed1] config changed (6cfd09b652ba604c -> e2d31f500a9e2d51) — rerunning
2026-08-06 02:42:27,142 | INFO    | molsanity | [stage cell_FluorideCarbonyl__GINE__PGExplainer__scaffold__seed1] running (e2d31f500a9e2d51)
2026-08-06 02:42:27,679 | INFO    | molsanity | npz smiles: column 1 parses for 20/20 probed molecules
2026-08-06 02:42:29,555 | INFO    | molsanity | Loaded FluorideCarbonyl (GraphXAI FluorideCarbonyl): 1000 molecules (500 positive), 2 dropped for an unscoreable mask, checksum fd79a0b656b8
2026-08-06 02:42:30,027 | INFO    | molsanity | Scaffold split: 722 scaffolds over 1000 molecules (25 scaffold-less, 35.4% of molecules in multi-member groups) -> train 600 / val 100 / test 300
2026-08-06 02:42:30,047 | INFO    | molsanity | Loaded existing checkpoint gine_73277940317f759d.pt
2026-08-06 02:44:19,010 | INFO    | molsanity | PGExplainer trained on 200 graphs (30 epochs), final loss 0.0477
2026-08-06 02:45:28,963 | INFO    | molsanity | PGExplainer trained on 200 graphs (30 epochs), final loss 0.2014
2026-08-06 02:45:28,964 | INFO    | molsanity | [cell FluorideCarbonyl__GINE__PGExplainer__scaffold] auditing 200 molecules (capped from 300)
2026-08-06 02:45:28,971 | INFO    | molsanity | [cell FluorideCarbonyl__GINE__PGExplainer__scaffold] auditing on 12 worker processes (CPU)
2026-08-06 02:45:30,099 | INFO    | molsanity | [cell FluorideCarbonyl__GINE__PGExplainer__scaffold] 200 molecules in 0.0 min (0.01s each, 12 workers)
2026-08-06 02:45:30,618 | INFO    | molsanity | Wrote GT-validation figure: artifacts/figures/FluorideCarbonyl__GINE__PGExplainer__scaffold/gt_validation.pdf (+ .svg)
2026-08-06 02:45:30,625 | INFO    | molsanity | Wrote molecule attribution SVG: artifacts/figures/FluorideCarbonyl__GINE__PGExplainer__scaffold/case_molecule.svg (GT atoms: [])
2026-08-06 02:45:31,099 | INFO    | molsanity | [cell FluorideCarbonyl__GINE__PGExplainer__scaffold__seed1] DONE — acc=0.95 gt_auroc=0.37680185646110564 n=200 (capped)
2026-08-06 02:45:31,109 | INFO    | molsanity | [stage cell_FluorideCarbonyl__GINE__PGExplainer__scaffold__seed2] config changed (65a2b34b605549ff -> a47f0a503bdde4b7) — rerunning
2026-08-06 02:45:31,110 | INFO    | molsanity | [stage cell_FluorideCarbonyl__GINE__PGExplainer__scaffold__seed2] running (a47f0a503bdde4b7)
2026-08-06 02:45:31,648 | INFO    | molsanity | npz smiles: column 1 parses for 20/20 probed molecules
2026-08-06 02:45:33,614 | INFO    | molsanity | Loaded FluorideCarbonyl (GraphXAI FluorideCarbonyl): 1000 molecules (500 positive), 2 dropped for an unscoreable mask, checksum fd79a0b656b8
2026-08-06 02:45:34,100 | INFO    | molsanity | Scaffold split: 722 scaffolds over 1000 molecules (25 scaffold-less, 35.4% of molecules in multi-member groups) -> train 600 / val 100 / test 300
2026-08-06 02:45:34,121 | INFO    | molsanity | Loaded existing checkpoint gine_20c6efce23ddf097.pt
2026-08-06 02:47:23,009 | INFO    | molsanity | PGExplainer trained on 200 graphs (30 epochs), final loss 0.0435
2026-08-06 02:48:32,710 | INFO    | molsanity | PGExplainer trained on 200 graphs (30 epochs), final loss 0.4683
2026-08-06 02:48:32,710 | INFO    | molsanity | [cell FluorideCarbonyl__GINE__PGExplainer__scaffold] auditing 200 molecules (capped from 300)
2026-08-06 02:48:32,718 | INFO    | molsanity | [cell FluorideCarbonyl__GINE__PGExplainer__scaffold] auditing on 12 worker processes (CPU)
2026-08-06 02:48:33,901 | INFO    | molsanity | [cell FluorideCarbonyl__GINE__PGExplainer__scaffold] 200 molecules in 0.0 min (0.01s each, 12 workers)
2026-08-06 02:48:34,418 | INFO    | molsanity | Wrote GT-validation figure: artifacts/figures/FluorideCarbonyl__GINE__PGExplainer__scaffold/gt_validation.pdf (+ .svg)
2026-08-06 02:48:34,426 | INFO    | molsanity | Wrote molecule attribution SVG: artifacts/figures/FluorideCarbonyl__GINE__PGExplainer__scaffold/case_molecule.svg (GT atoms: [])
2026-08-06 02:48:34,713 | INFO    | molsanity | [cell FluorideCarbonyl__GINE__PGExplainer__scaffold__seed2] DONE — acc=0.96 gt_auroc=0.49756939041923565 n=200 (capped)
2026-08-06 02:48:34,919 | INFO    | molsanity | [stage cell_FluorideCarbonyl__GINE__PGExplainer__random__seed0] cache hit (4f76aa419fac1801) — skipping
2026-08-06 02:48:34,919 | INFO    | molsanity | [cell FluorideCarbonyl__GINE__PGExplainer__random__seed0] DONE — acc=0.96 gt_auroc=0.3630508399244813 n=200 (capped) [cached]
2026-08-06 02:48:35,295 | INFO    | molsanity | [stage cell_FluorideCarbonyl__GINE__PGExplainer__random__seed1] cache hit (ec3cbbe5c345a33e) — skipping
2026-08-06 02:48:35,295 | INFO    | molsanity | [cell FluorideCarbonyl__GINE__PGExplainer__random__seed1] DONE — acc=0.92 gt_auroc=0.23275937260364774 n=200 (capped) [cached]
2026-08-06 02:48:35,672 | INFO    | molsanity | [stage cell_FluorideCarbonyl__GINE__PGExplainer__random__seed2] cache hit (b5ef90a58ee695db) — skipping
2026-08-06 02:48:35,672 | INFO    | molsanity | [cell FluorideCarbonyl__GINE__PGExplainer__random__seed2] DONE — acc=0.95 gt_auroc=0.12166352882710199 n=200 (capped) [cached]
2026-08-06 02:48:35,681 | INFO    | molsanity | [stage cell_FluorideCarbonyl__GINE__SubgraphX__scaffold__seed0] config changed (1abda3a54ebc5ff8 -> 8ebac705d2718d00) — rerunning
2026-08-06 02:48:35,681 | INFO    | molsanity | [stage cell_FluorideCarbonyl__GINE__SubgraphX__scaffold__seed0] running (8ebac705d2718d00)
2026-08-06 02:48:36,219 | INFO    | molsanity | npz smiles: column 1 parses for 20/20 probed molecules
2026-08-06 02:48:38,133 | INFO    | molsanity | Loaded FluorideCarbonyl (GraphXAI FluorideCarbonyl): 1000 molecules (500 positive), 2 dropped for an unscoreable mask, checksum fd79a0b656b8
2026-08-06 02:48:38,613 | INFO    | molsanity | Scaffold split: 722 scaffolds over 1000 molecules (25 scaffold-less, 35.4% of molecules in multi-member groups) -> train 600 / val 100 / test 300
2026-08-06 02:48:38,633 | INFO    | molsanity | Loaded existing checkpoint gine_17d4e1bf8ca78e8d.pt
2026-08-06 02:48:38,649 | INFO    | molsanity | [cell FluorideCarbonyl__GINE__SubgraphX__scaffold] auditing 200 molecules (capped from 300)
2026-08-06 02:48:38,652 | INFO    | molsanity | [cell FluorideCarbonyl__GINE__SubgraphX__scaffold] auditing on 12 worker processes (CPU)
2026-08-06 03:12:13,194 | INFO    | molsanity | [cell FluorideCarbonyl__GINE__SubgraphX__scaffold] 200 molecules in 23.6 min (7.07s each, 12 workers)
2026-08-06 03:12:14,454 | INFO    | molsanity | Wrote GT-validation figure: artifacts/figures/FluorideCarbonyl__GINE__SubgraphX__scaffold/gt_validation.pdf (+ .svg)
2026-08-06 03:12:14,464 | INFO    | molsanity | Wrote molecule attribution SVG: artifacts/figures/FluorideCarbonyl__GINE__SubgraphX__scaffold/case_molecule.svg (GT atoms: [])
2026-08-06 03:12:15,697 | INFO    | molsanity | [cell FluorideCarbonyl__GINE__SubgraphX__scaffold__seed0] DONE — acc=0.95 gt_auroc=0.4681817222272911 n=200 (capped)
2026-08-06 03:12:15,706 | INFO    | molsanity | [stage cell_FluorideCarbonyl__GINE__SubgraphX__scaffold__seed1] config changed (82baf3dbe38b88e9 -> ce4a7484b64552b1) — rerunning
2026-08-06 03:12:15,706 | INFO    | molsanity | [stage cell_FluorideCarbonyl__GINE__SubgraphX__scaffold__seed1] running (ce4a7484b64552b1)
2026-08-06 03:12:16,250 | INFO    | molsanity | npz smiles: column 1 parses for 20/20 probed molecules
2026-08-06 03:12:17,860 | INFO    | molsanity | Loaded FluorideCarbonyl (GraphXAI FluorideCarbonyl): 1000 molecules (500 positive), 2 dropped for an unscoreable mask, checksum fd79a0b656b8
2026-08-06 03:12:18,336 | INFO    | molsanity | Scaffold split: 722 scaffolds over 1000 molecules (25 scaffold-less, 35.4% of molecules in multi-member groups) -> train 600 / val 100 / test 300
2026-08-06 03:12:18,356 | INFO    | molsanity | Loaded existing checkpoint gine_73277940317f759d.pt
2026-08-06 03:12:18,372 | INFO    | molsanity | [cell FluorideCarbonyl__GINE__SubgraphX__scaffold] auditing 200 molecules (capped from 300)
2026-08-06 03:12:18,375 | INFO    | molsanity | [cell FluorideCarbonyl__GINE__SubgraphX__scaffold] auditing on 12 worker processes (CPU)
2026-08-06 03:33:27,006 | INFO    | molsanity | [cell FluorideCarbonyl__GINE__SubgraphX__scaffold] 200 molecules in 21.1 min (6.34s each, 12 workers)
2026-08-06 03:33:27,782 | INFO    | molsanity | Wrote GT-validation figure: artifacts/figures/FluorideCarbonyl__GINE__SubgraphX__scaffold/gt_validation.pdf (+ .svg)
2026-08-06 03:33:27,789 | INFO    | molsanity | Wrote molecule attribution SVG: artifacts/figures/FluorideCarbonyl__GINE__SubgraphX__scaffold/case_molecule.svg (GT atoms: [])
2026-08-06 03:33:28,247 | INFO    | molsanity | [cell FluorideCarbonyl__GINE__SubgraphX__scaffold__seed1] DONE — acc=0.95 gt_auroc=0.49937370270768106 n=200 (capped)
2026-08-06 03:33:28,257 | INFO    | molsanity | [stage cell_FluorideCarbonyl__GINE__SubgraphX__scaffold__seed2] config changed (d5479ea1e21e17f6 -> a9c895c5e08441dc) — rerunning
2026-08-06 03:33:28,257 | INFO    | molsanity | [stage cell_FluorideCarbonyl__GINE__SubgraphX__scaffold__seed2] running (a9c895c5e08441dc)
2026-08-06 03:33:28,794 | INFO    | molsanity | npz smiles: column 1 parses for 20/20 probed molecules
2026-08-06 03:33:30,694 | INFO    | molsanity | Loaded FluorideCarbonyl (GraphXAI FluorideCarbonyl): 1000 molecules (500 positive), 2 dropped for an unscoreable mask, checksum fd79a0b656b8
2026-08-06 03:33:31,165 | INFO    | molsanity | Scaffold split: 722 scaffolds over 1000 molecules (25 scaffold-less, 35.4% of molecules in multi-member groups) -> train 600 / val 100 / test 300
2026-08-06 03:33:31,185 | INFO    | molsanity | Loaded existing checkpoint gine_20c6efce23ddf097.pt
2026-08-06 03:33:31,201 | INFO    | molsanity | [cell FluorideCarbonyl__GINE__SubgraphX__scaffold] auditing 200 molecules (capped from 300)
2026-08-06 03:33:31,204 | INFO    | molsanity | [cell FluorideCarbonyl__GINE__SubgraphX__scaffold] auditing on 12 worker processes (CPU)
2026-08-06 03:55:25,974 | INFO    | molsanity | [cell FluorideCarbonyl__GINE__SubgraphX__scaffold] 200 molecules in 21.9 min (6.57s each, 12 workers)
2026-08-06 03:55:26,489 | INFO    | molsanity | Wrote GT-validation figure: artifacts/figures/FluorideCarbonyl__GINE__SubgraphX__scaffold/gt_validation.pdf (+ .svg)
2026-08-06 03:55:26,496 | INFO    | molsanity | Wrote molecule attribution SVG: artifacts/figures/FluorideCarbonyl__GINE__SubgraphX__scaffold/case_molecule.svg (GT atoms: [])
2026-08-06 03:55:26,965 | INFO    | molsanity | [cell FluorideCarbonyl__GINE__SubgraphX__scaffold__seed2] DONE — acc=0.96 gt_auroc=0.4325480843331075 n=200 (capped)
2026-08-06 03:55:27,233 | INFO    | molsanity | [stage cell_FluorideCarbonyl__GINE__SubgraphX__random__seed0] cache hit (f1e3ed1cf8d4c40f) — skipping
2026-08-06 03:55:27,233 | INFO    | molsanity | [cell FluorideCarbonyl__GINE__SubgraphX__random__seed0] DONE — acc=0.96 gt_auroc=0.5382568611454636 n=200 (capped) [cached]
2026-08-06 03:55:27,638 | INFO    | molsanity | [stage cell_FluorideCarbonyl__GINE__SubgraphX__random__seed1] cache hit (968f9d4024b77237) — skipping
2026-08-06 03:55:27,638 | INFO    | molsanity | [cell FluorideCarbonyl__GINE__SubgraphX__random__seed1] DONE — acc=0.92 gt_auroc=0.40126307436772873 n=200 (capped) [cached]
2026-08-06 03:55:27,875 | INFO    | molsanity | [stage cell_FluorideCarbonyl__GINE__SubgraphX__random__seed2] cache hit (df5a26026b7c86b8) — skipping
2026-08-06 03:55:27,875 | INFO    | molsanity | [cell FluorideCarbonyl__GINE__SubgraphX__random__seed2] DONE — acc=0.95 gt_auroc=0.5347833708978104 n=200 (capped) [cached]
2026-08-06 03:55:27,884 | INFO    | molsanity | [stage cell_Benzene__GINE__IntegratedGradients__scaffold__seed0] config changed (13fdc4dba903d584 -> 6a9d4cc7e2c76258) — rerunning
2026-08-06 03:55:27,884 | INFO    | molsanity | [stage cell_Benzene__GINE__IntegratedGradients__scaffold__seed0] running (6a9d4cc7e2c76258)
2026-08-06 03:55:28,620 | INFO    | molsanity | npz smiles: column 1 parses for 20/20 probed molecules
2026-08-06 03:55:30,904 | INFO    | molsanity | Benzene checksum recorded: 4f747f320131
2026-08-06 03:55:30,904 | INFO    | molsanity | Loaded Benzene (GraphXAI Benzene): 1000 molecules (500 positive), 0 dropped for an unscoreable mask, checksum 4f747f320131
2026-08-06 03:55:31,385 | INFO    | molsanity | Scaffold split: 841 scaffolds over 1000 molecules (31 scaffold-less, 20.7% of molecules in multi-member groups) -> train 600 / val 100 / test 300
2026-08-06 03:55:35,735 | INFO    | molsanity | Saved early checkpoint @epoch 30 -> gine_164fd1de25b2c1fc_early.pt
2026-08-06 03:55:53,299 | INFO    | molsanity | Training done: best val_acc=1.000 @epoch 6 | test_acc=0.997 test_auc=1.000 T=0.470
2026-08-06 03:55:53,312 | INFO    | molsanity | Saved checkpoint gine_164fd1de25b2c1fc.pt
2026-08-06 03:55:53,330 | INFO    | molsanity | [cell Benzene__GINE__IntegratedGradients__scaffold] auditing 200 molecules (capped from 300)
2026-08-06 03:55:53,334 | INFO    | molsanity | [cell Benzene__GINE__IntegratedGradients__scaffold] auditing on 12 worker processes (CPU)
2026-08-06 03:55:53,733 | WARNING | molsanity | [cell Benzene__GINE__IntegratedGradients__scaffold] worker pool failed (RuntimeError: Unable to handle autograd's threading in combination with fork-based multiprocessing. See https://github.com/pytorch/pytorch/wiki/Autograd-and-Fork) — falling back to the serial path for this cell
2026-08-06 03:56:53,897 | INFO    | molsanity | [cell Benzene__GINE__IntegratedGradients__scaffold] 116/200 molecules (0.5s each, ~1 min left)
2026-08-06 03:57:38,745 | INFO    | molsanity | Wrote GT-validation figure: artifacts/figures/Benzene__GINE__IntegratedGradients__scaffold/gt_validation.pdf (+ .svg)
2026-08-06 03:57:38,755 | INFO    | molsanity | Wrote molecule attribution SVG: artifacts/figures/Benzene__GINE__IntegratedGradients__scaffold/case_molecule.svg (GT atoms: [])
2026-08-06 03:57:39,957 | INFO    | molsanity | [cell Benzene__GINE__IntegratedGradients__scaffold__seed0] DONE — acc=0.99 gt_auroc=0.9995704526954527 n=200 (capped)
2026-08-06 03:57:39,967 | INFO    | molsanity | [stage cell_Benzene__GINE__IntegratedGradients__scaffold__seed1] config changed (6dc353c11154af40 -> f09fd5775a7ff814) — rerunning
2026-08-06 03:57:39,967 | INFO    | molsanity | [stage cell_Benzene__GINE__IntegratedGradients__scaffold__seed1] running (f09fd5775a7ff814)
2026-08-06 03:57:40,675 | INFO    | molsanity | npz smiles: column 1 parses for 20/20 probed molecules
2026-08-06 03:57:42,976 | INFO    | molsanity | Loaded Benzene (GraphXAI Benzene): 1000 molecules (500 positive), 0 dropped for an unscoreable mask, checksum 4f747f320131
2026-08-06 03:57:43,487 | INFO    | molsanity | Scaffold split: 841 scaffolds over 1000 molecules (31 scaffold-less, 20.7% of molecules in multi-member groups) -> train 600 / val 100 / test 300
2026-08-06 03:57:47,886 | INFO    | molsanity | Saved early checkpoint @epoch 30 -> gine_4a0bebbef785cb98_early.pt
2026-08-06 03:58:06,060 | INFO    | molsanity | Training done: best val_acc=1.000 @epoch 5 | test_acc=0.747 test_auc=1.000 T=0.743
2026-08-06 03:58:06,082 | INFO    | molsanity | Saved checkpoint gine_4a0bebbef785cb98.pt
2026-08-06 03:58:06,101 | INFO    | molsanity | [cell Benzene__GINE__IntegratedGradients__scaffold] auditing 200 molecules (capped from 300)
2026-08-06 03:58:06,106 | INFO    | molsanity | [cell Benzene__GINE__IntegratedGradients__scaffold] auditing on 12 worker processes (CPU)
2026-08-06 03:58:06,509 | WARNING | molsanity | [cell Benzene__GINE__IntegratedGradients__scaffold] worker pool failed (RuntimeError: Unable to handle autograd's threading in combination with fork-based multiprocessing. See https://github.com/pytorch/pytorch/wiki/Autograd-and-Fork) — falling back to the serial path for this cell
2026-08-06 03:59:06,894 | INFO    | molsanity | [cell Benzene__GINE__IntegratedGradients__scaffold] 116/200 molecules (0.5s each, ~1 min left)
2026-08-06 03:59:51,517 | INFO    | molsanity | Wrote GT-validation figure: artifacts/figures/Benzene__GINE__IntegratedGradients__scaffold/gt_validation.pdf (+ .svg)
2026-08-06 03:59:51,525 | INFO    | molsanity | Wrote molecule attribution SVG: artifacts/figures/Benzene__GINE__IntegratedGradients__scaffold/case_molecule.svg (GT atoms: [])
2026-08-06 03:59:51,913 | INFO    | molsanity | [cell Benzene__GINE__IntegratedGradients__scaffold__seed1] DONE — acc=0.79 gt_auroc=0.9940691296147952 n=200 (capped)
2026-08-06 03:59:51,924 | INFO    | molsanity | [stage cell_Benzene__GINE__IntegratedGradients__scaffold__seed2] config changed (20866d7a03ee38e3 -> e6619ad094bc483f) — rerunning
2026-08-06 03:59:51,924 | INFO    | molsanity | [stage cell_Benzene__GINE__IntegratedGradients__scaffold__seed2] running (e6619ad094bc483f)
2026-08-06 03:59:52,642 | INFO    | molsanity | npz smiles: column 1 parses for 20/20 probed molecules
2026-08-06 03:59:54,879 | INFO    | molsanity | Loaded Benzene (GraphXAI Benzene): 1000 molecules (500 positive), 0 dropped for an unscoreable mask, checksum 4f747f320131
2026-08-06 03:59:55,379 | INFO    | molsanity | Scaffold split: 841 scaffolds over 1000 molecules (31 scaffold-less, 20.7% of molecules in multi-member groups) -> train 600 / val 100 / test 300
2026-08-06 03:59:59,886 | INFO    | molsanity | Saved early checkpoint @epoch 30 -> gine_b5f6cc65f90ce161_early.pt
2026-08-06 04:00:17,814 | INFO    | molsanity | Training done: best val_acc=1.000 @epoch 5 | test_acc=0.997 test_auc=1.000 T=0.100
2026-08-06 04:00:17,828 | INFO    | molsanity | Saved checkpoint gine_b5f6cc65f90ce161.pt
2026-08-06 04:00:17,845 | INFO    | molsanity | [cell Benzene__GINE__IntegratedGradients__scaffold] auditing 200 molecules (capped from 300)
2026-08-06 04:00:17,850 | INFO    | molsanity | [cell Benzene__GINE__IntegratedGradients__scaffold] auditing on 12 worker processes (CPU)
2026-08-06 04:00:18,248 | WARNING | molsanity | [cell Benzene__GINE__IntegratedGradients__scaffold] worker pool failed (RuntimeError: Unable to handle autograd's threading in combination with fork-based multiprocessing. See https://github.com/pytorch/pytorch/wiki/Autograd-and-Fork) — falling back to the serial path for this cell
2026-08-06 04:01:18,257 | INFO    | molsanity | [cell Benzene__GINE__IntegratedGradients__scaffold] 116/200 molecules (0.5s each, ~1 min left)
2026-08-06 04:02:02,513 | INFO    | molsanity | Wrote GT-validation figure: artifacts/figures/Benzene__GINE__IntegratedGradients__scaffold/gt_validation.pdf (+ .svg)
2026-08-06 04:02:02,521 | INFO    | molsanity | Wrote molecule attribution SVG: artifacts/figures/Benzene__GINE__IntegratedGradients__scaffold/case_molecule.svg (GT atoms: [])
2026-08-06 04:02:02,785 | INFO    | molsanity | [cell Benzene__GINE__IntegratedGradients__scaffold__seed2] DONE — acc=0.99 gt_auroc=0.9986768065812184 n=200 (capped)
2026-08-06 04:02:03,136 | INFO    | molsanity | [stage cell_Benzene__GINE__IntegratedGradients__random__seed0] cache hit (c2f1ffa7671a1cca) — skipping
2026-08-06 04:02:03,136 | INFO    | molsanity | [cell Benzene__GINE__IntegratedGradients__random__seed0] DONE — acc=0.99 gt_auroc=1.0 n=200 (capped) [cached]
2026-08-06 04:02:03,328 | INFO    | molsanity | [stage cell_Benzene__GINE__IntegratedGradients__random__seed1] cache hit (9d1df4cb926c075d) — skipping
2026-08-06 04:02:03,328 | INFO    | molsanity | [cell Benzene__GINE__IntegratedGradients__random__seed1] DONE — acc=0.96 gt_auroc=1.0 n=200 (capped) [cached]
2026-08-06 04:02:04,222 | INFO    | molsanity | [stage cell_Benzene__GINE__IntegratedGradients__random__seed2] cache hit (39849ad3aecfba13) — skipping
2026-08-06 04:02:04,223 | INFO    | molsanity | [cell Benzene__GINE__IntegratedGradients__random__seed2] DONE — acc=0.66 gt_auroc=0.9995414278269933 n=200 (capped) [cached]
2026-08-06 04:02:04,232 | INFO    | molsanity | [stage cell_Benzene__GINE__Saliency__scaffold__seed0] config changed (48b70ec5fe1f3883 -> 3f6f5605505802d4) — rerunning
2026-08-06 04:02:04,232 | INFO    | molsanity | [stage cell_Benzene__GINE__Saliency__scaffold__seed0] running (3f6f5605505802d4)
2026-08-06 04:02:04,971 | INFO    | molsanity | npz smiles: column 1 parses for 20/20 probed molecules
2026-08-06 04:02:07,239 | INFO    | molsanity | Loaded Benzene (GraphXAI Benzene): 1000 molecules (500 positive), 0 dropped for an unscoreable mask, checksum 4f747f320131
2026-08-06 04:02:07,748 | INFO    | molsanity | Scaffold split: 841 scaffolds over 1000 molecules (31 scaffold-less, 20.7% of molecules in multi-member groups) -> train 600 / val 100 / test 300
2026-08-06 04:02:07,767 | INFO    | molsanity | Loaded existing checkpoint gine_164fd1de25b2c1fc.pt
2026-08-06 04:02:07,783 | INFO    | molsanity | [cell Benzene__GINE__Saliency__scaffold] auditing 200 molecules (capped from 300)
2026-08-06 04:02:07,787 | INFO    | molsanity | [cell Benzene__GINE__Saliency__scaffold] auditing on 12 worker processes (CPU)
2026-08-06 04:02:08,181 | WARNING | molsanity | [cell Benzene__GINE__Saliency__scaffold] worker pool failed (RuntimeError: Unable to handle autograd's threading in combination with fork-based multiprocessing. See https://github.com/pytorch/pytorch/wiki/Autograd-and-Fork) — falling back to the serial path for this cell
2026-08-06 04:02:17,195 | INFO    | molsanity | Wrote GT-validation figure: artifacts/figures/Benzene__GINE__Saliency__scaffold/gt_validation.pdf (+ .svg)
2026-08-06 04:02:17,217 | INFO    | molsanity | Wrote molecule attribution SVG: artifacts/figures/Benzene__GINE__Saliency__scaffold/case_molecule.svg (GT atoms: [])
2026-08-06 04:02:18,327 | INFO    | molsanity | [cell Benzene__GINE__Saliency__scaffold__seed0] DONE — acc=0.99 gt_auroc=0.9978195823784058 n=200 (capped)
2026-08-06 04:02:18,337 | INFO    | molsanity | [stage cell_Benzene__GINE__Saliency__scaffold__seed1] config changed (2726654dc9a9f682 -> 79d052de89e12988) — rerunning
2026-08-06 04:02:18,337 | INFO    | molsanity | [stage cell_Benzene__GINE__Saliency__scaffold__seed1] running (79d052de89e12988)
2026-08-06 04:02:19,066 | INFO    | molsanity | npz smiles: column 1 parses for 20/20 probed molecules
2026-08-06 04:02:21,308 | INFO    | molsanity | Loaded Benzene (GraphXAI Benzene): 1000 molecules (500 positive), 0 dropped for an unscoreable mask, checksum 4f747f320131
2026-08-06 04:02:21,811 | INFO    | molsanity | Scaffold split: 841 scaffolds over 1000 molecules (31 scaffold-less, 20.7% of molecules in multi-member groups) -> train 600 / val 100 / test 300
2026-08-06 04:02:21,831 | INFO    | molsanity | Loaded existing checkpoint gine_4a0bebbef785cb98.pt
2026-08-06 04:02:21,847 | INFO    | molsanity | [cell Benzene__GINE__Saliency__scaffold] auditing 200 molecules (capped from 300)
2026-08-06 04:02:21,850 | INFO    | molsanity | [cell Benzene__GINE__Saliency__scaffold] auditing on 12 worker processes (CPU)
2026-08-06 04:02:22,255 | WARNING | molsanity | [cell Benzene__GINE__Saliency__scaffold] worker pool failed (RuntimeError: Unable to handle autograd's threading in combination with fork-based multiprocessing. See https://github.com/pytorch/pytorch/wiki/Autograd-and-Fork) — falling back to the serial path for this cell
2026-08-06 04:02:31,006 | INFO    | molsanity | Wrote GT-validation figure: artifacts/figures/Benzene__GINE__Saliency__scaffold/gt_validation.pdf (+ .svg)
2026-08-06 04:02:31,013 | INFO    | molsanity | Wrote molecule attribution SVG: artifacts/figures/Benzene__GINE__Saliency__scaffold/case_molecule.svg (GT atoms: [])
2026-08-06 04:02:31,246 | INFO    | molsanity | [cell Benzene__GINE__Saliency__scaffold__seed1] DONE — acc=0.79 gt_auroc=0.9998473748473748 n=200 (capped)
2026-08-06 04:02:31,264 | INFO    | molsanity | [stage cell_Benzene__GINE__Saliency__scaffold__seed2] config changed (676feb4da011ac56 -> 23ceb6d21ff46420) — rerunning
2026-08-06 04:02:31,265 | INFO    | molsanity | [stage cell_Benzene__GINE__Saliency__scaffold__seed2] running (23ceb6d21ff46420)
2026-08-06 04:02:32,000 | INFO    | molsanity | npz smiles: column 1 parses for 20/20 probed molecules
2026-08-06 04:02:34,532 | INFO    | molsanity | Loaded Benzene (GraphXAI Benzene): 1000 molecules (500 positive), 0 dropped for an unscoreable mask, checksum 4f747f320131
2026-08-06 04:02:35,051 | INFO    | molsanity | Scaffold split: 841 scaffolds over 1000 molecules (31 scaffold-less, 20.7% of molecules in multi-member groups) -> train 600 / val 100 / test 300
2026-08-06 04:02:35,072 | INFO    | molsanity | Loaded existing checkpoint gine_b5f6cc65f90ce161.pt
2026-08-06 04:02:35,090 | INFO    | molsanity | [cell Benzene__GINE__Saliency__scaffold] auditing 200 molecules (capped from 300)
2026-08-06 04:02:35,093 | INFO    | molsanity | [cell Benzene__GINE__Saliency__scaffold] auditing on 12 worker processes (CPU)
2026-08-06 04:02:35,484 | WARNING | molsanity | [cell Benzene__GINE__Saliency__scaffold] worker pool failed (RuntimeError: Unable to handle autograd's threading in combination with fork-based multiprocessing. See https://github.com/pytorch/pytorch/wiki/Autograd-and-Fork) — falling back to the serial path for this cell
2026-08-06 04:02:44,081 | INFO    | molsanity | Wrote GT-validation figure: artifacts/figures/Benzene__GINE__Saliency__scaffold/gt_validation.pdf (+ .svg)
2026-08-06 04:02:44,088 | INFO    | molsanity | Wrote molecule attribution SVG: artifacts/figures/Benzene__GINE__Saliency__scaffold/case_molecule.svg (GT atoms: [])
2026-08-06 04:02:44,575 | INFO    | molsanity | [cell Benzene__GINE__Saliency__scaffold__seed2] DONE — acc=0.99 gt_auroc=0.9852619377096931 n=200 (capped)
2026-08-06 04:02:44,957 | INFO    | molsanity | [stage cell_Benzene__GINE__Saliency__random__seed0] cache hit (c1852547e149183c) — skipping
2026-08-06 04:02:44,958 | INFO    | molsanity | [cell Benzene__GINE__Saliency__random__seed0] DONE — acc=0.99 gt_auroc=0.9923466426173916 n=200 (capped) [cached]
2026-08-06 04:02:45,168 | INFO    | molsanity | [stage cell_Benzene__GINE__Saliency__random__seed1] cache hit (25cf5702be362fb9) — skipping
2026-08-06 04:02:45,168 | INFO    | molsanity | [cell Benzene__GINE__Saliency__random__seed1] DONE — acc=0.96 gt_auroc=1.0 n=200 (capped) [cached]
2026-08-06 04:02:45,545 | INFO    | molsanity | [stage cell_Benzene__GINE__Saliency__random__seed2] cache hit (93005be6cf7b0642) — skipping
2026-08-06 04:02:45,545 | INFO    | molsanity | [cell Benzene__GINE__Saliency__random__seed2] DONE — acc=0.66 gt_auroc=0.9996942852179954 n=200 (capped) [cached]
2026-08-06 04:02:45,555 | INFO    | molsanity | [stage cell_Benzene__GINE__InputXGradient__scaffold__seed0] config changed (e7762e5770f7ae99 -> 1d75193639d71bda) — rerunning
2026-08-06 04:02:45,555 | INFO    | molsanity | [stage cell_Benzene__GINE__InputXGradient__scaffold__seed0] running (1d75193639d71bda)
2026-08-06 04:02:46,290 | INFO    | molsanity | npz smiles: column 1 parses for 20/20 probed molecules
2026-08-06 04:02:48,546 | INFO    | molsanity | Loaded Benzene (GraphXAI Benzene): 1000 molecules (500 positive), 0 dropped for an unscoreable mask, checksum 4f747f320131
2026-08-06 04:02:49,039 | INFO    | molsanity | Scaffold split: 841 scaffolds over 1000 molecules (31 scaffold-less, 20.7% of molecules in multi-member groups) -> train 600 / val 100 / test 300
2026-08-06 04:02:49,060 | INFO    | molsanity | Loaded existing checkpoint gine_164fd1de25b2c1fc.pt
2026-08-06 04:02:49,077 | INFO    | molsanity | [cell Benzene__GINE__InputXGradient__scaffold] auditing 200 molecules (capped from 300)
2026-08-06 04:02:49,080 | INFO    | molsanity | [cell Benzene__GINE__InputXGradient__scaffold] auditing on 12 worker processes (CPU)
2026-08-06 04:02:49,485 | WARNING | molsanity | [cell Benzene__GINE__InputXGradient__scaffold] worker pool failed (RuntimeError: Unable to handle autograd's threading in combination with fork-based multiprocessing. See https://github.com/pytorch/pytorch/wiki/Autograd-and-Fork) — falling back to the serial path for this cell
2026-08-06 04:02:58,852 | INFO    | molsanity | Wrote GT-validation figure: artifacts/figures/Benzene__GINE__InputXGradient__scaffold/gt_validation.pdf (+ .svg)
2026-08-06 04:02:58,862 | INFO    | molsanity | Wrote molecule attribution SVG: artifacts/figures/Benzene__GINE__InputXGradient__scaffold/case_molecule.svg (GT atoms: [])
2026-08-06 04:03:00,014 | INFO    | molsanity | [cell Benzene__GINE__InputXGradient__scaffold__seed0] DONE — acc=0.99 gt_auroc=0.9987208688189081 n=200 (capped)
2026-08-06 04:03:00,024 | INFO    | molsanity | [stage cell_Benzene__GINE__InputXGradient__scaffold__seed1] config changed (58cf5b0d1ceee4b3 -> ef3fb89417100f16) — rerunning
2026-08-06 04:03:00,024 | INFO    | molsanity | [stage cell_Benzene__GINE__InputXGradient__scaffold__seed1] running (ef3fb89417100f16)
2026-08-06 04:03:00,750 | INFO    | molsanity | npz smiles: column 1 parses for 20/20 probed molecules
2026-08-06 04:03:03,038 | INFO    | molsanity | Loaded Benzene (GraphXAI Benzene): 1000 molecules (500 positive), 0 dropped for an unscoreable mask, checksum 4f747f320131
2026-08-06 04:03:03,543 | INFO    | molsanity | Scaffold split: 841 scaffolds over 1000 molecules (31 scaffold-less, 20.7% of molecules in multi-member groups) -> train 600 / val 100 / test 300
2026-08-06 04:03:03,564 | INFO    | molsanity | Loaded existing checkpoint gine_4a0bebbef785cb98.pt
2026-08-06 04:03:03,581 | INFO    | molsanity | [cell Benzene__GINE__InputXGradient__scaffold] auditing 200 molecules (capped from 300)
2026-08-06 04:03:03,584 | INFO    | molsanity | [cell Benzene__GINE__InputXGradient__scaffold] auditing on 12 worker processes (CPU)
2026-08-06 04:03:03,980 | WARNING | molsanity | [cell Benzene__GINE__InputXGradient__scaffold] worker pool failed (RuntimeError: Unable to handle autograd's threading in combination with fork-based multiprocessing. See https://github.com/pytorch/pytorch/wiki/Autograd-and-Fork) — falling back to the serial path for this cell
2026-08-06 04:03:12,700 | INFO    | molsanity | Wrote GT-validation figure: artifacts/figures/Benzene__GINE__InputXGradient__scaffold/gt_validation.pdf (+ .svg)
2026-08-06 04:03:12,708 | INFO    | molsanity | Wrote molecule attribution SVG: artifacts/figures/Benzene__GINE__InputXGradient__scaffold/case_molecule.svg (GT atoms: [])
2026-08-06 04:03:13,147 | INFO    | molsanity | [cell Benzene__GINE__InputXGradient__scaffold__seed1] DONE — acc=0.79 gt_auroc=0.9998271404521404 n=200 (capped)
2026-08-06 04:03:13,159 | INFO    | molsanity | [stage cell_Benzene__GINE__InputXGradient__scaffold__seed2] config changed (29ccc61dad410574 -> a1907c529a869a2c) — rerunning
2026-08-06 04:03:13,159 | INFO    | molsanity | [stage cell_Benzene__GINE__InputXGradient__scaffold__seed2] running (a1907c529a869a2c)
2026-08-06 04:03:13,882 | INFO    | molsanity | npz smiles: column 1 parses for 20/20 probed molecules
2026-08-06 04:03:16,123 | INFO    | molsanity | Loaded Benzene (GraphXAI Benzene): 1000 molecules (500 positive), 0 dropped for an unscoreable mask, checksum 4f747f320131
2026-08-06 04:03:16,621 | INFO    | molsanity | Scaffold split: 841 scaffolds over 1000 molecules (31 scaffold-less, 20.7% of molecules in multi-member groups) -> train 600 / val 100 / test 300
2026-08-06 04:03:16,641 | INFO    | molsanity | Loaded existing checkpoint gine_b5f6cc65f90ce161.pt
2026-08-06 04:03:16,658 | INFO    | molsanity | [cell Benzene__GINE__InputXGradient__scaffold] auditing 200 molecules (capped from 300)
2026-08-06 04:03:16,662 | INFO    | molsanity | [cell Benzene__GINE__InputXGradient__scaffold] auditing on 12 worker processes (CPU)
2026-08-06 04:03:17,067 | WARNING | molsanity | [cell Benzene__GINE__InputXGradient__scaffold] worker pool failed (RuntimeError: Unable to handle autograd's threading in combination with fork-based multiprocessing. See https://github.com/pytorch/pytorch/wiki/Autograd-and-Fork) — falling back to the serial path for this cell
2026-08-06 04:03:25,960 | INFO    | molsanity | Wrote GT-validation figure: artifacts/figures/Benzene__GINE__InputXGradient__scaffold/gt_validation.pdf (+ .svg)
2026-08-06 04:03:25,968 | INFO    | molsanity | Wrote molecule attribution SVG: artifacts/figures/Benzene__GINE__InputXGradient__scaffold/case_molecule.svg (GT atoms: [])
2026-08-06 04:03:26,216 | INFO    | molsanity | [cell Benzene__GINE__InputXGradient__scaffold__seed2] DONE — acc=0.99 gt_auroc=0.9872217974997903 n=200 (capped)
2026-08-06 04:03:26,576 | INFO    | molsanity | [stage cell_Benzene__GINE__InputXGradient__random__seed0] cache hit (f64af3280dbb03db) — skipping
2026-08-06 04:03:26,577 | INFO    | molsanity | [cell Benzene__GINE__InputXGradient__random__seed0] DONE — acc=0.99 gt_auroc=0.9946051261866038 n=200 (capped) [cached]
2026-08-06 04:03:26,850 | INFO    | molsanity | [stage cell_Benzene__GINE__InputXGradient__random__seed1] cache hit (17c58fc1c42d0ecc) — skipping
2026-08-06 04:03:26,850 | INFO    | molsanity | [cell Benzene__GINE__InputXGradient__random__seed1] DONE — acc=0.96 gt_auroc=1.0 n=200 (capped) [cached]
2026-08-06 04:03:27,188 | INFO    | molsanity | [stage cell_Benzene__GINE__InputXGradient__random__seed2] cache hit (7ed71caab80210f2) — skipping
2026-08-06 04:03:27,188 | INFO    | molsanity | [cell Benzene__GINE__InputXGradient__random__seed2] DONE — acc=0.66 gt_auroc=0.9996942852179954 n=200 (capped) [cached]
2026-08-06 04:03:27,198 | INFO    | molsanity | [stage cell_Benzene__GINE__GuidedBackprop__scaffold__seed0] config changed (614c6314cbdd691f -> 0c60708f2dd54bf4) — rerunning
2026-08-06 04:03:27,199 | INFO    | molsanity | [stage cell_Benzene__GINE__GuidedBackprop__scaffold__seed0] running (0c60708f2dd54bf4)
2026-08-06 04:03:27,918 | INFO    | molsanity | npz smiles: column 1 parses for 20/20 probed molecules
2026-08-06 04:03:30,169 | INFO    | molsanity | Loaded Benzene (GraphXAI Benzene): 1000 molecules (500 positive), 0 dropped for an unscoreable mask, checksum 4f747f320131
2026-08-06 04:03:30,679 | INFO    | molsanity | Scaffold split: 841 scaffolds over 1000 molecules (31 scaffold-less, 20.7% of molecules in multi-member groups) -> train 600 / val 100 / test 300
2026-08-06 04:03:30,698 | INFO    | molsanity | Loaded existing checkpoint gine_164fd1de25b2c1fc.pt
2026-08-06 04:03:30,715 | INFO    | molsanity | [cell Benzene__GINE__GuidedBackprop__scaffold] auditing 200 molecules (capped from 300)
2026-08-06 04:03:30,718 | INFO    | molsanity | [cell Benzene__GINE__GuidedBackprop__scaffold] auditing on 12 worker processes (CPU)
2026-08-06 04:03:31,124 | WARNING | molsanity | [cell Benzene__GINE__GuidedBackprop__scaffold] worker pool failed (RuntimeError: Unable to handle autograd's threading in combination with fork-based multiprocessing. See https://github.com/pytorch/pytorch/wiki/Autograd-and-Fork) — falling back to the serial path for this cell
2026-08-06 04:03:40,673 | INFO    | molsanity | Wrote GT-validation figure: artifacts/figures/Benzene__GINE__GuidedBackprop__scaffold/gt_validation.pdf (+ .svg)
2026-08-06 04:03:40,682 | INFO    | molsanity | Wrote molecule attribution SVG: artifacts/figures/Benzene__GINE__GuidedBackprop__scaffold/case_molecule.svg (GT atoms: [])
2026-08-06 04:03:41,673 | INFO    | molsanity | [cell Benzene__GINE__GuidedBackprop__scaffold__seed0] DONE — acc=0.99 gt_auroc=0.9916691424044364 n=200 (capped)
2026-08-06 04:03:41,683 | INFO    | molsanity | [stage cell_Benzene__GINE__GuidedBackprop__scaffold__seed1] config changed (ac20e320a496d012 -> 2cbda3bdee3f1b31) — rerunning
2026-08-06 04:03:41,683 | INFO    | molsanity | [stage cell_Benzene__GINE__GuidedBackprop__scaffold__seed1] running (2cbda3bdee3f1b31)
2026-08-06 04:03:42,423 | INFO    | molsanity | npz smiles: column 1 parses for 20/20 probed molecules
2026-08-06 04:03:44,664 | INFO    | molsanity | Loaded Benzene (GraphXAI Benzene): 1000 molecules (500 positive), 0 dropped for an unscoreable mask, checksum 4f747f320131
2026-08-06 04:03:45,164 | INFO    | molsanity | Scaffold split: 841 scaffolds over 1000 molecules (31 scaffold-less, 20.7% of molecules in multi-member groups) -> train 600 / val 100 / test 300
2026-08-06 04:03:45,185 | INFO    | molsanity | Loaded existing checkpoint gine_4a0bebbef785cb98.pt
2026-08-06 04:03:45,201 | INFO    | molsanity | [cell Benzene__GINE__GuidedBackprop__scaffold] auditing 200 molecules (capped from 300)
2026-08-06 04:03:45,204 | INFO    | molsanity | [cell Benzene__GINE__GuidedBackprop__scaffold] auditing on 12 worker processes (CPU)
2026-08-06 04:03:45,593 | WARNING | molsanity | [cell Benzene__GINE__GuidedBackprop__scaffold] worker pool failed (RuntimeError: Unable to handle autograd's threading in combination with fork-based multiprocessing. See https://github.com/pytorch/pytorch/wiki/Autograd-and-Fork) — falling back to the serial path for this cell
2026-08-06 04:03:54,551 | INFO    | molsanity | Wrote GT-validation figure: artifacts/figures/Benzene__GINE__GuidedBackprop__scaffold/gt_validation.pdf (+ .svg)
2026-08-06 04:03:54,558 | INFO    | molsanity | Wrote molecule attribution SVG: artifacts/figures/Benzene__GINE__GuidedBackprop__scaffold/case_molecule.svg (GT atoms: [])
2026-08-06 04:03:54,954 | INFO    | molsanity | [cell Benzene__GINE__GuidedBackprop__scaffold__seed1] DONE — acc=0.79 gt_auroc=0.6551166803316019 n=200 (capped)
2026-08-06 04:03:54,966 | INFO    | molsanity | [stage cell_Benzene__GINE__GuidedBackprop__scaffold__seed2] config changed (8b6a589a219c2558 -> 605a00df43ecbff5) — rerunning
2026-08-06 04:03:54,966 | INFO    | molsanity | [stage cell_Benzene__GINE__GuidedBackprop__scaffold__seed2] running (605a00df43ecbff5)
2026-08-06 04:03:55,686 | INFO    | molsanity | npz smiles: column 1 parses for 20/20 probed molecules
2026-08-06 04:03:58,182 | INFO    | molsanity | Loaded Benzene (GraphXAI Benzene): 1000 molecules (500 positive), 0 dropped for an unscoreable mask, checksum 4f747f320131
2026-08-06 04:03:58,690 | INFO    | molsanity | Scaffold split: 841 scaffolds over 1000 molecules (31 scaffold-less, 20.7% of molecules in multi-member groups) -> train 600 / val 100 / test 300
2026-08-06 04:03:58,710 | INFO    | molsanity | Loaded existing checkpoint gine_b5f6cc65f90ce161.pt
2026-08-06 04:03:58,727 | INFO    | molsanity | [cell Benzene__GINE__GuidedBackprop__scaffold] auditing 200 molecules (capped from 300)
2026-08-06 04:03:58,730 | INFO    | molsanity | [cell Benzene__GINE__GuidedBackprop__scaffold] auditing on 12 worker processes (CPU)
2026-08-06 04:03:59,133 | WARNING | molsanity | [cell Benzene__GINE__GuidedBackprop__scaffold] worker pool failed (RuntimeError: Unable to handle autograd's threading in combination with fork-based multiprocessing. See https://github.com/pytorch/pytorch/wiki/Autograd-and-Fork) — falling back to the serial path for this cell
2026-08-06 04:04:08,497 | INFO    | molsanity | Wrote GT-validation figure: artifacts/figures/Benzene__GINE__GuidedBackprop__scaffold/gt_validation.pdf (+ .svg)
2026-08-06 04:04:08,504 | INFO    | molsanity | Wrote molecule attribution SVG: artifacts/figures/Benzene__GINE__GuidedBackprop__scaffold/case_molecule.svg (GT atoms: [])
2026-08-06 04:04:08,819 | INFO    | molsanity | [cell Benzene__GINE__GuidedBackprop__scaffold__seed2] DONE — acc=0.99 gt_auroc=0.9966548803864981 n=200 (capped)
2026-08-06 04:04:09,024 | INFO    | molsanity | [stage cell_Benzene__GINE__GuidedBackprop__random__seed0] cache hit (b42e6717ad857db6) — skipping
2026-08-06 04:04:09,024 | INFO    | molsanity | [cell Benzene__GINE__GuidedBackprop__random__seed0] DONE — acc=0.99 gt_auroc=0.9911591077051602 n=200 (capped) [cached]
2026-08-06 04:04:09,233 | INFO    | molsanity | [stage cell_Benzene__GINE__GuidedBackprop__random__seed1] cache hit (f787b6515bceec80) — skipping
2026-08-06 04:04:09,233 | INFO    | molsanity | [cell Benzene__GINE__GuidedBackprop__random__seed1] DONE — acc=0.96 gt_auroc=0.9577542796567249 n=200 (capped) [cached]
2026-08-06 04:04:09,433 | INFO    | molsanity | [stage cell_Benzene__GINE__GuidedBackprop__random__seed2] cache hit (c5aec164b98c33a4) — skipping
2026-08-06 04:04:09,434 | INFO    | molsanity | [cell Benzene__GINE__GuidedBackprop__random__seed2] DONE — acc=0.66 gt_auroc=0.7428174115608979 n=200 (capped) [cached]
2026-08-06 04:04:09,444 | INFO    | molsanity | [stage cell_Benzene__GINE__GNNExplainer__scaffold__seed0] config changed (6347de3f29856056 -> 43edddcf37d16ac7) — rerunning
2026-08-06 04:04:09,444 | INFO    | molsanity | [stage cell_Benzene__GINE__GNNExplainer__scaffold__seed0] running (43edddcf37d16ac7)
2026-08-06 04:04:10,172 | INFO    | molsanity | npz smiles: column 1 parses for 20/20 probed molecules
2026-08-06 04:04:12,423 | INFO    | molsanity | Loaded Benzene (GraphXAI Benzene): 1000 molecules (500 positive), 0 dropped for an unscoreable mask, checksum 4f747f320131
2026-08-06 04:04:12,917 | INFO    | molsanity | Scaffold split: 841 scaffolds over 1000 molecules (31 scaffold-less, 20.7% of molecules in multi-member groups) -> train 600 / val 100 / test 300
2026-08-06 04:04:12,937 | INFO    | molsanity | Loaded existing checkpoint gine_164fd1de25b2c1fc.pt
2026-08-06 04:04:12,969 | INFO    | molsanity | [cell Benzene__GINE__GNNExplainer__scaffold] auditing 200 molecules (capped from 300)
2026-08-06 04:04:12,973 | INFO    | molsanity | [cell Benzene__GINE__GNNExplainer__scaffold] auditing on 12 worker processes (CPU)
2026-08-06 04:04:13,386 | WARNING | molsanity | [cell Benzene__GINE__GNNExplainer__scaffold] worker pool failed (RuntimeError: Unable to handle autograd's threading in combination with fork-based multiprocessing. See https://github.com/pytorch/pytorch/wiki/Autograd-and-Fork) — falling back to the serial path for this cell
2026-08-06 04:05:13,793 | INFO    | molsanity | [cell Benzene__GINE__GNNExplainer__scaffold] 49/200 molecules (1.2s each, ~3 min left)
2026-08-06 04:06:14,210 | INFO    | molsanity | [cell Benzene__GINE__GNNExplainer__scaffold] 98/200 molecules (1.2s each, ~2 min left)
2026-08-06 04:07:14,525 | INFO    | molsanity | [cell Benzene__GINE__GNNExplainer__scaffold] 147/200 molecules (1.2s each, ~1 min left)
2026-08-06 04:08:15,478 | INFO    | molsanity | [cell Benzene__GINE__GNNExplainer__scaffold] 196/200 molecules (1.2s each, ~0 min left)
2026-08-06 04:08:22,185 | INFO    | molsanity | Wrote GT-validation figure: artifacts/figures/Benzene__GINE__GNNExplainer__scaffold/gt_validation.pdf (+ .svg)
2026-08-06 04:08:22,194 | INFO    | molsanity | Wrote molecule attribution SVG: artifacts/figures/Benzene__GINE__GNNExplainer__scaffold/case_molecule.svg (GT atoms: [])
2026-08-06 04:08:23,154 | INFO    | molsanity | [cell Benzene__GINE__GNNExplainer__scaffold__seed0] DONE — acc=0.99 gt_auroc=0.6872743290513359 n=200 (capped)
2026-08-06 04:08:23,165 | INFO    | molsanity | [stage cell_Benzene__GINE__GNNExplainer__scaffold__seed1] config changed (b7f8a6b8a6ef7e4b -> 0d67870d3d6b9304) — rerunning
2026-08-06 04:08:23,165 | INFO    | molsanity | [stage cell_Benzene__GINE__GNNExplainer__scaffold__seed1] running (0d67870d3d6b9304)
2026-08-06 04:08:23,889 | INFO    | molsanity | npz smiles: column 1 parses for 20/20 probed molecules
2026-08-06 04:08:26,139 | INFO    | molsanity | Loaded Benzene (GraphXAI Benzene): 1000 molecules (500 positive), 0 dropped for an unscoreable mask, checksum 4f747f320131
2026-08-06 04:08:26,642 | INFO    | molsanity | Scaffold split: 841 scaffolds over 1000 molecules (31 scaffold-less, 20.7% of molecules in multi-member groups) -> train 600 / val 100 / test 300
2026-08-06 04:08:26,662 | INFO    | molsanity | Loaded existing checkpoint gine_4a0bebbef785cb98.pt
2026-08-06 04:08:26,678 | INFO    | molsanity | [cell Benzene__GINE__GNNExplainer__scaffold] auditing 200 molecules (capped from 300)
2026-08-06 04:08:26,682 | INFO    | molsanity | [cell Benzene__GINE__GNNExplainer__scaffold] auditing on 12 worker processes (CPU)
2026-08-06 04:08:27,073 | WARNING | molsanity | [cell Benzene__GINE__GNNExplainer__scaffold] worker pool failed (RuntimeError: Unable to handle autograd's threading in combination with fork-based multiprocessing. See https://github.com/pytorch/pytorch/wiki/Autograd-and-Fork) — falling back to the serial path for this cell
2026-08-06 04:09:27,945 | INFO    | molsanity | [cell Benzene__GINE__GNNExplainer__scaffold] 49/200 molecules (1.2s each, ~3 min left)
2026-08-06 04:10:28,055 | INFO    | molsanity | [cell Benzene__GINE__GNNExplainer__scaffold] 97/200 molecules (1.2s each, ~2 min left)
2026-08-06 04:11:28,419 | INFO    | molsanity | [cell Benzene__GINE__GNNExplainer__scaffold] 145/200 molecules (1.3s each, ~1 min left)
2026-08-06 04:12:29,396 | INFO    | molsanity | [cell Benzene__GINE__GNNExplainer__scaffold] 193/200 molecules (1.3s each, ~0 min left)
2026-08-06 04:12:39,313 | INFO    | molsanity | Wrote GT-validation figure: artifacts/figures/Benzene__GINE__GNNExplainer__scaffold/gt_validation.pdf (+ .svg)
2026-08-06 04:12:39,321 | INFO    | molsanity | Wrote molecule attribution SVG: artifacts/figures/Benzene__GINE__GNNExplainer__scaffold/case_molecule.svg (GT atoms: [])
2026-08-06 04:12:39,604 | INFO    | molsanity | [cell Benzene__GINE__GNNExplainer__scaffold__seed1] DONE — acc=0.79 gt_auroc=0.5337088687558612 n=200 (capped)
2026-08-06 04:12:39,616 | INFO    | molsanity | [stage cell_Benzene__GINE__GNNExplainer__scaffold__seed2] config changed (98ea5185857ebae2 -> 5a2f491efd8a9215) — rerunning
2026-08-06 04:12:39,616 | INFO    | molsanity | [stage cell_Benzene__GINE__GNNExplainer__scaffold__seed2] running (5a2f491efd8a9215)
2026-08-06 04:12:40,329 | INFO    | molsanity | npz smiles: column 1 parses for 20/20 probed molecules
2026-08-06 04:12:42,544 | INFO    | molsanity | Loaded Benzene (GraphXAI Benzene): 1000 molecules (500 positive), 0 dropped for an unscoreable mask, checksum 4f747f320131
2026-08-06 04:12:43,033 | INFO    | molsanity | Scaffold split: 841 scaffolds over 1000 molecules (31 scaffold-less, 20.7% of molecules in multi-member groups) -> train 600 / val 100 / test 300
2026-08-06 04:12:43,053 | INFO    | molsanity | Loaded existing checkpoint gine_b5f6cc65f90ce161.pt
2026-08-06 04:12:43,069 | INFO    | molsanity | [cell Benzene__GINE__GNNExplainer__scaffold] auditing 200 molecules (capped from 300)
2026-08-06 04:12:43,073 | INFO    | molsanity | [cell Benzene__GINE__GNNExplainer__scaffold] auditing on 12 worker processes (CPU)
2026-08-06 04:12:43,483 | WARNING | molsanity | [cell Benzene__GINE__GNNExplainer__scaffold] worker pool failed (RuntimeError: Unable to handle autograd's threading in combination with fork-based multiprocessing. See https://github.com/pytorch/pytorch/wiki/Autograd-and-Fork) — falling back to the serial path for this cell
2026-08-06 04:13:44,181 | INFO    | molsanity | [cell Benzene__GINE__GNNExplainer__scaffold] 49/200 molecules (1.2s each, ~3 min left)
2026-08-06 04:14:44,827 | INFO    | molsanity | [cell Benzene__GINE__GNNExplainer__scaffold] 98/200 molecules (1.2s each, ~2 min left)
2026-08-06 04:15:45,851 | INFO    | molsanity | [cell Benzene__GINE__GNNExplainer__scaffold] 147/200 molecules (1.2s each, ~1 min left)
2026-08-06 04:16:47,164 | INFO    | molsanity | [cell Benzene__GINE__GNNExplainer__scaffold] 196/200 molecules (1.2s each, ~0 min left)
2026-08-06 04:16:53,078 | INFO    | molsanity | Wrote GT-validation figure: artifacts/figures/Benzene__GINE__GNNExplainer__scaffold/gt_validation.pdf (+ .svg)
2026-08-06 04:16:53,085 | INFO    | molsanity | Wrote molecule attribution SVG: artifacts/figures/Benzene__GINE__GNNExplainer__scaffold/case_molecule.svg (GT atoms: [])
2026-08-06 04:16:53,457 | INFO    | molsanity | [cell Benzene__GINE__GNNExplainer__scaffold__seed2] DONE — acc=0.99 gt_auroc=0.4254863909211636 n=200 (capped)
2026-08-06 04:16:53,929 | INFO    | molsanity | [stage cell_Benzene__GINE__GNNExplainer__random__seed0] cache hit (8ed7f51371324822) — skipping
2026-08-06 04:16:53,929 | INFO    | molsanity | [cell Benzene__GINE__GNNExplainer__random__seed0] DONE — acc=0.99 gt_auroc=0.5310552172652152 n=200 (capped) [cached]
2026-08-06 04:16:54,298 | INFO    | molsanity | [stage cell_Benzene__GINE__GNNExplainer__random__seed1] cache hit (6cffd711fdf6ac43) — skipping
2026-08-06 04:16:54,299 | INFO    | molsanity | [cell Benzene__GINE__GNNExplainer__random__seed1] DONE — acc=0.96 gt_auroc=0.4740577983739195 n=200 (capped) [cached]
2026-08-06 04:16:54,499 | INFO    | molsanity | [stage cell_Benzene__GINE__GNNExplainer__random__seed2] cache hit (e7bdd1f22af55c3c) — skipping
2026-08-06 04:16:54,499 | INFO    | molsanity | [cell Benzene__GINE__GNNExplainer__random__seed2] DONE — acc=0.66 gt_auroc=0.5308580347978549 n=200 (capped) [cached]
2026-08-06 04:16:54,509 | INFO    | molsanity | [stage cell_Benzene__GINE__PGExplainer__scaffold__seed0] config changed (34c86d1b17a60df9 -> e46ad7d5c3222320) — rerunning
2026-08-06 04:16:54,509 | INFO    | molsanity | [stage cell_Benzene__GINE__PGExplainer__scaffold__seed0] running (e46ad7d5c3222320)
2026-08-06 04:16:55,196 | INFO    | molsanity | npz smiles: column 1 parses for 20/20 probed molecules
2026-08-06 04:16:57,453 | INFO    | molsanity | Loaded Benzene (GraphXAI Benzene): 1000 molecules (500 positive), 0 dropped for an unscoreable mask, checksum 4f747f320131
2026-08-06 04:16:57,965 | INFO    | molsanity | Scaffold split: 841 scaffolds over 1000 molecules (31 scaffold-less, 20.7% of molecules in multi-member groups) -> train 600 / val 100 / test 300
2026-08-06 04:16:57,985 | INFO    | molsanity | Loaded existing checkpoint gine_164fd1de25b2c1fc.pt
2026-08-06 04:18:48,939 | INFO    | molsanity | PGExplainer trained on 200 graphs (30 epochs), final loss 0.2100
2026-08-06 04:20:00,155 | INFO    | molsanity | PGExplainer trained on 200 graphs (30 epochs), final loss 0.0486
2026-08-06 04:20:00,155 | INFO    | molsanity | [cell Benzene__GINE__PGExplainer__scaffold] auditing 200 molecules (capped from 300)
2026-08-06 04:20:00,163 | INFO    | molsanity | [cell Benzene__GINE__PGExplainer__scaffold] auditing on 12 worker processes (CPU)
2026-08-06 04:20:01,311 | INFO    | molsanity | [cell Benzene__GINE__PGExplainer__scaffold] 200 molecules in 0.0 min (0.01s each, 12 workers)
2026-08-06 04:20:02,704 | INFO    | molsanity | Wrote GT-validation figure: artifacts/figures/Benzene__GINE__PGExplainer__scaffold/gt_validation.pdf (+ .svg)
2026-08-06 04:20:02,713 | INFO    | molsanity | Wrote molecule attribution SVG: artifacts/figures/Benzene__GINE__PGExplainer__scaffold/case_molecule.svg (GT atoms: [])
2026-08-06 04:20:03,545 | INFO    | molsanity | [cell Benzene__GINE__PGExplainer__scaffold__seed0] DONE — acc=0.99 gt_auroc=0.1328534307284031 n=200 (capped)
2026-08-06 04:20:03,556 | INFO    | molsanity | [stage cell_Benzene__GINE__PGExplainer__scaffold__seed1] config changed (969c94d09924bfde -> ece7c4b8881f9a8e) — rerunning
2026-08-06 04:20:03,556 | INFO    | molsanity | [stage cell_Benzene__GINE__PGExplainer__scaffold__seed1] running (ece7c4b8881f9a8e)
2026-08-06 04:20:04,295 | INFO    | molsanity | npz smiles: column 1 parses for 20/20 probed molecules
2026-08-06 04:20:06,532 | INFO    | molsanity | Loaded Benzene (GraphXAI Benzene): 1000 molecules (500 positive), 0 dropped for an unscoreable mask, checksum 4f747f320131
2026-08-06 04:20:07,032 | INFO    | molsanity | Scaffold split: 841 scaffolds over 1000 molecules (31 scaffold-less, 20.7% of molecules in multi-member groups) -> train 600 / val 100 / test 300
2026-08-06 04:20:07,055 | INFO    | molsanity | Loaded existing checkpoint gine_4a0bebbef785cb98.pt
2026-08-06 04:21:56,641 | INFO    | molsanity | PGExplainer trained on 200 graphs (30 epochs), final loss 1.2581
2026-08-06 04:23:06,976 | INFO    | molsanity | PGExplainer trained on 200 graphs (30 epochs), final loss 0.0316
2026-08-06 04:23:06,976 | INFO    | molsanity | [cell Benzene__GINE__PGExplainer__scaffold] auditing 200 molecules (capped from 300)
2026-08-06 04:23:06,983 | INFO    | molsanity | [cell Benzene__GINE__PGExplainer__scaffold] auditing on 12 worker processes (CPU)
2026-08-06 04:23:08,128 | INFO    | molsanity | [cell Benzene__GINE__PGExplainer__scaffold] 200 molecules in 0.0 min (0.01s each, 12 workers)
2026-08-06 04:23:08,644 | INFO    | molsanity | Wrote GT-validation figure: artifacts/figures/Benzene__GINE__PGExplainer__scaffold/gt_validation.pdf (+ .svg)
2026-08-06 04:23:08,652 | INFO    | molsanity | Wrote molecule attribution SVG: artifacts/figures/Benzene__GINE__PGExplainer__scaffold/case_molecule.svg (GT atoms: [])
2026-08-06 04:23:09,066 | INFO    | molsanity | [cell Benzene__GINE__PGExplainer__scaffold__seed1] DONE — acc=0.79 gt_auroc=0.4023628278415062 n=200 (capped)
2026-08-06 04:23:09,077 | INFO    | molsanity | [stage cell_Benzene__GINE__PGExplainer__scaffold__seed2] config changed (ab9528434944f635 -> ec69dd78d03e2644) — rerunning
2026-08-06 04:23:09,077 | INFO    | molsanity | [stage cell_Benzene__GINE__PGExplainer__scaffold__seed2] running (ec69dd78d03e2644)
2026-08-06 04:23:09,853 | INFO    | molsanity | npz smiles: column 1 parses for 20/20 probed molecules
2026-08-06 04:23:12,207 | INFO    | molsanity | Loaded Benzene (GraphXAI Benzene): 1000 molecules (500 positive), 0 dropped for an unscoreable mask, checksum 4f747f320131
2026-08-06 04:23:12,706 | INFO    | molsanity | Scaffold split: 841 scaffolds over 1000 molecules (31 scaffold-less, 20.7% of molecules in multi-member groups) -> train 600 / val 100 / test 300
2026-08-06 04:23:12,726 | INFO    | molsanity | Loaded existing checkpoint gine_b5f6cc65f90ce161.pt
2026-08-06 04:25:02,300 | INFO    | molsanity | PGExplainer trained on 200 graphs (30 epochs), final loss 0.1736
2026-08-06 04:26:13,127 | INFO    | molsanity | PGExplainer trained on 200 graphs (30 epochs), final loss 0.0406
2026-08-06 04:26:13,128 | INFO    | molsanity | [cell Benzene__GINE__PGExplainer__scaffold] auditing 200 molecules (capped from 300)
2026-08-06 04:26:13,135 | INFO    | molsanity | [cell Benzene__GINE__PGExplainer__scaffold] auditing on 12 worker processes (CPU)
2026-08-06 04:26:14,267 | INFO    | molsanity | [cell Benzene__GINE__PGExplainer__scaffold] 200 molecules in 0.0 min (0.01s each, 12 workers)
2026-08-06 04:26:14,776 | INFO    | molsanity | Wrote GT-validation figure: artifacts/figures/Benzene__GINE__PGExplainer__scaffold/gt_validation.pdf (+ .svg)
2026-08-06 04:26:14,796 | INFO    | molsanity | Wrote molecule attribution SVG: artifacts/figures/Benzene__GINE__PGExplainer__scaffold/case_molecule.svg (GT atoms: [])
2026-08-06 04:26:15,162 | INFO    | molsanity | [cell Benzene__GINE__PGExplainer__scaffold__seed2] DONE — acc=0.99 gt_auroc=0.2408802531819173 n=200 (capped)
2026-08-06 04:26:15,831 | INFO    | molsanity | [stage cell_Benzene__GINE__PGExplainer__random__seed0] cache hit (abd21de5e8cb477d) — skipping
2026-08-06 04:26:15,831 | INFO    | molsanity | [cell Benzene__GINE__PGExplainer__random__seed0] DONE — acc=0.99 gt_auroc=0.11271152421891437 n=200 (capped) [cached]
2026-08-06 04:26:16,037 | INFO    | molsanity | [stage cell_Benzene__GINE__PGExplainer__random__seed1] cache hit (f5fa132e5c70db1f) — skipping
2026-08-06 04:26:16,037 | INFO    | molsanity | [cell Benzene__GINE__PGExplainer__random__seed1] DONE — acc=0.96 gt_auroc=0.1931136061606934 n=200 (capped) [cached]
2026-08-06 04:26:16,327 | INFO    | molsanity | [stage cell_Benzene__GINE__PGExplainer__random__seed2] cache hit (76bfc6e1bd76221c) — skipping
2026-08-06 04:26:16,328 | INFO    | molsanity | [cell Benzene__GINE__PGExplainer__random__seed2] DONE — acc=0.66 gt_auroc=0.6383015789416182 n=200 (capped) [cached]
2026-08-06 04:26:16,338 | INFO    | molsanity | [stage cell_Benzene__GINE__SubgraphX__scaffold__seed0] config changed (d98adc08ea860f2d -> d6f0312bf16d9934) — rerunning
2026-08-06 04:26:16,338 | INFO    | molsanity | [stage cell_Benzene__GINE__SubgraphX__scaffold__seed0] running (d6f0312bf16d9934)
2026-08-06 04:26:17,048 | INFO    | molsanity | npz smiles: column 1 parses for 20/20 probed molecules
2026-08-06 04:26:19,283 | INFO    | molsanity | Loaded Benzene (GraphXAI Benzene): 1000 molecules (500 positive), 0 dropped for an unscoreable mask, checksum 4f747f320131
2026-08-06 04:26:19,773 | INFO    | molsanity | Scaffold split: 841 scaffolds over 1000 molecules (31 scaffold-less, 20.7% of molecules in multi-member groups) -> train 600 / val 100 / test 300
2026-08-06 04:26:19,795 | INFO    | molsanity | Loaded existing checkpoint gine_164fd1de25b2c1fc.pt
2026-08-06 04:26:19,812 | INFO    | molsanity | [cell Benzene__GINE__SubgraphX__scaffold] auditing 200 molecules (capped from 300)
2026-08-06 04:26:19,815 | INFO    | molsanity | [cell Benzene__GINE__SubgraphX__scaffold] auditing on 12 worker processes (CPU)
2026-08-06 04:46:58,277 | INFO    | molsanity | [cell Benzene__GINE__SubgraphX__scaffold] 200 molecules in 20.6 min (6.19s each, 12 workers)
2026-08-06 04:46:59,447 | INFO    | molsanity | Wrote GT-validation figure: artifacts/figures/Benzene__GINE__SubgraphX__scaffold/gt_validation.pdf (+ .svg)
2026-08-06 04:46:59,457 | INFO    | molsanity | Wrote molecule attribution SVG: artifacts/figures/Benzene__GINE__SubgraphX__scaffold/case_molecule.svg (GT atoms: [])
2026-08-06 04:47:00,560 | INFO    | molsanity | [cell Benzene__GINE__SubgraphX__scaffold__seed0] DONE — acc=0.99 gt_auroc=0.47523121231173515 n=200 (capped)
2026-08-06 04:47:00,571 | INFO    | molsanity | [stage cell_Benzene__GINE__SubgraphX__scaffold__seed1] config changed (b749869c6146f318 -> be068362bf41271d) — rerunning
2026-08-06 04:47:00,571 | INFO    | molsanity | [stage cell_Benzene__GINE__SubgraphX__scaffold__seed1] running (be068362bf41271d)
2026-08-06 04:47:01,310 | INFO    | molsanity | npz smiles: column 1 parses for 20/20 probed molecules
2026-08-06 04:47:03,527 | INFO    | molsanity | Loaded Benzene (GraphXAI Benzene): 1000 molecules (500 positive), 0 dropped for an unscoreable mask, checksum 4f747f320131
2026-08-06 04:47:04,026 | INFO    | molsanity | Scaffold split: 841 scaffolds over 1000 molecules (31 scaffold-less, 20.7% of molecules in multi-member groups) -> train 600 / val 100 / test 300
2026-08-06 04:47:04,047 | INFO    | molsanity | Loaded existing checkpoint gine_4a0bebbef785cb98.pt
2026-08-06 04:47:04,063 | INFO    | molsanity | [cell Benzene__GINE__SubgraphX__scaffold] auditing 200 molecules (capped from 300)
2026-08-06 04:47:04,066 | INFO    | molsanity | [cell Benzene__GINE__SubgraphX__scaffold] auditing on 12 worker processes (CPU)
2026-08-06 05:06:06,859 | INFO    | molsanity | [cell Benzene__GINE__SubgraphX__scaffold] 200 molecules in 19.0 min (5.71s each, 12 workers)
2026-08-06 05:06:07,380 | INFO    | molsanity | Wrote GT-validation figure: artifacts/figures/Benzene__GINE__SubgraphX__scaffold/gt_validation.pdf (+ .svg)
2026-08-06 05:06:07,389 | INFO    | molsanity | Wrote molecule attribution SVG: artifacts/figures/Benzene__GINE__SubgraphX__scaffold/case_molecule.svg (GT atoms: [])
2026-08-06 05:06:07,809 | INFO    | molsanity | [cell Benzene__GINE__SubgraphX__scaffold__seed1] DONE — acc=0.79 gt_auroc=0.5299641932796512 n=200 (capped)
2026-08-06 05:06:07,820 | INFO    | molsanity | [stage cell_Benzene__GINE__SubgraphX__scaffold__seed2] config changed (e48493938ff2761f -> f173caeb21e7678a) — rerunning
2026-08-06 05:06:07,820 | INFO    | molsanity | [stage cell_Benzene__GINE__SubgraphX__scaffold__seed2] running (f173caeb21e7678a)
2026-08-06 05:06:08,563 | INFO    | molsanity | npz smiles: column 1 parses for 20/20 probed molecules
2026-08-06 05:06:11,044 | INFO    | molsanity | Loaded Benzene (GraphXAI Benzene): 1000 molecules (500 positive), 0 dropped for an unscoreable mask, checksum 4f747f320131
2026-08-06 05:06:11,542 | INFO    | molsanity | Scaffold split: 841 scaffolds over 1000 molecules (31 scaffold-less, 20.7% of molecules in multi-member groups) -> train 600 / val 100 / test 300
2026-08-06 05:06:11,562 | INFO    | molsanity | Loaded existing checkpoint gine_b5f6cc65f90ce161.pt
2026-08-06 05:06:11,578 | INFO    | molsanity | [cell Benzene__GINE__SubgraphX__scaffold] auditing 200 molecules (capped from 300)
2026-08-06 05:06:11,581 | INFO    | molsanity | [cell Benzene__GINE__SubgraphX__scaffold] auditing on 12 worker processes (CPU)
2026-08-06 05:25:41,725 | INFO    | molsanity | [cell Benzene__GINE__SubgraphX__scaffold] 200 molecules in 19.5 min (5.85s each, 12 workers)
2026-08-06 05:25:42,238 | INFO    | molsanity | Wrote GT-validation figure: artifacts/figures/Benzene__GINE__SubgraphX__scaffold/gt_validation.pdf (+ .svg)
2026-08-06 05:25:42,245 | INFO    | molsanity | Wrote molecule attribution SVG: artifacts/figures/Benzene__GINE__SubgraphX__scaffold/case_molecule.svg (GT atoms: [])
2026-08-06 05:25:42,848 | INFO    | molsanity | [cell Benzene__GINE__SubgraphX__scaffold__seed2] DONE — acc=0.99 gt_auroc=0.7702750485085459 n=200 (capped)
2026-08-06 05:25:43,182 | INFO    | molsanity | [stage cell_Benzene__GINE__SubgraphX__random__seed0] cache hit (9ba8a12a61463b94) — skipping
2026-08-06 05:25:43,183 | INFO    | molsanity | [cell Benzene__GINE__SubgraphX__random__seed0] DONE — acc=0.99 gt_auroc=0.49742005488128077 n=200 (capped) [cached]
2026-08-06 05:25:43,506 | INFO    | molsanity | [stage cell_Benzene__GINE__SubgraphX__random__seed1] cache hit (f176f5363fb263d6) — skipping
2026-08-06 05:25:43,506 | INFO    | molsanity | [cell Benzene__GINE__SubgraphX__random__seed1] DONE — acc=0.96 gt_auroc=0.5542481134232967 n=200 (capped) [cached]
2026-08-06 05:25:43,890 | INFO    | molsanity | [stage cell_Benzene__GINE__SubgraphX__random__seed2] cache hit (1185ab4c01232468) — skipping
2026-08-06 05:25:43,890 | INFO    | molsanity | [cell Benzene__GINE__SubgraphX__random__seed2] DONE — acc=0.66 gt_auroc=0.45743618653873686 n=200 (capped) [cached]
2026-08-06 05:25:43,900 | INFO    | molsanity | [stage cell_ShapeGGen__GINE__IntegratedGradients__scaffold__seed0] config changed (d4ef1083ae7dfedd -> ee8508322be4efe2) — rerunning
2026-08-06 05:25:43,900 | INFO    | molsanity | [stage cell_ShapeGGen__GINE__IntegratedGradients__scaffold__seed0] running (ee8508322be4efe2)
2026-08-06 05:25:45,317 | INFO    | molsanity | ShapeGGen checksum recorded: a6dbcc8a3ff6
2026-08-06 05:25:45,317 | INFO    | molsanity | Loaded ShapeGGen: 164 2-hop subgraphs from 164 nodes (0 skipped)
2026-08-06 05:25:45,322 | INFO    | molsanity | Scaffold split: 164 scaffolds over 164 molecules (164 scaffold-less, 0.0% of molecules in multi-member groups) -> train 98 / val 16 / test 50
2026-08-06 05:25:45,322 | WARNING | molsanity | Scaffold split is DEGENERATE: only 0.0% of molecules share a scaffold with another molecule, so this partition is deterministic but not a chemical shift regime. Do not report it as scaffold shift.
2026-08-06 05:25:45,665 | INFO    | molsanity | Loaded existing checkpoint gine_406aad09d823b781.pt
2026-08-06 05:25:46,000 | INFO    | molsanity | [cell ShapeGGen__GINE__IntegratedGradients__scaffold] auditing 50 molecules
2026-08-06 05:25:46,003 | INFO    | molsanity | [cell ShapeGGen__GINE__IntegratedGradients__scaffold] auditing on 12 worker processes (CPU)
2026-08-06 05:25:46,404 | WARNING | molsanity | [cell ShapeGGen__GINE__IntegratedGradients__scaffold] worker pool failed (RuntimeError: Unable to handle autograd's threading in combination with fork-based multiprocessing. See https://github.com/pytorch/pytorch/wiki/Autograd-and-Fork) — falling back to the serial path for this cell
2026-08-06 05:26:13,247 | INFO    | molsanity | Wrote GT-validation figure: artifacts/figures/ShapeGGen__GINE__IntegratedGradients__scaffold/gt_validation.pdf (+ .svg)
2026-08-06 05:26:13,248 | INFO    | molsanity | Skipping molecule SVG (no aligned mol for case_molecule.svg)
2026-08-06 05:26:14,273 | INFO    | molsanity | [cell ShapeGGen__GINE__IntegratedGradients__scaffold__seed0] DONE — acc=0.70 gt_auroc=0.768602481469148 n=50 (capped)
2026-08-06 05:26:14,284 | INFO    | molsanity | [stage cell_ShapeGGen__GINE__IntegratedGradients__scaffold__seed1] config changed (95a40053862f39ea -> 88bd466ba21ba1dd) — rerunning
2026-08-06 05:26:14,284 | INFO    | molsanity | [stage cell_ShapeGGen__GINE__IntegratedGradients__scaffold__seed1] running (88bd466ba21ba1dd)
2026-08-06 05:26:15,665 | INFO    | molsanity | Loaded ShapeGGen: 164 2-hop subgraphs from 164 nodes (0 skipped)
2026-08-06 05:26:15,669 | INFO    | molsanity | Scaffold split: 164 scaffolds over 164 molecules (164 scaffold-less, 0.0% of molecules in multi-member groups) -> train 98 / val 16 / test 50
2026-08-06 05:26:15,669 | WARNING | molsanity | Scaffold split is DEGENERATE: only 0.0% of molecules share a scaffold with another molecule, so this partition is deterministic but not a chemical shift regime. Do not report it as scaffold shift.
2026-08-06 05:26:15,996 | INFO    | molsanity | Loaded existing checkpoint gine_ac09c003a4d3dbee.pt
2026-08-06 05:26:16,309 | INFO    | molsanity | [cell ShapeGGen__GINE__IntegratedGradients__scaffold] auditing 50 molecules
2026-08-06 05:26:16,313 | INFO    | molsanity | [cell ShapeGGen__GINE__IntegratedGradients__scaffold] auditing on 12 worker processes (CPU)
2026-08-06 05:26:16,714 | WARNING | molsanity | [cell ShapeGGen__GINE__IntegratedGradients__scaffold] worker pool failed (RuntimeError: Unable to handle autograd's threading in combination with fork-based multiprocessing. See https://github.com/pytorch/pytorch/wiki/Autograd-and-Fork) — falling back to the serial path for this cell
2026-08-06 05:26:42,293 | INFO    | molsanity | Wrote GT-validation figure: artifacts/figures/ShapeGGen__GINE__IntegratedGradients__scaffold/gt_validation.pdf (+ .svg)
2026-08-06 05:26:42,294 | INFO    | molsanity | Skipping molecule SVG (no aligned mol for case_molecule.svg)
2026-08-06 05:26:42,709 | INFO    | molsanity | [cell ShapeGGen__GINE__IntegratedGradients__scaffold__seed1] DONE — acc=0.26 gt_auroc=0.703657040336207 n=50 (capped)
2026-08-06 05:26:42,722 | INFO    | molsanity | [stage cell_ShapeGGen__GINE__IntegratedGradients__scaffold__seed2] config changed (874a57ac4d29580b -> 06abbdd3ddbf3572) — rerunning
2026-08-06 05:26:42,722 | INFO    | molsanity | [stage cell_ShapeGGen__GINE__IntegratedGradients__scaffold__seed2] running (06abbdd3ddbf3572)
2026-08-06 05:26:44,126 | INFO    | molsanity | Loaded ShapeGGen: 164 2-hop subgraphs from 164 nodes (0 skipped)
2026-08-06 05:26:44,130 | INFO    | molsanity | Scaffold split: 164 scaffolds over 164 molecules (164 scaffold-less, 0.0% of molecules in multi-member groups) -> train 98 / val 16 / test 50
2026-08-06 05:26:44,131 | WARNING | molsanity | Scaffold split is DEGENERATE: only 0.0% of molecules share a scaffold with another molecule, so this partition is deterministic but not a chemical shift regime. Do not report it as scaffold shift.
2026-08-06 05:26:44,473 | INFO    | molsanity | Loaded existing checkpoint gine_056c2fa7ffe227e7.pt
2026-08-06 05:26:44,804 | INFO    | molsanity | [cell ShapeGGen__GINE__IntegratedGradients__scaffold] auditing 50 molecules
2026-08-06 05:26:44,807 | INFO    | molsanity | [cell ShapeGGen__GINE__IntegratedGradients__scaffold] auditing on 12 worker processes (CPU)
2026-08-06 05:26:45,213 | WARNING | molsanity | [cell ShapeGGen__GINE__IntegratedGradients__scaffold] worker pool failed (RuntimeError: Unable to handle autograd's threading in combination with fork-based multiprocessing. See https://github.com/pytorch/pytorch/wiki/Autograd-and-Fork) — falling back to the serial path for this cell
2026-08-06 05:27:11,021 | INFO    | molsanity | Wrote GT-validation figure: artifacts/figures/ShapeGGen__GINE__IntegratedGradients__scaffold/gt_validation.pdf (+ .svg)
2026-08-06 05:27:11,023 | INFO    | molsanity | Skipping molecule SVG (no aligned mol for case_molecule.svg)
2026-08-06 05:27:11,339 | INFO    | molsanity | [cell ShapeGGen__GINE__IntegratedGradients__scaffold__seed2] DONE — acc=0.78 gt_auroc=0.707840003052503 n=50 (capped)
2026-08-06 05:27:11,568 | INFO    | molsanity | [stage cell_ShapeGGen__GINE__IntegratedGradients__random__seed0] cache hit (e69b63396d58c4f5) — skipping
2026-08-06 05:27:11,568 | INFO    | molsanity | [cell ShapeGGen__GINE__IntegratedGradients__random__seed0] DONE — acc=0.74 gt_auroc=0.7316025759073379 n=50 (capped) [cached]
2026-08-06 05:27:11,766 | INFO    | molsanity | [stage cell_ShapeGGen__GINE__IntegratedGradients__random__seed1] cache hit (70e1877a81c0abff) — skipping
2026-08-06 05:27:11,766 | INFO    | molsanity | [cell ShapeGGen__GINE__IntegratedGradients__random__seed1] DONE — acc=0.82 gt_auroc=0.7162817404674897 n=50 (capped) [cached]
2026-08-06 05:27:11,939 | INFO    | molsanity | [stage cell_ShapeGGen__GINE__IntegratedGradients__random__seed2] cache hit (37bfd2771b757675) — skipping
2026-08-06 05:27:11,939 | INFO    | molsanity | [cell ShapeGGen__GINE__IntegratedGradients__random__seed2] DONE — acc=0.78 gt_auroc=0.751419329700282 n=50 (capped) [cached]
2026-08-06 05:27:11,950 | INFO    | molsanity | [stage cell_ShapeGGen__GINE__Saliency__scaffold__seed0] config changed (c64c209572b27157 -> b99b5e4da9704d88) — rerunning
2026-08-06 05:27:11,950 | INFO    | molsanity | [stage cell_ShapeGGen__GINE__Saliency__scaffold__seed0] running (b99b5e4da9704d88)
2026-08-06 05:27:13,335 | INFO    | molsanity | Loaded ShapeGGen: 164 2-hop subgraphs from 164 nodes (0 skipped)
2026-08-06 05:27:13,339 | INFO    | molsanity | Scaffold split: 164 scaffolds over 164 molecules (164 scaffold-less, 0.0% of molecules in multi-member groups) -> train 98 / val 16 / test 50
2026-08-06 05:27:13,339 | WARNING | molsanity | Scaffold split is DEGENERATE: only 0.0% of molecules share a scaffold with another molecule, so this partition is deterministic but not a chemical shift regime. Do not report it as scaffold shift.
2026-08-06 05:27:13,360 | INFO    | molsanity | Loaded existing checkpoint gine_406aad09d823b781.pt
2026-08-06 05:27:13,372 | INFO    | molsanity | [cell ShapeGGen__GINE__Saliency__scaffold] auditing 50 molecules
2026-08-06 05:27:13,375 | INFO    | molsanity | [cell ShapeGGen__GINE__Saliency__scaffold] auditing on 12 worker processes (CPU)
2026-08-06 05:27:13,767 | WARNING | molsanity | [cell ShapeGGen__GINE__Saliency__scaffold] worker pool failed (RuntimeError: Unable to handle autograd's threading in combination with fork-based multiprocessing. See https://github.com/pytorch/pytorch/wiki/Autograd-and-Fork) — falling back to the serial path for this cell
2026-08-06 05:27:16,934 | INFO    | molsanity | Wrote GT-validation figure: artifacts/figures/ShapeGGen__GINE__Saliency__scaffold/gt_validation.pdf (+ .svg)
2026-08-06 05:27:16,935 | INFO    | molsanity | Skipping molecule SVG (no aligned mol for case_molecule.svg)
2026-08-06 05:27:17,875 | INFO    | molsanity | [cell ShapeGGen__GINE__Saliency__scaffold__seed0] DONE — acc=0.70 gt_auroc=0.7985951022742688 n=50 (capped)
2026-08-06 05:27:17,887 | INFO    | molsanity | [stage cell_ShapeGGen__GINE__Saliency__scaffold__seed1] config changed (3f632a0b5beea86a -> 3cbed8a025509f95) — rerunning
2026-08-06 05:27:17,888 | INFO    | molsanity | [stage cell_ShapeGGen__GINE__Saliency__scaffold__seed1] running (3cbed8a025509f95)
2026-08-06 05:27:19,287 | INFO    | molsanity | Loaded ShapeGGen: 164 2-hop subgraphs from 164 nodes (0 skipped)
2026-08-06 05:27:19,291 | INFO    | molsanity | Scaffold split: 164 scaffolds over 164 molecules (164 scaffold-less, 0.0% of molecules in multi-member groups) -> train 98 / val 16 / test 50
2026-08-06 05:27:19,291 | WARNING | molsanity | Scaffold split is DEGENERATE: only 0.0% of molecules share a scaffold with another molecule, so this partition is deterministic but not a chemical shift regime. Do not report it as scaffold shift.
2026-08-06 05:27:19,313 | INFO    | molsanity | Loaded existing checkpoint gine_ac09c003a4d3dbee.pt
2026-08-06 05:27:19,327 | INFO    | molsanity | [cell ShapeGGen__GINE__Saliency__scaffold] auditing 50 molecules
2026-08-06 05:27:19,330 | INFO    | molsanity | [cell ShapeGGen__GINE__Saliency__scaffold] auditing on 12 worker processes (CPU)
2026-08-06 05:27:19,722 | WARNING | molsanity | [cell ShapeGGen__GINE__Saliency__scaffold] worker pool failed (RuntimeError: Unable to handle autograd's threading in combination with fork-based multiprocessing. See https://github.com/pytorch/pytorch/wiki/Autograd-and-Fork) — falling back to the serial path for this cell
2026-08-06 05:27:22,397 | INFO    | molsanity | Wrote GT-validation figure: artifacts/figures/ShapeGGen__GINE__Saliency__scaffold/gt_validation.pdf (+ .svg)
2026-08-06 05:27:22,398 | INFO    | molsanity | Skipping molecule SVG (no aligned mol for case_molecule.svg)
2026-08-06 05:27:22,707 | INFO    | molsanity | [cell ShapeGGen__GINE__Saliency__scaffold__seed1] DONE — acc=0.26 gt_auroc=0.7870773205189872 n=50 (capped)
2026-08-06 05:27:22,718 | INFO    | molsanity | [stage cell_ShapeGGen__GINE__Saliency__scaffold__seed2] config changed (8b436ee0b6231128 -> 77dedfff54de0624) — rerunning
2026-08-06 05:27:22,719 | INFO    | molsanity | [stage cell_ShapeGGen__GINE__Saliency__scaffold__seed2] running (77dedfff54de0624)
2026-08-06 05:27:24,122 | INFO    | molsanity | Loaded ShapeGGen: 164 2-hop subgraphs from 164 nodes (0 skipped)
2026-08-06 05:27:24,126 | INFO    | molsanity | Scaffold split: 164 scaffolds over 164 molecules (164 scaffold-less, 0.0% of molecules in multi-member groups) -> train 98 / val 16 / test 50
2026-08-06 05:27:24,126 | WARNING | molsanity | Scaffold split is DEGENERATE: only 0.0% of molecules share a scaffold with another molecule, so this partition is deterministic but not a chemical shift regime. Do not report it as scaffold shift.
2026-08-06 05:27:24,148 | INFO    | molsanity | Loaded existing checkpoint gine_056c2fa7ffe227e7.pt
2026-08-06 05:27:24,160 | INFO    | molsanity | [cell ShapeGGen__GINE__Saliency__scaffold] auditing 50 molecules
2026-08-06 05:27:24,163 | INFO    | molsanity | [cell ShapeGGen__GINE__Saliency__scaffold] auditing on 12 worker processes (CPU)
2026-08-06 05:27:24,552 | WARNING | molsanity | [cell ShapeGGen__GINE__Saliency__scaffold] worker pool failed (RuntimeError: Unable to handle autograd's threading in combination with fork-based multiprocessing. See https://github.com/pytorch/pytorch/wiki/Autograd-and-Fork) — falling back to the serial path for this cell
2026-08-06 05:27:27,091 | INFO    | molsanity | Wrote GT-validation figure: artifacts/figures/ShapeGGen__GINE__Saliency__scaffold/gt_validation.pdf (+ .svg)
2026-08-06 05:27:27,092 | INFO    | molsanity | Skipping molecule SVG (no aligned mol for case_molecule.svg)
2026-08-06 05:27:27,438 | INFO    | molsanity | [cell ShapeGGen__GINE__Saliency__scaffold__seed2] DONE — acc=0.78 gt_auroc=0.7418841935841937 n=50 (capped)
2026-08-06 05:27:27,758 | INFO    | molsanity | [stage cell_ShapeGGen__GINE__Saliency__random__seed0] cache hit (8663ac3dc8be667c) — skipping
2026-08-06 05:27:27,758 | INFO    | molsanity | [cell ShapeGGen__GINE__Saliency__random__seed0] DONE — acc=0.74 gt_auroc=0.7617182034676082 n=50 (capped) [cached]
2026-08-06 05:27:28,142 | INFO    | molsanity | [stage cell_ShapeGGen__GINE__Saliency__random__seed1] cache hit (270ef55de1433ccc) — skipping
2026-08-06 05:27:28,143 | INFO    | molsanity | [cell ShapeGGen__GINE__Saliency__random__seed1] DONE — acc=0.82 gt_auroc=0.7762731758852207 n=50 (capped) [cached]
2026-08-06 05:27:28,376 | INFO    | molsanity | [stage cell_ShapeGGen__GINE__Saliency__random__seed2] cache hit (d5252c84bd1007e7) — skipping
2026-08-06 05:27:28,376 | INFO    | molsanity | [cell ShapeGGen__GINE__Saliency__random__seed2] DONE — acc=0.78 gt_auroc=0.769384145550217 n=50 (capped) [cached]
2026-08-06 05:27:28,387 | INFO    | molsanity | [stage cell_ShapeGGen__GINE__InputXGradient__scaffold__seed0] config changed (a0b1f89f606a0770 -> 8c74aa121f930b1b) — rerunning
2026-08-06 05:27:28,387 | INFO    | molsanity | [stage cell_ShapeGGen__GINE__InputXGradient__scaffold__seed0] running (8c74aa121f930b1b)
2026-08-06 05:27:29,772 | INFO    | molsanity | Loaded ShapeGGen: 164 2-hop subgraphs from 164 nodes (0 skipped)
2026-08-06 05:27:29,776 | INFO    | molsanity | Scaffold split: 164 scaffolds over 164 molecules (164 scaffold-less, 0.0% of molecules in multi-member groups) -> train 98 / val 16 / test 50
2026-08-06 05:27:29,776 | WARNING | molsanity | Scaffold split is DEGENERATE: only 0.0% of molecules share a scaffold with another molecule, so this partition is deterministic but not a chemical shift regime. Do not report it as scaffold shift.
2026-08-06 05:27:29,798 | INFO    | molsanity | Loaded existing checkpoint gine_406aad09d823b781.pt
2026-08-06 05:27:29,809 | INFO    | molsanity | [cell ShapeGGen__GINE__InputXGradient__scaffold] auditing 50 molecules
2026-08-06 05:27:29,813 | INFO    | molsanity | [cell ShapeGGen__GINE__InputXGradient__scaffold] auditing on 12 worker processes (CPU)
2026-08-06 05:27:30,220 | WARNING | molsanity | [cell ShapeGGen__GINE__InputXGradient__scaffold] worker pool failed (RuntimeError: Unable to handle autograd's threading in combination with fork-based multiprocessing. See https://github.com/pytorch/pytorch/wiki/Autograd-and-Fork) — falling back to the serial path for this cell
2026-08-06 05:27:33,474 | INFO    | molsanity | Wrote GT-validation figure: artifacts/figures/ShapeGGen__GINE__InputXGradient__scaffold/gt_validation.pdf (+ .svg)
2026-08-06 05:27:33,476 | INFO    | molsanity | Skipping molecule SVG (no aligned mol for case_molecule.svg)
2026-08-06 05:27:34,528 | INFO    | molsanity | [cell ShapeGGen__GINE__InputXGradient__scaffold__seed0] DONE — acc=0.70 gt_auroc=0.7328869949494952 n=50 (capped)
2026-08-06 05:27:34,540 | INFO    | molsanity | [stage cell_ShapeGGen__GINE__InputXGradient__scaffold__seed1] config changed (4c7ecebd88df668e -> ab42b142ffc73f4b) — rerunning
2026-08-06 05:27:34,540 | INFO    | molsanity | [stage cell_ShapeGGen__GINE__InputXGradient__scaffold__seed1] running (ab42b142ffc73f4b)
2026-08-06 05:27:35,946 | INFO    | molsanity | Loaded ShapeGGen: 164 2-hop subgraphs from 164 nodes (0 skipped)
2026-08-06 05:27:35,951 | INFO    | molsanity | Scaffold split: 164 scaffolds over 164 molecules (164 scaffold-less, 0.0% of molecules in multi-member groups) -> train 98 / val 16 / test 50
2026-08-06 05:27:35,951 | WARNING | molsanity | Scaffold split is DEGENERATE: only 0.0% of molecules share a scaffold with another molecule, so this partition is deterministic but not a chemical shift regime. Do not report it as scaffold shift.
2026-08-06 05:27:35,972 | INFO    | molsanity | Loaded existing checkpoint gine_ac09c003a4d3dbee.pt
2026-08-06 05:27:35,984 | INFO    | molsanity | [cell ShapeGGen__GINE__InputXGradient__scaffold] auditing 50 molecules
2026-08-06 05:27:35,987 | INFO    | molsanity | [cell ShapeGGen__GINE__InputXGradient__scaffold] auditing on 12 worker processes (CPU)
2026-08-06 05:27:36,378 | WARNING | molsanity | [cell ShapeGGen__GINE__InputXGradient__scaffold] worker pool failed (RuntimeError: Unable to handle autograd's threading in combination with fork-based multiprocessing. See https://github.com/pytorch/pytorch/wiki/Autograd-and-Fork) — falling back to the serial path for this cell
2026-08-06 05:27:38,917 | INFO    | molsanity | Wrote GT-validation figure: artifacts/figures/ShapeGGen__GINE__InputXGradient__scaffold/gt_validation.pdf (+ .svg)
2026-08-06 05:27:38,918 | INFO    | molsanity | Skipping molecule SVG (no aligned mol for case_molecule.svg)
2026-08-06 05:27:39,315 | INFO    | molsanity | [cell ShapeGGen__GINE__InputXGradient__scaffold__seed1] DONE — acc=0.26 gt_auroc=0.7163627045793713 n=50 (capped)
2026-08-06 05:27:39,326 | INFO    | molsanity | [stage cell_ShapeGGen__GINE__InputXGradient__scaffold__seed2] config changed (fefe10089090109b -> 5d6090a7fe258905) — rerunning
2026-08-06 05:27:39,326 | INFO    | molsanity | [stage cell_ShapeGGen__GINE__InputXGradient__scaffold__seed2] running (5d6090a7fe258905)
2026-08-06 05:27:40,709 | INFO    | molsanity | Loaded ShapeGGen: 164 2-hop subgraphs from 164 nodes (0 skipped)
2026-08-06 05:27:40,713 | INFO    | molsanity | Scaffold split: 164 scaffolds over 164 molecules (164 scaffold-less, 0.0% of molecules in multi-member groups) -> train 98 / val 16 / test 50
2026-08-06 05:27:40,714 | WARNING | molsanity | Scaffold split is DEGENERATE: only 0.0% of molecules share a scaffold with another molecule, so this partition is deterministic but not a chemical shift regime. Do not report it as scaffold shift.
2026-08-06 05:27:40,735 | INFO    | molsanity | Loaded existing checkpoint gine_056c2fa7ffe227e7.pt
2026-08-06 05:27:40,747 | INFO    | molsanity | [cell ShapeGGen__GINE__InputXGradient__scaffold] auditing 50 molecules
2026-08-06 05:27:40,750 | INFO    | molsanity | [cell ShapeGGen__GINE__InputXGradient__scaffold] auditing on 12 worker processes (CPU)
2026-08-06 05:27:41,137 | WARNING | molsanity | [cell ShapeGGen__GINE__InputXGradient__scaffold] worker pool failed (RuntimeError: Unable to handle autograd's threading in combination with fork-based multiprocessing. See https://github.com/pytorch/pytorch/wiki/Autograd-and-Fork) — falling back to the serial path for this cell
2026-08-06 05:27:43,666 | INFO    | molsanity | Wrote GT-validation figure: artifacts/figures/ShapeGGen__GINE__InputXGradient__scaffold/gt_validation.pdf (+ .svg)
2026-08-06 05:27:43,667 | INFO    | molsanity | Skipping molecule SVG (no aligned mol for case_molecule.svg)
2026-08-06 05:27:44,018 | INFO    | molsanity | [cell ShapeGGen__GINE__InputXGradient__scaffold__seed2] DONE — acc=0.78 gt_auroc=0.6764693934152268 n=50 (capped)
2026-08-06 05:27:44,384 | INFO    | molsanity | [stage cell_ShapeGGen__GINE__InputXGradient__random__seed0] cache hit (dba474bb9978b845) — skipping
2026-08-06 05:27:44,385 | INFO    | molsanity | [cell ShapeGGen__GINE__InputXGradient__random__seed0] DONE — acc=0.74 gt_auroc=0.7240912044304902 n=50 (capped) [cached]
2026-08-06 05:27:44,693 | INFO    | molsanity | [stage cell_ShapeGGen__GINE__InputXGradient__random__seed1] cache hit (0055c09711fc3798) — skipping
2026-08-06 05:27:44,693 | INFO    | molsanity | [cell ShapeGGen__GINE__InputXGradient__random__seed1] DONE — acc=0.82 gt_auroc=0.7180203965359777 n=50 (capped) [cached]
2026-08-06 05:27:44,996 | INFO    | molsanity | [stage cell_ShapeGGen__GINE__InputXGradient__random__seed2] cache hit (c761999c8611d2c2) — skipping
2026-08-06 05:27:44,997 | INFO    | molsanity | [cell ShapeGGen__GINE__InputXGradient__random__seed2] DONE — acc=0.78 gt_auroc=0.7320569259003783 n=50 (capped) [cached]
2026-08-06 05:27:45,008 | INFO    | molsanity | [stage cell_ShapeGGen__GINE__GuidedBackprop__scaffold__seed0] config changed (b55ddd3487d243ff -> 53593e774619b6fe) — rerunning
2026-08-06 05:27:45,008 | INFO    | molsanity | [stage cell_ShapeGGen__GINE__GuidedBackprop__scaffold__seed0] running (53593e774619b6fe)
2026-08-06 05:27:46,409 | INFO    | molsanity | Loaded ShapeGGen: 164 2-hop subgraphs from 164 nodes (0 skipped)
2026-08-06 05:27:46,413 | INFO    | molsanity | Scaffold split: 164 scaffolds over 164 molecules (164 scaffold-less, 0.0% of molecules in multi-member groups) -> train 98 / val 16 / test 50
2026-08-06 05:27:46,413 | WARNING | molsanity | Scaffold split is DEGENERATE: only 0.0% of molecules share a scaffold with another molecule, so this partition is deterministic but not a chemical shift regime. Do not report it as scaffold shift.
2026-08-06 05:27:46,434 | INFO    | molsanity | Loaded existing checkpoint gine_406aad09d823b781.pt
2026-08-06 05:27:46,446 | INFO    | molsanity | [cell ShapeGGen__GINE__GuidedBackprop__scaffold] auditing 50 molecules
2026-08-06 05:27:46,449 | INFO    | molsanity | [cell ShapeGGen__GINE__GuidedBackprop__scaffold] auditing on 12 worker processes (CPU)
2026-08-06 05:27:46,850 | WARNING | molsanity | [cell ShapeGGen__GINE__GuidedBackprop__scaffold] worker pool failed (RuntimeError: Unable to handle autograd's threading in combination with fork-based multiprocessing. See https://github.com/pytorch/pytorch/wiki/Autograd-and-Fork) — falling back to the serial path for this cell
2026-08-06 05:27:50,323 | INFO    | molsanity | Wrote GT-validation figure: artifacts/figures/ShapeGGen__GINE__GuidedBackprop__scaffold/gt_validation.pdf (+ .svg)
2026-08-06 05:27:50,325 | INFO    | molsanity | Skipping molecule SVG (no aligned mol for case_molecule.svg)
2026-08-06 05:27:51,267 | INFO    | molsanity | [cell ShapeGGen__GINE__GuidedBackprop__scaffold__seed0] DONE — acc=0.70 gt_auroc=0.8028543640001974 n=50 (capped)
2026-08-06 05:27:51,279 | INFO    | molsanity | [stage cell_ShapeGGen__GINE__GuidedBackprop__scaffold__seed1] config changed (5ab331e6065f7394 -> b05242090b43f43d) — rerunning
2026-08-06 05:27:51,279 | INFO    | molsanity | [stage cell_ShapeGGen__GINE__GuidedBackprop__scaffold__seed1] running (b05242090b43f43d)
2026-08-06 05:27:52,665 | INFO    | molsanity | Loaded ShapeGGen: 164 2-hop subgraphs from 164 nodes (0 skipped)
2026-08-06 05:27:52,670 | INFO    | molsanity | Scaffold split: 164 scaffolds over 164 molecules (164 scaffold-less, 0.0% of molecules in multi-member groups) -> train 98 / val 16 / test 50
2026-08-06 05:27:52,670 | WARNING | molsanity | Scaffold split is DEGENERATE: only 0.0% of molecules share a scaffold with another molecule, so this partition is deterministic but not a chemical shift regime. Do not report it as scaffold shift.
2026-08-06 05:27:52,691 | INFO    | molsanity | Loaded existing checkpoint gine_ac09c003a4d3dbee.pt
2026-08-06 05:27:52,704 | INFO    | molsanity | [cell ShapeGGen__GINE__GuidedBackprop__scaffold] auditing 50 molecules
2026-08-06 05:27:52,707 | INFO    | molsanity | [cell ShapeGGen__GINE__GuidedBackprop__scaffold] auditing on 12 worker processes (CPU)
2026-08-06 05:27:53,105 | WARNING | molsanity | [cell ShapeGGen__GINE__GuidedBackprop__scaffold] worker pool failed (RuntimeError: Unable to handle autograd's threading in combination with fork-based multiprocessing. See https://github.com/pytorch/pytorch/wiki/Autograd-and-Fork) — falling back to the serial path for this cell
2026-08-06 05:27:55,734 | INFO    | molsanity | Wrote GT-validation figure: artifacts/figures/ShapeGGen__GINE__GuidedBackprop__scaffold/gt_validation.pdf (+ .svg)
2026-08-06 05:27:55,735 | INFO    | molsanity | Skipping molecule SVG (no aligned mol for case_molecule.svg)
2026-08-06 05:27:56,106 | INFO    | molsanity | [cell ShapeGGen__GINE__GuidedBackprop__scaffold__seed1] DONE — acc=0.26 gt_auroc=0.833148354731688 n=50 (capped)
2026-08-06 05:27:56,119 | INFO    | molsanity | [stage cell_ShapeGGen__GINE__GuidedBackprop__scaffold__seed2] config changed (94be335dede2a944 -> 06b8e229e3dd9a9a) — rerunning
2026-08-06 05:27:56,119 | INFO    | molsanity | [stage cell_ShapeGGen__GINE__GuidedBackprop__scaffold__seed2] running (06b8e229e3dd9a9a)
2026-08-06 05:27:57,505 | INFO    | molsanity | Loaded ShapeGGen: 164 2-hop subgraphs from 164 nodes (0 skipped)
2026-08-06 05:27:57,510 | INFO    | molsanity | Scaffold split: 164 scaffolds over 164 molecules (164 scaffold-less, 0.0% of molecules in multi-member groups) -> train 98 / val 16 / test 50
2026-08-06 05:27:57,510 | WARNING | molsanity | Scaffold split is DEGENERATE: only 0.0% of molecules share a scaffold with another molecule, so this partition is deterministic but not a chemical shift regime. Do not report it as scaffold shift.
2026-08-06 05:27:57,531 | INFO    | molsanity | Loaded existing checkpoint gine_056c2fa7ffe227e7.pt
2026-08-06 05:27:57,542 | INFO    | molsanity | [cell ShapeGGen__GINE__GuidedBackprop__scaffold] auditing 50 molecules
2026-08-06 05:27:57,545 | INFO    | molsanity | [cell ShapeGGen__GINE__GuidedBackprop__scaffold] auditing on 12 worker processes (CPU)
2026-08-06 05:27:57,944 | WARNING | molsanity | [cell ShapeGGen__GINE__GuidedBackprop__scaffold] worker pool failed (RuntimeError: Unable to handle autograd's threading in combination with fork-based multiprocessing. See https://github.com/pytorch/pytorch/wiki/Autograd-and-Fork) — falling back to the serial path for this cell
2026-08-06 05:28:00,759 | INFO    | molsanity | Wrote GT-validation figure: artifacts/figures/ShapeGGen__GINE__GuidedBackprop__scaffold/gt_validation.pdf (+ .svg)
2026-08-06 05:28:00,760 | INFO    | molsanity | Skipping molecule SVG (no aligned mol for case_molecule.svg)
2026-08-06 05:28:01,064 | INFO    | molsanity | [cell ShapeGGen__GINE__GuidedBackprop__scaffold__seed2] DONE — acc=0.78 gt_auroc=0.7727987293570626 n=50 (capped)
2026-08-06 05:28:01,493 | INFO    | molsanity | [stage cell_ShapeGGen__GINE__GuidedBackprop__random__seed0] cache hit (b59cedd47d579019) — skipping
2026-08-06 05:28:01,494 | INFO    | molsanity | [cell ShapeGGen__GINE__GuidedBackprop__random__seed0] DONE — acc=0.74 gt_auroc=0.7540469705558992 n=50 (capped) [cached]
2026-08-06 05:28:01,804 | INFO    | molsanity | [stage cell_ShapeGGen__GINE__GuidedBackprop__random__seed1] cache hit (d5206f9d6c72f37c) — skipping
2026-08-06 05:28:01,805 | INFO    | molsanity | [cell ShapeGGen__GINE__GuidedBackprop__random__seed1] DONE — acc=0.82 gt_auroc=0.7752071797056042 n=50 (capped) [cached]
2026-08-06 05:28:02,112 | INFO    | molsanity | [stage cell_ShapeGGen__GINE__GuidedBackprop__random__seed2] cache hit (72fcb526c0c3a433) — skipping
2026-08-06 05:28:02,112 | INFO    | molsanity | [cell ShapeGGen__GINE__GuidedBackprop__random__seed2] DONE — acc=0.78 gt_auroc=0.7909234349865302 n=50 (capped) [cached]
2026-08-06 05:28:02,123 | INFO    | molsanity | [stage cell_ShapeGGen__GINE__GNNExplainer__scaffold__seed0] config changed (e932745a66556301 -> 3a71d24dfda04073) — rerunning
2026-08-06 05:28:02,124 | INFO    | molsanity | [stage cell_ShapeGGen__GINE__GNNExplainer__scaffold__seed0] running (3a71d24dfda04073)
2026-08-06 05:28:03,523 | INFO    | molsanity | Loaded ShapeGGen: 164 2-hop subgraphs from 164 nodes (0 skipped)
2026-08-06 05:28:03,527 | INFO    | molsanity | Scaffold split: 164 scaffolds over 164 molecules (164 scaffold-less, 0.0% of molecules in multi-member groups) -> train 98 / val 16 / test 50
2026-08-06 05:28:03,528 | WARNING | molsanity | Scaffold split is DEGENERATE: only 0.0% of molecules share a scaffold with another molecule, so this partition is deterministic but not a chemical shift regime. Do not report it as scaffold shift.
2026-08-06 05:28:03,548 | INFO    | molsanity | Loaded existing checkpoint gine_406aad09d823b781.pt
2026-08-06 05:28:03,560 | INFO    | molsanity | [cell ShapeGGen__GINE__GNNExplainer__scaffold] auditing 50 molecules
2026-08-06 05:28:03,563 | INFO    | molsanity | [cell ShapeGGen__GINE__GNNExplainer__scaffold] auditing on 12 worker processes (CPU)
2026-08-06 05:28:03,954 | WARNING | molsanity | [cell ShapeGGen__GINE__GNNExplainer__scaffold] worker pool failed (RuntimeError: Unable to handle autograd's threading in combination with fork-based multiprocessing. See https://github.com/pytorch/pytorch/wiki/Autograd-and-Fork) — falling back to the serial path for this cell
2026-08-06 05:29:04,026 | INFO    | molsanity | [cell ShapeGGen__GINE__GNNExplainer__scaffold] 49/50 molecules (1.2s each, ~0 min left)
2026-08-06 05:29:07,008 | INFO    | molsanity | Wrote GT-validation figure: artifacts/figures/ShapeGGen__GINE__GNNExplainer__scaffold/gt_validation.pdf (+ .svg)
2026-08-06 05:29:07,009 | INFO    | molsanity | Skipping molecule SVG (no aligned mol for case_molecule.svg)
2026-08-06 05:29:08,093 | INFO    | molsanity | [cell ShapeGGen__GINE__GNNExplainer__scaffold__seed0] DONE — acc=0.70 gt_auroc=0.7278227497810831 n=50 (capped)
2026-08-06 05:29:08,106 | INFO    | molsanity | [stage cell_ShapeGGen__GINE__GNNExplainer__scaffold__seed1] config changed (2fc2b6ef72d91e65 -> e948ececc21cb6d6) — rerunning
2026-08-06 05:29:08,106 | INFO    | molsanity | [stage cell_ShapeGGen__GINE__GNNExplainer__scaffold__seed1] running (e948ececc21cb6d6)
2026-08-06 05:29:09,512 | INFO    | molsanity | Loaded ShapeGGen: 164 2-hop subgraphs from 164 nodes (0 skipped)
2026-08-06 05:29:09,517 | INFO    | molsanity | Scaffold split: 164 scaffolds over 164 molecules (164 scaffold-less, 0.0% of molecules in multi-member groups) -> train 98 / val 16 / test 50
2026-08-06 05:29:09,517 | WARNING | molsanity | Scaffold split is DEGENERATE: only 0.0% of molecules share a scaffold with another molecule, so this partition is deterministic but not a chemical shift regime. Do not report it as scaffold shift.
2026-08-06 05:29:09,539 | INFO    | molsanity | Loaded existing checkpoint gine_ac09c003a4d3dbee.pt
2026-08-06 05:29:09,551 | INFO    | molsanity | [cell ShapeGGen__GINE__GNNExplainer__scaffold] auditing 50 molecules
2026-08-06 05:29:09,554 | INFO    | molsanity | [cell ShapeGGen__GINE__GNNExplainer__scaffold] auditing on 12 worker processes (CPU)
2026-08-06 05:29:09,943 | WARNING | molsanity | [cell ShapeGGen__GINE__GNNExplainer__scaffold] worker pool failed (RuntimeError: Unable to handle autograd's threading in combination with fork-based multiprocessing. See https://github.com/pytorch/pytorch/wiki/Autograd-and-Fork) — falling back to the serial path for this cell
2026-08-06 05:30:10,763 | INFO    | molsanity | [cell ShapeGGen__GINE__GNNExplainer__scaffold] 50/50 molecules (1.2s each, ~0 min left)
2026-08-06 05:30:11,856 | INFO    | molsanity | Wrote GT-validation figure: artifacts/figures/ShapeGGen__GINE__GNNExplainer__scaffold/gt_validation.pdf (+ .svg)
2026-08-06 05:30:11,857 | INFO    | molsanity | Skipping molecule SVG (no aligned mol for case_molecule.svg)
2026-08-06 05:30:12,192 | INFO    | molsanity | [cell ShapeGGen__GINE__GNNExplainer__scaffold__seed1] DONE — acc=0.26 gt_auroc=0.4991630559255559 n=50 (capped)
2026-08-06 05:30:12,203 | INFO    | molsanity | [stage cell_ShapeGGen__GINE__GNNExplainer__scaffold__seed2] config changed (5c07671f8012851c -> f0003955a4768996) — rerunning
2026-08-06 05:30:12,203 | INFO    | molsanity | [stage cell_ShapeGGen__GINE__GNNExplainer__scaffold__seed2] running (f0003955a4768996)
2026-08-06 05:30:13,600 | INFO    | molsanity | Loaded ShapeGGen: 164 2-hop subgraphs from 164 nodes (0 skipped)
2026-08-06 05:30:13,604 | INFO    | molsanity | Scaffold split: 164 scaffolds over 164 molecules (164 scaffold-less, 0.0% of molecules in multi-member groups) -> train 98 / val 16 / test 50
2026-08-06 05:30:13,604 | WARNING | molsanity | Scaffold split is DEGENERATE: only 0.0% of molecules share a scaffold with another molecule, so this partition is deterministic but not a chemical shift regime. Do not report it as scaffold shift.
2026-08-06 05:30:13,625 | INFO    | molsanity | Loaded existing checkpoint gine_056c2fa7ffe227e7.pt
2026-08-06 05:30:13,637 | INFO    | molsanity | [cell ShapeGGen__GINE__GNNExplainer__scaffold] auditing 50 molecules
2026-08-06 05:30:13,641 | INFO    | molsanity | [cell ShapeGGen__GINE__GNNExplainer__scaffold] auditing on 12 worker processes (CPU)
2026-08-06 05:30:14,043 | WARNING | molsanity | [cell ShapeGGen__GINE__GNNExplainer__scaffold] worker pool failed (RuntimeError: Unable to handle autograd's threading in combination with fork-based multiprocessing. See https://github.com/pytorch/pytorch/wiki/Autograd-and-Fork) — falling back to the serial path for this cell
2026-08-06 05:31:14,262 | INFO    | molsanity | [cell ShapeGGen__GINE__GNNExplainer__scaffold] 50/50 molecules (1.2s each, ~0 min left)
2026-08-06 05:31:15,322 | INFO    | molsanity | Wrote GT-validation figure: artifacts/figures/ShapeGGen__GINE__GNNExplainer__scaffold/gt_validation.pdf (+ .svg)
2026-08-06 05:31:15,323 | INFO    | molsanity | Skipping molecule SVG (no aligned mol for case_molecule.svg)
2026-08-06 05:31:15,715 | INFO    | molsanity | [cell ShapeGGen__GINE__GNNExplainer__scaffold__seed2] DONE — acc=0.78 gt_auroc=0.49623726196642864 n=50 (capped)
2026-08-06 05:31:16,091 | INFO    | molsanity | [stage cell_ShapeGGen__GINE__GNNExplainer__random__seed0] cache hit (ead47b99d352cb37) — skipping
2026-08-06 05:31:16,091 | INFO    | molsanity | [cell ShapeGGen__GINE__GNNExplainer__random__seed0] DONE — acc=0.74 gt_auroc=0.5549694652789892 n=50 (capped) [cached]
2026-08-06 05:31:16,391 | INFO    | molsanity | [stage cell_ShapeGGen__GINE__GNNExplainer__random__seed1] cache hit (fb1e4d5f5e6b2ca4) — skipping
2026-08-06 05:31:16,391 | INFO    | molsanity | [cell ShapeGGen__GINE__GNNExplainer__random__seed1] DONE — acc=0.82 gt_auroc=0.6098561532033171 n=50 (capped) [cached]
2026-08-06 05:31:16,716 | INFO    | molsanity | [stage cell_ShapeGGen__GINE__GNNExplainer__random__seed2] cache hit (09ec524930286651) — skipping
2026-08-06 05:31:16,716 | INFO    | molsanity | [cell ShapeGGen__GINE__GNNExplainer__random__seed2] DONE — acc=0.78 gt_auroc=0.4831129766838101 n=50 (capped) [cached]
2026-08-06 05:31:16,727 | INFO    | molsanity | [stage cell_ShapeGGen__GINE__PGExplainer__scaffold__seed0] config changed (18791108379d6f6c -> ab3355c69ae2b443) — rerunning
2026-08-06 05:31:16,727 | INFO    | molsanity | [stage cell_ShapeGGen__GINE__PGExplainer__scaffold__seed0] running (ab3355c69ae2b443)
2026-08-06 05:31:18,134 | INFO    | molsanity | Loaded ShapeGGen: 164 2-hop subgraphs from 164 nodes (0 skipped)
2026-08-06 05:31:18,138 | INFO    | molsanity | Scaffold split: 164 scaffolds over 164 molecules (164 scaffold-less, 0.0% of molecules in multi-member groups) -> train 98 / val 16 / test 50
2026-08-06 05:31:18,138 | WARNING | molsanity | Scaffold split is DEGENERATE: only 0.0% of molecules share a scaffold with another molecule, so this partition is deterministic but not a chemical shift regime. Do not report it as scaffold shift.
2026-08-06 05:31:18,161 | INFO    | molsanity | Loaded existing checkpoint gine_406aad09d823b781.pt
2026-08-06 05:32:12,005 | INFO    | molsanity | PGExplainer trained on 98 graphs (30 epochs), final loss 0.6295
2026-08-06 05:32:45,682 | INFO    | molsanity | PGExplainer trained on 98 graphs (30 epochs), final loss 0.1456
2026-08-06 05:32:45,682 | INFO    | molsanity | [cell ShapeGGen__GINE__PGExplainer__scaffold] auditing 50 molecules
2026-08-06 05:32:45,689 | INFO    | molsanity | [cell ShapeGGen__GINE__PGExplainer__scaffold] auditing on 12 worker processes (CPU)
2026-08-06 05:32:46,283 | INFO    | molsanity | [cell ShapeGGen__GINE__PGExplainer__scaffold] 50 molecules in 0.0 min (0.01s each, 12 workers)
2026-08-06 05:32:47,357 | INFO    | molsanity | Wrote GT-validation figure: artifacts/figures/ShapeGGen__GINE__PGExplainer__scaffold/gt_validation.pdf (+ .svg)
2026-08-06 05:32:47,359 | INFO    | molsanity | Skipping molecule SVG (no aligned mol for case_molecule.svg)
2026-08-06 05:32:48,504 | INFO    | molsanity | [cell ShapeGGen__GINE__PGExplainer__scaffold__seed0] DONE — acc=0.70 gt_auroc=0.4907962962962963 n=50 (capped)
2026-08-06 05:32:48,516 | INFO    | molsanity | [stage cell_ShapeGGen__GINE__PGExplainer__scaffold__seed1] config changed (7ded5273e4efa69f -> f212526ae0ece9b3) — rerunning
2026-08-06 05:32:48,517 | INFO    | molsanity | [stage cell_ShapeGGen__GINE__PGExplainer__scaffold__seed1] running (f212526ae0ece9b3)
2026-08-06 05:32:50,279 | INFO    | molsanity | Loaded ShapeGGen: 164 2-hop subgraphs from 164 nodes (0 skipped)
2026-08-06 05:32:50,284 | INFO    | molsanity | Scaffold split: 164 scaffolds over 164 molecules (164 scaffold-less, 0.0% of molecules in multi-member groups) -> train 98 / val 16 / test 50
2026-08-06 05:32:50,284 | WARNING | molsanity | Scaffold split is DEGENERATE: only 0.0% of molecules share a scaffold with another molecule, so this partition is deterministic but not a chemical shift regime. Do not report it as scaffold shift.
2026-08-06 05:32:50,304 | INFO    | molsanity | Loaded existing checkpoint gine_ac09c003a4d3dbee.pt
2026-08-06 05:33:44,257 | INFO    | molsanity | PGExplainer trained on 98 graphs (30 epochs), final loss 0.6845
2026-08-06 05:34:17,853 | INFO    | molsanity | PGExplainer trained on 98 graphs (30 epochs), final loss 0.1034
2026-08-06 05:34:17,853 | INFO    | molsanity | [cell ShapeGGen__GINE__PGExplainer__scaffold] auditing 50 molecules
2026-08-06 05:34:17,861 | INFO    | molsanity | [cell ShapeGGen__GINE__PGExplainer__scaffold] auditing on 12 worker processes (CPU)
2026-08-06 05:34:18,507 | INFO    | molsanity | [cell ShapeGGen__GINE__PGExplainer__scaffold] 50 molecules in 0.0 min (0.01s each, 12 workers)
2026-08-06 05:34:19,001 | INFO    | molsanity | Wrote GT-validation figure: artifacts/figures/ShapeGGen__GINE__PGExplainer__scaffold/gt_validation.pdf (+ .svg)
2026-08-06 05:34:19,002 | INFO    | molsanity | Skipping molecule SVG (no aligned mol for case_molecule.svg)
2026-08-06 05:34:19,510 | INFO    | molsanity | [cell ShapeGGen__GINE__PGExplainer__scaffold__seed1] DONE — acc=0.26 gt_auroc=0.5952131785652619 n=50 (capped)
2026-08-06 05:34:19,522 | INFO    | molsanity | [stage cell_ShapeGGen__GINE__PGExplainer__scaffold__seed2] config changed (507ff8cb84e2657b -> 8179c7a19c992a81) — rerunning
2026-08-06 05:34:19,522 | INFO    | molsanity | [stage cell_ShapeGGen__GINE__PGExplainer__scaffold__seed2] running (8179c7a19c992a81)
2026-08-06 05:34:20,934 | INFO    | molsanity | Loaded ShapeGGen: 164 2-hop subgraphs from 164 nodes (0 skipped)
2026-08-06 05:34:20,939 | INFO    | molsanity | Scaffold split: 164 scaffolds over 164 molecules (164 scaffold-less, 0.0% of molecules in multi-member groups) -> train 98 / val 16 / test 50
2026-08-06 05:34:20,939 | WARNING | molsanity | Scaffold split is DEGENERATE: only 0.0% of molecules share a scaffold with another molecule, so this partition is deterministic but not a chemical shift regime. Do not report it as scaffold shift.
2026-08-06 05:34:20,959 | INFO    | molsanity | Loaded existing checkpoint gine_056c2fa7ffe227e7.pt
2026-08-06 05:35:14,964 | INFO    | molsanity | PGExplainer trained on 98 graphs (30 epochs), final loss 0.6890
2026-08-06 05:35:48,560 | INFO    | molsanity | PGExplainer trained on 98 graphs (30 epochs), final loss 0.0762
2026-08-06 05:35:48,560 | INFO    | molsanity | [cell ShapeGGen__GINE__PGExplainer__scaffold] auditing 50 molecules
2026-08-06 05:35:48,570 | INFO    | molsanity | [cell ShapeGGen__GINE__PGExplainer__scaffold] auditing on 12 worker processes (CPU)
2026-08-06 05:35:49,192 | INFO    | molsanity | [cell ShapeGGen__GINE__PGExplainer__scaffold] 50 molecules in 0.0 min (0.01s each, 12 workers)
2026-08-06 05:35:49,682 | INFO    | molsanity | Wrote GT-validation figure: artifacts/figures/ShapeGGen__GINE__PGExplainer__scaffold/gt_validation.pdf (+ .svg)
2026-08-06 05:35:49,683 | INFO    | molsanity | Skipping molecule SVG (no aligned mol for case_molecule.svg)
2026-08-06 05:35:50,007 | INFO    | molsanity | [cell ShapeGGen__GINE__PGExplainer__scaffold__seed2] DONE — acc=0.78 gt_auroc=0.6149051695218362 n=50 (capped)
2026-08-06 05:35:50,342 | INFO    | molsanity | [stage cell_ShapeGGen__GINE__PGExplainer__random__seed0] cache hit (2e65e0da9460f5a8) — skipping
2026-08-06 05:35:50,342 | INFO    | molsanity | [cell ShapeGGen__GINE__PGExplainer__random__seed0] DONE — acc=0.74 gt_auroc=0.5030558353683354 n=50 (capped) [cached]
2026-08-06 05:35:50,677 | INFO    | molsanity | [stage cell_ShapeGGen__GINE__PGExplainer__random__seed1] cache hit (9320ca1c73d1a513) — skipping
2026-08-06 05:35:50,677 | INFO    | molsanity | [cell ShapeGGen__GINE__PGExplainer__random__seed1] DONE — acc=0.82 gt_auroc=0.5058584091173377 n=50 (capped) [cached]
2026-08-06 05:35:50,907 | INFO    | molsanity | [stage cell_ShapeGGen__GINE__PGExplainer__random__seed2] cache hit (aaa23e13ac402f56) — skipping
2026-08-06 05:35:50,907 | INFO    | molsanity | [cell ShapeGGen__GINE__PGExplainer__random__seed2] DONE — acc=0.78 gt_auroc=0.4889872839792483 n=50 (capped) [cached]
2026-08-06 05:35:50,918 | INFO    | molsanity | [stage cell_ShapeGGen__GINE__SubgraphX__scaffold__seed0] config changed (35b2931289882ea3 -> 0a0b2d050f9a673f) — rerunning
2026-08-06 05:35:50,919 | INFO    | molsanity | [stage cell_ShapeGGen__GINE__SubgraphX__scaffold__seed0] running (0a0b2d050f9a673f)
2026-08-06 05:35:52,318 | INFO    | molsanity | Loaded ShapeGGen: 164 2-hop subgraphs from 164 nodes (0 skipped)
2026-08-06 05:35:52,322 | INFO    | molsanity | Scaffold split: 164 scaffolds over 164 molecules (164 scaffold-less, 0.0% of molecules in multi-member groups) -> train 98 / val 16 / test 50
2026-08-06 05:35:52,323 | WARNING | molsanity | Scaffold split is DEGENERATE: only 0.0% of molecules share a scaffold with another molecule, so this partition is deterministic but not a chemical shift regime. Do not report it as scaffold shift.
2026-08-06 05:35:52,343 | INFO    | molsanity | Loaded existing checkpoint gine_406aad09d823b781.pt
2026-08-06 05:35:52,355 | INFO    | molsanity | [cell ShapeGGen__GINE__SubgraphX__scaffold] auditing 50 molecules
2026-08-06 05:35:52,357 | INFO    | molsanity | [cell ShapeGGen__GINE__SubgraphX__scaffold] auditing on 12 worker processes (CPU)
2026-08-06 05:43:47,698 | INFO    | molsanity | [cell ShapeGGen__GINE__SubgraphX__scaffold] 50 molecules in 7.9 min (9.51s each, 12 workers)
2026-08-06 05:43:48,824 | INFO    | molsanity | Wrote GT-validation figure: artifacts/figures/ShapeGGen__GINE__SubgraphX__scaffold/gt_validation.pdf (+ .svg)
2026-08-06 05:43:48,825 | INFO    | molsanity | Skipping molecule SVG (no aligned mol for case_molecule.svg)
2026-08-06 05:43:49,988 | INFO    | molsanity | [cell ShapeGGen__GINE__SubgraphX__scaffold__seed0] DONE — acc=0.70 gt_auroc=0.6659502442002443 n=50 (capped)
2026-08-06 05:43:50,000 | INFO    | molsanity | [stage cell_ShapeGGen__GINE__SubgraphX__scaffold__seed1] config changed (ccba68296847ba2a -> b42c167a2ca888ab) — rerunning
2026-08-06 05:43:50,000 | INFO    | molsanity | [stage cell_ShapeGGen__GINE__SubgraphX__scaffold__seed1] running (b42c167a2ca888ab)
2026-08-06 05:43:51,392 | INFO    | molsanity | Loaded ShapeGGen: 164 2-hop subgraphs from 164 nodes (0 skipped)
2026-08-06 05:43:51,396 | INFO    | molsanity | Scaffold split: 164 scaffolds over 164 molecules (164 scaffold-less, 0.0% of molecules in multi-member groups) -> train 98 / val 16 / test 50
2026-08-06 05:43:51,396 | WARNING | molsanity | Scaffold split is DEGENERATE: only 0.0% of molecules share a scaffold with another molecule, so this partition is deterministic but not a chemical shift regime. Do not report it as scaffold shift.
2026-08-06 05:43:51,417 | INFO    | molsanity | Loaded existing checkpoint gine_ac09c003a4d3dbee.pt
2026-08-06 05:43:51,429 | INFO    | molsanity | [cell ShapeGGen__GINE__SubgraphX__scaffold] auditing 50 molecules
2026-08-06 05:43:51,431 | INFO    | molsanity | [cell ShapeGGen__GINE__SubgraphX__scaffold] auditing on 12 worker processes (CPU)
2026-08-06 05:51:42,016 | INFO    | molsanity | [cell ShapeGGen__GINE__SubgraphX__scaffold] 50 molecules in 7.8 min (9.41s each, 12 workers)
2026-08-06 05:51:42,502 | INFO    | molsanity | Wrote GT-validation figure: artifacts/figures/ShapeGGen__GINE__SubgraphX__scaffold/gt_validation.pdf (+ .svg)
2026-08-06 05:51:42,503 | INFO    | molsanity | Skipping molecule SVG (no aligned mol for case_molecule.svg)
2026-08-06 05:51:42,845 | INFO    | molsanity | [cell ShapeGGen__GINE__SubgraphX__scaffold__seed1] DONE — acc=0.26 gt_auroc=0.5811480463980465 n=50 (capped)
2026-08-06 05:51:42,858 | INFO    | molsanity | [stage cell_ShapeGGen__GINE__SubgraphX__scaffold__seed2] config changed (aaf58e3b39ca0456 -> 9d9bb1f9c2d6ff1b) — rerunning
2026-08-06 05:51:42,858 | INFO    | molsanity | [stage cell_ShapeGGen__GINE__SubgraphX__scaffold__seed2] running (9d9bb1f9c2d6ff1b)
2026-08-06 05:51:44,253 | INFO    | molsanity | Loaded ShapeGGen: 164 2-hop subgraphs from 164 nodes (0 skipped)
2026-08-06 05:51:44,257 | INFO    | molsanity | Scaffold split: 164 scaffolds over 164 molecules (164 scaffold-less, 0.0% of molecules in multi-member groups) -> train 98 / val 16 / test 50
2026-08-06 05:51:44,257 | WARNING | molsanity | Scaffold split is DEGENERATE: only 0.0% of molecules share a scaffold with another molecule, so this partition is deterministic but not a chemical shift regime. Do not report it as scaffold shift.
2026-08-06 05:51:44,279 | INFO    | molsanity | Loaded existing checkpoint gine_056c2fa7ffe227e7.pt
2026-08-06 05:51:44,290 | INFO    | molsanity | [cell ShapeGGen__GINE__SubgraphX__scaffold] auditing 50 molecules
2026-08-06 05:51:44,292 | INFO    | molsanity | [cell ShapeGGen__GINE__SubgraphX__scaffold] auditing on 12 worker processes (CPU)
2026-08-06 06:00:14,181 | INFO    | molsanity | [cell ShapeGGen__GINE__SubgraphX__scaffold] 50 molecules in 8.5 min (10.20s each, 12 workers)
2026-08-06 06:00:14,659 | INFO    | molsanity | Wrote GT-validation figure: artifacts/figures/ShapeGGen__GINE__SubgraphX__scaffold/gt_validation.pdf (+ .svg)
2026-08-06 06:00:14,660 | INFO    | molsanity | Skipping molecule SVG (no aligned mol for case_molecule.svg)
2026-08-06 06:00:15,078 | INFO    | molsanity | [cell ShapeGGen__GINE__SubgraphX__scaffold__seed2] DONE — acc=0.78 gt_auroc=0.5481983294483296 n=50 (capped)
2026-08-06 06:00:15,404 | INFO    | molsanity | [stage cell_ShapeGGen__GINE__SubgraphX__random__seed0] cache hit (c847a8f910708844) — skipping
2026-08-06 06:00:15,404 | INFO    | molsanity | [cell ShapeGGen__GINE__SubgraphX__random__seed0] DONE — acc=0.74 gt_auroc=0.6757917637917638 n=50 (capped) [cached]
2026-08-06 06:00:15,758 | INFO    | molsanity | [stage cell_ShapeGGen__GINE__SubgraphX__random__seed1] cache hit (315c9ae015d88fa1) — skipping
2026-08-06 06:00:15,758 | INFO    | molsanity | [cell ShapeGGen__GINE__SubgraphX__random__seed1] DONE — acc=0.82 gt_auroc=0.6366717383923266 n=50 (capped) [cached]
2026-08-06 06:00:16,095 | INFO    | molsanity | [stage cell_ShapeGGen__GINE__SubgraphX__random__seed2] cache hit (065b41250923a691) — skipping
2026-08-06 06:00:16,096 | INFO    | molsanity | [cell ShapeGGen__GINE__SubgraphX__random__seed2] DONE — acc=0.78 gt_auroc=0.6197210289710289 n=50 (capped) [cached]
2026-08-06 06:00:16,107 | INFO    | molsanity | [stage cell_BBBP__GINE__IntegratedGradients__scaffold__seed0] config changed (de2885aaef5dc35c -> ceb9898f15c619b8) — rerunning
2026-08-06 06:00:16,107 | INFO    | molsanity | [stage cell_BBBP__GINE__IntegratedGradients__scaffold__seed0] running (ceb9898f15c619b8)
2026-08-06 06:00:16,458 | INFO    | molsanity | Loaded BBBP: 2039 graphs, checksum 37d8fa85e636
2026-08-06 06:00:17,550 | INFO    | molsanity | Scaffold split: 1123 scaffolds over 2039 molecules (99 scaffold-less, 57.7% of molecules in multi-member groups) -> train 1223 / val 203 / test 613
2026-08-06 06:00:17,911 | INFO    | molsanity | Loaded existing checkpoint gine_712d180540e5b1f9.pt
2026-08-06 06:00:18,300 | INFO    | molsanity | [cell BBBP__GINE__IntegratedGradients__scaffold] auditing 200 molecules (capped from 613)
2026-08-06 06:00:18,303 | INFO    | molsanity | [cell BBBP__GINE__IntegratedGradients__scaffold] auditing on 12 worker processes (CPU)
2026-08-06 06:00:18,703 | WARNING | molsanity | [cell BBBP__GINE__IntegratedGradients__scaffold] worker pool failed (RuntimeError: Unable to handle autograd's threading in combination with fork-based multiprocessing. See https://github.com/pytorch/pytorch/wiki/Autograd-and-Fork) — falling back to the serial path for this cell
2026-08-06 06:01:18,750 | INFO    | molsanity | [cell BBBP__GINE__IntegratedGradients__scaffold] 101/200 molecules (0.6s each, ~1 min left)
2026-08-06 06:02:16,938 | INFO    | molsanity | Wrote GT-validation figure: artifacts/figures/BBBP__GINE__IntegratedGradients__scaffold/gt_validation.pdf (+ .svg)
2026-08-06 06:02:17,314 | INFO    | molsanity | Wrote molecule attribution SVG: artifacts/figures/BBBP__GINE__IntegratedGradients__scaffold/case_molecule.svg (GT atoms: [])
2026-08-06 06:02:18,477 | INFO    | molsanity | [cell BBBP__GINE__IntegratedGradients__scaffold__seed0] DONE — acc=0.88 gt_auroc=nan n=200 (capped)
2026-08-06 06:02:18,489 | INFO    | molsanity | [stage cell_BBBP__GINE__IntegratedGradients__scaffold__seed1] config changed (384b13e549ef2fa6 -> bdb50744aea5e846) — rerunning
2026-08-06 06:02:18,489 | INFO    | molsanity | [stage cell_BBBP__GINE__IntegratedGradients__scaffold__seed1] running (bdb50744aea5e846)
2026-08-06 06:02:18,830 | INFO    | molsanity | Loaded BBBP: 2039 graphs, checksum 37d8fa85e636
2026-08-06 06:02:19,888 | INFO    | molsanity | Scaffold split: 1123 scaffolds over 2039 molecules (99 scaffold-less, 57.7% of molecules in multi-member groups) -> train 1223 / val 203 / test 613
2026-08-06 06:02:20,215 | INFO    | molsanity | Loaded existing checkpoint gine_79b883a0932d506d.pt
2026-08-06 06:02:20,563 | INFO    | molsanity | [cell BBBP__GINE__IntegratedGradients__scaffold] auditing 200 molecules (capped from 613)
2026-08-06 06:02:20,567 | INFO    | molsanity | [cell BBBP__GINE__IntegratedGradients__scaffold] auditing on 12 worker processes (CPU)
2026-08-06 06:02:20,973 | WARNING | molsanity | [cell BBBP__GINE__IntegratedGradients__scaffold] worker pool failed (RuntimeError: Unable to handle autograd's threading in combination with fork-based multiprocessing. See https://github.com/pytorch/pytorch/wiki/Autograd-and-Fork) — falling back to the serial path for this cell
2026-08-06 06:03:21,139 | INFO    | molsanity | [cell BBBP__GINE__IntegratedGradients__scaffold] 104/200 molecules (0.6s each, ~1 min left)
2026-08-06 06:04:15,249 | INFO    | molsanity | Wrote GT-validation figure: artifacts/figures/BBBP__GINE__IntegratedGradients__scaffold/gt_validation.pdf (+ .svg)
2026-08-06 06:04:15,265 | INFO    | molsanity | Wrote molecule attribution SVG: artifacts/figures/BBBP__GINE__IntegratedGradients__scaffold/case_molecule.svg (GT atoms: [])
2026-08-06 06:04:15,771 | INFO    | molsanity | [cell BBBP__GINE__IntegratedGradients__scaffold__seed1] DONE — acc=0.80 gt_auroc=nan n=200 (capped)
2026-08-06 06:04:15,783 | INFO    | molsanity | [stage cell_BBBP__GINE__IntegratedGradients__scaffold__seed2] config changed (a660a3d92593d25c -> 64b3239908bd0891) — rerunning
2026-08-06 06:04:15,784 | INFO    | molsanity | [stage cell_BBBP__GINE__IntegratedGradients__scaffold__seed2] running (64b3239908bd0891)
2026-08-06 06:04:16,130 | INFO    | molsanity | Loaded BBBP: 2039 graphs, checksum 37d8fa85e636
2026-08-06 06:04:17,200 | INFO    | molsanity | Scaffold split: 1123 scaffolds over 2039 molecules (99 scaffold-less, 57.7% of molecules in multi-member groups) -> train 1223 / val 203 / test 613
2026-08-06 06:04:17,608 | INFO    | molsanity | Loaded existing checkpoint gine_7fd7ed48de0e5f66.pt
2026-08-06 06:04:17,990 | INFO    | molsanity | [cell BBBP__GINE__IntegratedGradients__scaffold] auditing 200 molecules (capped from 613)
2026-08-06 06:04:17,994 | INFO    | molsanity | [cell BBBP__GINE__IntegratedGradients__scaffold] auditing on 12 worker processes (CPU)
2026-08-06 06:04:18,404 | WARNING | molsanity | [cell BBBP__GINE__IntegratedGradients__scaffold] worker pool failed (RuntimeError: Unable to handle autograd's threading in combination with fork-based multiprocessing. See https://github.com/pytorch/pytorch/wiki/Autograd-and-Fork) — falling back to the serial path for this cell
2026-08-06 06:05:18,535 | INFO    | molsanity | [cell BBBP__GINE__IntegratedGradients__scaffold] 103/200 molecules (0.6s each, ~1 min left)
2026-08-06 06:06:13,685 | INFO    | molsanity | Wrote GT-validation figure: artifacts/figures/BBBP__GINE__IntegratedGradients__scaffold/gt_validation.pdf (+ .svg)
2026-08-06 06:06:13,693 | INFO    | molsanity | Wrote molecule attribution SVG: artifacts/figures/BBBP__GINE__IntegratedGradients__scaffold/case_molecule.svg (GT atoms: [])
2026-08-06 06:06:14,053 | INFO    | molsanity | [cell BBBP__GINE__IntegratedGradients__scaffold__seed2] DONE — acc=0.81 gt_auroc=nan n=200 (capped)
2026-08-06 06:06:14,432 | INFO    | molsanity | [stage cell_BBBP__GINE__IntegratedGradients__random__seed0] cache hit (1766fee8e6f62e00) — skipping
2026-08-06 06:06:14,432 | INFO    | molsanity | [cell BBBP__GINE__IntegratedGradients__random__seed0] DONE — acc=0.74 gt_auroc=nan n=200 (capped) [cached]
2026-08-06 06:06:14,810 | INFO    | molsanity | [stage cell_BBBP__GINE__IntegratedGradients__random__seed1] cache hit (3a479b8c22ed04e9) — skipping
2026-08-06 06:06:14,810 | INFO    | molsanity | [cell BBBP__GINE__IntegratedGradients__random__seed1] DONE — acc=0.76 gt_auroc=nan n=200 (capped) [cached]
2026-08-06 06:06:15,122 | INFO    | molsanity | [stage cell_BBBP__GINE__IntegratedGradients__random__seed2] cache hit (58d4ccb56f722293) — skipping
2026-08-06 06:06:15,122 | INFO    | molsanity | [cell BBBP__GINE__IntegratedGradients__random__seed2] DONE — acc=0.69 gt_auroc=nan n=200 (capped) [cached]
2026-08-06 06:06:15,134 | INFO    | molsanity | [stage cell_BBBP__GCN__IntegratedGradients__scaffold__seed0] config changed (edf4fa4acf7c015a -> a5b175c58797a121) — rerunning
2026-08-06 06:06:15,134 | INFO    | molsanity | [stage cell_BBBP__GCN__IntegratedGradients__scaffold__seed0] running (a5b175c58797a121)
2026-08-06 06:06:15,474 | INFO    | molsanity | Loaded BBBP: 2039 graphs, checksum 37d8fa85e636
2026-08-06 06:06:16,853 | INFO    | molsanity | Scaffold split: 1123 scaffolds over 2039 molecules (99 scaffold-less, 57.7% of molecules in multi-member groups) -> train 1223 / val 203 / test 613
2026-08-06 06:06:17,261 | INFO    | molsanity | Loaded existing checkpoint gcn_8a5dd08c15ec4081.pt
2026-08-06 06:06:17,670 | INFO    | molsanity | [cell BBBP__GCN__IntegratedGradients__scaffold] auditing 200 molecules (capped from 613)
2026-08-06 06:06:17,672 | INFO    | molsanity | [cell BBBP__GCN__IntegratedGradients__scaffold] auditing on 12 worker processes (CPU)
2026-08-06 06:06:18,084 | WARNING | molsanity | [cell BBBP__GCN__IntegratedGradients__scaffold] worker pool failed (RuntimeError: Unable to handle autograd's threading in combination with fork-based multiprocessing. See https://github.com/pytorch/pytorch/wiki/Autograd-and-Fork) — falling back to the serial path for this cell
2026-08-06 06:07:18,090 | INFO    | molsanity | [cell BBBP__GCN__IntegratedGradients__scaffold] 100/200 molecules (0.6s each, ~1 min left)
2026-08-06 06:08:18,100 | INFO    | molsanity | Wrote GT-validation figure: artifacts/figures/BBBP__GCN__IntegratedGradients__scaffold/gt_validation.pdf (+ .svg)
2026-08-06 06:08:18,482 | INFO    | molsanity | Wrote molecule attribution SVG: artifacts/figures/BBBP__GCN__IntegratedGradients__scaffold/case_molecule.svg (GT atoms: [])
2026-08-06 06:08:19,701 | INFO    | molsanity | [cell BBBP__GCN__IntegratedGradients__scaffold__seed0] DONE — acc=0.83 gt_auroc=nan n=200 (capped)
2026-08-06 06:08:19,713 | INFO    | molsanity | [stage cell_BBBP__GCN__IntegratedGradients__scaffold__seed1] config changed (5ffe809bfbd74c2f -> 001ba1c71019f24c) — rerunning
2026-08-06 06:08:19,713 | INFO    | molsanity | [stage cell_BBBP__GCN__IntegratedGradients__scaffold__seed1] running (001ba1c71019f24c)
2026-08-06 06:08:20,058 | INFO    | molsanity | Loaded BBBP: 2039 graphs, checksum 37d8fa85e636
2026-08-06 06:08:21,143 | INFO    | molsanity | Scaffold split: 1123 scaffolds over 2039 molecules (99 scaffold-less, 57.7% of molecules in multi-member groups) -> train 1223 / val 203 / test 613
2026-08-06 06:08:21,473 | INFO    | molsanity | Loaded existing checkpoint gcn_67bb8652217e3e82.pt
2026-08-06 06:08:21,875 | INFO    | molsanity | [cell BBBP__GCN__IntegratedGradients__scaffold] auditing 200 molecules (capped from 613)
2026-08-06 06:08:21,877 | INFO    | molsanity | [cell BBBP__GCN__IntegratedGradients__scaffold] auditing on 12 worker processes (CPU)
2026-08-06 06:08:22,281 | WARNING | molsanity | [cell BBBP__GCN__IntegratedGradients__scaffold] worker pool failed (RuntimeError: Unable to handle autograd's threading in combination with fork-based multiprocessing. See https://github.com/pytorch/pytorch/wiki/Autograd-and-Fork) — falling back to the serial path for this cell
2026-08-06 06:09:22,478 | INFO    | molsanity | [cell BBBP__GCN__IntegratedGradients__scaffold] 101/200 molecules (0.6s each, ~1 min left)
2026-08-06 06:10:20,626 | INFO    | molsanity | Wrote GT-validation figure: artifacts/figures/BBBP__GCN__IntegratedGradients__scaffold/gt_validation.pdf (+ .svg)
2026-08-06 06:10:20,634 | INFO    | molsanity | Wrote molecule attribution SVG: artifacts/figures/BBBP__GCN__IntegratedGradients__scaffold/case_molecule.svg (GT atoms: [])
2026-08-06 06:10:21,025 | INFO    | molsanity | [cell BBBP__GCN__IntegratedGradients__scaffold__seed1] DONE — acc=0.80 gt_auroc=nan n=200 (capped)
2026-08-06 06:10:21,037 | INFO    | molsanity | [stage cell_BBBP__GCN__IntegratedGradients__scaffold__seed2] config changed (9c2a2c50982d7ef7 -> 15db1cc71d1cbb86) — rerunning
2026-08-06 06:10:21,038 | INFO    | molsanity | [stage cell_BBBP__GCN__IntegratedGradients__scaffold__seed2] running (15db1cc71d1cbb86)
2026-08-06 06:10:21,388 | INFO    | molsanity | Loaded BBBP: 2039 graphs, checksum 37d8fa85e636
2026-08-06 06:10:22,490 | INFO    | molsanity | Scaffold split: 1123 scaffolds over 2039 molecules (99 scaffold-less, 57.7% of molecules in multi-member groups) -> train 1223 / val 203 / test 613
2026-08-06 06:10:22,795 | INFO    | molsanity | Loaded existing checkpoint gcn_9fcf9b95e047dcfa.pt
2026-08-06 06:10:23,212 | INFO    | molsanity | [cell BBBP__GCN__IntegratedGradients__scaffold] auditing 200 molecules (capped from 613)
2026-08-06 06:10:23,214 | INFO    | molsanity | [cell BBBP__GCN__IntegratedGradients__scaffold] auditing on 12 worker processes (CPU)
2026-08-06 06:10:23,625 | WARNING | molsanity | [cell BBBP__GCN__IntegratedGradients__scaffold] worker pool failed (RuntimeError: Unable to handle autograd's threading in combination with fork-based multiprocessing. See https://github.com/pytorch/pytorch/wiki/Autograd-and-Fork) — falling back to the serial path for this cell
2026-08-06 06:11:23,811 | INFO    | molsanity | [cell BBBP__GCN__IntegratedGradients__scaffold] 101/200 molecules (0.6s each, ~1 min left)
2026-08-06 06:12:22,927 | INFO    | molsanity | Wrote GT-validation figure: artifacts/figures/BBBP__GCN__IntegratedGradients__scaffold/gt_validation.pdf (+ .svg)
2026-08-06 06:12:22,935 | INFO    | molsanity | Wrote molecule attribution SVG: artifacts/figures/BBBP__GCN__IntegratedGradients__scaffold/case_molecule.svg (GT atoms: [])
2026-08-06 06:12:23,275 | INFO    | molsanity | [cell BBBP__GCN__IntegratedGradients__scaffold__seed2] DONE — acc=0.83 gt_auroc=nan n=200 (capped)
2026-08-06 06:12:23,533 | INFO    | molsanity | [stage cell_BBBP__GCN__IntegratedGradients__random__seed0] cache hit (97e624ae7bac4c6f) — skipping
2026-08-06 06:12:23,533 | INFO    | molsanity | [cell BBBP__GCN__IntegratedGradients__random__seed0] DONE — acc=0.73 gt_auroc=nan n=200 (capped) [cached]
2026-08-06 06:12:23,920 | INFO    | molsanity | [stage cell_BBBP__GCN__IntegratedGradients__random__seed1] cache hit (8fa850c34e93d915) — skipping
2026-08-06 06:12:23,920 | INFO    | molsanity | [cell BBBP__GCN__IntegratedGradients__random__seed1] DONE — acc=0.71 gt_auroc=nan n=200 (capped) [cached]
2026-08-06 06:12:24,376 | INFO    | molsanity | [stage cell_BBBP__GCN__IntegratedGradients__random__seed2] cache hit (6aec3bd316e4ac32) — skipping
2026-08-06 06:12:24,377 | INFO    | molsanity | [cell BBBP__GCN__IntegratedGradients__random__seed2] DONE — acc=0.78 gt_auroc=nan n=200 (capped) [cached]
2026-08-06 06:12:24,388 | INFO    | molsanity | [stage cell_BBBP__GAT__IntegratedGradients__scaffold__seed0] config changed (b86bb3578f3a8ced -> 7f5cfd707b253a0d) — rerunning
2026-08-06 06:12:24,388 | INFO    | molsanity | [stage cell_BBBP__GAT__IntegratedGradients__scaffold__seed0] running (7f5cfd707b253a0d)
2026-08-06 06:12:24,731 | INFO    | molsanity | Loaded BBBP: 2039 graphs, checksum 37d8fa85e636
2026-08-06 06:12:25,821 | INFO    | molsanity | Scaffold split: 1123 scaffolds over 2039 molecules (99 scaffold-less, 57.7% of molecules in multi-member groups) -> train 1223 / val 203 / test 613
2026-08-06 06:12:26,261 | INFO    | molsanity | Loaded existing checkpoint gat_8b310eaefbdf42ee.pt
2026-08-06 06:12:26,630 | INFO    | molsanity | [cell BBBP__GAT__IntegratedGradients__scaffold] auditing 200 molecules (capped from 613)
2026-08-06 06:12:26,633 | INFO    | molsanity | [cell BBBP__GAT__IntegratedGradients__scaffold] auditing on 12 worker processes (CPU)
2026-08-06 06:12:27,051 | WARNING | molsanity | [cell BBBP__GAT__IntegratedGradients__scaffold] worker pool failed (RuntimeError: Unable to handle autograd's threading in combination with fork-based multiprocessing. See https://github.com/pytorch/pytorch/wiki/Autograd-and-Fork) — falling back to the serial path for this cell
2026-08-06 06:13:27,480 | INFO    | molsanity | [cell BBBP__GAT__IntegratedGradients__scaffold] 66/200 molecules (0.9s each, ~2 min left)
2026-08-06 06:14:28,009 | INFO    | molsanity | [cell BBBP__GAT__IntegratedGradients__scaffold] 132/200 molecules (0.9s each, ~1 min left)
2026-08-06 06:15:28,074 | INFO    | molsanity | [cell BBBP__GAT__IntegratedGradients__scaffold] 199/200 molecules (0.9s each, ~0 min left)
2026-08-06 06:15:30,399 | INFO    | molsanity | Wrote GT-validation figure: artifacts/figures/BBBP__GAT__IntegratedGradients__scaffold/gt_validation.pdf (+ .svg)
2026-08-06 06:15:30,713 | INFO    | molsanity | Wrote molecule attribution SVG: artifacts/figures/BBBP__GAT__IntegratedGradients__scaffold/case_molecule.svg (GT atoms: [])
2026-08-06 06:15:31,741 | INFO    | molsanity | [cell BBBP__GAT__IntegratedGradients__scaffold__seed0] DONE — acc=0.83 gt_auroc=nan n=200 (capped)
2026-08-06 06:15:31,753 | INFO    | molsanity | [stage cell_BBBP__GAT__IntegratedGradients__scaffold__seed1] config changed (a53ed440b6dd82be -> 3ec697aa70057fed) — rerunning
2026-08-06 06:15:31,753 | INFO    | molsanity | [stage cell_BBBP__GAT__IntegratedGradients__scaffold__seed1] running (3ec697aa70057fed)
2026-08-06 06:15:32,109 | INFO    | molsanity | Loaded BBBP: 2039 graphs, checksum 37d8fa85e636
2026-08-06 06:15:33,205 | INFO    | molsanity | Scaffold split: 1123 scaffolds over 2039 molecules (99 scaffold-less, 57.7% of molecules in multi-member groups) -> train 1223 / val 203 / test 613
2026-08-06 06:15:33,642 | INFO    | molsanity | Loaded existing checkpoint gat_8d906f3f324d0085.pt
2026-08-06 06:15:33,898 | INFO    | molsanity | [cell BBBP__GAT__IntegratedGradients__scaffold] auditing 200 molecules (capped from 613)
2026-08-06 06:15:33,901 | INFO    | molsanity | [cell BBBP__GAT__IntegratedGradients__scaffold] auditing on 12 worker processes (CPU)
2026-08-06 06:15:34,311 | WARNING | molsanity | [cell BBBP__GAT__IntegratedGradients__scaffold] worker pool failed (RuntimeError: Unable to handle autograd's threading in combination with fork-based multiprocessing. See https://github.com/pytorch/pytorch/wiki/Autograd-and-Fork) — falling back to the serial path for this cell
2026-08-06 06:16:34,961 | INFO    | molsanity | [cell BBBP__GAT__IntegratedGradients__scaffold] 65/200 molecules (0.9s each, ~2 min left)
2026-08-06 06:17:35,287 | INFO    | molsanity | [cell BBBP__GAT__IntegratedGradients__scaffold] 131/200 molecules (0.9s each, ~1 min left)
2026-08-06 06:18:35,601 | INFO    | molsanity | [cell BBBP__GAT__IntegratedGradients__scaffold] 198/200 molecules (0.9s each, ~0 min left)
2026-08-06 06:18:38,285 | INFO    | molsanity | Wrote GT-validation figure: artifacts/figures/BBBP__GAT__IntegratedGradients__scaffold/gt_validation.pdf (+ .svg)
2026-08-06 06:18:38,293 | INFO    | molsanity | Wrote molecule attribution SVG: artifacts/figures/BBBP__GAT__IntegratedGradients__scaffold/case_molecule.svg (GT atoms: [])
2026-08-06 06:18:38,750 | INFO    | molsanity | [cell BBBP__GAT__IntegratedGradients__scaffold__seed1] DONE — acc=0.81 gt_auroc=nan n=200 (capped)
2026-08-06 06:18:38,763 | INFO    | molsanity | [stage cell_BBBP__GAT__IntegratedGradients__scaffold__seed2] config changed (908766ed48fe9f6a -> 3ea1c7403fbecdfe) — rerunning
2026-08-06 06:18:38,763 | INFO    | molsanity | [stage cell_BBBP__GAT__IntegratedGradients__scaffold__seed2] running (3ea1c7403fbecdfe)
2026-08-06 06:18:39,112 | INFO    | molsanity | Loaded BBBP: 2039 graphs, checksum 37d8fa85e636
2026-08-06 06:18:40,183 | INFO    | molsanity | Scaffold split: 1123 scaffolds over 2039 molecules (99 scaffold-less, 57.7% of molecules in multi-member groups) -> train 1223 / val 203 / test 613
2026-08-06 06:18:40,524 | INFO    | molsanity | Loaded existing checkpoint gat_5610c3fbfb8d0353.pt
2026-08-06 06:18:40,906 | INFO    | molsanity | [cell BBBP__GAT__IntegratedGradients__scaffold] auditing 200 molecules (capped from 613)
2026-08-06 06:18:40,909 | INFO    | molsanity | [cell BBBP__GAT__IntegratedGradients__scaffold] auditing on 12 worker processes (CPU)
2026-08-06 06:18:41,310 | WARNING | molsanity | [cell BBBP__GAT__IntegratedGradients__scaffold] worker pool failed (RuntimeError: Unable to handle autograd's threading in combination with fork-based multiprocessing. See https://github.com/pytorch/pytorch/wiki/Autograd-and-Fork) — falling back to the serial path for this cell
2026-08-06 06:19:41,932 | INFO    | molsanity | [cell BBBP__GAT__IntegratedGradients__scaffold] 66/200 molecules (0.9s each, ~2 min left)
2026-08-06 06:20:42,375 | INFO    | molsanity | [cell BBBP__GAT__IntegratedGradients__scaffold] 132/200 molecules (0.9s each, ~1 min left)
2026-08-06 06:21:42,564 | INFO    | molsanity | [cell BBBP__GAT__IntegratedGradients__scaffold] 199/200 molecules (0.9s each, ~0 min left)
2026-08-06 06:21:44,367 | INFO    | molsanity | Wrote GT-validation figure: artifacts/figures/BBBP__GAT__IntegratedGradients__scaffold/gt_validation.pdf (+ .svg)
2026-08-06 06:21:44,376 | INFO    | molsanity | Wrote molecule attribution SVG: artifacts/figures/BBBP__GAT__IntegratedGradients__scaffold/case_molecule.svg (GT atoms: [])
2026-08-06 06:21:44,779 | INFO    | molsanity | [cell BBBP__GAT__IntegratedGradients__scaffold__seed2] DONE — acc=0.79 gt_auroc=nan n=200 (capped)
2026-08-06 06:21:45,145 | INFO    | molsanity | [stage cell_BBBP__GAT__IntegratedGradients__random__seed0] cache hit (4ef782b360928de3) — skipping
2026-08-06 06:21:45,145 | INFO    | molsanity | [cell BBBP__GAT__IntegratedGradients__random__seed0] DONE — acc=0.73 gt_auroc=nan n=200 (capped) [cached]
2026-08-06 06:21:45,363 | INFO    | molsanity | [stage cell_BBBP__GAT__IntegratedGradients__random__seed1] cache hit (897437302aa8e7cb) — skipping
2026-08-06 06:21:45,363 | INFO    | molsanity | [cell BBBP__GAT__IntegratedGradients__random__seed1] DONE — acc=0.74 gt_auroc=nan n=200 (capped) [cached]
2026-08-06 06:21:45,558 | INFO    | molsanity | [stage cell_BBBP__GAT__IntegratedGradients__random__seed2] cache hit (a28c2d80eef8438c) — skipping
2026-08-06 06:21:45,558 | INFO    | molsanity | [cell BBBP__GAT__IntegratedGradients__random__seed2] DONE — acc=0.73 gt_auroc=nan n=200 (capped) [cached]
2026-08-06 06:21:45,570 | INFO    | molsanity | [stage cell_BBBP__MPNN__IntegratedGradients__scaffold__seed0] config changed (21c77251b1d3fd48 -> 30ffe394eae60e14) — rerunning
2026-08-06 06:21:45,570 | INFO    | molsanity | [stage cell_BBBP__MPNN__IntegratedGradients__scaffold__seed0] running (30ffe394eae60e14)
2026-08-06 06:21:46,213 | INFO    | molsanity | Loaded BBBP: 2039 graphs, checksum 37d8fa85e636
2026-08-06 06:21:47,321 | INFO    | molsanity | Scaffold split: 1123 scaffolds over 2039 molecules (99 scaffold-less, 57.7% of molecules in multi-member groups) -> train 1223 / val 203 / test 613
2026-08-06 06:21:48,852 | INFO    | molsanity | Loaded existing checkpoint mpnn_289cc3f936425fc5.pt
2026-08-06 06:21:50,064 | INFO    | molsanity | [cell BBBP__MPNN__IntegratedGradients__scaffold] auditing 200 molecules (capped from 613)
2026-08-06 06:21:50,069 | INFO    | molsanity | [cell BBBP__MPNN__IntegratedGradients__scaffold] auditing on 12 worker processes (CPU)
2026-08-06 06:21:50,507 | WARNING | molsanity | [cell BBBP__MPNN__IntegratedGradients__scaffold] worker pool failed (RuntimeError: Unable to handle autograd's threading in combination with fork-based multiprocessing. See https://github.com/pytorch/pytorch/wiki/Autograd-and-Fork) — falling back to the serial path for this cell
2026-08-06 06:22:51,049 | INFO    | molsanity | [cell BBBP__MPNN__IntegratedGradients__scaffold] 84/200 molecules (0.7s each, ~1 min left)
2026-08-06 06:23:51,356 | INFO    | molsanity | [cell BBBP__MPNN__IntegratedGradients__scaffold] 172/200 molecules (0.7s each, ~0 min left)
2026-08-06 06:24:11,742 | INFO    | molsanity | Wrote GT-validation figure: artifacts/figures/BBBP__MPNN__IntegratedGradients__scaffold/gt_validation.pdf (+ .svg)
2026-08-06 06:24:12,166 | INFO    | molsanity | Wrote molecule attribution SVG: artifacts/figures/BBBP__MPNN__IntegratedGradients__scaffold/case_molecule.svg (GT atoms: [])
2026-08-06 06:24:13,109 | INFO    | molsanity | [cell BBBP__MPNN__IntegratedGradients__scaffold__seed0] DONE — acc=0.81 gt_auroc=nan n=200 (capped)
2026-08-06 06:24:13,122 | INFO    | molsanity | [stage cell_BBBP__MPNN__IntegratedGradients__scaffold__seed1] config changed (d606ccc3fac48414 -> c3fbbddbc5c9df60) — rerunning
2026-08-06 06:24:13,122 | INFO    | molsanity | [stage cell_BBBP__MPNN__IntegratedGradients__scaffold__seed1] running (c3fbbddbc5c9df60)
2026-08-06 06:24:13,468 | INFO    | molsanity | Loaded BBBP: 2039 graphs, checksum 37d8fa85e636
2026-08-06 06:24:14,551 | INFO    | molsanity | Scaffold split: 1123 scaffolds over 2039 molecules (99 scaffold-less, 57.7% of molecules in multi-member groups) -> train 1223 / val 203 / test 613
2026-08-06 06:24:15,542 | INFO    | molsanity | Loaded existing checkpoint mpnn_740b5781066c3faa.pt
2026-08-06 06:24:16,591 | INFO    | molsanity | [cell BBBP__MPNN__IntegratedGradients__scaffold] auditing 200 molecules (capped from 613)
2026-08-06 06:24:16,596 | INFO    | molsanity | [cell BBBP__MPNN__IntegratedGradients__scaffold] auditing on 12 worker processes (CPU)
2026-08-06 06:24:17,015 | WARNING | molsanity | [cell BBBP__MPNN__IntegratedGradients__scaffold] worker pool failed (RuntimeError: Unable to handle autograd's threading in combination with fork-based multiprocessing. See https://github.com/pytorch/pytorch/wiki/Autograd-and-Fork) — falling back to the serial path for this cell
2026-08-06 06:25:17,421 | INFO    | molsanity | [cell BBBP__MPNN__IntegratedGradients__scaffold] 85/200 molecules (0.7s each, ~1 min left)
2026-08-06 06:26:17,659 | INFO    | molsanity | [cell BBBP__MPNN__IntegratedGradients__scaffold] 174/200 molecules (0.7s each, ~0 min left)
2026-08-06 06:26:35,855 | INFO    | molsanity | Wrote GT-validation figure: artifacts/figures/BBBP__MPNN__IntegratedGradients__scaffold/gt_validation.pdf (+ .svg)
2026-08-06 06:26:35,862 | INFO    | molsanity | Wrote molecule attribution SVG: artifacts/figures/BBBP__MPNN__IntegratedGradients__scaffold/case_molecule.svg (GT atoms: [])
2026-08-06 06:26:36,254 | INFO    | molsanity | [cell BBBP__MPNN__IntegratedGradients__scaffold__seed1] DONE — acc=0.82 gt_auroc=nan n=200 (capped)
2026-08-06 06:26:36,267 | INFO    | molsanity | [stage cell_BBBP__MPNN__IntegratedGradients__scaffold__seed2] config changed (03bda4f95316d57e -> 247128f55c09cfba) — rerunning
2026-08-06 06:26:36,267 | INFO    | molsanity | [stage cell_BBBP__MPNN__IntegratedGradients__scaffold__seed2] running (247128f55c09cfba)
2026-08-06 06:26:36,616 | INFO    | molsanity | Loaded BBBP: 2039 graphs, checksum 37d8fa85e636
2026-08-06 06:26:37,699 | INFO    | molsanity | Scaffold split: 1123 scaffolds over 2039 molecules (99 scaffold-less, 57.7% of molecules in multi-member groups) -> train 1223 / val 203 / test 613
2026-08-06 06:26:38,537 | INFO    | molsanity | Loaded existing checkpoint mpnn_8f05c70dde8f4377.pt
2026-08-06 06:26:39,187 | INFO    | molsanity | [cell BBBP__MPNN__IntegratedGradients__scaffold] auditing 200 molecules (capped from 613)
2026-08-06 06:26:39,192 | INFO    | molsanity | [cell BBBP__MPNN__IntegratedGradients__scaffold] auditing on 12 worker processes (CPU)
2026-08-06 06:26:39,618 | WARNING | molsanity | [cell BBBP__MPNN__IntegratedGradients__scaffold] worker pool failed (RuntimeError: Unable to handle autograd's threading in combination with fork-based multiprocessing. See https://github.com/pytorch/pytorch/wiki/Autograd-and-Fork) — falling back to the serial path for this cell
2026-08-06 06:27:39,695 | INFO    | molsanity | [cell BBBP__MPNN__IntegratedGradients__scaffold] 84/200 molecules (0.7s each, ~1 min left)
2026-08-06 06:28:40,183 | INFO    | molsanity | [cell BBBP__MPNN__IntegratedGradients__scaffold] 172/200 molecules (0.7s each, ~0 min left)
2026-08-06 06:29:00,020 | INFO    | molsanity | Wrote GT-validation figure: artifacts/figures/BBBP__MPNN__IntegratedGradients__scaffold/gt_validation.pdf (+ .svg)
2026-08-06 06:29:00,028 | INFO    | molsanity | Wrote molecule attribution SVG: artifacts/figures/BBBP__MPNN__IntegratedGradients__scaffold/case_molecule.svg (GT atoms: [])
2026-08-06 06:29:00,290 | INFO    | molsanity | [cell BBBP__MPNN__IntegratedGradients__scaffold__seed2] DONE — acc=0.82 gt_auroc=nan n=200 (capped)
2026-08-06 06:29:00,666 | INFO    | molsanity | [stage cell_BBBP__MPNN__IntegratedGradients__random__seed0] cache hit (259bfcff5920d193) — skipping
2026-08-06 06:29:00,666 | INFO    | molsanity | [cell BBBP__MPNN__IntegratedGradients__random__seed0] DONE — acc=0.74 gt_auroc=nan n=200 (capped) [cached]
2026-08-06 06:29:01,111 | INFO    | molsanity | [stage cell_BBBP__MPNN__IntegratedGradients__random__seed1] cache hit (71d15d32099b69f0) — skipping
2026-08-06 06:29:01,111 | INFO    | molsanity | [cell BBBP__MPNN__IntegratedGradients__random__seed1] DONE — acc=0.78 gt_auroc=nan n=200 (capped) [cached]
2026-08-06 06:29:01,417 | INFO    | molsanity | [stage cell_BBBP__MPNN__IntegratedGradients__random__seed2] cache hit (9c1171139589c678) — skipping
2026-08-06 06:29:01,417 | INFO    | molsanity | [cell BBBP__MPNN__IntegratedGradients__random__seed2] DONE — acc=0.76 gt_auroc=nan n=200 (capped) [cached]
2026-08-06 06:29:01,428 | INFO    | molsanity | [stage cell_BBBP__AttentiveFP__IntegratedGradients__scaffold__seed0] config changed (d15112d2b5dbbdd6 -> 091e60a1d887b309) — rerunning
2026-08-06 06:29:01,429 | INFO    | molsanity | [stage cell_BBBP__AttentiveFP__IntegratedGradients__scaffold__seed0] running (091e60a1d887b309)
2026-08-06 06:29:01,775 | INFO    | molsanity | Loaded BBBP: 2039 graphs, checksum 37d8fa85e636
2026-08-06 06:29:02,842 | INFO    | molsanity | Scaffold split: 1123 scaffolds over 2039 molecules (99 scaffold-less, 57.7% of molecules in multi-member groups) -> train 1223 / val 203 / test 613
2026-08-06 06:29:03,350 | INFO    | molsanity | Loaded existing checkpoint attentivefp_ef7d0b001dbdcf0a.pt
2026-08-06 06:29:03,835 | INFO    | molsanity | [cell BBBP__AttentiveFP__IntegratedGradients__scaffold] auditing 200 molecules (capped from 613)
2026-08-06 06:29:03,838 | INFO    | molsanity | [cell BBBP__AttentiveFP__IntegratedGradients__scaffold] auditing on 12 worker processes (CPU)
2026-08-06 06:29:04,267 | WARNING | molsanity | [cell BBBP__AttentiveFP__IntegratedGradients__scaffold] worker pool failed (RuntimeError: Unable to handle autograd's threading in combination with fork-based multiprocessing. See https://github.com/pytorch/pytorch/wiki/Autograd-and-Fork) — falling back to the serial path for this cell
2026-08-06 06:30:05,226 | INFO    | molsanity | [cell BBBP__AttentiveFP__IntegratedGradients__scaffold] 52/200 molecules (1.2s each, ~3 min left)
2026-08-06 06:31:05,510 | INFO    | molsanity | [cell BBBP__AttentiveFP__IntegratedGradients__scaffold] 103/200 molecules (1.2s each, ~2 min left)
2026-08-06 06:32:05,637 | INFO    | molsanity | [cell BBBP__AttentiveFP__IntegratedGradients__scaffold] 155/200 molecules (1.2s each, ~1 min left)
2026-08-06 06:32:59,394 | INFO    | molsanity | Wrote GT-validation figure: artifacts/figures/BBBP__AttentiveFP__IntegratedGradients__scaffold/gt_validation.pdf (+ .svg)
2026-08-06 06:32:59,806 | INFO    | molsanity | Wrote molecule attribution SVG: artifacts/figures/BBBP__AttentiveFP__IntegratedGradients__scaffold/case_molecule.svg (GT atoms: [])
2026-08-06 06:33:00,836 | INFO    | molsanity | [cell BBBP__AttentiveFP__IntegratedGradients__scaffold__seed0] DONE — acc=0.88 gt_auroc=nan n=200 (capped)
2026-08-06 06:33:00,848 | INFO    | molsanity | [stage cell_BBBP__AttentiveFP__IntegratedGradients__scaffold__seed1] config changed (2271f91f51f79b70 -> d303e858a9084ac7) — rerunning
2026-08-06 06:33:00,848 | INFO    | molsanity | [stage cell_BBBP__AttentiveFP__IntegratedGradients__scaffold__seed1] running (d303e858a9084ac7)
2026-08-06 06:33:01,197 | INFO    | molsanity | Loaded BBBP: 2039 graphs, checksum 37d8fa85e636
2026-08-06 06:33:02,250 | INFO    | molsanity | Scaffold split: 1123 scaffolds over 2039 molecules (99 scaffold-less, 57.7% of molecules in multi-member groups) -> train 1223 / val 203 / test 613
2026-08-06 06:33:02,787 | INFO    | molsanity | Loaded existing checkpoint attentivefp_b0bee54bee15c89d.pt
2026-08-06 06:33:03,365 | INFO    | molsanity | [cell BBBP__AttentiveFP__IntegratedGradients__scaffold] auditing 200 molecules (capped from 613)
2026-08-06 06:33:03,368 | INFO    | molsanity | [cell BBBP__AttentiveFP__IntegratedGradients__scaffold] auditing on 12 worker processes (CPU)
2026-08-06 06:33:03,788 | WARNING | molsanity | [cell BBBP__AttentiveFP__IntegratedGradients__scaffold] worker pool failed (RuntimeError: Unable to handle autograd's threading in combination with fork-based multiprocessing. See https://github.com/pytorch/pytorch/wiki/Autograd-and-Fork) — falling back to the serial path for this cell
2026-08-06 06:34:04,964 | INFO    | molsanity | [cell BBBP__AttentiveFP__IntegratedGradients__scaffold] 49/200 molecules (1.2s each, ~3 min left)
2026-08-06 06:35:05,739 | INFO    | molsanity | [cell BBBP__AttentiveFP__IntegratedGradients__scaffold] 97/200 molecules (1.3s each, ~2 min left)
2026-08-06 06:36:06,111 | INFO    | molsanity | [cell BBBP__AttentiveFP__IntegratedGradients__scaffold] 147/200 molecules (1.2s each, ~1 min left)
2026-08-06 06:37:06,145 | INFO    | molsanity | [cell BBBP__AttentiveFP__IntegratedGradients__scaffold] 197/200 molecules (1.2s each, ~0 min left)
2026-08-06 06:37:11,043 | INFO    | molsanity | Wrote GT-validation figure: artifacts/figures/BBBP__AttentiveFP__IntegratedGradients__scaffold/gt_validation.pdf (+ .svg)
2026-08-06 06:37:11,051 | INFO    | molsanity | Wrote molecule attribution SVG: artifacts/figures/BBBP__AttentiveFP__IntegratedGradients__scaffold/case_molecule.svg (GT atoms: [])
2026-08-06 06:37:11,326 | INFO    | molsanity | [cell BBBP__AttentiveFP__IntegratedGradients__scaffold__seed1] DONE — acc=0.86 gt_auroc=nan n=200 (capped)
2026-08-06 06:37:11,339 | INFO    | molsanity | [stage cell_BBBP__AttentiveFP__IntegratedGradients__scaffold__seed2] config changed (419204972c4f746f -> f1862ad832b0a26b) — rerunning
2026-08-06 06:37:11,340 | INFO    | molsanity | [stage cell_BBBP__AttentiveFP__IntegratedGradients__scaffold__seed2] running (f1862ad832b0a26b)
2026-08-06 06:37:11,685 | INFO    | molsanity | Loaded BBBP: 2039 graphs, checksum 37d8fa85e636
2026-08-06 06:37:12,731 | INFO    | molsanity | Scaffold split: 1123 scaffolds over 2039 molecules (99 scaffold-less, 57.7% of molecules in multi-member groups) -> train 1223 / val 203 / test 613
2026-08-06 06:37:13,717 | INFO    | molsanity | Loaded existing checkpoint attentivefp_c32baa7e2841b017.pt
2026-08-06 06:37:14,591 | INFO    | molsanity | [cell BBBP__AttentiveFP__IntegratedGradients__scaffold] auditing 200 molecules (capped from 613)
2026-08-06 06:37:14,594 | INFO    | molsanity | [cell BBBP__AttentiveFP__IntegratedGradients__scaffold] auditing on 12 worker processes (CPU)
2026-08-06 06:37:15,021 | WARNING | molsanity | [cell BBBP__AttentiveFP__IntegratedGradients__scaffold] worker pool failed (RuntimeError: Unable to handle autograd's threading in combination with fork-based multiprocessing. See https://github.com/pytorch/pytorch/wiki/Autograd-and-Fork) — falling back to the serial path for this cell
2026-08-06 06:38:15,571 | INFO    | molsanity | [cell BBBP__AttentiveFP__IntegratedGradients__scaffold] 50/200 molecules (1.2s each, ~3 min left)
2026-08-06 06:39:15,757 | INFO    | molsanity | [cell BBBP__AttentiveFP__IntegratedGradients__scaffold] 99/200 molecules (1.2s each, ~2 min left)
2026-08-06 06:40:16,904 | INFO    | molsanity | [cell BBBP__AttentiveFP__IntegratedGradients__scaffold] 150/200 molecules (1.2s each, ~1 min left)
2026-08-06 06:41:17,633 | INFO    | molsanity | Wrote GT-validation figure: artifacts/figures/BBBP__AttentiveFP__IntegratedGradients__scaffold/gt_validation.pdf (+ .svg)
2026-08-06 06:41:17,640 | INFO    | molsanity | Wrote molecule attribution SVG: artifacts/figures/BBBP__AttentiveFP__IntegratedGradients__scaffold/case_molecule.svg (GT atoms: [])
2026-08-06 06:41:18,007 | INFO    | molsanity | [cell BBBP__AttentiveFP__IntegratedGradients__scaffold__seed2] DONE — acc=0.83 gt_auroc=nan n=200 (capped)
2026-08-06 06:41:18,346 | INFO    | molsanity | [stage cell_BBBP__AttentiveFP__IntegratedGradients__random__seed0] cache hit (8d98cabf852eacf9) — skipping
2026-08-06 06:41:18,346 | INFO    | molsanity | [cell BBBP__AttentiveFP__IntegratedGradients__random__seed0] DONE — acc=0.79 gt_auroc=nan n=200 (capped) [cached]
2026-08-06 06:41:18,928 | INFO    | molsanity | [stage cell_BBBP__AttentiveFP__IntegratedGradients__random__seed1] cache hit (5d8e710bfc70d62c) — skipping
2026-08-06 06:41:18,928 | INFO    | molsanity | [cell BBBP__AttentiveFP__IntegratedGradients__random__seed1] DONE — acc=0.74 gt_auroc=nan n=200 (capped) [cached]
2026-08-06 06:41:19,540 | INFO    | molsanity | [stage cell_BBBP__AttentiveFP__IntegratedGradients__random__seed2] cache hit (ee8a665c47fe21d0) — skipping
2026-08-06 06:41:19,540 | INFO    | molsanity | [cell BBBP__AttentiveFP__IntegratedGradients__random__seed2] DONE — acc=0.74 gt_auroc=nan n=200 (capped) [cached]
2026-08-06 06:41:19,552 | INFO    | molsanity | [stage cell_BBBP__GINE__GNNExplainer__scaffold__seed0] config changed (9ea6f0ba3d402502 -> 8e54e99a169296ca) — rerunning
2026-08-06 06:41:19,552 | INFO    | molsanity | [stage cell_BBBP__GINE__GNNExplainer__scaffold__seed0] running (8e54e99a169296ca)
2026-08-06 06:41:19,890 | INFO    | molsanity | Loaded BBBP: 2039 graphs, checksum 37d8fa85e636
2026-08-06 06:41:20,999 | INFO    | molsanity | Scaffold split: 1123 scaffolds over 2039 molecules (99 scaffold-less, 57.7% of molecules in multi-member groups) -> train 1223 / val 203 / test 613
2026-08-06 06:41:21,019 | INFO    | molsanity | Loaded existing checkpoint gine_712d180540e5b1f9.pt
2026-08-06 06:41:21,049 | INFO    | molsanity | [cell BBBP__GINE__GNNExplainer__scaffold] auditing 200 molecules (capped from 613)
2026-08-06 06:41:21,052 | INFO    | molsanity | [cell BBBP__GINE__GNNExplainer__scaffold] auditing on 12 worker processes (CPU)
2026-08-06 06:41:21,470 | WARNING | molsanity | [cell BBBP__GINE__GNNExplainer__scaffold] worker pool failed (RuntimeError: Unable to handle autograd's threading in combination with fork-based multiprocessing. See https://github.com/pytorch/pytorch/wiki/Autograd-and-Fork) — falling back to the serial path for this cell
2026-08-06 06:42:21,827 | INFO    | molsanity | [cell BBBP__GINE__GNNExplainer__scaffold] 43/200 molecules (1.4s each, ~4 min left)
2026-08-06 06:43:22,739 | INFO    | molsanity | [cell BBBP__GINE__GNNExplainer__scaffold] 85/200 molecules (1.4s each, ~3 min left)
2026-08-06 06:44:23,702 | INFO    | molsanity | [cell BBBP__GINE__GNNExplainer__scaffold] 129/200 molecules (1.4s each, ~2 min left)
2026-08-06 06:45:24,846 | INFO    | molsanity | [cell BBBP__GINE__GNNExplainer__scaffold] 174/200 molecules (1.4s each, ~1 min left)
2026-08-06 06:46:02,917 | INFO    | molsanity | Wrote GT-validation figure: artifacts/figures/BBBP__GINE__GNNExplainer__scaffold/gt_validation.pdf (+ .svg)
2026-08-06 06:46:03,302 | INFO    | molsanity | Wrote molecule attribution SVG: artifacts/figures/BBBP__GINE__GNNExplainer__scaffold/case_molecule.svg (GT atoms: [])
2026-08-06 06:46:04,603 | INFO    | molsanity | [cell BBBP__GINE__GNNExplainer__scaffold__seed0] DONE — acc=0.88 gt_auroc=nan n=200 (capped)
2026-08-06 06:46:04,616 | INFO    | molsanity | [stage cell_BBBP__GINE__GNNExplainer__scaffold__seed1] config changed (18ac8ffde336472f -> 7e1af594011bdf60) — rerunning
2026-08-06 06:46:04,616 | INFO    | molsanity | [stage cell_BBBP__GINE__GNNExplainer__scaffold__seed1] running (7e1af594011bdf60)
2026-08-06 06:46:04,958 | INFO    | molsanity | Loaded BBBP: 2039 graphs, checksum 37d8fa85e636
2026-08-06 06:46:06,027 | INFO    | molsanity | Scaffold split: 1123 scaffolds over 2039 molecules (99 scaffold-less, 57.7% of molecules in multi-member groups) -> train 1223 / val 203 / test 613
2026-08-06 06:46:06,047 | INFO    | molsanity | Loaded existing checkpoint gine_79b883a0932d506d.pt
2026-08-06 06:46:06,076 | INFO    | molsanity | [cell BBBP__GINE__GNNExplainer__scaffold] auditing 200 molecules (capped from 613)
2026-08-06 06:46:06,079 | INFO    | molsanity | [cell BBBP__GINE__GNNExplainer__scaffold] auditing on 12 worker processes (CPU)
2026-08-06 06:46:06,492 | WARNING | molsanity | [cell BBBP__GINE__GNNExplainer__scaffold] worker pool failed (RuntimeError: Unable to handle autograd's threading in combination with fork-based multiprocessing. See https://github.com/pytorch/pytorch/wiki/Autograd-and-Fork) — falling back to the serial path for this cell
2026-08-06 06:47:06,892 | INFO    | molsanity | [cell BBBP__GINE__GNNExplainer__scaffold] 44/200 molecules (1.4s each, ~4 min left)
2026-08-06 06:48:07,992 | INFO    | molsanity | [cell BBBP__GINE__GNNExplainer__scaffold] 86/200 molecules (1.4s each, ~3 min left)
2026-08-06 06:49:08,006 | INFO    | molsanity | [cell BBBP__GINE__GNNExplainer__scaffold] 130/200 molecules (1.4s each, ~2 min left)
2026-08-06 06:50:08,758 | INFO    | molsanity | [cell BBBP__GINE__GNNExplainer__scaffold] 175/200 molecules (1.4s each, ~1 min left)
2026-08-06 06:50:43,834 | INFO    | molsanity | Wrote GT-validation figure: artifacts/figures/BBBP__GINE__GNNExplainer__scaffold/gt_validation.pdf (+ .svg)
2026-08-06 06:50:43,841 | INFO    | molsanity | Wrote molecule attribution SVG: artifacts/figures/BBBP__GINE__GNNExplainer__scaffold/case_molecule.svg (GT atoms: [])
2026-08-06 06:50:44,247 | INFO    | molsanity | [cell BBBP__GINE__GNNExplainer__scaffold__seed1] DONE — acc=0.80 gt_auroc=nan n=200 (capped)
2026-08-06 06:50:44,260 | INFO    | molsanity | [stage cell_BBBP__GINE__GNNExplainer__scaffold__seed2] config changed (194839611df3d75b -> 99c1c4f2f07f7c61) — rerunning
2026-08-06 06:50:44,261 | INFO    | molsanity | [stage cell_BBBP__GINE__GNNExplainer__scaffold__seed2] running (99c1c4f2f07f7c61)
2026-08-06 06:50:44,608 | INFO    | molsanity | Loaded BBBP: 2039 graphs, checksum 37d8fa85e636
2026-08-06 06:50:45,700 | INFO    | molsanity | Scaffold split: 1123 scaffolds over 2039 molecules (99 scaffold-less, 57.7% of molecules in multi-member groups) -> train 1223 / val 203 / test 613
2026-08-06 06:50:45,720 | INFO    | molsanity | Loaded existing checkpoint gine_7fd7ed48de0e5f66.pt
2026-08-06 06:50:45,751 | INFO    | molsanity | [cell BBBP__GINE__GNNExplainer__scaffold] auditing 200 molecules (capped from 613)
2026-08-06 06:50:45,754 | INFO    | molsanity | [cell BBBP__GINE__GNNExplainer__scaffold] auditing on 12 worker processes (CPU)
2026-08-06 06:50:46,156 | WARNING | molsanity | [cell BBBP__GINE__GNNExplainer__scaffold] worker pool failed (RuntimeError: Unable to handle autograd's threading in combination with fork-based multiprocessing. See https://github.com/pytorch/pytorch/wiki/Autograd-and-Fork) — falling back to the serial path for this cell
2026-08-06 06:51:47,285 | INFO    | molsanity | [cell BBBP__GINE__GNNExplainer__scaffold] 44/200 molecules (1.4s each, ~4 min left)
2026-08-06 06:52:48,336 | INFO    | molsanity | [cell BBBP__GINE__GNNExplainer__scaffold] 86/200 molecules (1.4s each, ~3 min left)
2026-08-06 06:53:49,295 | INFO    | molsanity | [cell BBBP__GINE__GNNExplainer__scaffold] 130/200 molecules (1.4s each, ~2 min left)
2026-08-06 06:54:50,080 | INFO    | molsanity | [cell BBBP__GINE__GNNExplainer__scaffold] 175/200 molecules (1.4s each, ~1 min left)
2026-08-06 06:55:24,502 | INFO    | molsanity | Wrote GT-validation figure: artifacts/figures/BBBP__GINE__GNNExplainer__scaffold/gt_validation.pdf (+ .svg)
2026-08-06 06:55:24,510 | INFO    | molsanity | Wrote molecule attribution SVG: artifacts/figures/BBBP__GINE__GNNExplainer__scaffold/case_molecule.svg (GT atoms: [])
2026-08-06 06:55:24,917 | INFO    | molsanity | [cell BBBP__GINE__GNNExplainer__scaffold__seed2] DONE — acc=0.81 gt_auroc=nan n=200 (capped)
2026-08-06 06:55:25,290 | INFO    | molsanity | [stage cell_BBBP__GINE__GNNExplainer__random__seed0] cache hit (749f28a040b20fc0) — skipping
2026-08-06 06:55:25,290 | INFO    | molsanity | [cell BBBP__GINE__GNNExplainer__random__seed0] DONE — acc=0.74 gt_auroc=nan n=200 (capped) [cached]
2026-08-06 06:55:25,659 | INFO    | molsanity | [stage cell_BBBP__GINE__GNNExplainer__random__seed1] cache hit (f3100ac4ad9626d7) — skipping
2026-08-06 06:55:25,659 | INFO    | molsanity | [cell BBBP__GINE__GNNExplainer__random__seed1] DONE — acc=0.76 gt_auroc=nan n=200 (capped) [cached]
2026-08-06 06:55:25,871 | INFO    | molsanity | [stage cell_BBBP__GINE__GNNExplainer__random__seed2] cache hit (5a5bff4e1e597a0b) — skipping
2026-08-06 06:55:25,872 | INFO    | molsanity | [cell BBBP__GINE__GNNExplainer__random__seed2] DONE — acc=0.69 gt_auroc=nan n=200 (capped) [cached]
2026-08-06 06:55:25,884 | INFO    | molsanity | [stage cell_BBBP__GINE__PGExplainer__scaffold__seed0] config changed (7af2d5e94804e354 -> 6526b48b0339772e) — rerunning
2026-08-06 06:55:25,884 | INFO    | molsanity | [stage cell_BBBP__GINE__PGExplainer__scaffold__seed0] running (6526b48b0339772e)
2026-08-06 06:55:26,226 | INFO    | molsanity | Loaded BBBP: 2039 graphs, checksum 37d8fa85e636
2026-08-06 06:55:27,278 | INFO    | molsanity | Scaffold split: 1123 scaffolds over 2039 molecules (99 scaffold-less, 57.7% of molecules in multi-member groups) -> train 1223 / val 203 / test 613
2026-08-06 06:55:27,299 | INFO    | molsanity | Loaded existing checkpoint gine_712d180540e5b1f9.pt
2026-08-06 06:57:18,463 | INFO    | molsanity | PGExplainer trained on 200 graphs (30 epochs), final loss 0.5875
2026-08-06 06:58:28,549 | INFO    | molsanity | PGExplainer trained on 200 graphs (30 epochs), final loss 0.8926
2026-08-06 06:58:28,550 | INFO    | molsanity | [cell BBBP__GINE__PGExplainer__scaffold] auditing 200 molecules (capped from 613)
2026-08-06 06:58:28,557 | INFO    | molsanity | [cell BBBP__GINE__PGExplainer__scaffold] auditing on 12 worker processes (CPU)
2026-08-06 06:58:30,665 | INFO    | molsanity | [cell BBBP__GINE__PGExplainer__scaffold] 200 molecules in 0.0 min (0.01s each, 12 workers)
2026-08-06 06:58:31,620 | INFO    | molsanity | Wrote GT-validation figure: artifacts/figures/BBBP__GINE__PGExplainer__scaffold/gt_validation.pdf (+ .svg)
2026-08-06 06:58:32,134 | INFO    | molsanity | Wrote molecule attribution SVG: artifacts/figures/BBBP__GINE__PGExplainer__scaffold/case_molecule.svg (GT atoms: [])
2026-08-06 06:58:32,931 | INFO    | molsanity | [cell BBBP__GINE__PGExplainer__scaffold__seed0] DONE — acc=0.88 gt_auroc=nan n=200 (capped)
2026-08-06 06:58:32,944 | INFO    | molsanity | [stage cell_BBBP__GINE__PGExplainer__scaffold__seed1] config changed (d89eadc071ebd27d -> 431c7274088b94e5) — rerunning
2026-08-06 06:58:32,944 | INFO    | molsanity | [stage cell_BBBP__GINE__PGExplainer__scaffold__seed1] running (431c7274088b94e5)
2026-08-06 06:58:33,588 | INFO    | molsanity | Loaded BBBP: 2039 graphs, checksum 37d8fa85e636
2026-08-06 06:58:34,678 | INFO    | molsanity | Scaffold split: 1123 scaffolds over 2039 molecules (99 scaffold-less, 57.7% of molecules in multi-member groups) -> train 1223 / val 203 / test 613
2026-08-06 06:58:34,699 | INFO    | molsanity | Loaded existing checkpoint gine_79b883a0932d506d.pt
2026-08-06 07:00:25,142 | INFO    | molsanity | PGExplainer trained on 200 graphs (30 epochs), final loss 0.1427
2026-08-06 07:01:37,227 | INFO    | molsanity | PGExplainer trained on 200 graphs (30 epochs), final loss 0.4342
2026-08-06 07:01:37,227 | INFO    | molsanity | [cell BBBP__GINE__PGExplainer__scaffold] auditing 200 molecules (capped from 613)
2026-08-06 07:01:37,234 | INFO    | molsanity | [cell BBBP__GINE__PGExplainer__scaffold] auditing on 12 worker processes (CPU)
2026-08-06 07:01:39,013 | INFO    | molsanity | [cell BBBP__GINE__PGExplainer__scaffold] 200 molecules in 0.0 min (0.01s each, 12 workers)
2026-08-06 07:01:39,461 | INFO    | molsanity | Wrote GT-validation figure: artifacts/figures/BBBP__GINE__PGExplainer__scaffold/gt_validation.pdf (+ .svg)
2026-08-06 07:01:39,469 | INFO    | molsanity | Wrote molecule attribution SVG: artifacts/figures/BBBP__GINE__PGExplainer__scaffold/case_molecule.svg (GT atoms: [])
2026-08-06 07:01:39,760 | INFO    | molsanity | [cell BBBP__GINE__PGExplainer__scaffold__seed1] DONE — acc=0.80 gt_auroc=nan n=200 (capped)
2026-08-06 07:01:39,773 | INFO    | molsanity | [stage cell_BBBP__GINE__PGExplainer__scaffold__seed2] config changed (68d3f6678da7ebb1 -> b71c69c284f07fb0) — rerunning
2026-08-06 07:01:39,773 | INFO    | molsanity | [stage cell_BBBP__GINE__PGExplainer__scaffold__seed2] running (b71c69c284f07fb0)
2026-08-06 07:01:40,123 | INFO    | molsanity | Loaded BBBP: 2039 graphs, checksum 37d8fa85e636
2026-08-06 07:01:41,239 | INFO    | molsanity | Scaffold split: 1123 scaffolds over 2039 molecules (99 scaffold-less, 57.7% of molecules in multi-member groups) -> train 1223 / val 203 / test 613
2026-08-06 07:01:41,260 | INFO    | molsanity | Loaded existing checkpoint gine_7fd7ed48de0e5f66.pt
2026-08-06 07:03:31,843 | INFO    | molsanity | PGExplainer trained on 200 graphs (30 epochs), final loss 1.0340
2026-08-06 07:04:43,308 | INFO    | molsanity | PGExplainer trained on 200 graphs (30 epochs), final loss 0.7164
2026-08-06 07:04:43,309 | INFO    | molsanity | [cell BBBP__GINE__PGExplainer__scaffold] auditing 200 molecules (capped from 613)
2026-08-06 07:04:43,316 | INFO    | molsanity | [cell BBBP__GINE__PGExplainer__scaffold] auditing on 12 worker processes (CPU)
2026-08-06 07:04:45,103 | INFO    | molsanity | [cell BBBP__GINE__PGExplainer__scaffold] 200 molecules in 0.0 min (0.01s each, 12 workers)
2026-08-06 07:04:45,548 | INFO    | molsanity | Wrote GT-validation figure: artifacts/figures/BBBP__GINE__PGExplainer__scaffold/gt_validation.pdf (+ .svg)
2026-08-06 07:04:45,555 | INFO    | molsanity | Wrote molecule attribution SVG: artifacts/figures/BBBP__GINE__PGExplainer__scaffold/case_molecule.svg (GT atoms: [])
2026-08-06 07:04:45,848 | INFO    | molsanity | [cell BBBP__GINE__PGExplainer__scaffold__seed2] DONE — acc=0.81 gt_auroc=nan n=200 (capped)
2026-08-06 07:04:46,231 | INFO    | molsanity | [stage cell_BBBP__GINE__PGExplainer__random__seed0] cache hit (083dc79dabd290f7) — skipping
2026-08-06 07:04:46,232 | INFO    | molsanity | [cell BBBP__GINE__PGExplainer__random__seed0] DONE — acc=0.74 gt_auroc=nan n=200 (capped) [cached]
2026-08-06 07:04:46,572 | INFO    | molsanity | [stage cell_BBBP__GINE__PGExplainer__random__seed1] cache hit (0bde44ef776b9bbb) — skipping
2026-08-06 07:04:46,573 | INFO    | molsanity | [cell BBBP__GINE__PGExplainer__random__seed1] DONE — acc=0.76 gt_auroc=nan n=200 (capped) [cached]
2026-08-06 07:04:46,976 | INFO    | molsanity | [stage cell_BBBP__GINE__PGExplainer__random__seed2] cache hit (be6ed06a29938302) — skipping
2026-08-06 07:04:46,976 | INFO    | molsanity | [cell BBBP__GINE__PGExplainer__random__seed2] DONE — acc=0.69 gt_auroc=nan n=200 (capped) [cached]
2026-08-06 07:04:46,989 | INFO    | molsanity | [stage cell_BACE__GINE__IntegratedGradients__scaffold__seed0] config changed (3ae5e3e541bd5eae -> f51abce30d47ae8b) — rerunning
2026-08-06 07:04:46,989 | INFO    | molsanity | [stage cell_BACE__GINE__IntegratedGradients__scaffold__seed0] running (f51abce30d47ae8b)
2026-08-06 07:04:49,887 | INFO    | molsanity | BACE checksum recorded: a4e30c60ce22
2026-08-06 07:04:49,887 | INFO    | molsanity | Loaded BACE: 1513 graphs, checksum a4e30c60ce22
2026-08-06 07:04:50,993 | INFO    | molsanity | Scaffold split: 675 scaffolds over 1513 molecules (5 scaffold-less, 68.2% of molecules in multi-member groups) -> train 908 / val 151 / test 454
2026-08-06 07:04:51,356 | INFO    | molsanity | Loaded existing checkpoint gine_b695d691ef34e470.pt
2026-08-06 07:04:51,779 | INFO    | molsanity | [cell BACE__GINE__IntegratedGradients__scaffold] auditing 200 molecules (capped from 454)
2026-08-06 07:04:51,782 | INFO    | molsanity | [cell BACE__GINE__IntegratedGradients__scaffold] auditing on 12 worker processes (CPU)
2026-08-06 07:04:52,223 | WARNING | molsanity | [cell BACE__GINE__IntegratedGradients__scaffold] worker pool failed (RuntimeError: Unable to handle autograd's threading in combination with fork-based multiprocessing. See https://github.com/pytorch/pytorch/wiki/Autograd-and-Fork) — falling back to the serial path for this cell
2026-08-06 07:05:52,666 | INFO    | molsanity | [cell BACE__GINE__IntegratedGradients__scaffold] 102/200 molecules (0.6s each, ~1 min left)
2026-08-06 07:06:52,318 | INFO    | molsanity | Wrote GT-validation figure: artifacts/figures/BACE__GINE__IntegratedGradients__scaffold/gt_validation.pdf (+ .svg)
2026-08-06 07:06:52,642 | INFO    | molsanity | Wrote molecule attribution SVG: artifacts/figures/BACE__GINE__IntegratedGradients__scaffold/case_molecule.svg (GT atoms: [])
2026-08-06 07:06:53,634 | INFO    | molsanity | [cell BACE__GINE__IntegratedGradients__scaffold__seed0] DONE — acc=0.60 gt_auroc=nan n=200 (capped)
2026-08-06 07:06:53,648 | INFO    | molsanity | [stage cell_BACE__GINE__IntegratedGradients__scaffold__seed1] config changed (e4a599128e87677c -> d8d3fb23fdaa484f) — rerunning
2026-08-06 07:06:53,648 | INFO    | molsanity | [stage cell_BACE__GINE__IntegratedGradients__scaffold__seed1] running (d8d3fb23fdaa484f)
2026-08-06 07:06:53,920 | INFO    | molsanity | Loaded BACE: 1513 graphs, checksum a4e30c60ce22
2026-08-06 07:06:55,038 | INFO    | molsanity | Scaffold split: 675 scaffolds over 1513 molecules (5 scaffold-less, 68.2% of molecules in multi-member groups) -> train 908 / val 151 / test 454
2026-08-06 07:06:55,450 | INFO    | molsanity | Loaded existing checkpoint gine_0f34ddf25cdadc89.pt
2026-08-06 07:06:55,961 | INFO    | molsanity | [cell BACE__GINE__IntegratedGradients__scaffold] auditing 200 molecules (capped from 454)
2026-08-06 07:06:55,964 | INFO    | molsanity | [cell BACE__GINE__IntegratedGradients__scaffold] auditing on 12 worker processes (CPU)
2026-08-06 07:06:56,377 | WARNING | molsanity | [cell BACE__GINE__IntegratedGradients__scaffold] worker pool failed (RuntimeError: Unable to handle autograd's threading in combination with fork-based multiprocessing. See https://github.com/pytorch/pytorch/wiki/Autograd-and-Fork) — falling back to the serial path for this cell
2026-08-06 07:07:56,733 | INFO    | molsanity | [cell BACE__GINE__IntegratedGradients__scaffold] 108/200 molecules (0.6s each, ~1 min left)
2026-08-06 07:08:48,813 | INFO    | molsanity | Wrote GT-validation figure: artifacts/figures/BACE__GINE__IntegratedGradients__scaffold/gt_validation.pdf (+ .svg)
2026-08-06 07:08:48,824 | INFO    | molsanity | Wrote molecule attribution SVG: artifacts/figures/BACE__GINE__IntegratedGradients__scaffold/case_molecule.svg (GT atoms: [])
2026-08-06 07:08:49,163 | INFO    | molsanity | [cell BACE__GINE__IntegratedGradients__scaffold__seed1] DONE — acc=0.59 gt_auroc=nan n=200 (capped)
2026-08-06 07:08:49,177 | INFO    | molsanity | [stage cell_BACE__GINE__IntegratedGradients__scaffold__seed2] config changed (4999df0e1a0d2912 -> 740467020a0745b5) — rerunning
2026-08-06 07:08:49,177 | INFO    | molsanity | [stage cell_BACE__GINE__IntegratedGradients__scaffold__seed2] running (740467020a0745b5)
2026-08-06 07:08:49,445 | INFO    | molsanity | Loaded BACE: 1513 graphs, checksum a4e30c60ce22
2026-08-06 07:08:50,565 | INFO    | molsanity | Scaffold split: 675 scaffolds over 1513 molecules (5 scaffold-less, 68.2% of molecules in multi-member groups) -> train 908 / val 151 / test 454
2026-08-06 07:08:50,954 | INFO    | molsanity | Loaded existing checkpoint gine_9cfcfbb885bfda4d.pt
2026-08-06 07:08:51,296 | INFO    | molsanity | [cell BACE__GINE__IntegratedGradients__scaffold] auditing 200 molecules (capped from 454)
2026-08-06 07:08:51,299 | INFO    | molsanity | [cell BACE__GINE__IntegratedGradients__scaffold] auditing on 12 worker processes (CPU)
2026-08-06 07:08:51,713 | WARNING | molsanity | [cell BACE__GINE__IntegratedGradients__scaffold] worker pool failed (RuntimeError: Unable to handle autograd's threading in combination with fork-based multiprocessing. See https://github.com/pytorch/pytorch/wiki/Autograd-and-Fork) — falling back to the serial path for this cell
2026-08-06 07:09:51,745 | INFO    | molsanity | [cell BACE__GINE__IntegratedGradients__scaffold] 102/200 molecules (0.6s each, ~1 min left)
2026-08-06 07:10:51,385 | INFO    | molsanity | Wrote GT-validation figure: artifacts/figures/BACE__GINE__IntegratedGradients__scaffold/gt_validation.pdf (+ .svg)
2026-08-06 07:10:51,396 | INFO    | molsanity | Wrote molecule attribution SVG: artifacts/figures/BACE__GINE__IntegratedGradients__scaffold/case_molecule.svg (GT atoms: [])
2026-08-06 07:10:51,804 | INFO    | molsanity | [cell BACE__GINE__IntegratedGradients__scaffold__seed2] DONE — acc=0.44 gt_auroc=nan n=200 (capped)
2026-08-06 07:10:52,153 | INFO    | molsanity | [stage cell_BACE__GINE__IntegratedGradients__random__seed0] cache hit (62bd5c98b624d17b) — skipping
2026-08-06 07:10:52,153 | INFO    | molsanity | [cell BACE__GINE__IntegratedGradients__random__seed0] DONE — acc=0.81 gt_auroc=nan n=200 (capped) [cached]
2026-08-06 07:10:52,550 | INFO    | molsanity | [stage cell_BACE__GINE__IntegratedGradients__random__seed1] cache hit (ef321e57338855b1) — skipping
2026-08-06 07:10:52,550 | INFO    | molsanity | [cell BACE__GINE__IntegratedGradients__random__seed1] DONE — acc=0.69 gt_auroc=nan n=200 (capped) [cached]
2026-08-06 07:10:52,790 | INFO    | molsanity | [stage cell_BACE__GINE__IntegratedGradients__random__seed2] cache hit (616493c37b3a4b48) — skipping
2026-08-06 07:10:52,790 | INFO    | molsanity | [cell BACE__GINE__IntegratedGradients__random__seed2] DONE — acc=0.69 gt_auroc=nan n=200 (capped) [cached]
2026-08-06 07:10:52,816 | INFO    | molsanity | [stage cell_BACE__GCN__IntegratedGradients__scaffold__seed0] config changed (20c1431e85f251ee -> 8862756e0cf5f4a8) — rerunning
2026-08-06 07:10:52,816 | INFO    | molsanity | [stage cell_BACE__GCN__IntegratedGradients__scaffold__seed0] running (8862756e0cf5f4a8)
2026-08-06 07:10:53,083 | INFO    | molsanity | Loaded BACE: 1513 graphs, checksum a4e30c60ce22
2026-08-06 07:10:54,187 | INFO    | molsanity | Scaffold split: 675 scaffolds over 1513 molecules (5 scaffold-less, 68.2% of molecules in multi-member groups) -> train 908 / val 151 / test 454
2026-08-06 07:10:55,020 | INFO    | molsanity | Loaded existing checkpoint gcn_4c5678749895218b.pt
2026-08-06 07:10:55,350 | INFO    | molsanity | [cell BACE__GCN__IntegratedGradients__scaffold] auditing 200 molecules (capped from 454)
2026-08-06 07:10:55,353 | INFO    | molsanity | [cell BACE__GCN__IntegratedGradients__scaffold] auditing on 12 worker processes (CPU)
2026-08-06 07:10:55,777 | WARNING | molsanity | [cell BACE__GCN__IntegratedGradients__scaffold] worker pool failed (RuntimeError: Unable to handle autograd's threading in combination with fork-based multiprocessing. See https://github.com/pytorch/pytorch/wiki/Autograd-and-Fork) — falling back to the serial path for this cell
2026-08-06 07:11:56,153 | INFO    | molsanity | [cell BACE__GCN__IntegratedGradients__scaffold] 103/200 molecules (0.6s each, ~1 min left)
2026-08-06 07:12:55,567 | INFO    | molsanity | Wrote GT-validation figure: artifacts/figures/BACE__GCN__IntegratedGradients__scaffold/gt_validation.pdf (+ .svg)
2026-08-06 07:12:55,859 | INFO    | molsanity | Wrote molecule attribution SVG: artifacts/figures/BACE__GCN__IntegratedGradients__scaffold/case_molecule.svg (GT atoms: [])
2026-08-06 07:12:56,674 | INFO    | molsanity | [cell BACE__GCN__IntegratedGradients__scaffold__seed0] DONE — acc=0.74 gt_auroc=nan n=200 (capped)
2026-08-06 07:12:56,687 | INFO    | molsanity | [stage cell_BACE__GCN__IntegratedGradients__scaffold__seed1] config changed (e1cdac2473cc29b9 -> 07e13ecb6969bff9) — rerunning
2026-08-06 07:12:56,687 | INFO    | molsanity | [stage cell_BACE__GCN__IntegratedGradients__scaffold__seed1] running (07e13ecb6969bff9)
2026-08-06 07:12:56,953 | INFO    | molsanity | Loaded BACE: 1513 graphs, checksum a4e30c60ce22
2026-08-06 07:12:58,072 | INFO    | molsanity | Scaffold split: 675 scaffolds over 1513 molecules (5 scaffold-less, 68.2% of molecules in multi-member groups) -> train 908 / val 151 / test 454
2026-08-06 07:12:58,277 | INFO    | molsanity | Loaded existing checkpoint gcn_1a807e6853869d63.pt
2026-08-06 07:12:58,633 | INFO    | molsanity | [cell BACE__GCN__IntegratedGradients__scaffold] auditing 200 molecules (capped from 454)
2026-08-06 07:12:58,635 | INFO    | molsanity | [cell BACE__GCN__IntegratedGradients__scaffold] auditing on 12 worker processes (CPU)
2026-08-06 07:12:59,055 | WARNING | molsanity | [cell BACE__GCN__IntegratedGradients__scaffold] worker pool failed (RuntimeError: Unable to handle autograd's threading in combination with fork-based multiprocessing. See https://github.com/pytorch/pytorch/wiki/Autograd-and-Fork) — falling back to the serial path for this cell
2026-08-06 07:13:59,506 | INFO    | molsanity | [cell BACE__GCN__IntegratedGradients__scaffold] 101/200 molecules (0.6s each, ~1 min left)
2026-08-06 07:14:59,797 | INFO    | molsanity | Wrote GT-validation figure: artifacts/figures/BACE__GCN__IntegratedGradients__scaffold/gt_validation.pdf (+ .svg)
2026-08-06 07:14:59,807 | INFO    | molsanity | Wrote molecule attribution SVG: artifacts/figures/BACE__GCN__IntegratedGradients__scaffold/case_molecule.svg (GT atoms: [])
2026-08-06 07:15:00,035 | INFO    | molsanity | [cell BACE__GCN__IntegratedGradients__scaffold__seed1] DONE — acc=0.36 gt_auroc=nan n=200 (capped)
2026-08-06 07:15:00,048 | INFO    | molsanity | [stage cell_BACE__GCN__IntegratedGradients__scaffold__seed2] config changed (4ebfe2e47c838330 -> d6c175a2f8e1356b) — rerunning
2026-08-06 07:15:00,048 | INFO    | molsanity | [stage cell_BACE__GCN__IntegratedGradients__scaffold__seed2] running (d6c175a2f8e1356b)
2026-08-06 07:15:00,317 | INFO    | molsanity | Loaded BACE: 1513 graphs, checksum a4e30c60ce22
2026-08-06 07:15:01,417 | INFO    | molsanity | Scaffold split: 675 scaffolds over 1513 molecules (5 scaffold-less, 68.2% of molecules in multi-member groups) -> train 908 / val 151 / test 454
2026-08-06 07:15:01,654 | INFO    | molsanity | Loaded existing checkpoint gcn_353da587a54da0ca.pt
2026-08-06 07:15:01,897 | INFO    | molsanity | [cell BACE__GCN__IntegratedGradients__scaffold] auditing 200 molecules (capped from 454)
2026-08-06 07:15:01,900 | INFO    | molsanity | [cell BACE__GCN__IntegratedGradients__scaffold] auditing on 12 worker processes (CPU)
2026-08-06 07:15:02,296 | WARNING | molsanity | [cell BACE__GCN__IntegratedGradients__scaffold] worker pool failed (RuntimeError: Unable to handle autograd's threading in combination with fork-based multiprocessing. See https://github.com/pytorch/pytorch/wiki/Autograd-and-Fork) — falling back to the serial path for this cell
2026-08-06 07:16:02,908 | INFO    | molsanity | [cell BACE__GCN__IntegratedGradients__scaffold] 103/200 molecules (0.6s each, ~1 min left)
2026-08-06 07:17:01,275 | INFO    | molsanity | Wrote GT-validation figure: artifacts/figures/BACE__GCN__IntegratedGradients__scaffold/gt_validation.pdf (+ .svg)
2026-08-06 07:17:01,286 | INFO    | molsanity | Wrote molecule attribution SVG: artifacts/figures/BACE__GCN__IntegratedGradients__scaffold/case_molecule.svg (GT atoms: [])
2026-08-06 07:17:01,599 | INFO    | molsanity | [cell BACE__GCN__IntegratedGradients__scaffold__seed2] DONE — acc=0.78 gt_auroc=nan n=200 (capped)
2026-08-06 07:17:02,016 | INFO    | molsanity | [stage cell_BACE__GCN__IntegratedGradients__random__seed0] cache hit (50b899accda5e601) — skipping
2026-08-06 07:17:02,016 | INFO    | molsanity | [cell BACE__GCN__IntegratedGradients__random__seed0] DONE — acc=0.72 gt_auroc=nan n=200 (capped) [cached]
2026-08-06 07:17:02,434 | INFO    | molsanity | [stage cell_BACE__GCN__IntegratedGradients__random__seed1] cache hit (5a3b30e5ac79122c) — skipping
2026-08-06 07:17:02,434 | INFO    | molsanity | [cell BACE__GCN__IntegratedGradients__random__seed1] DONE — acc=0.58 gt_auroc=nan n=200 (capped) [cached]
2026-08-06 07:17:02,678 | INFO    | molsanity | [stage cell_BACE__GCN__IntegratedGradients__random__seed2] cache hit (097457d8917f414d) — skipping
2026-08-06 07:17:02,678 | INFO    | molsanity | [cell BACE__GCN__IntegratedGradients__random__seed2] DONE — acc=0.85 gt_auroc=nan n=200 (capped) [cached]
2026-08-06 07:17:02,690 | INFO    | molsanity | [stage cell_ESOL__GINE__IntegratedGradients__scaffold__seed0] config changed (d58e8eda69e575b7 -> 1ba1b92e752c9197) — rerunning
2026-08-06 07:17:02,690 | INFO    | molsanity | [stage cell_ESOL__GINE__IntegratedGradients__scaffold__seed0] running (1ba1b92e752c9197)
2026-08-06 07:17:03,932 | INFO    | molsanity | ESOL checksum recorded: 158f23403345
2026-08-06 07:17:03,933 | INFO    | molsanity | Loaded ESOL: 1128 graphs, checksum 158f23403345
2026-08-06 07:17:04,248 | INFO    | molsanity | Scaffold split: 585 scaffolds over 1128 molecules (317 scaffold-less, 54.7% of molecules in multi-member groups) -> train 676 / val 112 / test 340
2026-08-06 07:17:04,559 | INFO    | molsanity | Loaded existing checkpoint gine_20a4afece307f54a.pt
2026-08-06 07:17:04,813 | INFO    | molsanity | [cell ESOL__GINE__IntegratedGradients__scaffold] auditing 200 molecules (capped from 340)
2026-08-06 07:17:04,817 | INFO    | molsanity | [cell ESOL__GINE__IntegratedGradients__scaffold] auditing on 12 worker processes (CPU)
2026-08-06 07:17:05,224 | WARNING | molsanity | [cell ESOL__GINE__IntegratedGradients__scaffold] worker pool failed (RuntimeError: Unable to handle autograd's threading in combination with fork-based multiprocessing. See https://github.com/pytorch/pytorch/wiki/Autograd-and-Fork) — falling back to the serial path for this cell
2026-08-06 07:18:05,270 | INFO    | molsanity | [cell ESOL__GINE__IntegratedGradients__scaffold] 127/200 molecules (0.5s each, ~1 min left)
2026-08-06 07:18:40,892 | INFO    | molsanity | Wrote GT-validation figure: artifacts/figures/ESOL__GINE__IntegratedGradients__scaffold/gt_validation.pdf (+ .svg)
2026-08-06 07:18:41,156 | INFO    | molsanity | Wrote molecule attribution SVG: artifacts/figures/ESOL__GINE__IntegratedGradients__scaffold/case_molecule.svg (GT atoms: [])
2026-08-06 07:18:41,911 | INFO    | molsanity | [cell ESOL__GINE__IntegratedGradients__scaffold__seed0] DONE — rmse=0.982 r2=0.788 n=200 (capped)
2026-08-06 07:18:41,924 | INFO    | molsanity | [stage cell_ESOL__GINE__IntegratedGradients__scaffold__seed1] config changed (0dc7d25b96ddc222 -> a121beb6733134b3) — rerunning
2026-08-06 07:18:41,924 | INFO    | molsanity | [stage cell_ESOL__GINE__IntegratedGradients__scaffold__seed1] running (a121beb6733134b3)
2026-08-06 07:18:42,109 | INFO    | molsanity | Loaded ESOL: 1128 graphs, checksum 158f23403345
2026-08-06 07:18:42,418 | INFO    | molsanity | Scaffold split: 585 scaffolds over 1128 molecules (317 scaffold-less, 54.7% of molecules in multi-member groups) -> train 676 / val 112 / test 340
2026-08-06 07:18:42,802 | INFO    | molsanity | Loaded existing checkpoint gine_f5ee225241168e31.pt
2026-08-06 07:18:43,227 | INFO    | molsanity | [cell ESOL__GINE__IntegratedGradients__scaffold] auditing 200 molecules (capped from 340)
2026-08-06 07:18:43,231 | INFO    | molsanity | [cell ESOL__GINE__IntegratedGradients__scaffold] auditing on 12 worker processes (CPU)
2026-08-06 07:18:43,629 | WARNING | molsanity | [cell ESOL__GINE__IntegratedGradients__scaffold] worker pool failed (RuntimeError: Unable to handle autograd's threading in combination with fork-based multiprocessing. See https://github.com/pytorch/pytorch/wiki/Autograd-and-Fork) — falling back to the serial path for this cell
2026-08-06 07:19:43,841 | INFO    | molsanity | [cell ESOL__GINE__IntegratedGradients__scaffold] 127/200 molecules (0.5s each, ~1 min left)
2026-08-06 07:20:19,022 | INFO    | molsanity | Wrote GT-validation figure: artifacts/figures/ESOL__GINE__IntegratedGradients__scaffold/gt_validation.pdf (+ .svg)
2026-08-06 07:20:19,028 | INFO    | molsanity | Wrote molecule attribution SVG: artifacts/figures/ESOL__GINE__IntegratedGradients__scaffold/case_molecule.svg (GT atoms: [])
2026-08-06 07:20:19,432 | INFO    | molsanity | [cell ESOL__GINE__IntegratedGradients__scaffold__seed1] DONE — rmse=1.023 r2=0.770 n=200 (capped)
2026-08-06 07:20:19,446 | INFO    | molsanity | [stage cell_ESOL__GINE__IntegratedGradients__scaffold__seed2] config changed (e9faa96ffab1153a -> 06550100fbfae5af) — rerunning
2026-08-06 07:20:19,447 | INFO    | molsanity | [stage cell_ESOL__GINE__IntegratedGradients__scaffold__seed2] running (06550100fbfae5af)
2026-08-06 07:20:19,631 | INFO    | molsanity | Loaded ESOL: 1128 graphs, checksum 158f23403345
2026-08-06 07:20:19,936 | INFO    | molsanity | Scaffold split: 585 scaffolds over 1128 molecules (317 scaffold-less, 54.7% of molecules in multi-member groups) -> train 676 / val 112 / test 340
2026-08-06 07:20:20,246 | INFO    | molsanity | Loaded existing checkpoint gine_3bbd12054735de3f.pt
2026-08-06 07:20:20,496 | INFO    | molsanity | [cell ESOL__GINE__IntegratedGradients__scaffold] auditing 200 molecules (capped from 340)
2026-08-06 07:20:20,499 | INFO    | molsanity | [cell ESOL__GINE__IntegratedGradients__scaffold] auditing on 12 worker processes (CPU)
2026-08-06 07:20:20,927 | WARNING | molsanity | [cell ESOL__GINE__IntegratedGradients__scaffold] worker pool failed (RuntimeError: Unable to handle autograd's threading in combination with fork-based multiprocessing. See https://github.com/pytorch/pytorch/wiki/Autograd-and-Fork) — falling back to the serial path for this cell
2026-08-06 07:21:21,333 | INFO    | molsanity | [cell ESOL__GINE__IntegratedGradients__scaffold] 128/200 molecules (0.5s each, ~1 min left)
2026-08-06 07:21:55,364 | INFO    | molsanity | Wrote GT-validation figure: artifacts/figures/ESOL__GINE__IntegratedGradients__scaffold/gt_validation.pdf (+ .svg)
2026-08-06 07:21:55,370 | INFO    | molsanity | Wrote molecule attribution SVG: artifacts/figures/ESOL__GINE__IntegratedGradients__scaffold/case_molecule.svg (GT atoms: [])
2026-08-06 07:21:55,658 | INFO    | molsanity | [cell ESOL__GINE__IntegratedGradients__scaffold__seed2] DONE — rmse=0.958 r2=0.798 n=200 (capped)
2026-08-06 07:21:56,070 | INFO    | molsanity | [stage cell_ESOL__GINE__IntegratedGradients__random__seed0] cache hit (8218e99ed9c0dc34) — skipping
2026-08-06 07:21:56,070 | INFO    | molsanity | [cell ESOL__GINE__IntegratedGradients__random__seed0] DONE — rmse=0.788 r2=0.869 n=200 (capped) [cached]
2026-08-06 07:21:56,472 | INFO    | molsanity | [stage cell_ESOL__GINE__IntegratedGradients__random__seed1] cache hit (d1ad8c89018b0c63) — skipping
2026-08-06 07:21:56,472 | INFO    | molsanity | [cell ESOL__GINE__IntegratedGradients__random__seed1] DONE — rmse=0.832 r2=0.825 n=200 (capped) [cached]
2026-08-06 07:21:56,805 | INFO    | molsanity | [stage cell_ESOL__GINE__IntegratedGradients__random__seed2] cache hit (27e8c3ec6510e3be) — skipping
2026-08-06 07:21:56,806 | INFO    | molsanity | [cell ESOL__GINE__IntegratedGradients__random__seed2] DONE — rmse=0.879 r2=0.833 n=200 (capped) [cached]
2026-08-06 07:21:56,818 | INFO    | molsanity | [stage cell_ESOL__GCN__IntegratedGradients__scaffold__seed0] config changed (9a64904f2a42cfe5 -> 47623014f30e3653) — rerunning
2026-08-06 07:21:56,819 | INFO    | molsanity | [stage cell_ESOL__GCN__IntegratedGradients__scaffold__seed0] running (47623014f30e3653)
2026-08-06 07:21:57,003 | INFO    | molsanity | Loaded ESOL: 1128 graphs, checksum 158f23403345
2026-08-06 07:21:57,321 | INFO    | molsanity | Scaffold split: 585 scaffolds over 1128 molecules (317 scaffold-less, 54.7% of molecules in multi-member groups) -> train 676 / val 112 / test 340
2026-08-06 07:21:57,595 | INFO    | molsanity | Loaded existing checkpoint gcn_cc6e54bea0efe4cb.pt
2026-08-06 07:21:57,976 | INFO    | molsanity | [cell ESOL__GCN__IntegratedGradients__scaffold] auditing 200 molecules (capped from 340)
2026-08-06 07:21:57,978 | INFO    | molsanity | [cell ESOL__GCN__IntegratedGradients__scaffold] auditing on 12 worker processes (CPU)
2026-08-06 07:21:58,381 | WARNING | molsanity | [cell ESOL__GCN__IntegratedGradients__scaffold] worker pool failed (RuntimeError: Unable to handle autograd's threading in combination with fork-based multiprocessing. See https://github.com/pytorch/pytorch/wiki/Autograd-and-Fork) — falling back to the serial path for this cell
2026-08-06 07:22:58,764 | INFO    | molsanity | [cell ESOL__GCN__IntegratedGradients__scaffold] 112/200 molecules (0.5s each, ~1 min left)
2026-08-06 07:23:48,339 | INFO    | molsanity | Wrote GT-validation figure: artifacts/figures/ESOL__GCN__IntegratedGradients__scaffold/gt_validation.pdf (+ .svg)
2026-08-06 07:23:48,553 | INFO    | molsanity | Wrote molecule attribution SVG: artifacts/figures/ESOL__GCN__IntegratedGradients__scaffold/case_molecule.svg (GT atoms: [])
2026-08-06 07:23:49,306 | INFO    | molsanity | [cell ESOL__GCN__IntegratedGradients__scaffold__seed0] DONE — rmse=1.038 r2=0.763 n=200 (capped)
2026-08-06 07:23:49,319 | INFO    | molsanity | [stage cell_ESOL__GCN__IntegratedGradients__scaffold__seed1] config changed (2521bc6d32ba93c5 -> 392f398a48a416e0) — rerunning
2026-08-06 07:23:49,319 | INFO    | molsanity | [stage cell_ESOL__GCN__IntegratedGradients__scaffold__seed1] running (392f398a48a416e0)
2026-08-06 07:23:49,510 | INFO    | molsanity | Loaded ESOL: 1128 graphs, checksum 158f23403345
2026-08-06 07:23:49,812 | INFO    | molsanity | Scaffold split: 585 scaffolds over 1128 molecules (317 scaffold-less, 54.7% of molecules in multi-member groups) -> train 676 / val 112 / test 340
2026-08-06 07:23:50,022 | INFO    | molsanity | Loaded existing checkpoint gcn_411798d18332be05.pt
2026-08-06 07:23:50,273 | INFO    | molsanity | [cell ESOL__GCN__IntegratedGradients__scaffold] auditing 200 molecules (capped from 340)
2026-08-06 07:23:50,275 | INFO    | molsanity | [cell ESOL__GCN__IntegratedGradients__scaffold] auditing on 12 worker processes (CPU)
2026-08-06 07:23:50,682 | WARNING | molsanity | [cell ESOL__GCN__IntegratedGradients__scaffold] worker pool failed (RuntimeError: Unable to handle autograd's threading in combination with fork-based multiprocessing. See https://github.com/pytorch/pytorch/wiki/Autograd-and-Fork) — falling back to the serial path for this cell
2026-08-06 07:24:50,836 | INFO    | molsanity | [cell ESOL__GCN__IntegratedGradients__scaffold] 112/200 molecules (0.5s each, ~1 min left)
2026-08-06 07:25:39,319 | INFO    | molsanity | Wrote GT-validation figure: artifacts/figures/ESOL__GCN__IntegratedGradients__scaffold/gt_validation.pdf (+ .svg)
2026-08-06 07:25:39,325 | INFO    | molsanity | Wrote molecule attribution SVG: artifacts/figures/ESOL__GCN__IntegratedGradients__scaffold/case_molecule.svg (GT atoms: [])
2026-08-06 07:25:39,620 | INFO    | molsanity | [cell ESOL__GCN__IntegratedGradients__scaffold__seed1] DONE — rmse=1.142 r2=0.713 n=200 (capped)
2026-08-06 07:25:39,634 | INFO    | molsanity | [stage cell_ESOL__GCN__IntegratedGradients__scaffold__seed2] config changed (8741beb3a89ae40e -> d2491dce6b449e39) — rerunning
2026-08-06 07:25:39,634 | INFO    | molsanity | [stage cell_ESOL__GCN__IntegratedGradients__scaffold__seed2] running (d2491dce6b449e39)
2026-08-06 07:25:39,828 | INFO    | molsanity | Loaded ESOL: 1128 graphs, checksum 158f23403345
2026-08-06 07:25:40,167 | INFO    | molsanity | Scaffold split: 585 scaffolds over 1128 molecules (317 scaffold-less, 54.7% of molecules in multi-member groups) -> train 676 / val 112 / test 340
2026-08-06 07:25:40,440 | INFO    | molsanity | Loaded existing checkpoint gcn_bd85069e06c69749.pt
2026-08-06 07:25:40,699 | INFO    | molsanity | [cell ESOL__GCN__IntegratedGradients__scaffold] auditing 200 molecules (capped from 340)
2026-08-06 07:25:40,701 | INFO    | molsanity | [cell ESOL__GCN__IntegratedGradients__scaffold] auditing on 12 worker processes (CPU)
2026-08-06 07:25:41,113 | WARNING | molsanity | [cell ESOL__GCN__IntegratedGradients__scaffold] worker pool failed (RuntimeError: Unable to handle autograd's threading in combination with fork-based multiprocessing. See https://github.com/pytorch/pytorch/wiki/Autograd-and-Fork) — falling back to the serial path for this cell
2026-08-06 07:26:41,379 | INFO    | molsanity | [cell ESOL__GCN__IntegratedGradients__scaffold] 110/200 molecules (0.5s each, ~1 min left)
2026-08-06 07:27:30,775 | INFO    | molsanity | Wrote GT-validation figure: artifacts/figures/ESOL__GCN__IntegratedGradients__scaffold/gt_validation.pdf (+ .svg)
2026-08-06 07:27:30,782 | INFO    | molsanity | Wrote molecule attribution SVG: artifacts/figures/ESOL__GCN__IntegratedGradients__scaffold/case_molecule.svg (GT atoms: [])
2026-08-06 07:27:31,093 | INFO    | molsanity | [cell ESOL__GCN__IntegratedGradients__scaffold__seed2] DONE — rmse=1.034 r2=0.765 n=200 (capped)
2026-08-06 07:27:31,341 | INFO    | molsanity | [stage cell_ESOL__GCN__IntegratedGradients__random__seed0] cache hit (640aad6e80e96528) — skipping
2026-08-06 07:27:31,341 | INFO    | molsanity | [cell ESOL__GCN__IntegratedGradients__random__seed0] DONE — rmse=0.951 r2=0.809 n=200 (capped) [cached]
2026-08-06 07:27:31,681 | INFO    | molsanity | [stage cell_ESOL__GCN__IntegratedGradients__random__seed1] cache hit (cf42557ccdcf2c8c) — skipping
2026-08-06 07:27:31,681 | INFO    | molsanity | [cell ESOL__GCN__IntegratedGradients__random__seed1] DONE — rmse=0.929 r2=0.782 n=200 (capped) [cached]
2026-08-06 07:27:32,021 | INFO    | molsanity | [stage cell_ESOL__GCN__IntegratedGradients__random__seed2] cache hit (bdbc2f2468065ec0) — skipping
2026-08-06 07:27:32,021 | INFO    | molsanity | [cell ESOL__GCN__IntegratedGradients__random__seed2] DONE — rmse=0.961 r2=0.800 n=200 (capped) [cached]
2026-08-06 07:27:32,034 | INFO    | molsanity | [stage cell_ESOL__GAT__IntegratedGradients__scaffold__seed0] config changed (c14e9c3d6cd726fc -> 6f6839d6fb7a7689) — rerunning
2026-08-06 07:27:32,034 | INFO    | molsanity | [stage cell_ESOL__GAT__IntegratedGradients__scaffold__seed0] running (6f6839d6fb7a7689)
2026-08-06 07:27:32,221 | INFO    | molsanity | Loaded ESOL: 1128 graphs, checksum 158f23403345
2026-08-06 07:27:32,536 | INFO    | molsanity | Scaffold split: 585 scaffolds over 1128 molecules (317 scaffold-less, 54.7% of molecules in multi-member groups) -> train 676 / val 112 / test 340
2026-08-06 07:27:32,794 | INFO    | molsanity | Loaded existing checkpoint gat_60c1c80827de164a.pt
2026-08-06 07:27:33,026 | INFO    | molsanity | [cell ESOL__GAT__IntegratedGradients__scaffold] auditing 200 molecules (capped from 340)
2026-08-06 07:27:33,029 | INFO    | molsanity | [cell ESOL__GAT__IntegratedGradients__scaffold] auditing on 12 worker processes (CPU)
2026-08-06 07:27:33,450 | WARNING | molsanity | [cell ESOL__GAT__IntegratedGradients__scaffold] worker pool failed (RuntimeError: Unable to handle autograd's threading in combination with fork-based multiprocessing. See https://github.com/pytorch/pytorch/wiki/Autograd-and-Fork) — falling back to the serial path for this cell
2026-08-06 07:28:34,022 | INFO    | molsanity | [cell ESOL__GAT__IntegratedGradients__scaffold] 72/200 molecules (0.8s each, ~2 min left)
2026-08-06 07:29:34,768 | INFO    | molsanity | [cell ESOL__GAT__IntegratedGradients__scaffold] 143/200 molecules (0.8s each, ~1 min left)
2026-08-06 07:30:24,513 | INFO    | molsanity | Wrote GT-validation figure: artifacts/figures/ESOL__GAT__IntegratedGradients__scaffold/gt_validation.pdf (+ .svg)
2026-08-06 07:30:24,898 | INFO    | molsanity | Wrote molecule attribution SVG: artifacts/figures/ESOL__GAT__IntegratedGradients__scaffold/case_molecule.svg (GT atoms: [])
2026-08-06 07:30:26,044 | INFO    | molsanity | [cell ESOL__GAT__IntegratedGradients__scaffold__seed0] DONE — rmse=1.130 r2=0.719 n=200 (capped)
2026-08-06 07:30:26,058 | INFO    | molsanity | [stage cell_ESOL__GAT__IntegratedGradients__scaffold__seed1] config changed (ec789b3b34ccbdac -> 3e4f7e09c6811f07) — rerunning
2026-08-06 07:30:26,058 | INFO    | molsanity | [stage cell_ESOL__GAT__IntegratedGradients__scaffold__seed1] running (3e4f7e09c6811f07)
2026-08-06 07:30:26,242 | INFO    | molsanity | Loaded ESOL: 1128 graphs, checksum 158f23403345
2026-08-06 07:30:26,567 | INFO    | molsanity | Scaffold split: 585 scaffolds over 1128 molecules (317 scaffold-less, 54.7% of molecules in multi-member groups) -> train 676 / val 112 / test 340
2026-08-06 07:30:26,947 | INFO    | molsanity | Loaded existing checkpoint gat_640cc04970b9480f.pt
2026-08-06 07:30:27,306 | INFO    | molsanity | [cell ESOL__GAT__IntegratedGradients__scaffold] auditing 200 molecules (capped from 340)
2026-08-06 07:30:27,309 | INFO    | molsanity | [cell ESOL__GAT__IntegratedGradients__scaffold] auditing on 12 worker processes (CPU)
2026-08-06 07:30:27,744 | WARNING | molsanity | [cell ESOL__GAT__IntegratedGradients__scaffold] worker pool failed (RuntimeError: Unable to handle autograd's threading in combination with fork-based multiprocessing. See https://github.com/pytorch/pytorch/wiki/Autograd-and-Fork) — falling back to the serial path for this cell
2026-08-06 07:31:27,983 | INFO    | molsanity | [cell ESOL__GAT__IntegratedGradients__scaffold] 72/200 molecules (0.8s each, ~2 min left)
2026-08-06 07:32:28,392 | INFO    | molsanity | [cell ESOL__GAT__IntegratedGradients__scaffold] 144/200 molecules (0.8s each, ~1 min left)
2026-08-06 07:33:15,969 | INFO    | molsanity | Wrote GT-validation figure: artifacts/figures/ESOL__GAT__IntegratedGradients__scaffold/gt_validation.pdf (+ .svg)
2026-08-06 07:33:15,975 | INFO    | molsanity | Wrote molecule attribution SVG: artifacts/figures/ESOL__GAT__IntegratedGradients__scaffold/case_molecule.svg (GT atoms: [])
2026-08-06 07:33:16,370 | INFO    | molsanity | [cell ESOL__GAT__IntegratedGradients__scaffold__seed1] DONE — rmse=0.995 r2=0.782 n=200 (capped)
2026-08-06 07:33:16,383 | INFO    | molsanity | [stage cell_ESOL__GAT__IntegratedGradients__scaffold__seed2] config changed (daffb86710b50308 -> d46a29b7a866e543) — rerunning
2026-08-06 07:33:16,383 | INFO    | molsanity | [stage cell_ESOL__GAT__IntegratedGradients__scaffold__seed2] running (d46a29b7a866e543)
2026-08-06 07:33:16,575 | INFO    | molsanity | Loaded ESOL: 1128 graphs, checksum 158f23403345
2026-08-06 07:33:16,898 | INFO    | molsanity | Scaffold split: 585 scaffolds over 1128 molecules (317 scaffold-less, 54.7% of molecules in multi-member groups) -> train 676 / val 112 / test 340
2026-08-06 07:33:17,237 | INFO    | molsanity | Loaded existing checkpoint gat_5cd11b7bfbdbffed.pt
2026-08-06 07:33:17,631 | INFO    | molsanity | [cell ESOL__GAT__IntegratedGradients__scaffold] auditing 200 molecules (capped from 340)
2026-08-06 07:33:17,635 | INFO    | molsanity | [cell ESOL__GAT__IntegratedGradients__scaffold] auditing on 12 worker processes (CPU)
2026-08-06 07:33:18,058 | WARNING | molsanity | [cell ESOL__GAT__IntegratedGradients__scaffold] worker pool failed (RuntimeError: Unable to handle autograd's threading in combination with fork-based multiprocessing. See https://github.com/pytorch/pytorch/wiki/Autograd-and-Fork) — falling back to the serial path for this cell
2026-08-06 07:34:18,753 | INFO    | molsanity | [cell ESOL__GAT__IntegratedGradients__scaffold] 72/200 molecules (0.8s each, ~2 min left)
2026-08-06 07:35:19,172 | INFO    | molsanity | [cell ESOL__GAT__IntegratedGradients__scaffold] 144/200 molecules (0.8s each, ~1 min left)
2026-08-06 07:36:07,127 | INFO    | molsanity | Wrote GT-validation figure: artifacts/figures/ESOL__GAT__IntegratedGradients__scaffold/gt_validation.pdf (+ .svg)
2026-08-06 07:36:07,134 | INFO    | molsanity | Wrote molecule attribution SVG: artifacts/figures/ESOL__GAT__IntegratedGradients__scaffold/case_molecule.svg (GT atoms: [])
2026-08-06 07:36:07,475 | INFO    | molsanity | [cell ESOL__GAT__IntegratedGradients__scaffold__seed2] DONE — rmse=0.991 r2=0.784 n=200 (capped)
2026-08-06 07:36:07,920 | INFO    | molsanity | [stage cell_ESOL__GAT__IntegratedGradients__random__seed0] cache hit (4e7c72df1429bbbc) — skipping
2026-08-06 07:36:07,920 | INFO    | molsanity | [cell ESOL__GAT__IntegratedGradients__random__seed0] DONE — rmse=0.730 r2=0.888 n=200 (capped) [cached]
2026-08-06 07:36:08,272 | INFO    | molsanity | [stage cell_ESOL__GAT__IntegratedGradients__random__seed1] cache hit (951800e1cc2bd5e1) — skipping
2026-08-06 07:36:08,272 | INFO    | molsanity | [cell ESOL__GAT__IntegratedGradients__random__seed1] DONE — rmse=0.810 r2=0.834 n=200 (capped) [cached]
2026-08-06 07:36:08,599 | INFO    | molsanity | [stage cell_ESOL__GAT__IntegratedGradients__random__seed2] cache hit (f095ba43615fe14f) — skipping
2026-08-06 07:36:08,600 | INFO    | molsanity | [cell ESOL__GAT__IntegratedGradients__random__seed2] DONE — rmse=0.751 r2=0.878 n=200 (capped) [cached]
2026-08-06 07:36:08,613 | INFO    | molsanity | [stage cell_ESOL__GINE__GNNExplainer__scaffold__seed0] config changed (66454b808323ef57 -> 4f5e12e072643ddc) — rerunning
2026-08-06 07:36:08,613 | INFO    | molsanity | [stage cell_ESOL__GINE__GNNExplainer__scaffold__seed0] running (4f5e12e072643ddc)
2026-08-06 07:36:08,799 | INFO    | molsanity | Loaded ESOL: 1128 graphs, checksum 158f23403345
2026-08-06 07:36:09,115 | INFO    | molsanity | Scaffold split: 585 scaffolds over 1128 molecules (317 scaffold-less, 54.7% of molecules in multi-member groups) -> train 676 / val 112 / test 340
2026-08-06 07:36:09,135 | INFO    | molsanity | Loaded existing checkpoint gine_20a4afece307f54a.pt
2026-08-06 07:36:09,164 | INFO    | molsanity | [cell ESOL__GINE__GNNExplainer__scaffold] auditing 200 molecules (capped from 340)
2026-08-06 07:36:09,168 | INFO    | molsanity | [cell ESOL__GINE__GNNExplainer__scaffold] auditing on 12 worker processes (CPU)
2026-08-06 07:36:09,578 | WARNING | molsanity | [cell ESOL__GINE__GNNExplainer__scaffold] worker pool failed (RuntimeError: Unable to handle autograd's threading in combination with fork-based multiprocessing. See https://github.com/pytorch/pytorch/wiki/Autograd-and-Fork) — falling back to the serial path for this cell
2026-08-06 07:37:09,870 | INFO    | molsanity | [cell ESOL__GINE__GNNExplainer__scaffold] 50/200 molecules (1.2s each, ~3 min left)
2026-08-06 07:38:10,973 | INFO    | molsanity | [cell ESOL__GINE__GNNExplainer__scaffold] 101/200 molecules (1.2s each, ~2 min left)
2026-08-06 07:39:11,385 | INFO    | molsanity | [cell ESOL__GINE__GNNExplainer__scaffold] 151/200 molecules (1.2s each, ~1 min left)
2026-08-06 07:40:12,268 | INFO    | molsanity | Wrote GT-validation figure: artifacts/figures/ESOL__GINE__GNNExplainer__scaffold/gt_validation.pdf (+ .svg)
2026-08-06 07:40:12,627 | INFO    | molsanity | Wrote molecule attribution SVG: artifacts/figures/ESOL__GINE__GNNExplainer__scaffold/case_molecule.svg (GT atoms: [])
2026-08-06 07:40:13,655 | INFO    | molsanity | [cell ESOL__GINE__GNNExplainer__scaffold__seed0] DONE — rmse=0.982 r2=0.788 n=200 (capped)
2026-08-06 07:40:13,669 | INFO    | molsanity | [stage cell_ESOL__GINE__GNNExplainer__scaffold__seed1] config changed (f2e6ba35dc765167 -> 0cc2da9ec28dd4e3) — rerunning
2026-08-06 07:40:13,669 | INFO    | molsanity | [stage cell_ESOL__GINE__GNNExplainer__scaffold__seed1] running (0cc2da9ec28dd4e3)
2026-08-06 07:40:13,857 | INFO    | molsanity | Loaded ESOL: 1128 graphs, checksum 158f23403345
2026-08-06 07:40:14,171 | INFO    | molsanity | Scaffold split: 585 scaffolds over 1128 molecules (317 scaffold-less, 54.7% of molecules in multi-member groups) -> train 676 / val 112 / test 340
2026-08-06 07:40:14,191 | INFO    | molsanity | Loaded existing checkpoint gine_f5ee225241168e31.pt
2026-08-06 07:40:14,220 | INFO    | molsanity | [cell ESOL__GINE__GNNExplainer__scaffold] auditing 200 molecules (capped from 340)
2026-08-06 07:40:14,223 | INFO    | molsanity | [cell ESOL__GINE__GNNExplainer__scaffold] auditing on 12 worker processes (CPU)
2026-08-06 07:40:14,638 | WARNING | molsanity | [cell ESOL__GINE__GNNExplainer__scaffold] worker pool failed (RuntimeError: Unable to handle autograd's threading in combination with fork-based multiprocessing. See https://github.com/pytorch/pytorch/wiki/Autograd-and-Fork) — falling back to the serial path for this cell
2026-08-06 07:41:15,708 | INFO    | molsanity | [cell ESOL__GINE__GNNExplainer__scaffold] 52/200 molecules (1.2s each, ~3 min left)
2026-08-06 07:42:15,875 | INFO    | molsanity | [cell ESOL__GINE__GNNExplainer__scaffold] 102/200 molecules (1.2s each, ~2 min left)
2026-08-06 07:43:16,990 | INFO    | molsanity | [cell ESOL__GINE__GNNExplainer__scaffold] 154/200 molecules (1.2s each, ~1 min left)
2026-08-06 07:44:12,373 | INFO    | molsanity | Wrote GT-validation figure: artifacts/figures/ESOL__GINE__GNNExplainer__scaffold/gt_validation.pdf (+ .svg)
2026-08-06 07:44:12,381 | INFO    | molsanity | Wrote molecule attribution SVG: artifacts/figures/ESOL__GINE__GNNExplainer__scaffold/case_molecule.svg (GT atoms: [])
2026-08-06 07:44:12,728 | INFO    | molsanity | [cell ESOL__GINE__GNNExplainer__scaffold__seed1] DONE — rmse=1.023 r2=0.770 n=200 (capped)
2026-08-06 07:44:12,743 | INFO    | molsanity | [stage cell_ESOL__GINE__GNNExplainer__scaffold__seed2] config changed (56b0ecaab25d064c -> 93811550206cd48b) — rerunning
2026-08-06 07:44:12,743 | INFO    | molsanity | [stage cell_ESOL__GINE__GNNExplainer__scaffold__seed2] running (93811550206cd48b)
2026-08-06 07:44:12,939 | INFO    | molsanity | Loaded ESOL: 1128 graphs, checksum 158f23403345
2026-08-06 07:44:13,260 | INFO    | molsanity | Scaffold split: 585 scaffolds over 1128 molecules (317 scaffold-less, 54.7% of molecules in multi-member groups) -> train 676 / val 112 / test 340
2026-08-06 07:44:13,281 | INFO    | molsanity | Loaded existing checkpoint gine_3bbd12054735de3f.pt
2026-08-06 07:44:13,312 | INFO    | molsanity | [cell ESOL__GINE__GNNExplainer__scaffold] auditing 200 molecules (capped from 340)
2026-08-06 07:44:13,316 | INFO    | molsanity | [cell ESOL__GINE__GNNExplainer__scaffold] auditing on 12 worker processes (CPU)
2026-08-06 07:44:13,728 | WARNING | molsanity | [cell ESOL__GINE__GNNExplainer__scaffold] worker pool failed (RuntimeError: Unable to handle autograd's threading in combination with fork-based multiprocessing. See https://github.com/pytorch/pytorch/wiki/Autograd-and-Fork) — falling back to the serial path for this cell
2026-08-06 07:45:14,810 | INFO    | molsanity | [cell ESOL__GINE__GNNExplainer__scaffold] 52/200 molecules (1.2s each, ~3 min left)
2026-08-06 07:46:15,620 | INFO    | molsanity | [cell ESOL__GINE__GNNExplainer__scaffold] 104/200 molecules (1.2s each, ~2 min left)
2026-08-06 07:47:16,754 | INFO    | molsanity | [cell ESOL__GINE__GNNExplainer__scaffold] 156/200 molecules (1.2s each, ~1 min left)
2026-08-06 07:48:09,606 | INFO    | molsanity | Wrote GT-validation figure: artifacts/figures/ESOL__GINE__GNNExplainer__scaffold/gt_validation.pdf (+ .svg)
2026-08-06 07:48:09,613 | INFO    | molsanity | Wrote molecule attribution SVG: artifacts/figures/ESOL__GINE__GNNExplainer__scaffold/case_molecule.svg (GT atoms: [])
2026-08-06 07:48:10,083 | INFO    | molsanity | [cell ESOL__GINE__GNNExplainer__scaffold__seed2] DONE — rmse=0.958 r2=0.798 n=200 (capped)
2026-08-06 07:48:10,450 | INFO    | molsanity | [stage cell_ESOL__GINE__GNNExplainer__random__seed0] cache hit (af707ff00bdea59b) — skipping
2026-08-06 07:48:10,450 | INFO    | molsanity | [cell ESOL__GINE__GNNExplainer__random__seed0] DONE — rmse=0.788 r2=0.869 n=200 (capped) [cached]
2026-08-06 07:48:10,773 | INFO    | molsanity | [stage cell_ESOL__GINE__GNNExplainer__random__seed1] cache hit (3238e78a3cdfde4c) — skipping
2026-08-06 07:48:10,773 | INFO    | molsanity | [cell ESOL__GINE__GNNExplainer__random__seed1] DONE — rmse=0.832 r2=0.825 n=200 (capped) [cached]
2026-08-06 07:48:11,046 | INFO    | molsanity | [stage cell_ESOL__GINE__GNNExplainer__random__seed2] cache hit (e440bdac1bdddbd6) — skipping
2026-08-06 07:48:11,046 | INFO    | molsanity | [cell ESOL__GINE__GNNExplainer__random__seed2] DONE — rmse=0.879 r2=0.833 n=200 (capped) [cached]
2026-08-06 07:48:11,060 | INFO    | molsanity | [stage cell_FreeSolv__GINE__IntegratedGradients__scaffold__seed0] config changed (6f6b7ac165a83d7e -> e208427829ca705f) — rerunning
2026-08-06 07:48:11,060 | INFO    | molsanity | [stage cell_FreeSolv__GINE__IntegratedGradients__scaffold__seed0] running (e208427829ca705f)
2026-08-06 07:48:11,794 | INFO    | molsanity | FreeSolv checksum recorded: d1510bda958c
2026-08-06 07:48:11,795 | INFO    | molsanity | Loaded FreeSolv: 642 graphs, checksum d1510bda958c
2026-08-06 07:48:11,913 | INFO    | molsanity | Scaffold split: 382 scaffolds over 642 molecules (320 scaffold-less, 44.5% of molecules in multi-member groups) -> train 385 / val 64 / test 193
2026-08-06 07:48:12,340 | INFO    | molsanity | Loaded existing checkpoint gine_d3ecc0c04ed2018e.pt
2026-08-06 07:48:12,689 | INFO    | molsanity | [cell FreeSolv__GINE__IntegratedGradients__scaffold] auditing 193 molecules
2026-08-06 07:48:12,693 | INFO    | molsanity | [cell FreeSolv__GINE__IntegratedGradients__scaffold] auditing on 12 worker processes (CPU)
2026-08-06 07:48:13,126 | WARNING | molsanity | [cell FreeSolv__GINE__IntegratedGradients__scaffold] worker pool failed (RuntimeError: Unable to handle autograd's threading in combination with fork-based multiprocessing. See https://github.com/pytorch/pytorch/wiki/Autograd-and-Fork) — falling back to the serial path for this cell
2026-08-06 07:49:13,172 | INFO    | molsanity | [cell FreeSolv__GINE__IntegratedGradients__scaffold] 129/193 molecules (0.5s each, ~0 min left)
2026-08-06 07:49:44,453 | INFO    | molsanity | Wrote GT-validation figure: artifacts/figures/FreeSolv__GINE__IntegratedGradients__scaffold/gt_validation.pdf (+ .svg)
2026-08-06 07:49:44,661 | INFO    | molsanity | Wrote molecule attribution SVG: artifacts/figures/FreeSolv__GINE__IntegratedGradients__scaffold/case_molecule.svg (GT atoms: [])
2026-08-06 07:49:45,560 | INFO    | molsanity | [cell FreeSolv__GINE__IntegratedGradients__scaffold__seed0] DONE — rmse=1.416 r2=0.789 n=193 (capped)
2026-08-06 07:49:45,574 | INFO    | molsanity | [stage cell_FreeSolv__GINE__IntegratedGradients__scaffold__seed1] config changed (27b9f0cf57ce8530 -> 9163ed16aeb9aaf5) — rerunning
2026-08-06 07:49:45,574 | INFO    | molsanity | [stage cell_FreeSolv__GINE__IntegratedGradients__scaffold__seed1] running (9163ed16aeb9aaf5)
2026-08-06 07:49:45,681 | INFO    | molsanity | Loaded FreeSolv: 642 graphs, checksum d1510bda958c
2026-08-06 07:49:45,799 | INFO    | molsanity | Scaffold split: 382 scaffolds over 642 molecules (320 scaffold-less, 44.5% of molecules in multi-member groups) -> train 385 / val 64 / test 193
2026-08-06 07:49:46,063 | INFO    | molsanity | Loaded existing checkpoint gine_6a98839a36335708.pt
2026-08-06 07:49:46,425 | INFO    | molsanity | [cell FreeSolv__GINE__IntegratedGradients__scaffold] auditing 193 molecules
2026-08-06 07:49:46,429 | INFO    | molsanity | [cell FreeSolv__GINE__IntegratedGradients__scaffold] auditing on 12 worker processes (CPU)
2026-08-06 07:49:46,846 | WARNING | molsanity | [cell FreeSolv__GINE__IntegratedGradients__scaffold] worker pool failed (RuntimeError: Unable to handle autograd's threading in combination with fork-based multiprocessing. See https://github.com/pytorch/pytorch/wiki/Autograd-and-Fork) — falling back to the serial path for this cell
2026-08-06 07:50:47,275 | INFO    | molsanity | [cell FreeSolv__GINE__IntegratedGradients__scaffold] 131/193 molecules (0.5s each, ~0 min left)
2026-08-06 07:51:16,756 | INFO    | molsanity | Wrote GT-validation figure: artifacts/figures/FreeSolv__GINE__IntegratedGradients__scaffold/gt_validation.pdf (+ .svg)
2026-08-06 07:51:16,762 | INFO    | molsanity | Wrote molecule attribution SVG: artifacts/figures/FreeSolv__GINE__IntegratedGradients__scaffold/case_molecule.svg (GT atoms: [])
2026-08-06 07:51:17,034 | INFO    | molsanity | [cell FreeSolv__GINE__IntegratedGradients__scaffold__seed1] DONE — rmse=1.193 r2=0.850 n=193 (capped)
2026-08-06 07:51:17,049 | INFO    | molsanity | [stage cell_FreeSolv__GINE__IntegratedGradients__scaffold__seed2] config changed (21eb32cf42f2a377 -> 48a1e1b1ea677bb5) — rerunning
2026-08-06 07:51:17,049 | INFO    | molsanity | [stage cell_FreeSolv__GINE__IntegratedGradients__scaffold__seed2] running (48a1e1b1ea677bb5)
2026-08-06 07:51:17,155 | INFO    | molsanity | Loaded FreeSolv: 642 graphs, checksum d1510bda958c
2026-08-06 07:51:17,275 | INFO    | molsanity | Scaffold split: 382 scaffolds over 642 molecules (320 scaffold-less, 44.5% of molecules in multi-member groups) -> train 385 / val 64 / test 193
2026-08-06 07:51:17,558 | INFO    | molsanity | Loaded existing checkpoint gine_8cb5713d1d596fd0.pt
2026-08-06 07:51:17,983 | INFO    | molsanity | [cell FreeSolv__GINE__IntegratedGradients__scaffold] auditing 193 molecules
2026-08-06 07:51:17,986 | INFO    | molsanity | [cell FreeSolv__GINE__IntegratedGradients__scaffold] auditing on 12 worker processes (CPU)
2026-08-06 07:51:18,405 | WARNING | molsanity | [cell FreeSolv__GINE__IntegratedGradients__scaffold] worker pool failed (RuntimeError: Unable to handle autograd's threading in combination with fork-based multiprocessing. See https://github.com/pytorch/pytorch/wiki/Autograd-and-Fork) — falling back to the serial path for this cell
2026-08-06 07:52:18,777 | INFO    | molsanity | [cell FreeSolv__GINE__IntegratedGradients__scaffold] 130/193 molecules (0.5s each, ~0 min left)
2026-08-06 07:52:49,412 | INFO    | molsanity | Wrote GT-validation figure: artifacts/figures/FreeSolv__GINE__IntegratedGradients__scaffold/gt_validation.pdf (+ .svg)
2026-08-06 07:52:49,418 | INFO    | molsanity | Wrote molecule attribution SVG: artifacts/figures/FreeSolv__GINE__IntegratedGradients__scaffold/case_molecule.svg (GT atoms: [])
2026-08-06 07:52:49,647 | INFO    | molsanity | [cell FreeSolv__GINE__IntegratedGradients__scaffold__seed2] DONE — rmse=1.398 r2=0.795 n=193 (capped)
2026-08-06 07:52:50,021 | INFO    | molsanity | [stage cell_FreeSolv__GINE__IntegratedGradients__random__seed0] cache hit (e37e54902b3b27f2) — skipping
2026-08-06 07:52:50,021 | INFO    | molsanity | [cell FreeSolv__GINE__IntegratedGradients__random__seed0] DONE — rmse=1.486 r2=0.803 n=193 (capped) [cached]
2026-08-06 07:52:50,262 | INFO    | molsanity | [stage cell_FreeSolv__GINE__IntegratedGradients__random__seed1] cache hit (755629c999add9fa) — skipping
2026-08-06 07:52:50,262 | INFO    | molsanity | [cell FreeSolv__GINE__IntegratedGradients__random__seed1] DONE — rmse=1.346 r2=0.857 n=193 (capped) [cached]
2026-08-06 07:52:50,546 | INFO    | molsanity | [stage cell_FreeSolv__GINE__IntegratedGradients__random__seed2] cache hit (4fe3440a6afcfa1d) — skipping
2026-08-06 07:52:50,547 | INFO    | molsanity | [cell FreeSolv__GINE__IntegratedGradients__random__seed2] DONE — rmse=1.618 r2=0.830 n=193 (capped) [cached]
2026-08-06 07:52:50,560 | INFO    | molsanity | [stage cell_Lipophilicity__GINE__IntegratedGradients__scaffold__seed0] config changed (8bcc4c919d375061 -> b44202c9cbe0a0ec) — rerunning
2026-08-06 07:52:50,560 | INFO    | molsanity | [stage cell_Lipophilicity__GINE__IntegratedGradients__scaffold__seed0] running (b44202c9cbe0a0ec)
2026-08-06 07:52:56,569 | INFO    | molsanity | Lipophilicity checksum recorded: a202851cc78a
2026-08-06 07:52:56,570 | INFO    | molsanity | Loaded Lipophilicity: 4200 graphs, checksum a202851cc78a
2026-08-06 07:52:59,149 | INFO    | molsanity | Scaffold split: 2412 scaffolds over 4200 molecules (5 scaffold-less, 55.7% of molecules in multi-member groups) -> train 2520 / val 420 / test 1260
2026-08-06 07:52:59,559 | INFO    | molsanity | Loaded existing checkpoint gine_5bc5cc9bcfa13aef.pt
2026-08-06 07:52:59,810 | INFO    | molsanity | [cell Lipophilicity__GINE__IntegratedGradients__scaffold] auditing 200 molecules (capped from 1260)
2026-08-06 07:52:59,814 | INFO    | molsanity | [cell Lipophilicity__GINE__IntegratedGradients__scaffold] auditing on 12 worker processes (CPU)
2026-08-06 07:53:00,242 | WARNING | molsanity | [cell Lipophilicity__GINE__IntegratedGradients__scaffold] worker pool failed (RuntimeError: Unable to handle autograd's threading in combination with fork-based multiprocessing. See https://github.com/pytorch/pytorch/wiki/Autograd-and-Fork) — falling back to the serial path for this cell
2026-08-06 07:54:00,602 | INFO    | molsanity | [cell Lipophilicity__GINE__IntegratedGradients__scaffold] 104/200 molecules (0.6s each, ~1 min left)
2026-08-06 07:54:57,839 | INFO    | molsanity | Wrote GT-validation figure: artifacts/figures/Lipophilicity__GINE__IntegratedGradients__scaffold/gt_validation.pdf (+ .svg)
2026-08-06 07:54:58,139 | INFO    | molsanity | Wrote molecule attribution SVG: artifacts/figures/Lipophilicity__GINE__IntegratedGradients__scaffold/case_molecule.svg (GT atoms: [])
2026-08-06 07:54:59,681 | INFO    | molsanity | [cell Lipophilicity__GINE__IntegratedGradients__scaffold__seed0] DONE — rmse=0.915 r2=0.429 n=200 (capped)
2026-08-06 07:54:59,695 | INFO    | molsanity | [stage cell_Lipophilicity__GINE__IntegratedGradients__scaffold__seed1] config changed (440a30ae3e78e5fa -> 3613947358723da5) — rerunning
2026-08-06 07:54:59,695 | INFO    | molsanity | [stage cell_Lipophilicity__GINE__IntegratedGradients__scaffold__seed1] running (3613947358723da5)
2026-08-06 07:55:00,418 | INFO    | molsanity | Loaded Lipophilicity: 4200 graphs, checksum a202851cc78a
2026-08-06 07:55:02,877 | INFO    | molsanity | Scaffold split: 2412 scaffolds over 4200 molecules (5 scaffold-less, 55.7% of molecules in multi-member groups) -> train 2520 / val 420 / test 1260
2026-08-06 07:55:03,133 | INFO    | molsanity | Loaded existing checkpoint gine_6d3be2fca69109d0.pt
2026-08-06 07:55:03,447 | INFO    | molsanity | [cell Lipophilicity__GINE__IntegratedGradients__scaffold] auditing 200 molecules (capped from 1260)
2026-08-06 07:55:03,450 | INFO    | molsanity | [cell Lipophilicity__GINE__IntegratedGradients__scaffold] auditing on 12 worker processes (CPU)
2026-08-06 07:55:03,877 | WARNING | molsanity | [cell Lipophilicity__GINE__IntegratedGradients__scaffold] worker pool failed (RuntimeError: Unable to handle autograd's threading in combination with fork-based multiprocessing. See https://github.com/pytorch/pytorch/wiki/Autograd-and-Fork) — falling back to the serial path for this cell
2026-08-06 07:56:04,083 | INFO    | molsanity | [cell Lipophilicity__GINE__IntegratedGradients__scaffold] 105/200 molecules (0.6s each, ~1 min left)
2026-08-06 07:57:00,502 | INFO    | molsanity | Wrote GT-validation figure: artifacts/figures/Lipophilicity__GINE__IntegratedGradients__scaffold/gt_validation.pdf (+ .svg)
2026-08-06 07:57:00,512 | INFO    | molsanity | Wrote molecule attribution SVG: artifacts/figures/Lipophilicity__GINE__IntegratedGradients__scaffold/case_molecule.svg (GT atoms: [])
2026-08-06 07:57:00,796 | INFO    | molsanity | [cell Lipophilicity__GINE__IntegratedGradients__scaffold__seed1] DONE — rmse=0.920 r2=0.424 n=200 (capped)
2026-08-06 07:57:00,811 | INFO    | molsanity | [stage cell_Lipophilicity__GINE__IntegratedGradients__scaffold__seed2] config changed (14e20c3df0a423a6 -> 382de39ce025d9bc) — rerunning
2026-08-06 07:57:00,811 | INFO    | molsanity | [stage cell_Lipophilicity__GINE__IntegratedGradients__scaffold__seed2] running (382de39ce025d9bc)
2026-08-06 07:57:01,814 | INFO    | molsanity | Loaded Lipophilicity: 4200 graphs, checksum a202851cc78a
2026-08-06 07:57:04,355 | INFO    | molsanity | Scaffold split: 2412 scaffolds over 4200 molecules (5 scaffold-less, 55.7% of molecules in multi-member groups) -> train 2520 / val 420 / test 1260
2026-08-06 07:57:04,600 | INFO    | molsanity | Loaded existing checkpoint gine_1e8d468c29ec7092.pt
2026-08-06 07:57:04,906 | INFO    | molsanity | [cell Lipophilicity__GINE__IntegratedGradients__scaffold] auditing 200 molecules (capped from 1260)
2026-08-06 07:57:04,909 | INFO    | molsanity | [cell Lipophilicity__GINE__IntegratedGradients__scaffold] auditing on 12 worker processes (CPU)
2026-08-06 07:57:05,343 | WARNING | molsanity | [cell Lipophilicity__GINE__IntegratedGradients__scaffold] worker pool failed (RuntimeError: Unable to handle autograd's threading in combination with fork-based multiprocessing. See https://github.com/pytorch/pytorch/wiki/Autograd-and-Fork) — falling back to the serial path for this cell
2026-08-06 07:58:05,699 | INFO    | molsanity | [cell Lipophilicity__GINE__IntegratedGradients__scaffold] 106/200 molecules (0.6s each, ~1 min left)
2026-08-06 07:59:00,175 | INFO    | molsanity | Wrote GT-validation figure: artifacts/figures/Lipophilicity__GINE__IntegratedGradients__scaffold/gt_validation.pdf (+ .svg)
2026-08-06 07:59:00,185 | INFO    | molsanity | Wrote molecule attribution SVG: artifacts/figures/Lipophilicity__GINE__IntegratedGradients__scaffold/case_molecule.svg (GT atoms: [])
2026-08-06 07:59:00,443 | INFO    | molsanity | [cell Lipophilicity__GINE__IntegratedGradients__scaffold__seed2] DONE — rmse=0.924 r2=0.419 n=200 (capped)
2026-08-06 07:59:00,629 | INFO    | molsanity | [stage cell_Lipophilicity__GINE__IntegratedGradients__random__seed0] cache hit (e3a5ee20c3670067) — skipping
2026-08-06 07:59:00,629 | INFO    | molsanity | [cell Lipophilicity__GINE__IntegratedGradients__random__seed0] DONE — rmse=0.737 r2=0.617 n=200 (capped) [cached]
2026-08-06 07:59:01,007 | INFO    | molsanity | [stage cell_Lipophilicity__GINE__IntegratedGradients__random__seed1] cache hit (a94062edc9757ea9) — skipping
2026-08-06 07:59:01,007 | INFO    | molsanity | [cell Lipophilicity__GINE__IntegratedGradients__random__seed1] DONE — rmse=0.798 r2=0.527 n=200 (capped) [cached]
2026-08-06 07:59:01,417 | INFO    | molsanity | [stage cell_Lipophilicity__GINE__IntegratedGradients__random__seed2] cache hit (cff04b44b7374bca) — skipping
2026-08-06 07:59:01,417 | INFO    | molsanity | [cell Lipophilicity__GINE__IntegratedGradients__random__seed2] DONE — rmse=0.783 r2=0.563 n=200 (capped) [cached]
2026-08-06 07:59:01,431 | INFO    | molsanity | [stage cell_ClinTox__GINE__IntegratedGradients__scaffold__seed0] config changed (e7553cbaecbe06bf -> c6216e1613194a34) — rerunning
2026-08-06 07:59:01,431 | INFO    | molsanity | [stage cell_ClinTox__GINE__IntegratedGradients__scaffold__seed0] running (c6216e1613194a34)
2026-08-06 07:59:03,677 | INFO    | molsanity | ClinTox: reduced to single task #1 (CT_TOX), 1480 labelled molecules
2026-08-06 07:59:03,732 | INFO    | molsanity | ClinTox checksum recorded: 1eda8813cda8
2026-08-06 07:59:03,732 | INFO    | molsanity | Loaded ClinTox: 1480 graphs, checksum 1eda8813cda8
2026-08-06 07:59:04,552 | INFO    | molsanity | Scaffold split: 912 scaffolds over 1480 molecules (129 scaffold-less, 50.7% of molecules in multi-member groups) -> train 888 / val 148 / test 444
2026-08-06 07:59:04,835 | INFO    | molsanity | Loaded existing checkpoint gine_a259160a5a6d149b.pt
2026-08-06 07:59:05,073 | INFO    | molsanity | [cell ClinTox__GINE__IntegratedGradients__scaffold] auditing 200 molecules (capped from 444)
2026-08-06 07:59:05,076 | INFO    | molsanity | [cell ClinTox__GINE__IntegratedGradients__scaffold] auditing on 12 worker processes (CPU)
2026-08-06 07:59:05,500 | WARNING | molsanity | [cell ClinTox__GINE__IntegratedGradients__scaffold] worker pool failed (RuntimeError: Unable to handle autograd's threading in combination with fork-based multiprocessing. See https://github.com/pytorch/pytorch/wiki/Autograd-and-Fork) — falling back to the serial path for this cell
2026-08-06 08:00:05,749 | INFO    | molsanity | [cell ClinTox__GINE__IntegratedGradients__scaffold] 115/200 molecules (0.5s each, ~1 min left)
2026-08-06 08:00:52,386 | INFO    | molsanity | Wrote GT-validation figure: artifacts/figures/ClinTox__GINE__IntegratedGradients__scaffold/gt_validation.pdf (+ .svg)
2026-08-06 08:00:52,663 | INFO    | molsanity | Wrote molecule attribution SVG: artifacts/figures/ClinTox__GINE__IntegratedGradients__scaffold/case_molecule.svg (GT atoms: [])
2026-08-06 08:00:53,370 | INFO    | molsanity | [cell ClinTox__GINE__IntegratedGradients__scaffold__seed0] DONE — acc=0.58 gt_auroc=nan n=200 (capped)
2026-08-06 08:00:53,384 | INFO    | molsanity | [stage cell_ClinTox__GINE__IntegratedGradients__scaffold__seed1] config changed (d653de273e3190ed -> f6e551ba2c100be8) — rerunning
2026-08-06 08:00:53,384 | INFO    | molsanity | [stage cell_ClinTox__GINE__IntegratedGradients__scaffold__seed1] running (f6e551ba2c100be8)
2026-08-06 08:00:53,695 | INFO    | molsanity | ClinTox: reduced to single task #1 (CT_TOX), 1480 labelled molecules
2026-08-06 08:00:53,751 | INFO    | molsanity | Loaded ClinTox: 1480 graphs, checksum 1eda8813cda8
2026-08-06 08:00:54,567 | INFO    | molsanity | Scaffold split: 912 scaffolds over 1480 molecules (129 scaffold-less, 50.7% of molecules in multi-member groups) -> train 888 / val 148 / test 444
2026-08-06 08:00:54,821 | INFO    | molsanity | Loaded existing checkpoint gine_4dcfcfc3d986a604.pt
2026-08-06 08:00:55,052 | INFO    | molsanity | [cell ClinTox__GINE__IntegratedGradients__scaffold] auditing 200 molecules (capped from 444)
2026-08-06 08:00:55,055 | INFO    | molsanity | [cell ClinTox__GINE__IntegratedGradients__scaffold] auditing on 12 worker processes (CPU)
2026-08-06 08:00:55,461 | WARNING | molsanity | [cell ClinTox__GINE__IntegratedGradients__scaffold] worker pool failed (RuntimeError: Unable to handle autograd's threading in combination with fork-based multiprocessing. See https://github.com/pytorch/pytorch/wiki/Autograd-and-Fork) — falling back to the serial path for this cell
2026-08-06 08:01:55,844 | INFO    | molsanity | [cell ClinTox__GINE__IntegratedGradients__scaffold] 117/200 molecules (0.5s each, ~1 min left)
2026-08-06 08:02:40,118 | INFO    | molsanity | Wrote GT-validation figure: artifacts/figures/ClinTox__GINE__IntegratedGradients__scaffold/gt_validation.pdf (+ .svg)
2026-08-06 08:02:40,136 | INFO    | molsanity | Wrote molecule attribution SVG: artifacts/figures/ClinTox__GINE__IntegratedGradients__scaffold/case_molecule.svg (GT atoms: [])
2026-08-06 08:02:40,442 | INFO    | molsanity | [cell ClinTox__GINE__IntegratedGradients__scaffold__seed1] DONE — acc=0.71 gt_auroc=nan n=200 (capped)
2026-08-06 08:02:40,456 | INFO    | molsanity | [stage cell_ClinTox__GINE__IntegratedGradients__scaffold__seed2] config changed (63930c030d071001 -> aee35f7d0f3d50ac) — rerunning
2026-08-06 08:02:40,456 | INFO    | molsanity | [stage cell_ClinTox__GINE__IntegratedGradients__scaffold__seed2] running (aee35f7d0f3d50ac)
2026-08-06 08:02:41,079 | INFO    | molsanity | ClinTox: reduced to single task #1 (CT_TOX), 1480 labelled molecules
2026-08-06 08:02:41,135 | INFO    | molsanity | Loaded ClinTox: 1480 graphs, checksum 1eda8813cda8
2026-08-06 08:02:41,962 | INFO    | molsanity | Scaffold split: 912 scaffolds over 1480 molecules (129 scaffold-less, 50.7% of molecules in multi-member groups) -> train 888 / val 148 / test 444
2026-08-06 08:02:42,255 | INFO    | molsanity | Loaded existing checkpoint gine_86a61abc54b48025.pt
2026-08-06 08:02:42,534 | INFO    | molsanity | [cell ClinTox__GINE__IntegratedGradients__scaffold] auditing 200 molecules (capped from 444)
2026-08-06 08:02:42,538 | INFO    | molsanity | [cell ClinTox__GINE__IntegratedGradients__scaffold] auditing on 12 worker processes (CPU)
2026-08-06 08:02:42,962 | WARNING | molsanity | [cell ClinTox__GINE__IntegratedGradients__scaffold] worker pool failed (RuntimeError: Unable to handle autograd's threading in combination with fork-based multiprocessing. See https://github.com/pytorch/pytorch/wiki/Autograd-and-Fork) — falling back to the serial path for this cell
2026-08-06 08:03:43,309 | INFO    | molsanity | [cell ClinTox__GINE__IntegratedGradients__scaffold] 117/200 molecules (0.5s each, ~1 min left)
2026-08-06 08:04:27,868 | INFO    | molsanity | Wrote GT-validation figure: artifacts/figures/ClinTox__GINE__IntegratedGradients__scaffold/gt_validation.pdf (+ .svg)
2026-08-06 08:04:27,875 | INFO    | molsanity | Wrote molecule attribution SVG: artifacts/figures/ClinTox__GINE__IntegratedGradients__scaffold/case_molecule.svg (GT atoms: [])
2026-08-06 08:04:28,152 | INFO    | molsanity | [cell ClinTox__GINE__IntegratedGradients__scaffold__seed2] DONE — acc=0.72 gt_auroc=nan n=200 (capped)
2026-08-06 08:04:28,466 | INFO    | molsanity | [stage cell_ClinTox__GINE__IntegratedGradients__random__seed0] cache hit (0d7f68d396c9ca33) — skipping
2026-08-06 08:04:28,466 | INFO    | molsanity | [cell ClinTox__GINE__IntegratedGradients__random__seed0] DONE — acc=0.72 gt_auroc=nan n=200 (capped) [cached]
2026-08-06 08:04:28,821 | INFO    | molsanity | [stage cell_ClinTox__GINE__IntegratedGradients__random__seed1] cache hit (e4915976da24c8e9) — skipping
2026-08-06 08:04:28,822 | INFO    | molsanity | [cell ClinTox__GINE__IntegratedGradients__random__seed1] DONE — acc=0.76 gt_auroc=nan n=200 (capped) [cached]
2026-08-06 08:04:29,147 | INFO    | molsanity | [stage cell_ClinTox__GINE__IntegratedGradients__random__seed2] cache hit (a26afbddb86ca7ee) — skipping
2026-08-06 08:04:29,147 | INFO    | molsanity | [cell ClinTox__GINE__IntegratedGradients__random__seed2] DONE — acc=0.70 gt_auroc=nan n=200 (capped) [cached]
2026-08-06 08:04:29,161 | INFO    | molsanity | [stage cell_ClinTox__GINE__GNNExplainer__scaffold__seed0] config changed (68d9c8f1051732d3 -> 8be9e82b963a1e1d) — rerunning
2026-08-06 08:04:29,161 | INFO    | molsanity | [stage cell_ClinTox__GINE__GNNExplainer__scaffold__seed0] running (8be9e82b963a1e1d)
2026-08-06 08:04:29,480 | INFO    | molsanity | ClinTox: reduced to single task #1 (CT_TOX), 1480 labelled molecules
2026-08-06 08:04:29,535 | INFO    | molsanity | Loaded ClinTox: 1480 graphs, checksum 1eda8813cda8
2026-08-06 08:04:30,348 | INFO    | molsanity | Scaffold split: 912 scaffolds over 1480 molecules (129 scaffold-less, 50.7% of molecules in multi-member groups) -> train 888 / val 148 / test 444
2026-08-06 08:04:30,369 | INFO    | molsanity | Loaded existing checkpoint gine_a259160a5a6d149b.pt
2026-08-06 08:04:30,389 | INFO    | molsanity | [cell ClinTox__GINE__GNNExplainer__scaffold] auditing 200 molecules (capped from 444)
2026-08-06 08:04:30,392 | INFO    | molsanity | [cell ClinTox__GINE__GNNExplainer__scaffold] auditing on 12 worker processes (CPU)
2026-08-06 08:04:30,796 | WARNING | molsanity | [cell ClinTox__GINE__GNNExplainer__scaffold] worker pool failed (RuntimeError: Unable to handle autograd's threading in combination with fork-based multiprocessing. See https://github.com/pytorch/pytorch/wiki/Autograd-and-Fork) — falling back to the serial path for this cell
2026-08-06 08:05:31,321 | INFO    | molsanity | [cell ClinTox__GINE__GNNExplainer__scaffold] 39/200 molecules (1.6s each, ~4 min left)
2026-08-06 08:06:32,133 | INFO    | molsanity | [cell ClinTox__GINE__GNNExplainer__scaffold] 81/200 molecules (1.5s each, ~3 min left)
2026-08-06 08:07:33,116 | INFO    | molsanity | [cell ClinTox__GINE__GNNExplainer__scaffold] 124/200 molecules (1.5s each, ~2 min left)
2026-08-06 08:08:34,223 | INFO    | molsanity | [cell ClinTox__GINE__GNNExplainer__scaffold] 165/200 molecules (1.5s each, ~1 min left)
2026-08-06 08:09:24,423 | INFO    | molsanity | Wrote GT-validation figure: artifacts/figures/ClinTox__GINE__GNNExplainer__scaffold/gt_validation.pdf (+ .svg)
2026-08-06 08:09:24,762 | INFO    | molsanity | Wrote molecule attribution SVG: artifacts/figures/ClinTox__GINE__GNNExplainer__scaffold/case_molecule.svg (GT atoms: [])
2026-08-06 08:09:25,878 | INFO    | molsanity | [cell ClinTox__GINE__GNNExplainer__scaffold__seed0] DONE — acc=0.58 gt_auroc=nan n=200 (capped)
2026-08-06 08:09:25,892 | INFO    | molsanity | [stage cell_ClinTox__GINE__GNNExplainer__scaffold__seed1] config changed (e1a152408651a22c -> 2a272cce569e6e89) — rerunning
2026-08-06 08:09:25,892 | INFO    | molsanity | [stage cell_ClinTox__GINE__GNNExplainer__scaffold__seed1] running (2a272cce569e6e89)
2026-08-06 08:09:26,209 | INFO    | molsanity | ClinTox: reduced to single task #1 (CT_TOX), 1480 labelled molecules
2026-08-06 08:09:26,266 | INFO    | molsanity | Loaded ClinTox: 1480 graphs, checksum 1eda8813cda8
2026-08-06 08:09:27,068 | INFO    | molsanity | Scaffold split: 912 scaffolds over 1480 molecules (129 scaffold-less, 50.7% of molecules in multi-member groups) -> train 888 / val 148 / test 444
2026-08-06 08:09:27,090 | INFO    | molsanity | Loaded existing checkpoint gine_4dcfcfc3d986a604.pt
2026-08-06 08:09:27,109 | INFO    | molsanity | [cell ClinTox__GINE__GNNExplainer__scaffold] auditing 200 molecules (capped from 444)
2026-08-06 08:09:27,112 | INFO    | molsanity | [cell ClinTox__GINE__GNNExplainer__scaffold] auditing on 12 worker processes (CPU)
2026-08-06 08:09:27,519 | WARNING | molsanity | [cell ClinTox__GINE__GNNExplainer__scaffold] worker pool failed (RuntimeError: Unable to handle autograd's threading in combination with fork-based multiprocessing. See https://github.com/pytorch/pytorch/wiki/Autograd-and-Fork) — falling back to the serial path for this cell
2026-08-06 08:10:28,594 | INFO    | molsanity | [cell ClinTox__GINE__GNNExplainer__scaffold] 41/200 molecules (1.5s each, ~4 min left)
2026-08-06 08:11:28,990 | INFO    | molsanity | [cell ClinTox__GINE__GNNExplainer__scaffold] 83/200 molecules (1.5s each, ~3 min left)
2026-08-06 08:12:29,319 | INFO    | molsanity | [cell ClinTox__GINE__GNNExplainer__scaffold] 126/200 molecules (1.4s each, ~2 min left)
2026-08-06 08:13:30,987 | INFO    | molsanity | [cell ClinTox__GINE__GNNExplainer__scaffold] 168/200 molecules (1.4s each, ~1 min left)
2026-08-06 08:14:18,278 | INFO    | molsanity | Wrote GT-validation figure: artifacts/figures/ClinTox__GINE__GNNExplainer__scaffold/gt_validation.pdf (+ .svg)
2026-08-06 08:14:18,286 | INFO    | molsanity | Wrote molecule attribution SVG: artifacts/figures/ClinTox__GINE__GNNExplainer__scaffold/case_molecule.svg (GT atoms: [])
2026-08-06 08:14:18,584 | INFO    | molsanity | [cell ClinTox__GINE__GNNExplainer__scaffold__seed1] DONE — acc=0.71 gt_auroc=nan n=200 (capped)
2026-08-06 08:14:18,598 | INFO    | molsanity | [stage cell_ClinTox__GINE__GNNExplainer__scaffold__seed2] config changed (09a761b12378369a -> 9bed1bcc406e447c) — rerunning
2026-08-06 08:14:18,598 | INFO    | molsanity | [stage cell_ClinTox__GINE__GNNExplainer__scaffold__seed2] running (9bed1bcc406e447c)
2026-08-06 08:14:18,909 | INFO    | molsanity | ClinTox: reduced to single task #1 (CT_TOX), 1480 labelled molecules
2026-08-06 08:14:18,966 | INFO    | molsanity | Loaded ClinTox: 1480 graphs, checksum 1eda8813cda8
2026-08-06 08:14:19,758 | INFO    | molsanity | Scaffold split: 912 scaffolds over 1480 molecules (129 scaffold-less, 50.7% of molecules in multi-member groups) -> train 888 / val 148 / test 444
2026-08-06 08:14:19,778 | INFO    | molsanity | Loaded existing checkpoint gine_86a61abc54b48025.pt
2026-08-06 08:14:19,797 | INFO    | molsanity | [cell ClinTox__GINE__GNNExplainer__scaffold] auditing 200 molecules (capped from 444)
2026-08-06 08:14:19,800 | INFO    | molsanity | [cell ClinTox__GINE__GNNExplainer__scaffold] auditing on 12 worker processes (CPU)
2026-08-06 08:14:20,216 | WARNING | molsanity | [cell ClinTox__GINE__GNNExplainer__scaffold] worker pool failed (RuntimeError: Unable to handle autograd's threading in combination with fork-based multiprocessing. See https://github.com/pytorch/pytorch/wiki/Autograd-and-Fork) — falling back to the serial path for this cell
2026-08-06 08:15:20,411 | INFO    | molsanity | [cell ClinTox__GINE__GNNExplainer__scaffold] 44/200 molecules (1.4s each, ~4 min left)
2026-08-06 08:16:20,653 | INFO    | molsanity | [cell ClinTox__GINE__GNNExplainer__scaffold] 90/200 molecules (1.3s each, ~2 min left)
2026-08-06 08:17:20,703 | INFO    | molsanity | [cell ClinTox__GINE__GNNExplainer__scaffold] 136/200 molecules (1.3s each, ~1 min left)
2026-08-06 08:18:21,644 | INFO    | molsanity | [cell ClinTox__GINE__GNNExplainer__scaffold] 182/200 molecules (1.3s each, ~0 min left)
2026-08-06 08:18:47,706 | INFO    | molsanity | Wrote GT-validation figure: artifacts/figures/ClinTox__GINE__GNNExplainer__scaffold/gt_validation.pdf (+ .svg)
2026-08-06 08:18:47,714 | INFO    | molsanity | Wrote molecule attribution SVG: artifacts/figures/ClinTox__GINE__GNNExplainer__scaffold/case_molecule.svg (GT atoms: [])
2026-08-06 08:18:48,102 | INFO    | molsanity | [cell ClinTox__GINE__GNNExplainer__scaffold__seed2] DONE — acc=0.72 gt_auroc=nan n=200 (capped)
2026-08-06 08:18:48,754 | INFO    | molsanity | [stage cell_ClinTox__GINE__GNNExplainer__random__seed0] cache hit (fef42c70558eae2f) — skipping
2026-08-06 08:18:48,754 | INFO    | molsanity | [cell ClinTox__GINE__GNNExplainer__random__seed0] DONE — acc=0.72 gt_auroc=nan n=200 (capped) [cached]
2026-08-06 08:18:49,169 | INFO    | molsanity | [stage cell_ClinTox__GINE__GNNExplainer__random__seed1] cache hit (3ee71b4ebfb09641) — skipping
2026-08-06 08:18:49,170 | INFO    | molsanity | [cell ClinTox__GINE__GNNExplainer__random__seed1] DONE — acc=0.76 gt_auroc=nan n=200 (capped) [cached]
2026-08-06 08:18:49,515 | INFO    | molsanity | [stage cell_ClinTox__GINE__GNNExplainer__random__seed2] cache hit (2a44b02629043836) — skipping
2026-08-06 08:18:49,516 | INFO    | molsanity | [cell ClinTox__GINE__GNNExplainer__random__seed2] DONE — acc=0.70 gt_auroc=nan n=200 (capped) [cached]
2026-08-06 08:18:49,529 | INFO    | molsanity | [stage cell_SIDER__GINE__IntegratedGradients__scaffold__seed0] config changed (a762fc87d0bf5601 -> 7829e1d1b1abda24) — rerunning
2026-08-06 08:18:49,529 | INFO    | molsanity | [stage cell_SIDER__GINE__IntegratedGradients__scaffold__seed0] running (7829e1d1b1abda24)
2026-08-06 08:18:52,204 | INFO    | molsanity | SIDER: reduced to single task #0 (Hepatobiliary disorders), 1427 labelled molecules
2026-08-06 08:18:52,264 | INFO    | molsanity | SIDER checksum recorded: 42bf0d88fb5e
2026-08-06 08:18:52,264 | INFO    | molsanity | Loaded SIDER: 1427 graphs, checksum 42bf0d88fb5e
2026-08-06 08:18:54,989 | INFO    | molsanity | Scaffold split: 977 scaffolds over 1427 molecules (154 scaffold-less, 41.7% of molecules in multi-member groups) -> train 856 / val 142 / test 429
2026-08-06 08:18:55,236 | INFO    | molsanity | Loaded existing checkpoint gine_c59351a101ff6955.pt
2026-08-06 08:18:55,488 | INFO    | molsanity | [cell SIDER__GINE__IntegratedGradients__scaffold] auditing 200 molecules (capped from 429)
2026-08-06 08:18:55,492 | INFO    | molsanity | [cell SIDER__GINE__IntegratedGradients__scaffold] auditing on 12 worker processes (CPU)
2026-08-06 08:18:55,921 | WARNING | molsanity | [cell SIDER__GINE__IntegratedGradients__scaffold] worker pool failed (RuntimeError: Unable to handle autograd's threading in combination with fork-based multiprocessing. See https://github.com/pytorch/pytorch/wiki/Autograd-and-Fork) — falling back to the serial path for this cell
2026-08-06 08:19:56,277 | INFO    | molsanity | [cell SIDER__GINE__IntegratedGradients__scaffold] 108/200 molecules (0.6s each, ~1 min left)
2026-08-06 08:20:49,372 | INFO    | molsanity | Wrote GT-validation figure: artifacts/figures/SIDER__GINE__IntegratedGradients__scaffold/gt_validation.pdf (+ .svg)
2026-08-06 08:20:49,678 | INFO    | molsanity | Wrote molecule attribution SVG: artifacts/figures/SIDER__GINE__IntegratedGradients__scaffold/case_molecule.svg (GT atoms: [])
2026-08-06 08:20:50,488 | INFO    | molsanity | [cell SIDER__GINE__IntegratedGradients__scaffold__seed0] DONE — acc=0.55 gt_auroc=nan n=200 (capped)
2026-08-06 08:20:50,503 | INFO    | molsanity | [stage cell_SIDER__GINE__IntegratedGradients__scaffold__seed1] config changed (e628b8887d8eb0b1 -> 4f9752f5f7084fe2) — rerunning
2026-08-06 08:20:50,503 | INFO    | molsanity | [stage cell_SIDER__GINE__IntegratedGradients__scaffold__seed1] running (4f9752f5f7084fe2)
2026-08-06 08:20:50,817 | INFO    | molsanity | SIDER: reduced to single task #0 (Hepatobiliary disorders), 1427 labelled molecules
2026-08-06 08:20:50,876 | INFO    | molsanity | Loaded SIDER: 1427 graphs, checksum 42bf0d88fb5e
2026-08-06 08:20:53,642 | INFO    | molsanity | Scaffold split: 977 scaffolds over 1427 molecules (154 scaffold-less, 41.7% of molecules in multi-member groups) -> train 856 / val 142 / test 429
2026-08-06 08:20:53,972 | INFO    | molsanity | Loaded existing checkpoint gine_84f7d6f0eb1adeef.pt
2026-08-06 08:20:54,418 | INFO    | molsanity | [cell SIDER__GINE__IntegratedGradients__scaffold] auditing 200 molecules (capped from 429)
2026-08-06 08:20:54,421 | INFO    | molsanity | [cell SIDER__GINE__IntegratedGradients__scaffold] auditing on 12 worker processes (CPU)
2026-08-06 08:20:54,849 | WARNING | molsanity | [cell SIDER__GINE__IntegratedGradients__scaffold] worker pool failed (RuntimeError: Unable to handle autograd's threading in combination with fork-based multiprocessing. See https://github.com/pytorch/pytorch/wiki/Autograd-and-Fork) — falling back to the serial path for this cell
2026-08-06 08:21:55,076 | INFO    | molsanity | [cell SIDER__GINE__IntegratedGradients__scaffold] 110/200 molecules (0.5s each, ~1 min left)
2026-08-06 08:22:46,527 | INFO    | molsanity | Wrote GT-validation figure: artifacts/figures/SIDER__GINE__IntegratedGradients__scaffold/gt_validation.pdf (+ .svg)
2026-08-06 08:22:46,534 | INFO    | molsanity | Wrote molecule attribution SVG: artifacts/figures/SIDER__GINE__IntegratedGradients__scaffold/case_molecule.svg (GT atoms: [])
2026-08-06 08:22:46,921 | INFO    | molsanity | [cell SIDER__GINE__IntegratedGradients__scaffold__seed1] DONE — acc=0.56 gt_auroc=nan n=200 (capped)
2026-08-06 08:22:46,936 | INFO    | molsanity | [stage cell_SIDER__GINE__IntegratedGradients__scaffold__seed2] config changed (1b62c8282e80444d -> c6e59f36429aeed9) — rerunning
2026-08-06 08:22:46,936 | INFO    | molsanity | [stage cell_SIDER__GINE__IntegratedGradients__scaffold__seed2] running (c6e59f36429aeed9)
2026-08-06 08:22:47,247 | INFO    | molsanity | SIDER: reduced to single task #0 (Hepatobiliary disorders), 1427 labelled molecules
2026-08-06 08:22:47,307 | INFO    | molsanity | Loaded SIDER: 1427 graphs, checksum 42bf0d88fb5e
2026-08-06 08:22:50,034 | INFO    | molsanity | Scaffold split: 977 scaffolds over 1427 molecules (154 scaffold-less, 41.7% of molecules in multi-member groups) -> train 856 / val 142 / test 429
2026-08-06 08:22:50,327 | INFO    | molsanity | Loaded existing checkpoint gine_4abc92af33b930ef.pt
2026-08-06 08:22:50,599 | INFO    | molsanity | [cell SIDER__GINE__IntegratedGradients__scaffold] auditing 200 molecules (capped from 429)
2026-08-06 08:22:50,602 | INFO    | molsanity | [cell SIDER__GINE__IntegratedGradients__scaffold] auditing on 12 worker processes (CPU)
2026-08-06 08:22:51,024 | WARNING | molsanity | [cell SIDER__GINE__IntegratedGradients__scaffold] worker pool failed (RuntimeError: Unable to handle autograd's threading in combination with fork-based multiprocessing. See https://github.com/pytorch/pytorch/wiki/Autograd-and-Fork) — falling back to the serial path for this cell
2026-08-06 08:23:51,297 | INFO    | molsanity | [cell SIDER__GINE__IntegratedGradients__scaffold] 118/200 molecules (0.5s each, ~1 min left)
2026-08-06 08:24:34,751 | INFO    | molsanity | Wrote GT-validation figure: artifacts/figures/SIDER__GINE__IntegratedGradients__scaffold/gt_validation.pdf (+ .svg)
2026-08-06 08:24:34,759 | INFO    | molsanity | Wrote molecule attribution SVG: artifacts/figures/SIDER__GINE__IntegratedGradients__scaffold/case_molecule.svg (GT atoms: [])
2026-08-06 08:24:35,180 | INFO    | molsanity | [cell SIDER__GINE__IntegratedGradients__scaffold__seed2] DONE — acc=0.56 gt_auroc=nan n=200 (capped)
2026-08-06 08:24:35,491 | INFO    | molsanity | [stage cell_SIDER__GINE__IntegratedGradients__random__seed0] cache hit (ff853290aee210c4) — skipping
2026-08-06 08:24:35,491 | INFO    | molsanity | [cell SIDER__GINE__IntegratedGradients__random__seed0] DONE — acc=0.67 gt_auroc=nan n=200 (capped) [cached]
2026-08-06 08:24:35,813 | INFO    | molsanity | [stage cell_SIDER__GINE__IntegratedGradients__random__seed1] cache hit (aecc4fbded884979) — skipping
2026-08-06 08:24:35,814 | INFO    | molsanity | [cell SIDER__GINE__IntegratedGradients__random__seed1] DONE — acc=0.61 gt_auroc=nan n=200 (capped) [cached]
2026-08-06 08:24:36,090 | INFO    | molsanity | [stage cell_SIDER__GINE__IntegratedGradients__random__seed2] cache hit (12df6edbfbf228cc) — skipping
2026-08-06 08:24:36,090 | INFO    | molsanity | [cell SIDER__GINE__IntegratedGradients__random__seed2] DONE — acc=0.65 gt_auroc=nan n=200 (capped) [cached]
2026-08-06 08:24:36,105 | INFO    | molsanity | [stage cell_SIDER__GCN__IntegratedGradients__scaffold__seed0] config changed (e38d53bdd320bfa9 -> 436c6d5ee47c2406) — rerunning
2026-08-06 08:24:36,105 | INFO    | molsanity | [stage cell_SIDER__GCN__IntegratedGradients__scaffold__seed0] running (436c6d5ee47c2406)
2026-08-06 08:24:36,417 | INFO    | molsanity | SIDER: reduced to single task #0 (Hepatobiliary disorders), 1427 labelled molecules
2026-08-06 08:24:36,477 | INFO    | molsanity | Loaded SIDER: 1427 graphs, checksum 42bf0d88fb5e
2026-08-06 08:24:39,200 | INFO    | molsanity | Scaffold split: 977 scaffolds over 1427 molecules (154 scaffold-less, 41.7% of molecules in multi-member groups) -> train 856 / val 142 / test 429
2026-08-06 08:24:39,463 | INFO    | molsanity | Loaded existing checkpoint gcn_b7968f323ebd7d91.pt
2026-08-06 08:24:39,705 | INFO    | molsanity | [cell SIDER__GCN__IntegratedGradients__scaffold] auditing 200 molecules (capped from 429)
2026-08-06 08:24:39,707 | INFO    | molsanity | [cell SIDER__GCN__IntegratedGradients__scaffold] auditing on 12 worker processes (CPU)
2026-08-06 08:24:40,122 | WARNING | molsanity | [cell SIDER__GCN__IntegratedGradients__scaffold] worker pool failed (RuntimeError: Unable to handle autograd's threading in combination with fork-based multiprocessing. See https://github.com/pytorch/pytorch/wiki/Autograd-and-Fork) — falling back to the serial path for this cell
2026-08-06 08:25:40,628 | INFO    | molsanity | [cell SIDER__GCN__IntegratedGradients__scaffold] 104/200 molecules (0.6s each, ~1 min left)
2026-08-06 08:26:38,906 | INFO    | molsanity | Wrote GT-validation figure: artifacts/figures/SIDER__GCN__IntegratedGradients__scaffold/gt_validation.pdf (+ .svg)
2026-08-06 08:26:39,144 | INFO    | molsanity | Wrote molecule attribution SVG: artifacts/figures/SIDER__GCN__IntegratedGradients__scaffold/case_molecule.svg (GT atoms: [])
2026-08-06 08:26:39,951 | INFO    | molsanity | [cell SIDER__GCN__IntegratedGradients__scaffold__seed0] DONE — acc=0.57 gt_auroc=nan n=200 (capped)
2026-08-06 08:26:39,965 | INFO    | molsanity | [stage cell_SIDER__GCN__IntegratedGradients__scaffold__seed1] config changed (4c4eadab25e4f847 -> e72c745b9ef9eb77) — rerunning
2026-08-06 08:26:39,965 | INFO    | molsanity | [stage cell_SIDER__GCN__IntegratedGradients__scaffold__seed1] running (e72c745b9ef9eb77)
2026-08-06 08:26:40,583 | INFO    | molsanity | SIDER: reduced to single task #0 (Hepatobiliary disorders), 1427 labelled molecules
2026-08-06 08:26:40,643 | INFO    | molsanity | Loaded SIDER: 1427 graphs, checksum 42bf0d88fb5e
2026-08-06 08:26:43,352 | INFO    | molsanity | Scaffold split: 977 scaffolds over 1427 molecules (154 scaffold-less, 41.7% of molecules in multi-member groups) -> train 856 / val 142 / test 429
2026-08-06 08:26:43,725 | INFO    | molsanity | Loaded existing checkpoint gcn_a90874375c3f57af.pt
2026-08-06 08:26:44,056 | INFO    | molsanity | [cell SIDER__GCN__IntegratedGradients__scaffold] auditing 200 molecules (capped from 429)
2026-08-06 08:26:44,059 | INFO    | molsanity | [cell SIDER__GCN__IntegratedGradients__scaffold] auditing on 12 worker processes (CPU)
2026-08-06 08:26:44,478 | WARNING | molsanity | [cell SIDER__GCN__IntegratedGradients__scaffold] worker pool failed (RuntimeError: Unable to handle autograd's threading in combination with fork-based multiprocessing. See https://github.com/pytorch/pytorch/wiki/Autograd-and-Fork) — falling back to the serial path for this cell
2026-08-06 08:27:44,945 | INFO    | molsanity | [cell SIDER__GCN__IntegratedGradients__scaffold] 104/200 molecules (0.6s each, ~1 min left)
2026-08-06 08:28:42,967 | INFO    | molsanity | Wrote GT-validation figure: artifacts/figures/SIDER__GCN__IntegratedGradients__scaffold/gt_validation.pdf (+ .svg)
2026-08-06 08:28:42,975 | INFO    | molsanity | Wrote molecule attribution SVG: artifacts/figures/SIDER__GCN__IntegratedGradients__scaffold/case_molecule.svg (GT atoms: [])
2026-08-06 08:28:43,371 | INFO    | molsanity | [cell SIDER__GCN__IntegratedGradients__scaffold__seed1] DONE — acc=0.56 gt_auroc=nan n=200 (capped)
2026-08-06 08:28:43,386 | INFO    | molsanity | [stage cell_SIDER__GCN__IntegratedGradients__scaffold__seed2] config changed (37c938ece894be0a -> c4b84a990828b6b9) — rerunning
2026-08-06 08:28:43,386 | INFO    | molsanity | [stage cell_SIDER__GCN__IntegratedGradients__scaffold__seed2] running (c4b84a990828b6b9)
2026-08-06 08:28:43,722 | INFO    | molsanity | SIDER: reduced to single task #0 (Hepatobiliary disorders), 1427 labelled molecules
2026-08-06 08:28:43,784 | INFO    | molsanity | Loaded SIDER: 1427 graphs, checksum 42bf0d88fb5e
2026-08-06 08:28:46,550 | INFO    | molsanity | Scaffold split: 977 scaffolds over 1427 molecules (154 scaffold-less, 41.7% of molecules in multi-member groups) -> train 856 / val 142 / test 429
2026-08-06 08:28:46,878 | INFO    | molsanity | Loaded existing checkpoint gcn_9fd1b1eab35d5f66.pt
2026-08-06 08:28:47,086 | INFO    | molsanity | [cell SIDER__GCN__IntegratedGradients__scaffold] auditing 200 molecules (capped from 429)
2026-08-06 08:28:47,088 | INFO    | molsanity | [cell SIDER__GCN__IntegratedGradients__scaffold] auditing on 12 worker processes (CPU)
2026-08-06 08:28:47,511 | WARNING | molsanity | [cell SIDER__GCN__IntegratedGradients__scaffold] worker pool failed (RuntimeError: Unable to handle autograd's threading in combination with fork-based multiprocessing. See https://github.com/pytorch/pytorch/wiki/Autograd-and-Fork) — falling back to the serial path for this cell
2026-08-06 08:29:47,841 | INFO    | molsanity | [cell SIDER__GCN__IntegratedGradients__scaffold] 103/200 molecules (0.6s each, ~1 min left)
2026-08-06 08:30:45,850 | INFO    | molsanity | Wrote GT-validation figure: artifacts/figures/SIDER__GCN__IntegratedGradients__scaffold/gt_validation.pdf (+ .svg)
2026-08-06 08:30:45,857 | INFO    | molsanity | Wrote molecule attribution SVG: artifacts/figures/SIDER__GCN__IntegratedGradients__scaffold/case_molecule.svg (GT atoms: [])
2026-08-06 08:30:46,156 | INFO    | molsanity | [cell SIDER__GCN__IntegratedGradients__scaffold__seed2] DONE — acc=0.59 gt_auroc=nan n=200 (capped)
2026-08-06 08:30:46,450 | INFO    | molsanity | [stage cell_SIDER__GCN__IntegratedGradients__random__seed0] cache hit (a03ebb8ef197a68d) — skipping
2026-08-06 08:30:46,450 | INFO    | molsanity | [cell SIDER__GCN__IntegratedGradients__random__seed0] DONE — acc=0.68 gt_auroc=nan n=200 (capped) [cached]
2026-08-06 08:30:46,831 | INFO    | molsanity | [stage cell_SIDER__GCN__IntegratedGradients__random__seed1] cache hit (171b58ef0496e5c9) — skipping
2026-08-06 08:30:46,831 | INFO    | molsanity | [cell SIDER__GCN__IntegratedGradients__random__seed1] DONE — acc=0.62 gt_auroc=nan n=200 (capped) [cached]
2026-08-06 08:30:47,174 | INFO    | molsanity | [stage cell_SIDER__GCN__IntegratedGradients__random__seed2] cache hit (ec44ca54c03dc64c) — skipping
2026-08-06 08:30:47,175 | INFO    | molsanity | [cell SIDER__GCN__IntegratedGradients__random__seed2] DONE — acc=0.63 gt_auroc=nan n=200 (capped) [cached]
2026-08-06 08:30:47,202 | INFO    | molsanity | [stage cell_Tox21__GINE__IntegratedGradients__scaffold__seed0] config changed (2a79f2c0a48e2052 -> 78bc8d3fec330b8a) — rerunning
2026-08-06 08:30:47,202 | INFO    | molsanity | [stage cell_Tox21__GINE__IntegratedGradients__scaffold__seed0] running (78bc8d3fec330b8a)
2026-08-06 08:30:49,092 | INFO    | molsanity | Tox21: reduced to single task #0 (NR-AR), 7258 labelled molecules
2026-08-06 08:30:49,334 | INFO    | molsanity | Loaded Tox21: 7258 graphs, checksum 09988a6b0bfc
2026-08-06 08:30:52,017 | INFO    | molsanity | Scaffold split: 3855 scaffolds over 7258 molecules (1697 scaffold-less, 53.7% of molecules in multi-member groups) -> train 4354 / val 725 / test 2179
2026-08-06 08:30:52,271 | INFO    | molsanity | Loaded existing checkpoint gine_96eb280a11d47646.pt
2026-08-06 08:30:52,508 | INFO    | molsanity | [cell Tox21__GINE__IntegratedGradients__scaffold] auditing 200 molecules (capped from 2179)
2026-08-06 08:30:52,511 | INFO    | molsanity | [cell Tox21__GINE__IntegratedGradients__scaffold] auditing on 12 worker processes (CPU)
2026-08-06 08:30:52,921 | WARNING | molsanity | [cell Tox21__GINE__IntegratedGradients__scaffold] worker pool failed (RuntimeError: Unable to handle autograd's threading in combination with fork-based multiprocessing. See https://github.com/pytorch/pytorch/wiki/Autograd-and-Fork) — falling back to the serial path for this cell
2026-08-06 08:31:53,137 | INFO    | molsanity | [cell Tox21__GINE__IntegratedGradients__scaffold] 107/200 molecules (0.6s each, ~1 min left)
2026-08-06 08:32:45,857 | INFO    | molsanity | Wrote GT-validation figure: artifacts/figures/Tox21__GINE__IntegratedGradients__scaffold/gt_validation.pdf (+ .svg)
2026-08-06 08:32:46,180 | INFO    | molsanity | Wrote molecule attribution SVG: artifacts/figures/Tox21__GINE__IntegratedGradients__scaffold/case_molecule.svg (GT atoms: [])
2026-08-06 08:32:46,943 | INFO    | molsanity | [cell Tox21__GINE__IntegratedGradients__scaffold__seed0] DONE — acc=0.94 gt_auroc=nan n=200 (capped)
2026-08-06 08:32:46,960 | INFO    | molsanity | [stage cell_Tox21__GINE__IntegratedGradients__scaffold__seed1] config changed (01be87936de580a2 -> 2a8cdc64b1a5bd1c) — rerunning
2026-08-06 08:32:46,960 | INFO    | molsanity | [stage cell_Tox21__GINE__IntegratedGradients__scaffold__seed1] running (2a8cdc64b1a5bd1c)
2026-08-06 08:32:48,958 | INFO    | molsanity | Tox21: reduced to single task #0 (NR-AR), 7258 labelled molecules
2026-08-06 08:32:49,203 | INFO    | molsanity | Loaded Tox21: 7258 graphs, checksum 09988a6b0bfc
2026-08-06 08:32:51,844 | INFO    | molsanity | Scaffold split: 3855 scaffolds over 7258 molecules (1697 scaffold-less, 53.7% of molecules in multi-member groups) -> train 4354 / val 725 / test 2179
2026-08-06 08:32:52,104 | INFO    | molsanity | Loaded existing checkpoint gine_2f800c5f329e57f5.pt
2026-08-06 08:32:52,365 | INFO    | molsanity | [cell Tox21__GINE__IntegratedGradients__scaffold] auditing 200 molecules (capped from 2179)
2026-08-06 08:32:52,369 | INFO    | molsanity | [cell Tox21__GINE__IntegratedGradients__scaffold] auditing on 12 worker processes (CPU)
2026-08-06 08:32:52,850 | WARNING | molsanity | [cell Tox21__GINE__IntegratedGradients__scaffold] worker pool failed (RuntimeError: Unable to handle autograd's threading in combination with fork-based multiprocessing. See https://github.com/pytorch/pytorch/wiki/Autograd-and-Fork) — falling back to the serial path for this cell
2026-08-06 08:33:52,884 | INFO    | molsanity | [cell Tox21__GINE__IntegratedGradients__scaffold] 109/200 molecules (0.6s each, ~1 min left)
2026-08-06 08:34:43,686 | INFO    | molsanity | Wrote GT-validation figure: artifacts/figures/Tox21__GINE__IntegratedGradients__scaffold/gt_validation.pdf (+ .svg)
2026-08-06 08:34:43,692 | INFO    | molsanity | Wrote molecule attribution SVG: artifacts/figures/Tox21__GINE__IntegratedGradients__scaffold/case_molecule.svg (GT atoms: [])
2026-08-06 08:34:44,002 | INFO    | molsanity | [cell Tox21__GINE__IntegratedGradients__scaffold__seed1] DONE — acc=0.96 gt_auroc=nan n=200 (capped)
2026-08-06 08:34:44,016 | INFO    | molsanity | [stage cell_Tox21__GINE__IntegratedGradients__scaffold__seed2] config changed (cf5bc1861720e85e -> 036e3b38d6c006eb) — rerunning
2026-08-06 08:34:44,016 | INFO    | molsanity | [stage cell_Tox21__GINE__IntegratedGradients__scaffold__seed2] running (036e3b38d6c006eb)
2026-08-06 08:34:45,871 | INFO    | molsanity | Tox21: reduced to single task #0 (NR-AR), 7258 labelled molecules
2026-08-06 08:34:46,110 | INFO    | molsanity | Loaded Tox21: 7258 graphs, checksum 09988a6b0bfc
2026-08-06 08:34:48,755 | INFO    | molsanity | Scaffold split: 3855 scaffolds over 7258 molecules (1697 scaffold-less, 53.7% of molecules in multi-member groups) -> train 4354 / val 725 / test 2179
2026-08-06 08:34:49,009 | INFO    | molsanity | Loaded existing checkpoint gine_84df9fb7e9e0bad2.pt
2026-08-06 08:34:49,251 | INFO    | molsanity | [cell Tox21__GINE__IntegratedGradients__scaffold] auditing 200 molecules (capped from 2179)
2026-08-06 08:34:49,254 | INFO    | molsanity | [cell Tox21__GINE__IntegratedGradients__scaffold] auditing on 12 worker processes (CPU)
2026-08-06 08:34:49,677 | WARNING | molsanity | [cell Tox21__GINE__IntegratedGradients__scaffold] worker pool failed (RuntimeError: Unable to handle autograd's threading in combination with fork-based multiprocessing. See https://github.com/pytorch/pytorch/wiki/Autograd-and-Fork) — falling back to the serial path for this cell
2026-08-06 08:35:49,986 | INFO    | molsanity | [cell Tox21__GINE__IntegratedGradients__scaffold] 108/200 molecules (0.6s each, ~1 min left)
2026-08-06 08:36:41,890 | INFO    | molsanity | Wrote GT-validation figure: artifacts/figures/Tox21__GINE__IntegratedGradients__scaffold/gt_validation.pdf (+ .svg)
2026-08-06 08:36:41,898 | INFO    | molsanity | Wrote molecule attribution SVG: artifacts/figures/Tox21__GINE__IntegratedGradients__scaffold/case_molecule.svg (GT atoms: [])
2026-08-06 08:36:42,213 | INFO    | molsanity | [cell Tox21__GINE__IntegratedGradients__scaffold__seed2] DONE — acc=0.92 gt_auroc=nan n=200 (capped)
2026-08-06 08:36:42,555 | INFO    | molsanity | [stage cell_Tox21__GINE__IntegratedGradients__random__seed0] cache hit (e117b2aa552d6fb6) — skipping
2026-08-06 08:36:42,555 | INFO    | molsanity | [cell Tox21__GINE__IntegratedGradients__random__seed0] DONE — acc=0.94 gt_auroc=nan n=200 (capped) [cached]
2026-08-06 08:36:42,954 | INFO    | molsanity | [stage cell_Tox21__GINE__IntegratedGradients__random__seed1] cache hit (fcf08d231c685ae3) — skipping
2026-08-06 08:36:42,954 | INFO    | molsanity | [cell Tox21__GINE__IntegratedGradients__random__seed1] DONE — acc=0.95 gt_auroc=nan n=200 (capped) [cached]
2026-08-06 08:36:43,597 | INFO    | molsanity | [stage cell_Tox21__GINE__IntegratedGradients__random__seed2] cache hit (85ddfea98e12cd3c) — skipping
2026-08-06 08:36:43,598 | INFO    | molsanity | [cell Tox21__GINE__IntegratedGradients__random__seed2] DONE — acc=0.93 gt_auroc=nan n=200 (capped) [cached]
2026-08-06 08:36:43,612 | INFO    | molsanity | [stage cell_BA-2Motifs__GINE__IntegratedGradients__scaffold__seed0] config changed (1a20076619769e9c -> 1ecc022146d0365d) — rerunning
2026-08-06 08:36:43,612 | INFO    | molsanity | [stage cell_BA-2Motifs__GINE__IntegratedGradients__scaffold__seed0] running (1ecc022146d0365d)
2026-08-06 08:36:44,370 | INFO    | molsanity | BA-2Motifs checksum recorded: fecc0a8aa094
2026-08-06 08:36:44,371 | INFO    | molsanity | Loaded BA-2Motifs: 1000 graphs, checksum fecc0a8aa094
2026-08-06 08:36:44,412 | INFO    | molsanity | class-aware split: moved scaffold group (1 mols, class 0) from train to val for coverage
2026-08-06 08:36:44,413 | INFO    | molsanity | class-aware split: moved scaffold group (1 mols, class 0) from train to test for coverage
2026-08-06 08:36:44,413 | INFO    | molsanity | Scaffold split: 1000 scaffolds over 1000 molecules (1000 scaffold-less, 0.0% of molecules in multi-member groups) -> train 598 / val 101 / test 301
2026-08-06 08:36:44,413 | WARNING | molsanity | Scaffold split is DEGENERATE: only 0.0% of molecules share a scaffold with another molecule, so this partition is deterministic but not a chemical shift regime. Do not report it as scaffold shift.
2026-08-06 08:36:44,617 | INFO    | molsanity | Loaded existing checkpoint gine_d720d5b16aae87c8.pt
2026-08-06 08:36:44,929 | INFO    | molsanity | [cell BA-2Motifs__GINE__IntegratedGradients__scaffold] auditing 200 molecules (capped from 301)
2026-08-06 08:36:44,933 | INFO    | molsanity | [cell BA-2Motifs__GINE__IntegratedGradients__scaffold] auditing on 12 worker processes (CPU)
2026-08-06 08:36:45,364 | WARNING | molsanity | [cell BA-2Motifs__GINE__IntegratedGradients__scaffold] worker pool failed (RuntimeError: Unable to handle autograd's threading in combination with fork-based multiprocessing. See https://github.com/pytorch/pytorch/wiki/Autograd-and-Fork) — falling back to the serial path for this cell
2026-08-06 08:37:45,605 | INFO    | molsanity | [cell BA-2Motifs__GINE__IntegratedGradients__scaffold] 114/200 molecules (0.5s each, ~1 min left)
2026-08-06 08:38:32,696 | INFO    | molsanity | Wrote GT-validation figure: artifacts/figures/BA-2Motifs__GINE__IntegratedGradients__scaffold/gt_validation.pdf (+ .svg)
2026-08-06 08:38:32,697 | INFO    | molsanity | Skipping molecule SVG (no aligned mol for case_molecule.svg)
2026-08-06 08:38:33,889 | INFO    | molsanity | [cell BA-2Motifs__GINE__IntegratedGradients__scaffold__seed0] DONE — acc=0.39 gt_auroc=0.8853 n=200 (capped)
2026-08-06 08:38:33,903 | INFO    | molsanity | [stage cell_BA-2Motifs__GINE__IntegratedGradients__scaffold__seed1] config changed (2393c39ec26f4b05 -> a3784144ce2751e5) — rerunning
2026-08-06 08:38:33,903 | INFO    | molsanity | [stage cell_BA-2Motifs__GINE__IntegratedGradients__scaffold__seed1] running (a3784144ce2751e5)
2026-08-06 08:38:34,030 | INFO    | molsanity | Loaded BA-2Motifs: 1000 graphs, checksum fecc0a8aa094
2026-08-06 08:38:34,071 | INFO    | molsanity | class-aware split: moved scaffold group (1 mols, class 0) from train to val for coverage
2026-08-06 08:38:34,071 | INFO    | molsanity | class-aware split: moved scaffold group (1 mols, class 0) from train to test for coverage
2026-08-06 08:38:34,072 | INFO    | molsanity | Scaffold split: 1000 scaffolds over 1000 molecules (1000 scaffold-less, 0.0% of molecules in multi-member groups) -> train 598 / val 101 / test 301
2026-08-06 08:38:34,072 | WARNING | molsanity | Scaffold split is DEGENERATE: only 0.0% of molecules share a scaffold with another molecule, so this partition is deterministic but not a chemical shift regime. Do not report it as scaffold shift.
2026-08-06 08:38:34,478 | INFO    | molsanity | Loaded existing checkpoint gine_7e2612720e6e85c5.pt
2026-08-06 08:38:34,901 | INFO    | molsanity | [cell BA-2Motifs__GINE__IntegratedGradients__scaffold] auditing 200 molecules (capped from 301)
2026-08-06 08:38:34,904 | INFO    | molsanity | [cell BA-2Motifs__GINE__IntegratedGradients__scaffold] auditing on 12 worker processes (CPU)
2026-08-06 08:38:35,338 | WARNING | molsanity | [cell BA-2Motifs__GINE__IntegratedGradients__scaffold] worker pool failed (RuntimeError: Unable to handle autograd's threading in combination with fork-based multiprocessing. See https://github.com/pytorch/pytorch/wiki/Autograd-and-Fork) — falling back to the serial path for this cell
2026-08-06 08:39:35,667 | INFO    | molsanity | [cell BA-2Motifs__GINE__IntegratedGradients__scaffold] 115/200 molecules (0.5s each, ~1 min left)
2026-08-06 08:40:21,109 | INFO    | molsanity | Wrote GT-validation figure: artifacts/figures/BA-2Motifs__GINE__IntegratedGradients__scaffold/gt_validation.pdf (+ .svg)
2026-08-06 08:40:21,111 | INFO    | molsanity | Skipping molecule SVG (no aligned mol for case_molecule.svg)
2026-08-06 08:40:21,384 | INFO    | molsanity | [cell BA-2Motifs__GINE__IntegratedGradients__scaffold__seed1] DONE — acc=0.43 gt_auroc=0.8266499999999999 n=200 (capped)
2026-08-06 08:40:21,399 | INFO    | molsanity | [stage cell_BA-2Motifs__GINE__IntegratedGradients__scaffold__seed2] config changed (b476e2088525000d -> d72f583b5ade150b) — rerunning
2026-08-06 08:40:21,399 | INFO    | molsanity | [stage cell_BA-2Motifs__GINE__IntegratedGradients__scaffold__seed2] running (d72f583b5ade150b)
2026-08-06 08:40:21,527 | INFO    | molsanity | Loaded BA-2Motifs: 1000 graphs, checksum fecc0a8aa094
2026-08-06 08:40:21,568 | INFO    | molsanity | class-aware split: moved scaffold group (1 mols, class 0) from train to val for coverage
2026-08-06 08:40:21,569 | INFO    | molsanity | class-aware split: moved scaffold group (1 mols, class 0) from train to test for coverage
2026-08-06 08:40:21,569 | INFO    | molsanity | Scaffold split: 1000 scaffolds over 1000 molecules (1000 scaffold-less, 0.0% of molecules in multi-member groups) -> train 598 / val 101 / test 301
2026-08-06 08:40:21,569 | WARNING | molsanity | Scaffold split is DEGENERATE: only 0.0% of molecules share a scaffold with another molecule, so this partition is deterministic but not a chemical shift regime. Do not report it as scaffold shift.
2026-08-06 08:40:21,813 | INFO    | molsanity | Loaded existing checkpoint gine_75b821a77c36290a.pt
2026-08-06 08:40:22,095 | INFO    | molsanity | [cell BA-2Motifs__GINE__IntegratedGradients__scaffold] auditing 200 molecules (capped from 301)
2026-08-06 08:40:22,099 | INFO    | molsanity | [cell BA-2Motifs__GINE__IntegratedGradients__scaffold] auditing on 12 worker processes (CPU)
2026-08-06 08:40:22,521 | WARNING | molsanity | [cell BA-2Motifs__GINE__IntegratedGradients__scaffold] worker pool failed (RuntimeError: Unable to handle autograd's threading in combination with fork-based multiprocessing. See https://github.com/pytorch/pytorch/wiki/Autograd-and-Fork) — falling back to the serial path for this cell
2026-08-06 08:41:22,991 | INFO    | molsanity | [cell BA-2Motifs__GINE__IntegratedGradients__scaffold] 116/200 molecules (0.5s each, ~1 min left)
2026-08-06 08:42:07,468 | INFO    | molsanity | Wrote GT-validation figure: artifacts/figures/BA-2Motifs__GINE__IntegratedGradients__scaffold/gt_validation.pdf (+ .svg)
2026-08-06 08:42:07,470 | INFO    | molsanity | Skipping molecule SVG (no aligned mol for case_molecule.svg)
2026-08-06 08:42:07,718 | INFO    | molsanity | [cell BA-2Motifs__GINE__IntegratedGradients__scaffold__seed2] DONE — acc=0.99 gt_auroc=0.85615 n=200 (capped)
2026-08-06 08:42:08,007 | INFO    | molsanity | [stage cell_BA-2Motifs__GINE__IntegratedGradients__random__seed0] cache hit (9e1837540070e5d1) — skipping
2026-08-06 08:42:08,007 | INFO    | molsanity | [cell BA-2Motifs__GINE__IntegratedGradients__random__seed0] DONE — acc=0.78 gt_auroc=0.9962000000000001 n=200 (capped) [cached]
2026-08-06 08:42:08,336 | INFO    | molsanity | [stage cell_BA-2Motifs__GINE__IntegratedGradients__random__seed1] cache hit (48db032102114365) — skipping
2026-08-06 08:42:08,336 | INFO    | molsanity | [cell BA-2Motifs__GINE__IntegratedGradients__random__seed1] DONE — acc=0.65 gt_auroc=1.0 n=200 (capped) [cached]
2026-08-06 08:42:08,739 | INFO    | molsanity | [stage cell_BA-2Motifs__GINE__IntegratedGradients__random__seed2] cache hit (af3ba8633c6f6ee0) — skipping
2026-08-06 08:42:08,739 | INFO    | molsanity | [cell BA-2Motifs__GINE__IntegratedGradients__random__seed2] DONE — acc=0.88 gt_auroc=0.9940000000000001 n=200 (capped) [cached]
2026-08-06 08:42:08,753 | INFO    | molsanity | [stage cell_BA-2Motifs__GINE__Saliency__scaffold__seed0] config changed (6d401d815887c2cc -> 2fa356600d88bc64) — rerunning
2026-08-06 08:42:08,753 | INFO    | molsanity | [stage cell_BA-2Motifs__GINE__Saliency__scaffold__seed0] running (2fa356600d88bc64)
2026-08-06 08:42:08,883 | INFO    | molsanity | Loaded BA-2Motifs: 1000 graphs, checksum fecc0a8aa094
2026-08-06 08:42:08,924 | INFO    | molsanity | class-aware split: moved scaffold group (1 mols, class 0) from train to val for coverage
2026-08-06 08:42:08,924 | INFO    | molsanity | class-aware split: moved scaffold group (1 mols, class 0) from train to test for coverage
2026-08-06 08:42:08,924 | INFO    | molsanity | Scaffold split: 1000 scaffolds over 1000 molecules (1000 scaffold-less, 0.0% of molecules in multi-member groups) -> train 598 / val 101 / test 301
2026-08-06 08:42:08,924 | WARNING | molsanity | Scaffold split is DEGENERATE: only 0.0% of molecules share a scaffold with another molecule, so this partition is deterministic but not a chemical shift regime. Do not report it as scaffold shift.
2026-08-06 08:42:08,944 | INFO    | molsanity | Loaded existing checkpoint gine_d720d5b16aae87c8.pt
2026-08-06 08:42:08,969 | INFO    | molsanity | [cell BA-2Motifs__GINE__Saliency__scaffold] auditing 200 molecules (capped from 301)
2026-08-06 08:42:08,973 | INFO    | molsanity | [cell BA-2Motifs__GINE__Saliency__scaffold] auditing on 12 worker processes (CPU)
2026-08-06 08:42:09,380 | WARNING | molsanity | [cell BA-2Motifs__GINE__Saliency__scaffold] worker pool failed (RuntimeError: Unable to handle autograd's threading in combination with fork-based multiprocessing. See https://github.com/pytorch/pytorch/wiki/Autograd-and-Fork) — falling back to the serial path for this cell
2026-08-06 08:42:17,898 | INFO    | molsanity | Wrote GT-validation figure: artifacts/figures/BA-2Motifs__GINE__Saliency__scaffold/gt_validation.pdf (+ .svg)
2026-08-06 08:42:17,900 | INFO    | molsanity | Skipping molecule SVG (no aligned mol for case_molecule.svg)
2026-08-06 08:42:18,654 | INFO    | molsanity | [cell BA-2Motifs__GINE__Saliency__scaffold__seed0] DONE — acc=0.39 gt_auroc=0.9011 n=200 (capped)
2026-08-06 08:42:18,669 | INFO    | molsanity | [stage cell_BA-2Motifs__GINE__Saliency__scaffold__seed1] config changed (ad55de7a2058b3c9 -> c479cca3d53a818a) — rerunning
2026-08-06 08:42:18,669 | INFO    | molsanity | [stage cell_BA-2Motifs__GINE__Saliency__scaffold__seed1] running (c479cca3d53a818a)
2026-08-06 08:42:18,797 | INFO    | molsanity | Loaded BA-2Motifs: 1000 graphs, checksum fecc0a8aa094
2026-08-06 08:42:18,838 | INFO    | molsanity | class-aware split: moved scaffold group (1 mols, class 0) from train to val for coverage
2026-08-06 08:42:18,839 | INFO    | molsanity | class-aware split: moved scaffold group (1 mols, class 0) from train to test for coverage
2026-08-06 08:42:18,839 | INFO    | molsanity | Scaffold split: 1000 scaffolds over 1000 molecules (1000 scaffold-less, 0.0% of molecules in multi-member groups) -> train 598 / val 101 / test 301
2026-08-06 08:42:18,839 | WARNING | molsanity | Scaffold split is DEGENERATE: only 0.0% of molecules share a scaffold with another molecule, so this partition is deterministic but not a chemical shift regime. Do not report it as scaffold shift.
2026-08-06 08:42:18,859 | INFO    | molsanity | Loaded existing checkpoint gine_7e2612720e6e85c5.pt
2026-08-06 08:42:18,884 | INFO    | molsanity | [cell BA-2Motifs__GINE__Saliency__scaffold] auditing 200 molecules (capped from 301)
2026-08-06 08:42:18,888 | INFO    | molsanity | [cell BA-2Motifs__GINE__Saliency__scaffold] auditing on 12 worker processes (CPU)
2026-08-06 08:42:19,305 | WARNING | molsanity | [cell BA-2Motifs__GINE__Saliency__scaffold] worker pool failed (RuntimeError: Unable to handle autograd's threading in combination with fork-based multiprocessing. See https://github.com/pytorch/pytorch/wiki/Autograd-and-Fork) — falling back to the serial path for this cell
2026-08-06 08:42:27,581 | INFO    | molsanity | Wrote GT-validation figure: artifacts/figures/BA-2Motifs__GINE__Saliency__scaffold/gt_validation.pdf (+ .svg)
2026-08-06 08:42:27,582 | INFO    | molsanity | Skipping molecule SVG (no aligned mol for case_molecule.svg)
2026-08-06 08:42:27,989 | INFO    | molsanity | [cell BA-2Motifs__GINE__Saliency__scaffold__seed1] DONE — acc=0.43 gt_auroc=0.9817000000000001 n=200 (capped)
2026-08-06 08:42:28,004 | INFO    | molsanity | [stage cell_BA-2Motifs__GINE__Saliency__scaffold__seed2] config changed (e6152eb0807ba72a -> 3a260a52aa183e36) — rerunning
2026-08-06 08:42:28,004 | INFO    | molsanity | [stage cell_BA-2Motifs__GINE__Saliency__scaffold__seed2] running (3a260a52aa183e36)
2026-08-06 08:42:28,130 | INFO    | molsanity | Loaded BA-2Motifs: 1000 graphs, checksum fecc0a8aa094
2026-08-06 08:42:28,172 | INFO    | molsanity | class-aware split: moved scaffold group (1 mols, class 0) from train to val for coverage
2026-08-06 08:42:28,173 | INFO    | molsanity | class-aware split: moved scaffold group (1 mols, class 0) from train to test for coverage
2026-08-06 08:42:28,173 | INFO    | molsanity | Scaffold split: 1000 scaffolds over 1000 molecules (1000 scaffold-less, 0.0% of molecules in multi-member groups) -> train 598 / val 101 / test 301
2026-08-06 08:42:28,173 | WARNING | molsanity | Scaffold split is DEGENERATE: only 0.0% of molecules share a scaffold with another molecule, so this partition is deterministic but not a chemical shift regime. Do not report it as scaffold shift.
2026-08-06 08:42:28,193 | INFO    | molsanity | Loaded existing checkpoint gine_75b821a77c36290a.pt
2026-08-06 08:42:28,219 | INFO    | molsanity | [cell BA-2Motifs__GINE__Saliency__scaffold] auditing 200 molecules (capped from 301)
2026-08-06 08:42:28,222 | INFO    | molsanity | [cell BA-2Motifs__GINE__Saliency__scaffold] auditing on 12 worker processes (CPU)
2026-08-06 08:42:28,636 | WARNING | molsanity | [cell BA-2Motifs__GINE__Saliency__scaffold] worker pool failed (RuntimeError: Unable to handle autograd's threading in combination with fork-based multiprocessing. See https://github.com/pytorch/pytorch/wiki/Autograd-and-Fork) — falling back to the serial path for this cell
2026-08-06 08:42:36,990 | INFO    | molsanity | Wrote GT-validation figure: artifacts/figures/BA-2Motifs__GINE__Saliency__scaffold/gt_validation.pdf (+ .svg)
2026-08-06 08:42:36,991 | INFO    | molsanity | Skipping molecule SVG (no aligned mol for case_molecule.svg)
2026-08-06 08:42:37,377 | INFO    | molsanity | [cell BA-2Motifs__GINE__Saliency__scaffold__seed2] DONE — acc=0.99 gt_auroc=0.9270499999999999 n=200 (capped)
2026-08-06 08:42:37,736 | INFO    | molsanity | [stage cell_BA-2Motifs__GINE__Saliency__random__seed0] cache hit (2ca54770606dec25) — skipping
2026-08-06 08:42:37,736 | INFO    | molsanity | [cell BA-2Motifs__GINE__Saliency__random__seed0] DONE — acc=0.78 gt_auroc=0.9995 n=200 (capped) [cached]
2026-08-06 08:42:37,996 | INFO    | molsanity | [stage cell_BA-2Motifs__GINE__Saliency__random__seed1] cache hit (eabb1fc3c74eafff) — skipping
2026-08-06 08:42:37,997 | INFO    | molsanity | [cell BA-2Motifs__GINE__Saliency__random__seed1] DONE — acc=0.65 gt_auroc=0.9964000000000002 n=200 (capped) [cached]
2026-08-06 08:42:38,334 | INFO    | molsanity | [stage cell_BA-2Motifs__GINE__Saliency__random__seed2] cache hit (abc19219c0909b9c) — skipping
2026-08-06 08:42:38,334 | INFO    | molsanity | [cell BA-2Motifs__GINE__Saliency__random__seed2] DONE — acc=0.88 gt_auroc=0.92785 n=200 (capped) [cached]
2026-08-06 08:42:38,349 | INFO    | molsanity | [stage cell_BA-2Motifs__GINE__InputXGradient__scaffold__seed0] config changed (13e4116188f4e51e -> d5338b1e49151956) — rerunning
2026-08-06 08:42:38,349 | INFO    | molsanity | [stage cell_BA-2Motifs__GINE__InputXGradient__scaffold__seed0] running (d5338b1e49151956)
2026-08-06 08:42:38,476 | INFO    | molsanity | Loaded BA-2Motifs: 1000 graphs, checksum fecc0a8aa094
2026-08-06 08:42:38,518 | INFO    | molsanity | class-aware split: moved scaffold group (1 mols, class 0) from train to val for coverage
2026-08-06 08:42:38,518 | INFO    | molsanity | class-aware split: moved scaffold group (1 mols, class 0) from train to test for coverage
2026-08-06 08:42:38,518 | INFO    | molsanity | Scaffold split: 1000 scaffolds over 1000 molecules (1000 scaffold-less, 0.0% of molecules in multi-member groups) -> train 598 / val 101 / test 301
2026-08-06 08:42:38,518 | WARNING | molsanity | Scaffold split is DEGENERATE: only 0.0% of molecules share a scaffold with another molecule, so this partition is deterministic but not a chemical shift regime. Do not report it as scaffold shift.
2026-08-06 08:42:38,538 | INFO    | molsanity | Loaded existing checkpoint gine_d720d5b16aae87c8.pt
2026-08-06 08:42:38,564 | INFO    | molsanity | [cell BA-2Motifs__GINE__InputXGradient__scaffold] auditing 200 molecules (capped from 301)
2026-08-06 08:42:38,567 | INFO    | molsanity | [cell BA-2Motifs__GINE__InputXGradient__scaffold] auditing on 12 worker processes (CPU)
2026-08-06 08:42:38,980 | WARNING | molsanity | [cell BA-2Motifs__GINE__InputXGradient__scaffold] worker pool failed (RuntimeError: Unable to handle autograd's threading in combination with fork-based multiprocessing. See https://github.com/pytorch/pytorch/wiki/Autograd-and-Fork) — falling back to the serial path for this cell
2026-08-06 08:42:47,922 | INFO    | molsanity | Wrote GT-validation figure: artifacts/figures/BA-2Motifs__GINE__InputXGradient__scaffold/gt_validation.pdf (+ .svg)
2026-08-06 08:42:47,923 | INFO    | molsanity | Skipping molecule SVG (no aligned mol for case_molecule.svg)
2026-08-06 08:42:48,780 | INFO    | molsanity | [cell BA-2Motifs__GINE__InputXGradient__scaffold__seed0] DONE — acc=0.39 gt_auroc=0.9011 n=200 (capped)
2026-08-06 08:42:48,795 | INFO    | molsanity | [stage cell_BA-2Motifs__GINE__InputXGradient__scaffold__seed1] config changed (bb971220f5c5e26d -> f0a3753354eb45dc) — rerunning
2026-08-06 08:42:48,795 | INFO    | molsanity | [stage cell_BA-2Motifs__GINE__InputXGradient__scaffold__seed1] running (f0a3753354eb45dc)
2026-08-06 08:42:48,921 | INFO    | molsanity | Loaded BA-2Motifs: 1000 graphs, checksum fecc0a8aa094
2026-08-06 08:42:48,963 | INFO    | molsanity | class-aware split: moved scaffold group (1 mols, class 0) from train to val for coverage
2026-08-06 08:42:48,963 | INFO    | molsanity | class-aware split: moved scaffold group (1 mols, class 0) from train to test for coverage
2026-08-06 08:42:48,964 | INFO    | molsanity | Scaffold split: 1000 scaffolds over 1000 molecules (1000 scaffold-less, 0.0% of molecules in multi-member groups) -> train 598 / val 101 / test 301
2026-08-06 08:42:48,964 | WARNING | molsanity | Scaffold split is DEGENERATE: only 0.0% of molecules share a scaffold with another molecule, so this partition is deterministic but not a chemical shift regime. Do not report it as scaffold shift.
2026-08-06 08:42:48,983 | INFO    | molsanity | Loaded existing checkpoint gine_7e2612720e6e85c5.pt
2026-08-06 08:42:49,016 | INFO    | molsanity | [cell BA-2Motifs__GINE__InputXGradient__scaffold] auditing 200 molecules (capped from 301)
2026-08-06 08:42:49,020 | INFO    | molsanity | [cell BA-2Motifs__GINE__InputXGradient__scaffold] auditing on 12 worker processes (CPU)
2026-08-06 08:42:49,433 | WARNING | molsanity | [cell BA-2Motifs__GINE__InputXGradient__scaffold] worker pool failed (RuntimeError: Unable to handle autograd's threading in combination with fork-based multiprocessing. See https://github.com/pytorch/pytorch/wiki/Autograd-and-Fork) — falling back to the serial path for this cell
2026-08-06 08:42:57,578 | INFO    | molsanity | Wrote GT-validation figure: artifacts/figures/BA-2Motifs__GINE__InputXGradient__scaffold/gt_validation.pdf (+ .svg)
2026-08-06 08:42:57,579 | INFO    | molsanity | Skipping molecule SVG (no aligned mol for case_molecule.svg)
2026-08-06 08:42:58,008 | INFO    | molsanity | [cell BA-2Motifs__GINE__InputXGradient__scaffold__seed1] DONE — acc=0.43 gt_auroc=0.9817000000000001 n=200 (capped)
2026-08-06 08:42:58,024 | INFO    | molsanity | [stage cell_BA-2Motifs__GINE__InputXGradient__scaffold__seed2] config changed (233c2fb58e9c0695 -> b42c01404a9bde56) — rerunning
2026-08-06 08:42:58,025 | INFO    | molsanity | [stage cell_BA-2Motifs__GINE__InputXGradient__scaffold__seed2] running (b42c01404a9bde56)
2026-08-06 08:42:58,156 | INFO    | molsanity | Loaded BA-2Motifs: 1000 graphs, checksum fecc0a8aa094
2026-08-06 08:42:58,197 | INFO    | molsanity | class-aware split: moved scaffold group (1 mols, class 0) from train to val for coverage
2026-08-06 08:42:58,198 | INFO    | molsanity | class-aware split: moved scaffold group (1 mols, class 0) from train to test for coverage
2026-08-06 08:42:58,198 | INFO    | molsanity | Scaffold split: 1000 scaffolds over 1000 molecules (1000 scaffold-less, 0.0% of molecules in multi-member groups) -> train 598 / val 101 / test 301
2026-08-06 08:42:58,198 | WARNING | molsanity | Scaffold split is DEGENERATE: only 0.0% of molecules share a scaffold with another molecule, so this partition is deterministic but not a chemical shift regime. Do not report it as scaffold shift.
2026-08-06 08:42:58,219 | INFO    | molsanity | Loaded existing checkpoint gine_75b821a77c36290a.pt
2026-08-06 08:42:58,245 | INFO    | molsanity | [cell BA-2Motifs__GINE__InputXGradient__scaffold] auditing 200 molecules (capped from 301)
2026-08-06 08:42:58,248 | INFO    | molsanity | [cell BA-2Motifs__GINE__InputXGradient__scaffold] auditing on 12 worker processes (CPU)
2026-08-06 08:42:58,669 | WARNING | molsanity | [cell BA-2Motifs__GINE__InputXGradient__scaffold] worker pool failed (RuntimeError: Unable to handle autograd's threading in combination with fork-based multiprocessing. See https://github.com/pytorch/pytorch/wiki/Autograd-and-Fork) — falling back to the serial path for this cell
2026-08-06 08:43:06,895 | INFO    | molsanity | Wrote GT-validation figure: artifacts/figures/BA-2Motifs__GINE__InputXGradient__scaffold/gt_validation.pdf (+ .svg)
2026-08-06 08:43:06,897 | INFO    | molsanity | Skipping molecule SVG (no aligned mol for case_molecule.svg)
2026-08-06 08:43:07,176 | INFO    | molsanity | [cell BA-2Motifs__GINE__InputXGradient__scaffold__seed2] DONE — acc=0.99 gt_auroc=0.9270499999999999 n=200 (capped)
2026-08-06 08:43:07,576 | INFO    | molsanity | [stage cell_BA-2Motifs__GINE__InputXGradient__random__seed0] cache hit (84dbbe7a4e587b77) — skipping
2026-08-06 08:43:07,576 | INFO    | molsanity | [cell BA-2Motifs__GINE__InputXGradient__random__seed0] DONE — acc=0.78 gt_auroc=0.9995 n=200 (capped) [cached]
2026-08-06 08:43:07,960 | INFO    | molsanity | [stage cell_BA-2Motifs__GINE__InputXGradient__random__seed1] cache hit (f431440a6d122124) — skipping
2026-08-06 08:43:07,960 | INFO    | molsanity | [cell BA-2Motifs__GINE__InputXGradient__random__seed1] DONE — acc=0.65 gt_auroc=0.9964000000000002 n=200 (capped) [cached]
2026-08-06 08:43:08,335 | INFO    | molsanity | [stage cell_BA-2Motifs__GINE__InputXGradient__random__seed2] cache hit (344cc4c3424ac5fd) — skipping
2026-08-06 08:43:08,335 | INFO    | molsanity | [cell BA-2Motifs__GINE__InputXGradient__random__seed2] DONE — acc=0.88 gt_auroc=0.92785 n=200 (capped) [cached]
2026-08-06 08:43:08,349 | INFO    | molsanity | [stage cell_BA-2Motifs__GINE__GuidedBackprop__scaffold__seed0] config changed (ed7d5cd3c9fb5361 -> cc5eecd2bca6579b) — rerunning
2026-08-06 08:43:08,349 | INFO    | molsanity | [stage cell_BA-2Motifs__GINE__GuidedBackprop__scaffold__seed0] running (cc5eecd2bca6579b)
2026-08-06 08:43:08,785 | INFO    | molsanity | Loaded BA-2Motifs: 1000 graphs, checksum fecc0a8aa094
2026-08-06 08:43:08,827 | INFO    | molsanity | class-aware split: moved scaffold group (1 mols, class 0) from train to val for coverage
2026-08-06 08:43:08,828 | INFO    | molsanity | class-aware split: moved scaffold group (1 mols, class 0) from train to test for coverage
2026-08-06 08:43:08,828 | INFO    | molsanity | Scaffold split: 1000 scaffolds over 1000 molecules (1000 scaffold-less, 0.0% of molecules in multi-member groups) -> train 598 / val 101 / test 301
2026-08-06 08:43:08,828 | WARNING | molsanity | Scaffold split is DEGENERATE: only 0.0% of molecules share a scaffold with another molecule, so this partition is deterministic but not a chemical shift regime. Do not report it as scaffold shift.
2026-08-06 08:43:08,848 | INFO    | molsanity | Loaded existing checkpoint gine_d720d5b16aae87c8.pt
2026-08-06 08:43:08,873 | INFO    | molsanity | [cell BA-2Motifs__GINE__GuidedBackprop__scaffold] auditing 200 molecules (capped from 301)
2026-08-06 08:43:08,876 | INFO    | molsanity | [cell BA-2Motifs__GINE__GuidedBackprop__scaffold] auditing on 12 worker processes (CPU)
2026-08-06 08:43:09,291 | WARNING | molsanity | [cell BA-2Motifs__GINE__GuidedBackprop__scaffold] worker pool failed (RuntimeError: Unable to handle autograd's threading in combination with fork-based multiprocessing. See https://github.com/pytorch/pytorch/wiki/Autograd-and-Fork) — falling back to the serial path for this cell
2026-08-06 08:43:18,346 | INFO    | molsanity | Wrote GT-validation figure: artifacts/figures/BA-2Motifs__GINE__GuidedBackprop__scaffold/gt_validation.pdf (+ .svg)
2026-08-06 08:43:18,348 | INFO    | molsanity | Skipping molecule SVG (no aligned mol for case_molecule.svg)
2026-08-06 08:43:19,279 | INFO    | molsanity | [cell BA-2Motifs__GINE__GuidedBackprop__scaffold__seed0] DONE — acc=0.39 gt_auroc=0.6812999999999999 n=200 (capped)
2026-08-06 08:43:19,294 | INFO    | molsanity | [stage cell_BA-2Motifs__GINE__GuidedBackprop__scaffold__seed1] config changed (40f63463b3753ec7 -> 7c646ee61ced1565) — rerunning
2026-08-06 08:43:19,294 | INFO    | molsanity | [stage cell_BA-2Motifs__GINE__GuidedBackprop__scaffold__seed1] running (7c646ee61ced1565)
2026-08-06 08:43:19,422 | INFO    | molsanity | Loaded BA-2Motifs: 1000 graphs, checksum fecc0a8aa094
2026-08-06 08:43:19,464 | INFO    | molsanity | class-aware split: moved scaffold group (1 mols, class 0) from train to val for coverage
2026-08-06 08:43:19,464 | INFO    | molsanity | class-aware split: moved scaffold group (1 mols, class 0) from train to test for coverage
2026-08-06 08:43:19,464 | INFO    | molsanity | Scaffold split: 1000 scaffolds over 1000 molecules (1000 scaffold-less, 0.0% of molecules in multi-member groups) -> train 598 / val 101 / test 301
2026-08-06 08:43:19,464 | WARNING | molsanity | Scaffold split is DEGENERATE: only 0.0% of molecules share a scaffold with another molecule, so this partition is deterministic but not a chemical shift regime. Do not report it as scaffold shift.
2026-08-06 08:43:19,485 | INFO    | molsanity | Loaded existing checkpoint gine_7e2612720e6e85c5.pt
2026-08-06 08:43:19,514 | INFO    | molsanity | [cell BA-2Motifs__GINE__GuidedBackprop__scaffold] auditing 200 molecules (capped from 301)
2026-08-06 08:43:19,517 | INFO    | molsanity | [cell BA-2Motifs__GINE__GuidedBackprop__scaffold] auditing on 12 worker processes (CPU)
2026-08-06 08:43:19,921 | WARNING | molsanity | [cell BA-2Motifs__GINE__GuidedBackprop__scaffold] worker pool failed (RuntimeError: Unable to handle autograd's threading in combination with fork-based multiprocessing. See https://github.com/pytorch/pytorch/wiki/Autograd-and-Fork) — falling back to the serial path for this cell
2026-08-06 08:43:28,558 | INFO    | molsanity | Wrote GT-validation figure: artifacts/figures/BA-2Motifs__GINE__GuidedBackprop__scaffold/gt_validation.pdf (+ .svg)
2026-08-06 08:43:28,560 | INFO    | molsanity | Skipping molecule SVG (no aligned mol for case_molecule.svg)
2026-08-06 08:43:28,980 | INFO    | molsanity | [cell BA-2Motifs__GINE__GuidedBackprop__scaffold__seed1] DONE — acc=0.43 gt_auroc=0.9383500000000001 n=200 (capped)
2026-08-06 08:43:28,996 | INFO    | molsanity | [stage cell_BA-2Motifs__GINE__GuidedBackprop__scaffold__seed2] config changed (5bd61ab32e014530 -> f1155ce3bcd58de0) — rerunning
2026-08-06 08:43:28,996 | INFO    | molsanity | [stage cell_BA-2Motifs__GINE__GuidedBackprop__scaffold__seed2] running (f1155ce3bcd58de0)
2026-08-06 08:43:29,124 | INFO    | molsanity | Loaded BA-2Motifs: 1000 graphs, checksum fecc0a8aa094
2026-08-06 08:43:29,164 | INFO    | molsanity | class-aware split: moved scaffold group (1 mols, class 0) from train to val for coverage
2026-08-06 08:43:29,165 | INFO    | molsanity | class-aware split: moved scaffold group (1 mols, class 0) from train to test for coverage
2026-08-06 08:43:29,165 | INFO    | molsanity | Scaffold split: 1000 scaffolds over 1000 molecules (1000 scaffold-less, 0.0% of molecules in multi-member groups) -> train 598 / val 101 / test 301
2026-08-06 08:43:29,165 | WARNING | molsanity | Scaffold split is DEGENERATE: only 0.0% of molecules share a scaffold with another molecule, so this partition is deterministic but not a chemical shift regime. Do not report it as scaffold shift.
2026-08-06 08:43:29,186 | INFO    | molsanity | Loaded existing checkpoint gine_75b821a77c36290a.pt
2026-08-06 08:43:29,211 | INFO    | molsanity | [cell BA-2Motifs__GINE__GuidedBackprop__scaffold] auditing 200 molecules (capped from 301)
2026-08-06 08:43:29,214 | INFO    | molsanity | [cell BA-2Motifs__GINE__GuidedBackprop__scaffold] auditing on 12 worker processes (CPU)
2026-08-06 08:43:29,625 | WARNING | molsanity | [cell BA-2Motifs__GINE__GuidedBackprop__scaffold] worker pool failed (RuntimeError: Unable to handle autograd's threading in combination with fork-based multiprocessing. See https://github.com/pytorch/pytorch/wiki/Autograd-and-Fork) — falling back to the serial path for this cell
2026-08-06 08:43:38,255 | INFO    | molsanity | Wrote GT-validation figure: artifacts/figures/BA-2Motifs__GINE__GuidedBackprop__scaffold/gt_validation.pdf (+ .svg)
2026-08-06 08:43:38,257 | INFO    | molsanity | Skipping molecule SVG (no aligned mol for case_molecule.svg)
2026-08-06 08:43:38,548 | INFO    | molsanity | [cell BA-2Motifs__GINE__GuidedBackprop__scaffold__seed2] DONE — acc=0.99 gt_auroc=0.9094 n=200 (capped)
2026-08-06 08:43:38,874 | INFO    | molsanity | [stage cell_BA-2Motifs__GINE__GuidedBackprop__random__seed0] cache hit (e77186ed69701e7f) — skipping
2026-08-06 08:43:38,875 | INFO    | molsanity | [cell BA-2Motifs__GINE__GuidedBackprop__random__seed0] DONE — acc=0.78 gt_auroc=0.9229 n=200 (capped) [cached]
2026-08-06 08:43:39,241 | INFO    | molsanity | [stage cell_BA-2Motifs__GINE__GuidedBackprop__random__seed1] cache hit (76bb18783cc82745) — skipping
2026-08-06 08:43:39,241 | INFO    | molsanity | [cell BA-2Motifs__GINE__GuidedBackprop__random__seed1] DONE — acc=0.65 gt_auroc=0.9629000000000001 n=200 (capped) [cached]
2026-08-06 08:43:39,562 | INFO    | molsanity | [stage cell_BA-2Motifs__GINE__GuidedBackprop__random__seed2] cache hit (55e0f44d804fdf5d) — skipping
2026-08-06 08:43:39,562 | INFO    | molsanity | [cell BA-2Motifs__GINE__GuidedBackprop__random__seed2] DONE — acc=0.88 gt_auroc=0.94825 n=200 (capped) [cached]
2026-08-06 08:43:39,577 | INFO    | molsanity | [stage cell_BA-2Motifs__GINE__GNNExplainer__scaffold__seed0] config changed (0c7969ba032a469c -> 5241f607b0efb627) — rerunning
2026-08-06 08:43:39,577 | INFO    | molsanity | [stage cell_BA-2Motifs__GINE__GNNExplainer__scaffold__seed0] running (5241f607b0efb627)
2026-08-06 08:43:39,704 | INFO    | molsanity | Loaded BA-2Motifs: 1000 graphs, checksum fecc0a8aa094
2026-08-06 08:43:39,745 | INFO    | molsanity | class-aware split: moved scaffold group (1 mols, class 0) from train to val for coverage
2026-08-06 08:43:39,745 | INFO    | molsanity | class-aware split: moved scaffold group (1 mols, class 0) from train to test for coverage
2026-08-06 08:43:39,746 | INFO    | molsanity | Scaffold split: 1000 scaffolds over 1000 molecules (1000 scaffold-less, 0.0% of molecules in multi-member groups) -> train 598 / val 101 / test 301
2026-08-06 08:43:39,746 | WARNING | molsanity | Scaffold split is DEGENERATE: only 0.0% of molecules share a scaffold with another molecule, so this partition is deterministic but not a chemical shift regime. Do not report it as scaffold shift.
2026-08-06 08:43:39,767 | INFO    | molsanity | Loaded existing checkpoint gine_d720d5b16aae87c8.pt
2026-08-06 08:43:39,793 | INFO    | molsanity | [cell BA-2Motifs__GINE__GNNExplainer__scaffold] auditing 200 molecules (capped from 301)
2026-08-06 08:43:39,796 | INFO    | molsanity | [cell BA-2Motifs__GINE__GNNExplainer__scaffold] auditing on 12 worker processes (CPU)
2026-08-06 08:43:40,201 | WARNING | molsanity | [cell BA-2Motifs__GINE__GNNExplainer__scaffold] worker pool failed (RuntimeError: Unable to handle autograd's threading in combination with fork-based multiprocessing. See https://github.com/pytorch/pytorch/wiki/Autograd-and-Fork) — falling back to the serial path for this cell
2026-08-06 08:44:40,989 | INFO    | molsanity | [cell BA-2Motifs__GINE__GNNExplainer__scaffold] 48/200 molecules (1.3s each, ~3 min left)
2026-08-06 08:45:42,018 | INFO    | molsanity | [cell BA-2Motifs__GINE__GNNExplainer__scaffold] 96/200 molecules (1.3s each, ~2 min left)
2026-08-06 08:46:42,747 | INFO    | molsanity | [cell BA-2Motifs__GINE__GNNExplainer__scaffold] 143/200 molecules (1.3s each, ~1 min left)
2026-08-06 08:47:44,102 | INFO    | molsanity | [cell BA-2Motifs__GINE__GNNExplainer__scaffold] 191/200 molecules (1.3s each, ~0 min left)
2026-08-06 08:47:57,296 | INFO    | molsanity | Wrote GT-validation figure: artifacts/figures/BA-2Motifs__GINE__GNNExplainer__scaffold/gt_validation.pdf (+ .svg)
2026-08-06 08:47:57,297 | INFO    | molsanity | Skipping molecule SVG (no aligned mol for case_molecule.svg)
2026-08-06 08:47:58,111 | INFO    | molsanity | [cell BA-2Motifs__GINE__GNNExplainer__scaffold__seed0] DONE — acc=0.39 gt_auroc=0.50565 n=200 (capped)
2026-08-06 08:47:58,126 | INFO    | molsanity | [stage cell_BA-2Motifs__GINE__GNNExplainer__scaffold__seed1] config changed (fc63d8611dbbf90f -> 4b1319726db3fed7) — rerunning
2026-08-06 08:47:58,126 | INFO    | molsanity | [stage cell_BA-2Motifs__GINE__GNNExplainer__scaffold__seed1] running (4b1319726db3fed7)
2026-08-06 08:47:58,253 | INFO    | molsanity | Loaded BA-2Motifs: 1000 graphs, checksum fecc0a8aa094
2026-08-06 08:47:58,293 | INFO    | molsanity | class-aware split: moved scaffold group (1 mols, class 0) from train to val for coverage
2026-08-06 08:47:58,294 | INFO    | molsanity | class-aware split: moved scaffold group (1 mols, class 0) from train to test for coverage
2026-08-06 08:47:58,294 | INFO    | molsanity | Scaffold split: 1000 scaffolds over 1000 molecules (1000 scaffold-less, 0.0% of molecules in multi-member groups) -> train 598 / val 101 / test 301
2026-08-06 08:47:58,294 | WARNING | molsanity | Scaffold split is DEGENERATE: only 0.0% of molecules share a scaffold with another molecule, so this partition is deterministic but not a chemical shift regime. Do not report it as scaffold shift.
2026-08-06 08:47:58,316 | INFO    | molsanity | Loaded existing checkpoint gine_7e2612720e6e85c5.pt
2026-08-06 08:47:58,341 | INFO    | molsanity | [cell BA-2Motifs__GINE__GNNExplainer__scaffold] auditing 200 molecules (capped from 301)
2026-08-06 08:47:58,344 | INFO    | molsanity | [cell BA-2Motifs__GINE__GNNExplainer__scaffold] auditing on 12 worker processes (CPU)
2026-08-06 08:47:58,751 | WARNING | molsanity | [cell BA-2Motifs__GINE__GNNExplainer__scaffold] worker pool failed (RuntimeError: Unable to handle autograd's threading in combination with fork-based multiprocessing. See https://github.com/pytorch/pytorch/wiki/Autograd-and-Fork) — falling back to the serial path for this cell
2026-08-06 08:48:59,483 | INFO    | molsanity | [cell BA-2Motifs__GINE__GNNExplainer__scaffold] 48/200 molecules (1.3s each, ~3 min left)
2026-08-06 08:50:00,731 | INFO    | molsanity | [cell BA-2Motifs__GINE__GNNExplainer__scaffold] 96/200 molecules (1.3s each, ~2 min left)
2026-08-06 08:51:00,908 | INFO    | molsanity | [cell BA-2Motifs__GINE__GNNExplainer__scaffold] 142/200 molecules (1.3s each, ~1 min left)
2026-08-06 08:52:00,928 | INFO    | molsanity | [cell BA-2Motifs__GINE__GNNExplainer__scaffold] 189/200 molecules (1.3s each, ~0 min left)
2026-08-06 08:52:16,247 | INFO    | molsanity | Wrote GT-validation figure: artifacts/figures/BA-2Motifs__GINE__GNNExplainer__scaffold/gt_validation.pdf (+ .svg)
2026-08-06 08:52:16,248 | INFO    | molsanity | Skipping molecule SVG (no aligned mol for case_molecule.svg)
2026-08-06 08:52:16,704 | INFO    | molsanity | [cell BA-2Motifs__GINE__GNNExplainer__scaffold__seed1] DONE — acc=0.43 gt_auroc=0.6555500000000001 n=200 (capped)
2026-08-06 08:52:16,720 | INFO    | molsanity | [stage cell_BA-2Motifs__GINE__GNNExplainer__scaffold__seed2] config changed (129c81bd7fa5b89a -> 8aa76b6892e043e4) — rerunning
2026-08-06 08:52:16,720 | INFO    | molsanity | [stage cell_BA-2Motifs__GINE__GNNExplainer__scaffold__seed2] running (8aa76b6892e043e4)
2026-08-06 08:52:16,846 | INFO    | molsanity | Loaded BA-2Motifs: 1000 graphs, checksum fecc0a8aa094
2026-08-06 08:52:16,887 | INFO    | molsanity | class-aware split: moved scaffold group (1 mols, class 0) from train to val for coverage
2026-08-06 08:52:16,888 | INFO    | molsanity | class-aware split: moved scaffold group (1 mols, class 0) from train to test for coverage
2026-08-06 08:52:16,888 | INFO    | molsanity | Scaffold split: 1000 scaffolds over 1000 molecules (1000 scaffold-less, 0.0% of molecules in multi-member groups) -> train 598 / val 101 / test 301
2026-08-06 08:52:16,888 | WARNING | molsanity | Scaffold split is DEGENERATE: only 0.0% of molecules share a scaffold with another molecule, so this partition is deterministic but not a chemical shift regime. Do not report it as scaffold shift.
2026-08-06 08:52:16,908 | INFO    | molsanity | Loaded existing checkpoint gine_75b821a77c36290a.pt
2026-08-06 08:52:16,934 | INFO    | molsanity | [cell BA-2Motifs__GINE__GNNExplainer__scaffold] auditing 200 molecules (capped from 301)
2026-08-06 08:52:16,937 | INFO    | molsanity | [cell BA-2Motifs__GINE__GNNExplainer__scaffold] auditing on 12 worker processes (CPU)
2026-08-06 08:52:17,350 | WARNING | molsanity | [cell BA-2Motifs__GINE__GNNExplainer__scaffold] worker pool failed (RuntimeError: Unable to handle autograd's threading in combination with fork-based multiprocessing. See https://github.com/pytorch/pytorch/wiki/Autograd-and-Fork) — falling back to the serial path for this cell
2026-08-06 08:53:17,596 | INFO    | molsanity | [cell BA-2Motifs__GINE__GNNExplainer__scaffold] 47/200 molecules (1.3s each, ~3 min left)
2026-08-06 08:54:17,972 | INFO    | molsanity | [cell BA-2Motifs__GINE__GNNExplainer__scaffold] 94/200 molecules (1.3s each, ~2 min left)
2026-08-06 08:55:18,189 | INFO    | molsanity | [cell BA-2Motifs__GINE__GNNExplainer__scaffold] 141/200 molecules (1.3s each, ~1 min left)
2026-08-06 08:56:18,293 | INFO    | molsanity | [cell BA-2Motifs__GINE__GNNExplainer__scaffold] 188/200 molecules (1.3s each, ~0 min left)
2026-08-06 08:56:35,007 | INFO    | molsanity | Wrote GT-validation figure: artifacts/figures/BA-2Motifs__GINE__GNNExplainer__scaffold/gt_validation.pdf (+ .svg)
2026-08-06 08:56:35,008 | INFO    | molsanity | Skipping molecule SVG (no aligned mol for case_molecule.svg)
2026-08-06 08:56:35,280 | INFO    | molsanity | [cell BA-2Motifs__GINE__GNNExplainer__scaffold__seed2] DONE — acc=0.99 gt_auroc=0.5259 n=200 (capped)
2026-08-06 08:56:35,666 | INFO    | molsanity | [stage cell_BA-2Motifs__GINE__GNNExplainer__random__seed0] cache hit (8c54b7a80c1b2409) — skipping
2026-08-06 08:56:35,666 | INFO    | molsanity | [cell BA-2Motifs__GINE__GNNExplainer__random__seed0] DONE — acc=0.78 gt_auroc=0.50115 n=200 (capped) [cached]
2026-08-06 08:56:36,061 | INFO    | molsanity | [stage cell_BA-2Motifs__GINE__GNNExplainer__random__seed1] cache hit (a6216cbfec316168) — skipping
2026-08-06 08:56:36,061 | INFO    | molsanity | [cell BA-2Motifs__GINE__GNNExplainer__random__seed1] DONE — acc=0.65 gt_auroc=0.4585 n=200 (capped) [cached]
2026-08-06 08:56:36,382 | INFO    | molsanity | [stage cell_BA-2Motifs__GINE__GNNExplainer__random__seed2] cache hit (cd0f05ec3de61c28) — skipping
2026-08-06 08:56:36,382 | INFO    | molsanity | [cell BA-2Motifs__GINE__GNNExplainer__random__seed2] DONE — acc=0.88 gt_auroc=0.5737000000000001 n=200 (capped) [cached]
2026-08-06 08:56:36,397 | INFO    | molsanity | [stage cell_BA-2Motifs__GINE__PGExplainer__scaffold__seed0] config changed (0ac8a5329ae664b9 -> 7a90d457488d24ac) — rerunning
2026-08-06 08:56:36,397 | INFO    | molsanity | [stage cell_BA-2Motifs__GINE__PGExplainer__scaffold__seed0] running (7a90d457488d24ac)
2026-08-06 08:56:36,525 | INFO    | molsanity | Loaded BA-2Motifs: 1000 graphs, checksum fecc0a8aa094
2026-08-06 08:56:36,567 | INFO    | molsanity | class-aware split: moved scaffold group (1 mols, class 0) from train to val for coverage
2026-08-06 08:56:36,567 | INFO    | molsanity | class-aware split: moved scaffold group (1 mols, class 0) from train to test for coverage
2026-08-06 08:56:36,568 | INFO    | molsanity | Scaffold split: 1000 scaffolds over 1000 molecules (1000 scaffold-less, 0.0% of molecules in multi-member groups) -> train 598 / val 101 / test 301
2026-08-06 08:56:36,568 | WARNING | molsanity | Scaffold split is DEGENERATE: only 0.0% of molecules share a scaffold with another molecule, so this partition is deterministic but not a chemical shift regime. Do not report it as scaffold shift.
2026-08-06 08:56:36,588 | INFO    | molsanity | Loaded existing checkpoint gine_d720d5b16aae87c8.pt
2026-08-06 08:58:26,255 | INFO    | molsanity | PGExplainer trained on 200 graphs (30 epochs), final loss 0.7627
2026-08-06 08:59:37,995 | INFO    | molsanity | PGExplainer trained on 200 graphs (30 epochs), final loss 0.0320
2026-08-06 08:59:37,995 | INFO    | molsanity | [cell BA-2Motifs__GINE__PGExplainer__scaffold] auditing 200 molecules (capped from 301)
2026-08-06 08:59:38,003 | INFO    | molsanity | [cell BA-2Motifs__GINE__PGExplainer__scaffold] auditing on 12 worker processes (CPU)
2026-08-06 08:59:39,333 | INFO    | molsanity | [cell BA-2Motifs__GINE__PGExplainer__scaffold] 200 molecules in 0.0 min (0.01s each, 12 workers)
2026-08-06 08:59:41,243 | INFO    | molsanity | Wrote GT-validation figure: artifacts/figures/BA-2Motifs__GINE__PGExplainer__scaffold/gt_validation.pdf (+ .svg)
2026-08-06 08:59:41,244 | INFO    | molsanity | Skipping molecule SVG (no aligned mol for case_molecule.svg)
2026-08-06 08:59:42,044 | INFO    | molsanity | [cell BA-2Motifs__GINE__PGExplainer__scaffold__seed0] DONE — acc=0.39 gt_auroc=0.9778 n=200 (capped)
2026-08-06 08:59:42,059 | INFO    | molsanity | [stage cell_BA-2Motifs__GINE__PGExplainer__scaffold__seed1] config changed (43a870549f036340 -> 1e73e606bff5fc4b) — rerunning
2026-08-06 08:59:42,059 | INFO    | molsanity | [stage cell_BA-2Motifs__GINE__PGExplainer__scaffold__seed1] running (1e73e606bff5fc4b)
2026-08-06 08:59:42,188 | INFO    | molsanity | Loaded BA-2Motifs: 1000 graphs, checksum fecc0a8aa094
2026-08-06 08:59:42,232 | INFO    | molsanity | class-aware split: moved scaffold group (1 mols, class 0) from train to val for coverage
2026-08-06 08:59:42,232 | INFO    | molsanity | class-aware split: moved scaffold group (1 mols, class 0) from train to test for coverage
2026-08-06 08:59:42,232 | INFO    | molsanity | Scaffold split: 1000 scaffolds over 1000 molecules (1000 scaffold-less, 0.0% of molecules in multi-member groups) -> train 598 / val 101 / test 301
2026-08-06 08:59:42,232 | WARNING | molsanity | Scaffold split is DEGENERATE: only 0.0% of molecules share a scaffold with another molecule, so this partition is deterministic but not a chemical shift regime. Do not report it as scaffold shift.
2026-08-06 08:59:42,253 | INFO    | molsanity | Loaded existing checkpoint gine_7e2612720e6e85c5.pt
2026-08-06 09:01:32,641 | INFO    | molsanity | PGExplainer trained on 200 graphs (30 epochs), final loss 0.3087
2026-08-06 09:02:45,557 | INFO    | molsanity | PGExplainer trained on 200 graphs (30 epochs), final loss 0.0332
2026-08-06 09:02:45,557 | INFO    | molsanity | [cell BA-2Motifs__GINE__PGExplainer__scaffold] auditing 200 molecules (capped from 301)
2026-08-06 09:02:45,565 | INFO    | molsanity | [cell BA-2Motifs__GINE__PGExplainer__scaffold] auditing on 12 worker processes (CPU)
2026-08-06 09:02:46,930 | INFO    | molsanity | [cell BA-2Motifs__GINE__PGExplainer__scaffold] 200 molecules in 0.0 min (0.01s each, 12 workers)
2026-08-06 09:02:47,439 | INFO    | molsanity | Wrote GT-validation figure: artifacts/figures/BA-2Motifs__GINE__PGExplainer__scaffold/gt_validation.pdf (+ .svg)
2026-08-06 09:02:47,441 | INFO    | molsanity | Skipping molecule SVG (no aligned mol for case_molecule.svg)
2026-08-06 09:02:47,737 | INFO    | molsanity | [cell BA-2Motifs__GINE__PGExplainer__scaffold__seed1] DONE — acc=0.43 gt_auroc=0.9375999999999999 n=200 (capped)
2026-08-06 09:02:47,754 | INFO    | molsanity | [stage cell_BA-2Motifs__GINE__PGExplainer__scaffold__seed2] config changed (b56911c908e22439 -> bf203ba02c87ca69) — rerunning
2026-08-06 09:02:47,755 | INFO    | molsanity | [stage cell_BA-2Motifs__GINE__PGExplainer__scaffold__seed2] running (bf203ba02c87ca69)
2026-08-06 09:02:48,186 | INFO    | molsanity | Loaded BA-2Motifs: 1000 graphs, checksum fecc0a8aa094
2026-08-06 09:02:48,230 | INFO    | molsanity | class-aware split: moved scaffold group (1 mols, class 0) from train to val for coverage
2026-08-06 09:02:48,230 | INFO    | molsanity | class-aware split: moved scaffold group (1 mols, class 0) from train to test for coverage
2026-08-06 09:02:48,230 | INFO    | molsanity | Scaffold split: 1000 scaffolds over 1000 molecules (1000 scaffold-less, 0.0% of molecules in multi-member groups) -> train 598 / val 101 / test 301
2026-08-06 09:02:48,231 | WARNING | molsanity | Scaffold split is DEGENERATE: only 0.0% of molecules share a scaffold with another molecule, so this partition is deterministic but not a chemical shift regime. Do not report it as scaffold shift.
2026-08-06 09:02:48,254 | INFO    | molsanity | Loaded existing checkpoint gine_75b821a77c36290a.pt
2026-08-06 09:04:38,867 | INFO    | molsanity | PGExplainer trained on 200 graphs (30 epochs), final loss 0.6622
2026-08-06 09:05:50,760 | INFO    | molsanity | PGExplainer trained on 200 graphs (30 epochs), final loss 0.0488
2026-08-06 09:05:50,761 | INFO    | molsanity | [cell BA-2Motifs__GINE__PGExplainer__scaffold] auditing 200 molecules (capped from 301)
2026-08-06 09:05:50,768 | INFO    | molsanity | [cell BA-2Motifs__GINE__PGExplainer__scaffold] auditing on 12 worker processes (CPU)
2026-08-06 09:05:52,078 | INFO    | molsanity | [cell BA-2Motifs__GINE__PGExplainer__scaffold] 200 molecules in 0.0 min (0.01s each, 12 workers)
2026-08-06 09:05:52,614 | INFO    | molsanity | Wrote GT-validation figure: artifacts/figures/BA-2Motifs__GINE__PGExplainer__scaffold/gt_validation.pdf (+ .svg)
2026-08-06 09:05:52,616 | INFO    | molsanity | Skipping molecule SVG (no aligned mol for case_molecule.svg)
2026-08-06 09:05:52,895 | INFO    | molsanity | [cell BA-2Motifs__GINE__PGExplainer__scaffold__seed2] DONE — acc=0.99 gt_auroc=0.728875 n=200 (capped)
2026-08-06 09:05:53,264 | INFO    | molsanity | [stage cell_BA-2Motifs__GINE__PGExplainer__random__seed0] cache hit (b4d573e3462ff45d) — skipping
2026-08-06 09:05:53,264 | INFO    | molsanity | [cell BA-2Motifs__GINE__PGExplainer__random__seed0] DONE — acc=0.78 gt_auroc=0.4854 n=200 (capped) [cached]
2026-08-06 09:05:53,718 | INFO    | molsanity | [stage cell_BA-2Motifs__GINE__PGExplainer__random__seed1] cache hit (9953b37606eb8adb) — skipping
2026-08-06 09:05:53,718 | INFO    | molsanity | [cell BA-2Motifs__GINE__PGExplainer__random__seed1] DONE — acc=0.65 gt_auroc=0.6038000000000001 n=200 (capped) [cached]
2026-08-06 09:05:54,027 | INFO    | molsanity | [stage cell_BA-2Motifs__GINE__PGExplainer__random__seed2] cache hit (21e97723c03dbaa5) — skipping
2026-08-06 09:05:54,027 | INFO    | molsanity | [cell BA-2Motifs__GINE__PGExplainer__random__seed2] DONE — acc=0.88 gt_auroc=0.10402499999999999 n=200 (capped) [cached]
2026-08-06 09:05:54,041 | INFO    | molsanity | [stage cell_DILI__GINE__IntegratedGradients__scaffold__seed0] config changed (444a084109d53258 -> d01acc40ce9befd8) — rerunning
2026-08-06 09:05:54,041 | INFO    | molsanity | [stage cell_DILI__GINE__IntegratedGradients__scaffold__seed0] running (d01acc40ce9befd8)
2026-08-06 09:05:55,486 | INFO    | molsanity | DILI: skipped 3 unparseable molecules
2026-08-06 09:05:55,504 | INFO    | molsanity | DILI checksum recorded: 65deb1aabaed
2026-08-06 09:05:55,505 | INFO    | molsanity | Loaded DILI (TDC Tox/DILI): 472 graphs, checksum 65deb1aabaed
2026-08-06 09:05:55,722 | INFO    | molsanity | Scaffold split: 342 scaffolds over 472 molecules (32 scaffold-less, 36.9% of molecules in multi-member groups) -> train 283 / val 47 / test 142
2026-08-06 09:05:56,784 | INFO    | molsanity | Loaded existing checkpoint gine_4cc5b4e5637b529d.pt
2026-08-06 09:05:57,125 | INFO    | molsanity | [cell DILI__GINE__IntegratedGradients__scaffold] auditing 142 molecules
2026-08-06 09:05:57,129 | INFO    | molsanity | [cell DILI__GINE__IntegratedGradients__scaffold] auditing on 12 worker processes (CPU)
2026-08-06 09:05:57,542 | WARNING | molsanity | [cell DILI__GINE__IntegratedGradients__scaffold] worker pool failed (RuntimeError: Unable to handle autograd's threading in combination with fork-based multiprocessing. See https://github.com/pytorch/pytorch/wiki/Autograd-and-Fork) — falling back to the serial path for this cell
2026-08-06 09:06:58,028 | INFO    | molsanity | [cell DILI__GINE__IntegratedGradients__scaffold] 117/142 molecules (0.5s each, ~0 min left)
2026-08-06 09:07:12,003 | INFO    | molsanity | Wrote GT-validation figure: artifacts/figures/DILI__GINE__IntegratedGradients__scaffold/gt_validation.pdf (+ .svg)
2026-08-06 09:07:12,374 | INFO    | molsanity | Wrote molecule attribution SVG: artifacts/figures/DILI__GINE__IntegratedGradients__scaffold/case_molecule.svg (GT atoms: [])
2026-08-06 09:07:13,490 | INFO    | molsanity | [cell DILI__GINE__IntegratedGradients__scaffold__seed0] DONE — acc=0.73 gt_auroc=nan n=142 (capped)
2026-08-06 09:07:13,505 | INFO    | molsanity | [stage cell_DILI__GINE__IntegratedGradients__scaffold__seed1] config changed (47f93e28058fd600 -> a74bc254dd39be60) — rerunning
2026-08-06 09:07:13,505 | INFO    | molsanity | [stage cell_DILI__GINE__IntegratedGradients__scaffold__seed1] running (a74bc254dd39be60)
2026-08-06 09:07:13,973 | INFO    | molsanity | DILI: skipped 3 unparseable molecules
2026-08-06 09:07:13,990 | INFO    | molsanity | Loaded DILI (TDC Tox/DILI): 472 graphs, checksum 65deb1aabaed
2026-08-06 09:07:14,212 | INFO    | molsanity | Scaffold split: 342 scaffolds over 472 molecules (32 scaffold-less, 36.9% of molecules in multi-member groups) -> train 283 / val 47 / test 142
2026-08-06 09:07:14,553 | INFO    | molsanity | Loaded existing checkpoint gine_8f4c47d20cc2efa3.pt
2026-08-06 09:07:14,896 | INFO    | molsanity | [cell DILI__GINE__IntegratedGradients__scaffold] auditing 142 molecules
2026-08-06 09:07:14,900 | INFO    | molsanity | [cell DILI__GINE__IntegratedGradients__scaffold] auditing on 12 worker processes (CPU)
2026-08-06 09:07:15,330 | WARNING | molsanity | [cell DILI__GINE__IntegratedGradients__scaffold] worker pool failed (RuntimeError: Unable to handle autograd's threading in combination with fork-based multiprocessing. See https://github.com/pytorch/pytorch/wiki/Autograd-and-Fork) — falling back to the serial path for this cell
2026-08-06 09:08:15,833 | INFO    | molsanity | [cell DILI__GINE__IntegratedGradients__scaffold] 118/142 molecules (0.5s each, ~0 min left)
2026-08-06 09:08:28,981 | INFO    | molsanity | Wrote GT-validation figure: artifacts/figures/DILI__GINE__IntegratedGradients__scaffold/gt_validation.pdf (+ .svg)
2026-08-06 09:08:28,990 | INFO    | molsanity | Wrote molecule attribution SVG: artifacts/figures/DILI__GINE__IntegratedGradients__scaffold/case_molecule.svg (GT atoms: [])
2026-08-06 09:08:29,458 | INFO    | molsanity | [cell DILI__GINE__IntegratedGradients__scaffold__seed1] DONE — acc=0.70 gt_auroc=nan n=142 (capped)
2026-08-06 09:08:29,475 | INFO    | molsanity | [stage cell_DILI__GINE__IntegratedGradients__scaffold__seed2] config changed (190a992d9964e972 -> 739336c384897283) — rerunning
2026-08-06 09:08:29,475 | INFO    | molsanity | [stage cell_DILI__GINE__IntegratedGradients__scaffold__seed2] running (739336c384897283)
2026-08-06 09:08:29,945 | INFO    | molsanity | DILI: skipped 3 unparseable molecules
2026-08-06 09:08:29,963 | INFO    | molsanity | Loaded DILI (TDC Tox/DILI): 472 graphs, checksum 65deb1aabaed
2026-08-06 09:08:30,182 | INFO    | molsanity | Scaffold split: 342 scaffolds over 472 molecules (32 scaffold-less, 36.9% of molecules in multi-member groups) -> train 283 / val 47 / test 142
2026-08-06 09:08:30,607 | INFO    | molsanity | Loaded existing checkpoint gine_28d39f48bcec52d3.pt
2026-08-06 09:08:33,397 | INFO    | molsanity | [cell DILI__GINE__IntegratedGradients__scaffold] auditing 142 molecules
2026-08-06 09:08:33,401 | INFO    | molsanity | [cell DILI__GINE__IntegratedGradients__scaffold] auditing on 12 worker processes (CPU)
2026-08-06 09:08:33,815 | WARNING | molsanity | [cell DILI__GINE__IntegratedGradients__scaffold] worker pool failed (RuntimeError: Unable to handle autograd's threading in combination with fork-based multiprocessing. See https://github.com/pytorch/pytorch/wiki/Autograd-and-Fork) — falling back to the serial path for this cell
2026-08-06 09:09:34,219 | INFO    | molsanity | [cell DILI__GINE__IntegratedGradients__scaffold] 117/142 molecules (0.5s each, ~0 min left)
2026-08-06 09:09:47,527 | INFO    | molsanity | Wrote GT-validation figure: artifacts/figures/DILI__GINE__IntegratedGradients__scaffold/gt_validation.pdf (+ .svg)
2026-08-06 09:09:47,536 | INFO    | molsanity | Wrote molecule attribution SVG: artifacts/figures/DILI__GINE__IntegratedGradients__scaffold/case_molecule.svg (GT atoms: [])
2026-08-06 09:09:48,036 | INFO    | molsanity | [cell DILI__GINE__IntegratedGradients__scaffold__seed2] DONE — acc=0.78 gt_auroc=nan n=142 (capped)
2026-08-06 09:09:48,393 | INFO    | molsanity | [stage cell_DILI__GINE__IntegratedGradients__random__seed0] cache hit (3e97a237b21c5405) — skipping
2026-08-06 09:09:48,393 | INFO    | molsanity | [cell DILI__GINE__IntegratedGradients__random__seed0] DONE — acc=0.82 gt_auroc=nan n=142 (capped) [cached]
2026-08-06 09:09:48,833 | INFO    | molsanity | [stage cell_DILI__GINE__IntegratedGradients__random__seed1] cache hit (9d5b016bfa039a6e) — skipping
2026-08-06 09:09:48,833 | INFO    | molsanity | [cell DILI__GINE__IntegratedGradients__random__seed1] DONE — acc=0.61 gt_auroc=nan n=142 (capped) [cached]
2026-08-06 09:09:49,137 | INFO    | molsanity | [stage cell_DILI__GINE__IntegratedGradients__random__seed2] cache hit (f84505b13d17583f) — skipping
2026-08-06 09:09:49,138 | INFO    | molsanity | [cell DILI__GINE__IntegratedGradients__random__seed2] DONE — acc=0.70 gt_auroc=nan n=142 (capped) [cached]
2026-08-06 09:09:49,153 | INFO    | molsanity | [stage cell_hERG__GINE__IntegratedGradients__scaffold__seed0] config changed (fefcd7292467b591 -> 581fef321ce29d71) — rerunning
2026-08-06 09:09:49,153 | INFO    | molsanity | [stage cell_hERG__GINE__IntegratedGradients__scaffold__seed0] running (581fef321ce29d71)
2026-08-06 09:09:50,846 | INFO    | molsanity | hERG checksum recorded: 998f4e965b89
2026-08-06 09:09:50,847 | INFO    | molsanity | Loaded hERG (TDC Tox/hERG): 655 graphs, checksum 998f4e965b89
2026-08-06 09:09:51,205 | INFO    | molsanity | class-aware split: moved scaffold group (2 mols, class 0) from train to val for coverage
2026-08-06 09:09:51,205 | INFO    | molsanity | Scaffold split: 410 scaffolds over 655 molecules (18 scaffold-less, 50.5% of molecules in multi-member groups) -> train 391 / val 67 / test 197
2026-08-06 09:09:51,629 | INFO    | molsanity | Loaded existing checkpoint gine_ba58b8eb771fb6ca.pt
2026-08-06 09:09:51,870 | INFO    | molsanity | [cell hERG__GINE__IntegratedGradients__scaffold] auditing 197 molecules
2026-08-06 09:09:51,873 | INFO    | molsanity | [cell hERG__GINE__IntegratedGradients__scaffold] auditing on 12 worker processes (CPU)
2026-08-06 09:09:52,304 | WARNING | molsanity | [cell hERG__GINE__IntegratedGradients__scaffold] worker pool failed (RuntimeError: Unable to handle autograd's threading in combination with fork-based multiprocessing. See https://github.com/pytorch/pytorch/wiki/Autograd-and-Fork) — falling back to the serial path for this cell
2026-08-06 09:10:52,331 | INFO    | molsanity | [cell hERG__GINE__IntegratedGradients__scaffold] 118/197 molecules (0.5s each, ~1 min left)
2026-08-06 09:11:33,043 | INFO    | molsanity | Wrote GT-validation figure: artifacts/figures/hERG__GINE__IntegratedGradients__scaffold/gt_validation.pdf (+ .svg)
2026-08-06 09:11:33,301 | INFO    | molsanity | Wrote molecule attribution SVG: artifacts/figures/hERG__GINE__IntegratedGradients__scaffold/case_molecule.svg (GT atoms: [])
2026-08-06 09:11:34,161 | INFO    | molsanity | [cell hERG__GINE__IntegratedGradients__scaffold__seed0] DONE — acc=0.53 gt_auroc=nan n=197 (capped)
2026-08-06 09:11:34,176 | INFO    | molsanity | [stage cell_hERG__GINE__IntegratedGradients__scaffold__seed1] config changed (c4425f21cb8db3f4 -> 266e8f3225e53043) — rerunning
2026-08-06 09:11:34,177 | INFO    | molsanity | [stage cell_hERG__GINE__IntegratedGradients__scaffold__seed1] running (266e8f3225e53043)
2026-08-06 09:11:34,917 | INFO    | molsanity | Loaded hERG (TDC Tox/hERG): 655 graphs, checksum 998f4e965b89
2026-08-06 09:11:35,280 | INFO    | molsanity | class-aware split: moved scaffold group (2 mols, class 0) from train to val for coverage
2026-08-06 09:11:35,280 | INFO    | molsanity | Scaffold split: 410 scaffolds over 655 molecules (18 scaffold-less, 50.5% of molecules in multi-member groups) -> train 391 / val 67 / test 197
2026-08-06 09:11:35,650 | INFO    | molsanity | Loaded existing checkpoint gine_1a00925adc04769d.pt
2026-08-06 09:11:35,896 | INFO    | molsanity | [cell hERG__GINE__IntegratedGradients__scaffold] auditing 197 molecules
2026-08-06 09:11:35,899 | INFO    | molsanity | [cell hERG__GINE__IntegratedGradients__scaffold] auditing on 12 worker processes (CPU)
2026-08-06 09:11:36,324 | WARNING | molsanity | [cell hERG__GINE__IntegratedGradients__scaffold] worker pool failed (RuntimeError: Unable to handle autograd's threading in combination with fork-based multiprocessing. See https://github.com/pytorch/pytorch/wiki/Autograd-and-Fork) — falling back to the serial path for this cell
2026-08-06 09:12:36,399 | INFO    | molsanity | [cell hERG__GINE__IntegratedGradients__scaffold] 118/197 molecules (0.5s each, ~1 min left)
2026-08-06 09:13:16,112 | INFO    | molsanity | Wrote GT-validation figure: artifacts/figures/hERG__GINE__IntegratedGradients__scaffold/gt_validation.pdf (+ .svg)
2026-08-06 09:13:16,128 | INFO    | molsanity | Wrote molecule attribution SVG: artifacts/figures/hERG__GINE__IntegratedGradients__scaffold/case_molecule.svg (GT atoms: [])
2026-08-06 09:13:16,429 | INFO    | molsanity | [cell hERG__GINE__IntegratedGradients__scaffold__seed1] DONE — acc=0.46 gt_auroc=nan n=197 (capped)
2026-08-06 09:13:16,454 | INFO    | molsanity | [stage cell_hERG__GINE__IntegratedGradients__scaffold__seed2] config changed (5f67af8e5d3de310 -> 1ecd9303f56007af) — rerunning
2026-08-06 09:13:16,454 | INFO    | molsanity | [stage cell_hERG__GINE__IntegratedGradients__scaffold__seed2] running (1ecd9303f56007af)
2026-08-06 09:13:17,236 | INFO    | molsanity | Loaded hERG (TDC Tox/hERG): 655 graphs, checksum 998f4e965b89
2026-08-06 09:13:17,588 | INFO    | molsanity | class-aware split: moved scaffold group (2 mols, class 0) from train to val for coverage
2026-08-06 09:13:17,588 | INFO    | molsanity | Scaffold split: 410 scaffolds over 655 molecules (18 scaffold-less, 50.5% of molecules in multi-member groups) -> train 391 / val 67 / test 197
2026-08-06 09:13:17,892 | INFO    | molsanity | Loaded existing checkpoint gine_75b49c59f63026f6.pt
2026-08-06 09:13:18,150 | INFO    | molsanity | [cell hERG__GINE__IntegratedGradients__scaffold] auditing 197 molecules
2026-08-06 09:13:18,153 | INFO    | molsanity | [cell hERG__GINE__IntegratedGradients__scaffold] auditing on 12 worker processes (CPU)
2026-08-06 09:13:18,573 | WARNING | molsanity | [cell hERG__GINE__IntegratedGradients__scaffold] worker pool failed (RuntimeError: Unable to handle autograd's threading in combination with fork-based multiprocessing. See https://github.com/pytorch/pytorch/wiki/Autograd-and-Fork) — falling back to the serial path for this cell
2026-08-06 09:14:18,961 | INFO    | molsanity | [cell hERG__GINE__IntegratedGradients__scaffold] 118/197 molecules (0.5s each, ~1 min left)
2026-08-06 09:14:58,555 | INFO    | molsanity | Wrote GT-validation figure: artifacts/figures/hERG__GINE__IntegratedGradients__scaffold/gt_validation.pdf (+ .svg)
2026-08-06 09:14:58,562 | INFO    | molsanity | Wrote molecule attribution SVG: artifacts/figures/hERG__GINE__IntegratedGradients__scaffold/case_molecule.svg (GT atoms: [])
2026-08-06 09:14:58,797 | INFO    | molsanity | [cell hERG__GINE__IntegratedGradients__scaffold__seed2] DONE — acc=0.42 gt_auroc=nan n=197 (capped)
2026-08-06 09:14:59,134 | INFO    | molsanity | [stage cell_hERG__GINE__IntegratedGradients__random__seed0] cache hit (e7a074fcbf925577) — skipping
2026-08-06 09:14:59,134 | INFO    | molsanity | [cell hERG__GINE__IntegratedGradients__random__seed0] DONE — acc=0.79 gt_auroc=nan n=197 (capped) [cached]
2026-08-06 09:14:59,748 | INFO    | molsanity | [stage cell_hERG__GINE__IntegratedGradients__random__seed1] cache hit (398bf504c4eb5974) — skipping
2026-08-06 09:14:59,748 | INFO    | molsanity | [cell hERG__GINE__IntegratedGradients__random__seed1] DONE — acc=0.43 gt_auroc=nan n=197 (capped) [cached]
2026-08-06 09:15:00,062 | INFO    | molsanity | [stage cell_hERG__GINE__IntegratedGradients__random__seed2] cache hit (5e662f6ad6385d83) — skipping
2026-08-06 09:15:00,062 | INFO    | molsanity | [cell hERG__GINE__IntegratedGradients__random__seed2] DONE — acc=0.74 gt_auroc=nan n=197 (capped) [cached]
2026-08-06 09:15:00,133 | INFO    | molsanity | Wrote SEED_VARIANCE.md (186 cells with >1 seed)
2026-08-06 09:15:00,133 | INFO    | molsanity | Wrote SEED_VARIANCE.md (186 multi-seed cells)
2026-08-06 09:15:36,554 | INFO    | molsanity | Wrote ABSTENTION.md (5 signals ranked)
2026-08-06 09:15:36,554 | INFO    | molsanity | Wrote ABSTENTION.md (5 signals ranked over 31785 records)
2026-08-06 09:15:36,570 | INFO    | molsanity | Wrote RATIONALE_USE.md (7524 molecules where the model reads the ground truth, 1395 anti-aligned despite that)
2026-08-06 09:15:41,769 | INFO    | molsanity | Wrote BENCHMARK.md (186 cells)
2026-08-06 09:15:44,225 | INFO    | molsanity | Wrote BENCHMARK_GT.md (faithfulness-vs-ground-truth)
2026-08-06 09:15:46,363 | INFO    | molsanity | Wrote summary figure: artifacts/figures/_summary/attributor_gt_bar_MUTAG.pdf
2026-08-06 09:15:47,722 | INFO    | molsanity | Wrote summary figure: artifacts/figures/_summary/attributor_gt_bar_SynthMotifs.pdf
2026-08-06 09:15:49,675 | INFO    | molsanity | Wrote summary figure: artifacts/figures/_summary/faithfulness_stability_ecdf.pdf
2026-08-06 09:15:51,005 | INFO    | molsanity | Wrote summary figure: artifacts/figures/_summary/regime_stratification.pdf
2026-08-06 09:15:52,962 | INFO    | molsanity | Wrote rich figure: artifacts/figures/_summary/joint_faithful_correct.pdf
2026-08-06 09:15:54,432 | INFO    | molsanity | Wrote rich figure: artifacts/figures/_summary/raincloud_gt_MUTAG.pdf
2026-08-06 09:15:56,513 | INFO    | molsanity | Wrote rich figure: artifacts/figures/_summary/heatmap_gt.pdf
2026-08-06 09:15:59,957 | INFO    | molsanity | Wrote composite figure: artifacts/figures/_summary/results_composite.pdf
2026-08-06 09:15:59,989 | INFO    | molsanity | Loaded MUTAG: 188 graphs, checksum de1d4cec357f
2026-08-06 09:16:00,234 | INFO    | molsanity | Scaffold split: 47 scaffolds over 188 molecules (2 scaffold-less, 89.4% of molecules in multi-member groups) -> train 150 / val 18 / test 20
2026-08-06 09:16:00,253 | INFO    | molsanity | Loaded existing checkpoint gine_f0f03e5089058af8.pt
2026-08-06 09:16:07,571 | INFO    | molsanity | Wrote molecule grid: artifacts/figures/_summary/molgrid_MUTAG.pdf
2026-08-06 09:16:09,427 | INFO    | molsanity | Generated SynthMotifs: 1000 graphs (house/cycle), exact node GT
2026-08-06 09:16:09,461 | INFO    | molsanity | SynthMotifs checksum recorded: dec19662af21
2026-08-06 09:16:09,462 | INFO    | molsanity | Loaded SynthMotifs: 1000 graphs, checksum dec19662af21
2026-08-06 09:16:09,468 | INFO    | molsanity | Scaffold split: 1000 scaffolds over 1000 molecules (1000 scaffold-less, 0.0% of molecules in multi-member groups) -> train 800 / val 100 / test 100
2026-08-06 09:16:09,468 | WARNING | molsanity | Scaffold split is DEGENERATE: only 0.0% of molecules share a scaffold with another molecule, so this partition is deterministic but not a chemical shift regime. Do not report it as scaffold shift.
2026-08-06 09:16:09,830 | INFO    | molsanity | Loaded existing checkpoint gine_92f8d045d39e08c5.pt
2026-08-06 09:16:15,519 | INFO    | molsanity | Wrote molecule grid: artifacts/figures/_summary/molgrid_SynthMotifs.pdf
2026-08-06 09:16:15,536 | INFO    | molsanity | Wrote 10 summary figure(s)
2026-08-06 09:16:21,172 | INFO    | molsanity | Wrote dissociation figure
2026-08-06 09:17:52,009 | INFO    | molsanity | Collected figures -> figures/ (520 files, 187 cells)
2026-08-06 09:17:52,010 | INFO    | molsanity | === Run complete: {'done': 558, 'failed': 0, 'skipped': 0, 'running': 0} ===
