2026-08-05 02:28:06,698 | INFO    | molsanity | === MolSanity run: full.yaml (seed=0) ===
2026-08-05 02:28:12,832 | INFO    | molsanity | Preflight: attributor dependencies OK.
2026-08-05 02:28:12,836 | INFO    | molsanity | Seeds: [0, 1, 2]
2026-08-05 02:28:13,432 | INFO    | molsanity | [stage cell_SynthMotifs__GINE__IntegratedGradients__scaffold__seed0] cache hit (f27d4f634a6b3108) — skipping
2026-08-05 02:28:13,433 | INFO    | molsanity | [cell SynthMotifs__GINE__IntegratedGradients__scaffold__seed0] DONE — acc=0.91 gt_auroc=0.97744 n=200 (capped) [cached]
2026-08-05 02:28:14,228 | INFO    | molsanity | [stage cell_SynthMotifs__GINE__IntegratedGradients__scaffold__seed1] cache hit (fa1093e519ff4552) — skipping
2026-08-05 02:28:14,228 | INFO    | molsanity | [cell SynthMotifs__GINE__IntegratedGradients__scaffold__seed1] DONE — acc=0.96 gt_auroc=0.9764400000000001 n=200 (capped) [cached]
2026-08-05 02:28:14,865 | INFO    | molsanity | [stage cell_SynthMotifs__GINE__IntegratedGradients__scaffold__seed2] cache hit (ed76f6ca9aec96f7) — skipping
2026-08-05 02:28:14,865 | INFO    | molsanity | [cell SynthMotifs__GINE__IntegratedGradients__scaffold__seed2] DONE — acc=0.97 gt_auroc=0.9664400000000001 n=200 (capped) [cached]
2026-08-05 02:28:15,493 | INFO    | molsanity | [stage cell_SynthMotifs__GINE__IntegratedGradients__random__seed0] cache hit (02753f4e809ce5f5) — skipping
2026-08-05 02:28:15,493 | INFO    | molsanity | [cell SynthMotifs__GINE__IntegratedGradients__random__seed0] DONE — acc=0.98 gt_auroc=0.9968800000000002 n=200 (capped) [cached]
2026-08-05 02:28:16,103 | INFO    | molsanity | [stage cell_SynthMotifs__GINE__IntegratedGradients__random__seed1] cache hit (7d175e0f92c82ad0) — skipping
2026-08-05 02:28:16,103 | INFO    | molsanity | [cell SynthMotifs__GINE__IntegratedGradients__random__seed1] DONE — acc=0.98 gt_auroc=0.99576 n=200 (capped) [cached]
2026-08-05 02:28:16,681 | INFO    | molsanity | [stage cell_SynthMotifs__GINE__IntegratedGradients__random__seed2] cache hit (1565f585e9b5541c) — skipping
2026-08-05 02:28:16,682 | INFO    | molsanity | [cell SynthMotifs__GINE__IntegratedGradients__random__seed2] DONE — acc=0.94 gt_auroc=0.97708 n=200 (capped) [cached]
2026-08-05 02:28:17,333 | INFO    | molsanity | [stage cell_SynthMotifs__GINE__Saliency__scaffold__seed0] cache hit (48c0da9ec625aa1b) — skipping
2026-08-05 02:28:17,333 | INFO    | molsanity | [cell SynthMotifs__GINE__Saliency__scaffold__seed0] DONE — acc=0.91 gt_auroc=0.98556 n=200 (capped) [cached]
2026-08-05 02:28:17,938 | INFO    | molsanity | [stage cell_SynthMotifs__GINE__Saliency__scaffold__seed1] cache hit (f25166dbe4c4fd71) — skipping
2026-08-05 02:28:17,938 | INFO    | molsanity | [cell SynthMotifs__GINE__Saliency__scaffold__seed1] DONE — acc=0.96 gt_auroc=0.91632 n=200 (capped) [cached]
2026-08-05 02:28:18,527 | INFO    | molsanity | [stage cell_SynthMotifs__GINE__Saliency__scaffold__seed2] cache hit (1072fc88b967a5a2) — skipping
2026-08-05 02:28:18,527 | INFO    | molsanity | [cell SynthMotifs__GINE__Saliency__scaffold__seed2] DONE — acc=0.97 gt_auroc=0.96884 n=200 (capped) [cached]
2026-08-05 02:28:19,120 | INFO    | molsanity | [stage cell_SynthMotifs__GINE__Saliency__random__seed0] cache hit (f35ee62bd3a2fd8c) — skipping
2026-08-05 02:28:19,120 | INFO    | molsanity | [cell SynthMotifs__GINE__Saliency__random__seed0] DONE — acc=0.98 gt_auroc=0.9934000000000001 n=200 (capped) [cached]
2026-08-05 02:28:19,796 | INFO    | molsanity | [stage cell_SynthMotifs__GINE__Saliency__random__seed1] cache hit (b12bf657be55d0c6) — skipping
2026-08-05 02:28:19,796 | INFO    | molsanity | [cell SynthMotifs__GINE__Saliency__random__seed1] DONE — acc=0.98 gt_auroc=0.98276 n=200 (capped) [cached]
2026-08-05 02:28:20,405 | INFO    | molsanity | [stage cell_SynthMotifs__GINE__Saliency__random__seed2] cache hit (00333c65a3925cbb) — skipping
2026-08-05 02:28:20,405 | INFO    | molsanity | [cell SynthMotifs__GINE__Saliency__random__seed2] DONE — acc=0.94 gt_auroc=0.9599599999999999 n=200 (capped) [cached]
2026-08-05 02:28:21,021 | INFO    | molsanity | [stage cell_SynthMotifs__GINE__InputXGradient__scaffold__seed0] cache hit (0523697f3cf545a1) — skipping
2026-08-05 02:28:21,021 | INFO    | molsanity | [cell SynthMotifs__GINE__InputXGradient__scaffold__seed0] DONE — acc=0.91 gt_auroc=0.99192 n=200 (capped) [cached]
2026-08-05 02:28:21,606 | INFO    | molsanity | [stage cell_SynthMotifs__GINE__InputXGradient__scaffold__seed1] cache hit (6a835c600f152d2c) — skipping
2026-08-05 02:28:21,606 | INFO    | molsanity | [cell SynthMotifs__GINE__InputXGradient__scaffold__seed1] DONE — acc=0.96 gt_auroc=0.9107599999999999 n=200 (capped) [cached]
2026-08-05 02:28:22,224 | INFO    | molsanity | [stage cell_SynthMotifs__GINE__InputXGradient__scaffold__seed2] cache hit (a767378d0f597e76) — skipping
2026-08-05 02:28:22,224 | INFO    | molsanity | [cell SynthMotifs__GINE__InputXGradient__scaffold__seed2] DONE — acc=0.97 gt_auroc=0.9607600000000001 n=200 (capped) [cached]
2026-08-05 02:28:23,045 | INFO    | molsanity | [stage cell_SynthMotifs__GINE__InputXGradient__random__seed0] cache hit (55c7baf914e35f27) — skipping
2026-08-05 02:28:23,045 | INFO    | molsanity | [cell SynthMotifs__GINE__InputXGradient__random__seed0] DONE — acc=0.98 gt_auroc=0.9872 n=200 (capped) [cached]
2026-08-05 02:28:23,688 | INFO    | molsanity | [stage cell_SynthMotifs__GINE__InputXGradient__random__seed1] cache hit (f0b3d5309ccd3f1a) — skipping
2026-08-05 02:28:23,688 | INFO    | molsanity | [cell SynthMotifs__GINE__InputXGradient__random__seed1] DONE — acc=0.98 gt_auroc=0.9632 n=200 (capped) [cached]
2026-08-05 02:28:24,302 | INFO    | molsanity | [stage cell_SynthMotifs__GINE__InputXGradient__random__seed2] cache hit (3745ebf4616a742c) — skipping
2026-08-05 02:28:24,302 | INFO    | molsanity | [cell SynthMotifs__GINE__InputXGradient__random__seed2] DONE — acc=0.94 gt_auroc=0.9592400000000001 n=200 (capped) [cached]
2026-08-05 02:28:25,018 | INFO    | molsanity | [stage cell_SynthMotifs__GINE__GuidedBackprop__scaffold__seed0] cache hit (f070359dac6e41bf) — skipping
2026-08-05 02:28:25,019 | INFO    | molsanity | [cell SynthMotifs__GINE__GuidedBackprop__scaffold__seed0] DONE — acc=0.91 gt_auroc=0.9814799999999999 n=200 (capped) [cached]
2026-08-05 02:28:25,634 | INFO    | molsanity | [stage cell_SynthMotifs__GINE__GuidedBackprop__scaffold__seed1] cache hit (02b1fdece75cf491) — skipping
2026-08-05 02:28:25,634 | INFO    | molsanity | [cell SynthMotifs__GINE__GuidedBackprop__scaffold__seed1] DONE — acc=0.96 gt_auroc=0.9720799999999999 n=200 (capped) [cached]
2026-08-05 02:28:26,249 | INFO    | molsanity | [stage cell_SynthMotifs__GINE__GuidedBackprop__scaffold__seed2] cache hit (fd15f1f7db0eea88) — skipping
2026-08-05 02:28:26,249 | INFO    | molsanity | [cell SynthMotifs__GINE__GuidedBackprop__scaffold__seed2] DONE — acc=0.97 gt_auroc=0.97012 n=200 (capped) [cached]
2026-08-05 02:28:26,853 | INFO    | molsanity | [stage cell_SynthMotifs__GINE__GuidedBackprop__random__seed0] cache hit (638a07f5d6d7d957) — skipping
2026-08-05 02:28:26,853 | INFO    | molsanity | [cell SynthMotifs__GINE__GuidedBackprop__random__seed0] DONE — acc=0.98 gt_auroc=0.9992 n=200 (capped) [cached]
2026-08-05 02:28:27,452 | INFO    | molsanity | [stage cell_SynthMotifs__GINE__GuidedBackprop__random__seed1] cache hit (3e0b9edcddbc52d1) — skipping
2026-08-05 02:28:27,452 | INFO    | molsanity | [cell SynthMotifs__GINE__GuidedBackprop__random__seed1] DONE — acc=0.98 gt_auroc=0.9887999999999999 n=200 (capped) [cached]
2026-08-05 02:28:28,133 | INFO    | molsanity | [stage cell_SynthMotifs__GINE__GuidedBackprop__random__seed2] cache hit (77c447e50517c08c) — skipping
2026-08-05 02:28:28,133 | INFO    | molsanity | [cell SynthMotifs__GINE__GuidedBackprop__random__seed2] DONE — acc=0.94 gt_auroc=0.9957600000000001 n=200 (capped) [cached]
2026-08-05 02:28:28,737 | INFO    | molsanity | [stage cell_SynthMotifs__GINE__GNNExplainer__scaffold__seed0] cache hit (7c81382c624ab22e) — skipping
2026-08-05 02:28:28,737 | INFO    | molsanity | [cell SynthMotifs__GINE__GNNExplainer__scaffold__seed0] DONE — acc=0.91 gt_auroc=0.4738800000000001 n=200 (capped) [cached]
2026-08-05 02:28:29,365 | INFO    | molsanity | [stage cell_SynthMotifs__GINE__GNNExplainer__scaffold__seed1] cache hit (877603bc23fac794) — skipping
2026-08-05 02:28:29,366 | INFO    | molsanity | [cell SynthMotifs__GINE__GNNExplainer__scaffold__seed1] DONE — acc=0.96 gt_auroc=0.87772 n=200 (capped) [cached]
2026-08-05 02:28:29,971 | INFO    | molsanity | [stage cell_SynthMotifs__GINE__GNNExplainer__scaffold__seed2] cache hit (6b443ac2d04a9fd0) — skipping
2026-08-05 02:28:29,971 | INFO    | molsanity | [cell SynthMotifs__GINE__GNNExplainer__scaffold__seed2] DONE — acc=0.97 gt_auroc=0.57452 n=200 (capped) [cached]
2026-08-05 02:28:30,638 | INFO    | molsanity | [stage cell_SynthMotifs__GINE__GNNExplainer__random__seed0] cache hit (1de202a37979e9ea) — skipping
2026-08-05 02:28:30,639 | INFO    | molsanity | [cell SynthMotifs__GINE__GNNExplainer__random__seed0] DONE — acc=0.98 gt_auroc=0.5642 n=200 (capped) [cached]
2026-08-05 02:28:31,297 | INFO    | molsanity | [stage cell_SynthMotifs__GINE__GNNExplainer__random__seed1] cache hit (8340e3487494e388) — skipping
2026-08-05 02:28:31,298 | INFO    | molsanity | [cell SynthMotifs__GINE__GNNExplainer__random__seed1] DONE — acc=0.98 gt_auroc=0.63536 n=200 (capped) [cached]
2026-08-05 02:28:31,896 | INFO    | molsanity | [stage cell_SynthMotifs__GINE__GNNExplainer__random__seed2] cache hit (1bb1d5c3685e28db) — skipping
2026-08-05 02:28:31,897 | INFO    | molsanity | [cell SynthMotifs__GINE__GNNExplainer__random__seed2] DONE — acc=0.94 gt_auroc=0.6977600000000002 n=200 (capped) [cached]
2026-08-05 02:28:32,516 | INFO    | molsanity | [stage cell_SynthMotifs__GINE__PGExplainer__scaffold__seed0] cache hit (4d50e6059b8ac06a) — skipping
2026-08-05 02:28:32,516 | INFO    | molsanity | [cell SynthMotifs__GINE__PGExplainer__scaffold__seed0] DONE — acc=0.91 gt_auroc=0.44195999999999996 n=200 (capped) [cached]
2026-08-05 02:28:33,155 | INFO    | molsanity | [stage cell_SynthMotifs__GINE__PGExplainer__scaffold__seed1] cache hit (869972bae0db86de) — skipping
2026-08-05 02:28:33,156 | INFO    | molsanity | [cell SynthMotifs__GINE__PGExplainer__scaffold__seed1] DONE — acc=0.96 gt_auroc=0.28966 n=200 (capped) [cached]
2026-08-05 02:28:33,771 | INFO    | molsanity | [stage cell_SynthMotifs__GINE__PGExplainer__scaffold__seed2] cache hit (4ab8bc3689fdfa84) — skipping
2026-08-05 02:28:33,771 | INFO    | molsanity | [cell SynthMotifs__GINE__PGExplainer__scaffold__seed2] DONE — acc=0.97 gt_auroc=0.33104 n=200 (capped) [cached]
2026-08-05 02:28:34,387 | INFO    | molsanity | [stage cell_SynthMotifs__GINE__PGExplainer__random__seed0] cache hit (53469b066322fe83) — skipping
2026-08-05 02:28:34,387 | INFO    | molsanity | [cell SynthMotifs__GINE__PGExplainer__random__seed0] DONE — acc=0.98 gt_auroc=0.46025999999999995 n=200 (capped) [cached]
2026-08-05 02:28:35,135 | INFO    | molsanity | [stage cell_SynthMotifs__GINE__PGExplainer__random__seed1] cache hit (3d9086e35d1f027f) — skipping
2026-08-05 02:28:35,135 | INFO    | molsanity | [cell SynthMotifs__GINE__PGExplainer__random__seed1] DONE — acc=0.98 gt_auroc=0.47098 n=200 (capped) [cached]
2026-08-05 02:28:35,730 | INFO    | molsanity | [stage cell_SynthMotifs__GINE__PGExplainer__random__seed2] cache hit (696827c803f6b42b) — skipping
2026-08-05 02:28:35,730 | INFO    | molsanity | [cell SynthMotifs__GINE__PGExplainer__random__seed2] DONE — acc=0.94 gt_auroc=0.31392000000000003 n=200 (capped) [cached]
2026-08-05 02:28:36,291 | INFO    | molsanity | [stage cell_SynthMotifs__GINE__SubgraphX__scaffold__seed0] cache hit (7e4a7e8647613e73) — skipping
2026-08-05 02:28:36,292 | INFO    | molsanity | [cell SynthMotifs__GINE__SubgraphX__scaffold__seed0] DONE — acc=0.91 gt_auroc=0.6311 n=200 (capped) [cached]
2026-08-05 02:28:36,915 | INFO    | molsanity | [stage cell_SynthMotifs__GINE__SubgraphX__scaffold__seed1] cache hit (4dd6958e32ea5044) — skipping
2026-08-05 02:28:36,915 | INFO    | molsanity | [cell SynthMotifs__GINE__SubgraphX__scaffold__seed1] DONE — acc=0.96 gt_auroc=0.8443 n=200 (capped) [cached]
2026-08-05 02:28:37,616 | INFO    | molsanity | [stage cell_SynthMotifs__GINE__SubgraphX__scaffold__seed2] cache hit (0ea5f6bf53f6f994) — skipping
2026-08-05 02:28:37,616 | INFO    | molsanity | [cell SynthMotifs__GINE__SubgraphX__scaffold__seed2] DONE — acc=0.97 gt_auroc=0.779 n=200 (capped) [cached]
2026-08-05 02:28:38,256 | INFO    | molsanity | [stage cell_SynthMotifs__GINE__SubgraphX__random__seed0] cache hit (494517c96ed94269) — skipping
2026-08-05 02:28:38,256 | INFO    | molsanity | [cell SynthMotifs__GINE__SubgraphX__random__seed0] DONE — acc=0.98 gt_auroc=0.6419999999999999 n=200 (capped) [cached]
2026-08-05 02:28:38,922 | INFO    | molsanity | [stage cell_SynthMotifs__GINE__SubgraphX__random__seed1] cache hit (ac86cb2b18b32abf) — skipping
2026-08-05 02:28:38,923 | INFO    | molsanity | [cell SynthMotifs__GINE__SubgraphX__random__seed1] DONE — acc=0.98 gt_auroc=0.8237000000000001 n=200 (capped) [cached]
2026-08-05 02:28:39,580 | INFO    | molsanity | [stage cell_SynthMotifs__GINE__SubgraphX__random__seed2] cache hit (e32ec76efe0fa024) — skipping
2026-08-05 02:28:39,581 | INFO    | molsanity | [cell SynthMotifs__GINE__SubgraphX__random__seed2] DONE — acc=0.94 gt_auroc=0.8449999999999999 n=200 (capped) [cached]
2026-08-05 02:28:40,167 | INFO    | molsanity | [stage cell_SynthMotifs__GCN__IntegratedGradients__scaffold__seed0] cache hit (93c6faae035847ce) — skipping
2026-08-05 02:28:40,167 | INFO    | molsanity | [cell SynthMotifs__GCN__IntegratedGradients__scaffold__seed0] DONE — acc=0.63 gt_auroc=0.94524 n=200 (capped) [cached]
2026-08-05 02:28:40,816 | INFO    | molsanity | [stage cell_SynthMotifs__GCN__IntegratedGradients__scaffold__seed1] cache hit (cd1aa77250512dd0) — skipping
2026-08-05 02:28:40,816 | INFO    | molsanity | [cell SynthMotifs__GCN__IntegratedGradients__scaffold__seed1] DONE — acc=0.97 gt_auroc=0.93392 n=200 (capped) [cached]
2026-08-05 02:28:41,476 | INFO    | molsanity | [stage cell_SynthMotifs__GCN__IntegratedGradients__scaffold__seed2] cache hit (1e184a0bb887065b) — skipping
2026-08-05 02:28:41,476 | INFO    | molsanity | [cell SynthMotifs__GCN__IntegratedGradients__scaffold__seed2] DONE — acc=0.97 gt_auroc=0.9807600000000001 n=200 (capped) [cached]
2026-08-05 02:28:42,101 | INFO    | molsanity | [stage cell_SynthMotifs__GCN__IntegratedGradients__random__seed0] cache hit (ec9bf3b952b08fe6) — skipping
2026-08-05 02:28:42,102 | INFO    | molsanity | [cell SynthMotifs__GCN__IntegratedGradients__random__seed0] DONE — acc=0.69 gt_auroc=0.58304 n=200 (capped) [cached]
2026-08-05 02:28:42,685 | INFO    | molsanity | [stage cell_SynthMotifs__GCN__IntegratedGradients__random__seed1] cache hit (1e664288be969189) — skipping
2026-08-05 02:28:42,686 | INFO    | molsanity | [cell SynthMotifs__GCN__IntegratedGradients__random__seed1] DONE — acc=0.98 gt_auroc=0.98348 n=200 (capped) [cached]
2026-08-05 02:28:43,295 | INFO    | molsanity | [stage cell_SynthMotifs__GCN__IntegratedGradients__random__seed2] cache hit (c9fe87952bebe4f6) — skipping
2026-08-05 02:28:43,295 | INFO    | molsanity | [cell SynthMotifs__GCN__IntegratedGradients__random__seed2] DONE — acc=0.99 gt_auroc=0.9902799999999999 n=200 (capped) [cached]
2026-08-05 02:28:43,879 | INFO    | molsanity | [stage cell_SynthMotifs__GAT__IntegratedGradients__scaffold__seed0] cache hit (c1bc112c68f2ebc8) — skipping
2026-08-05 02:28:43,880 | INFO    | molsanity | [cell SynthMotifs__GAT__IntegratedGradients__scaffold__seed0] DONE — acc=0.99 gt_auroc=0.8317599999999998 n=200 (capped) [cached]
2026-08-05 02:28:44,631 | INFO    | molsanity | [stage cell_SynthMotifs__GAT__IntegratedGradients__scaffold__seed1] cache hit (cbb5fed3e1d0a971) — skipping
2026-08-05 02:28:44,631 | INFO    | molsanity | [cell SynthMotifs__GAT__IntegratedGradients__scaffold__seed1] DONE — acc=0.62 gt_auroc=0.98536 n=200 (capped) [cached]
2026-08-05 02:28:45,263 | INFO    | molsanity | [stage cell_SynthMotifs__GAT__IntegratedGradients__scaffold__seed2] cache hit (fb62a29424f5b693) — skipping
2026-08-05 02:28:45,263 | INFO    | molsanity | [cell SynthMotifs__GAT__IntegratedGradients__scaffold__seed2] DONE — acc=0.99 gt_auroc=0.9197600000000001 n=200 (capped) [cached]
2026-08-05 02:28:45,860 | INFO    | molsanity | [stage cell_SynthMotifs__GAT__IntegratedGradients__random__seed0] cache hit (6bf8cf15f56cd9d6) — skipping
2026-08-05 02:28:45,860 | INFO    | molsanity | [cell SynthMotifs__GAT__IntegratedGradients__random__seed0] DONE — acc=0.99 gt_auroc=0.9200800000000001 n=200 (capped) [cached]
2026-08-05 02:28:46,458 | INFO    | molsanity | [stage cell_SynthMotifs__GAT__IntegratedGradients__random__seed1] cache hit (8c9d530c6a6a33e1) — skipping
2026-08-05 02:28:46,458 | INFO    | molsanity | [cell SynthMotifs__GAT__IntegratedGradients__random__seed1] DONE — acc=0.98 gt_auroc=0.8164 n=200 (capped) [cached]
2026-08-05 02:28:47,098 | INFO    | molsanity | [stage cell_SynthMotifs__GAT__IntegratedGradients__random__seed2] cache hit (cb7e6f949af6680b) — skipping
2026-08-05 02:28:47,099 | INFO    | molsanity | [cell SynthMotifs__GAT__IntegratedGradients__random__seed2] DONE — acc=0.99 gt_auroc=0.64168 n=200 (capped) [cached]
2026-08-05 02:28:47,880 | INFO    | molsanity | [stage cell_SynthMotifs__MPNN__IntegratedGradients__scaffold__seed0] cache hit (b23ab13d6292eb0f) — skipping
2026-08-05 02:28:47,881 | INFO    | molsanity | [cell SynthMotifs__MPNN__IntegratedGradients__scaffold__seed0] DONE — acc=0.98 gt_auroc=0.8294400000000002 n=200 (capped) [cached]
2026-08-05 02:28:48,504 | INFO    | molsanity | [stage cell_SynthMotifs__MPNN__IntegratedGradients__scaffold__seed1] cache hit (349d98d8f482e271) — skipping
2026-08-05 02:28:48,504 | INFO    | molsanity | [cell SynthMotifs__MPNN__IntegratedGradients__scaffold__seed1] DONE — acc=0.82 gt_auroc=0.847 n=200 (capped) [cached]
2026-08-05 02:28:49,128 | INFO    | molsanity | [stage cell_SynthMotifs__MPNN__IntegratedGradients__scaffold__seed2] cache hit (e757bfbaedb6e737) — skipping
2026-08-05 02:28:49,128 | INFO    | molsanity | [cell SynthMotifs__MPNN__IntegratedGradients__scaffold__seed2] DONE — acc=0.71 gt_auroc=0.8597999999999999 n=200 (capped) [cached]
2026-08-05 02:28:49,742 | INFO    | molsanity | [stage cell_SynthMotifs__MPNN__IntegratedGradients__random__seed0] cache hit (6e5c645637de4293) — skipping
2026-08-05 02:28:49,742 | INFO    | molsanity | [cell SynthMotifs__MPNN__IntegratedGradients__random__seed0] DONE — acc=0.98 gt_auroc=0.81172 n=200 (capped) [cached]
2026-08-05 02:28:50,338 | INFO    | molsanity | [stage cell_SynthMotifs__MPNN__IntegratedGradients__random__seed1] cache hit (0645410eeb3f861d) — skipping
2026-08-05 02:28:50,339 | INFO    | molsanity | [cell SynthMotifs__MPNN__IntegratedGradients__random__seed1] DONE — acc=0.99 gt_auroc=0.8999600000000001 n=200 (capped) [cached]
2026-08-05 02:28:50,944 | INFO    | molsanity | [stage cell_SynthMotifs__MPNN__IntegratedGradients__random__seed2] cache hit (33dded6901cb933f) — skipping
2026-08-05 02:28:50,944 | INFO    | molsanity | [cell SynthMotifs__MPNN__IntegratedGradients__random__seed2] DONE — acc=1.00 gt_auroc=0.9031199999999999 n=200 (capped) [cached]
2026-08-05 02:28:51,560 | INFO    | molsanity | [stage cell_SynthMotifs__AttentiveFP__IntegratedGradients__scaffold__seed0] cache hit (4afe2fd53e0a3ed1) — skipping
2026-08-05 02:28:51,560 | INFO    | molsanity | [cell SynthMotifs__AttentiveFP__IntegratedGradients__scaffold__seed0] DONE — acc=0.93 gt_auroc=0.82336 n=200 (capped) [cached]
2026-08-05 02:28:52,139 | INFO    | molsanity | [stage cell_SynthMotifs__AttentiveFP__IntegratedGradients__scaffold__seed1] cache hit (c0fed849721aa0aa) — skipping
2026-08-05 02:28:52,139 | INFO    | molsanity | [cell SynthMotifs__AttentiveFP__IntegratedGradients__scaffold__seed1] DONE — acc=0.98 gt_auroc=0.8785200000000001 n=200 (capped) [cached]
2026-08-05 02:28:52,771 | INFO    | molsanity | [stage cell_SynthMotifs__AttentiveFP__IntegratedGradients__scaffold__seed2] cache hit (be9204f8d5531447) — skipping
2026-08-05 02:28:52,771 | INFO    | molsanity | [cell SynthMotifs__AttentiveFP__IntegratedGradients__scaffold__seed2] DONE — acc=0.98 gt_auroc=0.9090400000000001 n=200 (capped) [cached]
2026-08-05 02:28:53,485 | INFO    | molsanity | [stage cell_SynthMotifs__AttentiveFP__IntegratedGradients__random__seed0] cache hit (be6310cea51da325) — skipping
2026-08-05 02:28:53,485 | INFO    | molsanity | [cell SynthMotifs__AttentiveFP__IntegratedGradients__random__seed0] DONE — acc=0.97 gt_auroc=0.7764 n=200 (capped) [cached]
2026-08-05 02:28:54,071 | INFO    | molsanity | [stage cell_SynthMotifs__AttentiveFP__IntegratedGradients__random__seed1] cache hit (31821c4b22e4c233) — skipping
2026-08-05 02:28:54,071 | INFO    | molsanity | [cell SynthMotifs__AttentiveFP__IntegratedGradients__random__seed1] DONE — acc=0.98 gt_auroc=0.9398400000000001 n=200 (capped) [cached]
2026-08-05 02:28:54,698 | INFO    | molsanity | [stage cell_SynthMotifs__AttentiveFP__IntegratedGradients__random__seed2] cache hit (036246f8fc4bfa9f) — skipping
2026-08-05 02:28:54,698 | INFO    | molsanity | [cell SynthMotifs__AttentiveFP__IntegratedGradients__random__seed2] DONE — acc=0.98 gt_auroc=0.8982399999999999 n=200 (capped) [cached]
2026-08-05 02:28:55,293 | INFO    | molsanity | [stage cell_MUTAG__GINE__IntegratedGradients__scaffold__seed0] cache hit (3aa3e31d4f2c8067) — skipping
2026-08-05 02:28:55,294 | INFO    | molsanity | [cell MUTAG__GINE__IntegratedGradients__scaffold__seed0] DONE — acc=0.51 gt_auroc=0.6857638133026588 n=53 (capped) [cached]
2026-08-05 02:28:55,925 | INFO    | molsanity | [stage cell_MUTAG__GINE__IntegratedGradients__scaffold__seed1] cache hit (7b2d5302e2cf4d5a) — skipping
2026-08-05 02:28:55,925 | INFO    | molsanity | [cell MUTAG__GINE__IntegratedGradients__scaffold__seed1] DONE — acc=0.91 gt_auroc=0.7148753967288928 n=53 (capped) [cached]
2026-08-05 02:28:56,559 | INFO    | molsanity | [stage cell_MUTAG__GINE__IntegratedGradients__scaffold__seed2] cache hit (edf5c9bd02ec2ff9) — skipping
2026-08-05 02:28:56,559 | INFO    | molsanity | [cell MUTAG__GINE__IntegratedGradients__scaffold__seed2] DONE — acc=0.79 gt_auroc=0.30161212877639065 n=53 (capped) [cached]
2026-08-05 02:28:57,196 | INFO    | molsanity | [stage cell_MUTAG__GINE__IntegratedGradients__random__seed0] cache hit (d4fbdab4b540d133) — skipping
2026-08-05 02:28:57,197 | INFO    | molsanity | [cell MUTAG__GINE__IntegratedGradients__random__seed0] DONE — acc=0.53 gt_auroc=0.052496601888082625 n=58 (capped) [cached]
2026-08-05 02:28:57,978 | INFO    | molsanity | [stage cell_MUTAG__GINE__IntegratedGradients__random__seed1] cache hit (4300ff5c400332c8) — skipping
2026-08-05 02:28:57,979 | INFO    | molsanity | [cell MUTAG__GINE__IntegratedGradients__random__seed1] DONE — acc=0.81 gt_auroc=0.6122331818809479 n=58 (capped) [cached]
2026-08-05 02:28:58,592 | INFO    | molsanity | [stage cell_MUTAG__GINE__IntegratedGradients__random__seed2] cache hit (89ae96df2404e600) — skipping
2026-08-05 02:28:58,592 | INFO    | molsanity | [cell MUTAG__GINE__IntegratedGradients__random__seed2] DONE — acc=0.90 gt_auroc=0.4956688191982309 n=58 (capped) [cached]
2026-08-05 02:28:59,214 | INFO    | molsanity | [stage cell_MUTAG__GINE__Saliency__scaffold__seed0] cache hit (886aacf56665b7cb) — skipping
2026-08-05 02:28:59,214 | INFO    | molsanity | [cell MUTAG__GINE__Saliency__scaffold__seed0] DONE — acc=0.51 gt_auroc=0.12444117675804692 n=53 (capped) [cached]
2026-08-05 02:28:59,903 | INFO    | molsanity | [stage cell_MUTAG__GINE__Saliency__scaffold__seed1] cache hit (606cd1db79af7956) — skipping
2026-08-05 02:28:59,904 | INFO    | molsanity | [cell MUTAG__GINE__Saliency__scaffold__seed1] DONE — acc=0.91 gt_auroc=0.027005045761982496 n=53 (capped) [cached]
2026-08-05 02:29:00,562 | INFO    | molsanity | [stage cell_MUTAG__GINE__Saliency__scaffold__seed2] cache hit (167142f522ce4857) — skipping
2026-08-05 02:29:00,563 | INFO    | molsanity | [cell MUTAG__GINE__Saliency__scaffold__seed2] DONE — acc=0.79 gt_auroc=0.0016273035140959662 n=53 (capped) [cached]
2026-08-05 02:29:01,248 | INFO    | molsanity | [stage cell_MUTAG__GINE__Saliency__random__seed0] cache hit (ae49521b02afcf41) — skipping
2026-08-05 02:29:01,248 | INFO    | molsanity | [cell MUTAG__GINE__Saliency__random__seed0] DONE — acc=0.53 gt_auroc=0.029480792196309433 n=58 (capped) [cached]
2026-08-05 02:29:02,001 | INFO    | molsanity | [stage cell_MUTAG__GINE__Saliency__random__seed1] cache hit (341703ac7e1ee699) — skipping
2026-08-05 02:29:02,002 | INFO    | molsanity | [cell MUTAG__GINE__Saliency__random__seed1] DONE — acc=0.81 gt_auroc=0.005584599740279254 n=58 (capped) [cached]
2026-08-05 02:29:02,616 | INFO    | molsanity | [stage cell_MUTAG__GINE__Saliency__random__seed2] cache hit (6904078b43ef0b42) — skipping
2026-08-05 02:29:02,616 | INFO    | molsanity | [cell MUTAG__GINE__Saliency__random__seed2] DONE — acc=0.90 gt_auroc=0.0017959770114942526 n=58 (capped) [cached]
2026-08-05 02:29:03,276 | INFO    | molsanity | [stage cell_MUTAG__GINE__InputXGradient__scaffold__seed0] cache hit (8a69ae0f024b66ab) — skipping
2026-08-05 02:29:03,277 | INFO    | molsanity | [cell MUTAG__GINE__InputXGradient__scaffold__seed0] DONE — acc=0.51 gt_auroc=0.2099770343111075 n=53 (capped) [cached]
2026-08-05 02:29:03,934 | INFO    | molsanity | [stage cell_MUTAG__GINE__InputXGradient__scaffold__seed1] cache hit (47c3447c89b5bee4) — skipping
2026-08-05 02:29:03,934 | INFO    | molsanity | [cell MUTAG__GINE__InputXGradient__scaffold__seed1] DONE — acc=0.91 gt_auroc=0.06037560858593045 n=53 (capped) [cached]
2026-08-05 02:29:04,520 | INFO    | molsanity | [stage cell_MUTAG__GINE__InputXGradient__scaffold__seed2] cache hit (85619246ec667780) — skipping
2026-08-05 02:29:04,520 | INFO    | molsanity | [cell MUTAG__GINE__InputXGradient__scaffold__seed2] DONE — acc=0.79 gt_auroc=0.07852186145748852 n=53 (capped) [cached]
2026-08-05 02:29:05,157 | INFO    | molsanity | [stage cell_MUTAG__GINE__InputXGradient__random__seed0] cache hit (3728be81bab9db42) — skipping
2026-08-05 02:29:05,157 | INFO    | molsanity | [cell MUTAG__GINE__InputXGradient__random__seed0] DONE — acc=0.53 gt_auroc=0.06584852774000848 n=58 (capped) [cached]
2026-08-05 02:29:05,814 | INFO    | molsanity | [stage cell_MUTAG__GINE__InputXGradient__random__seed1] cache hit (9c9fb4c30aa1cbe1) — skipping
2026-08-05 02:29:05,815 | INFO    | molsanity | [cell MUTAG__GINE__InputXGradient__random__seed1] DONE — acc=0.81 gt_auroc=0.024886085918833865 n=58 (capped) [cached]
2026-08-05 02:29:06,462 | INFO    | molsanity | [stage cell_MUTAG__GINE__InputXGradient__random__seed2] cache hit (46c5b9d3394a9393) — skipping
2026-08-05 02:29:06,463 | INFO    | molsanity | [cell MUTAG__GINE__InputXGradient__random__seed2] DONE — acc=0.90 gt_auroc=0.013035591483867345 n=58 (capped) [cached]
2026-08-05 02:29:07,062 | INFO    | molsanity | [stage cell_MUTAG__GINE__GuidedBackprop__scaffold__seed0] cache hit (1401efa11d38d147) — skipping
2026-08-05 02:29:07,062 | INFO    | molsanity | [cell MUTAG__GINE__GuidedBackprop__scaffold__seed0] DONE — acc=0.51 gt_auroc=0.06735656028108858 n=53 (capped) [cached]
2026-08-05 02:29:07,677 | INFO    | molsanity | [stage cell_MUTAG__GINE__GuidedBackprop__scaffold__seed1] cache hit (508c1dce024c96b7) — skipping
2026-08-05 02:29:07,677 | INFO    | molsanity | [cell MUTAG__GINE__GuidedBackprop__scaffold__seed1] DONE — acc=0.91 gt_auroc=0.06100073981594515 n=53 (capped) [cached]
2026-08-05 02:29:08,365 | INFO    | molsanity | [stage cell_MUTAG__GINE__GuidedBackprop__scaffold__seed2] cache hit (15d18328bfb11175) — skipping
2026-08-05 02:29:08,365 | INFO    | molsanity | [cell MUTAG__GINE__GuidedBackprop__scaffold__seed2] DONE — acc=0.79 gt_auroc=0.012858664745457197 n=53 (capped) [cached]
2026-08-05 02:29:09,010 | INFO    | molsanity | [stage cell_MUTAG__GINE__GuidedBackprop__random__seed0] cache hit (f64a56eee9ff5c02) — skipping
2026-08-05 02:29:09,010 | INFO    | molsanity | [cell MUTAG__GINE__GuidedBackprop__random__seed0] DONE — acc=0.53 gt_auroc=0.22485861510962932 n=58 (capped) [cached]
2026-08-05 02:29:09,605 | INFO    | molsanity | [stage cell_MUTAG__GINE__GuidedBackprop__random__seed1] cache hit (5197fd8710dcaee0) — skipping
2026-08-05 02:29:09,605 | INFO    | molsanity | [cell MUTAG__GINE__GuidedBackprop__random__seed1] DONE — acc=0.81 gt_auroc=0.030085411861861092 n=58 (capped) [cached]
2026-08-05 02:29:10,231 | INFO    | molsanity | [stage cell_MUTAG__GINE__GuidedBackprop__random__seed2] cache hit (c58f165f2742c7f0) — skipping
2026-08-05 02:29:10,232 | INFO    | molsanity | [cell MUTAG__GINE__GuidedBackprop__random__seed2] DONE — acc=0.90 gt_auroc=0.03692739346897562 n=58 (capped) [cached]
2026-08-05 02:29:10,840 | INFO    | molsanity | [stage cell_MUTAG__GINE__GNNExplainer__scaffold__seed0] cache hit (84e09c645ef35380) — skipping
2026-08-05 02:29:10,841 | INFO    | molsanity | [cell MUTAG__GINE__GNNExplainer__scaffold__seed0] DONE — acc=0.51 gt_auroc=0.6751190823194153 n=53 (capped) [cached]
2026-08-05 02:29:11,452 | INFO    | molsanity | [stage cell_MUTAG__GINE__GNNExplainer__scaffold__seed1] cache hit (71c01e99c60dbd10) — skipping
2026-08-05 02:29:11,452 | INFO    | molsanity | [cell MUTAG__GINE__GNNExplainer__scaffold__seed1] DONE — acc=0.91 gt_auroc=0.8224781192109161 n=53 (capped) [cached]
2026-08-05 02:29:12,059 | INFO    | molsanity | [stage cell_MUTAG__GINE__GNNExplainer__scaffold__seed2] cache hit (b13e9906b126d7f8) — skipping
2026-08-05 02:29:12,059 | INFO    | molsanity | [cell MUTAG__GINE__GNNExplainer__scaffold__seed2] DONE — acc=0.79 gt_auroc=0.8260556632088263 n=53 (capped) [cached]
2026-08-05 02:29:12,646 | INFO    | molsanity | [stage cell_MUTAG__GINE__GNNExplainer__random__seed0] cache hit (83f6206f8aa6c800) — skipping
2026-08-05 02:29:12,647 | INFO    | molsanity | [cell MUTAG__GINE__GNNExplainer__random__seed0] DONE — acc=0.53 gt_auroc=0.4478129307680524 n=58 (capped) [cached]
2026-08-05 02:29:13,269 | INFO    | molsanity | [stage cell_MUTAG__GINE__GNNExplainer__random__seed1] cache hit (4c93fbf63929b159) — skipping
2026-08-05 02:29:13,269 | INFO    | molsanity | [cell MUTAG__GINE__GNNExplainer__random__seed1] DONE — acc=0.81 gt_auroc=0.7279442813882203 n=58 (capped) [cached]
2026-08-05 02:29:13,946 | INFO    | molsanity | [stage cell_MUTAG__GINE__GNNExplainer__random__seed2] cache hit (d51b0fcc9cc85506) — skipping
2026-08-05 02:29:13,946 | INFO    | molsanity | [cell MUTAG__GINE__GNNExplainer__random__seed2] DONE — acc=0.90 gt_auroc=0.8578171940748005 n=58 (capped) [cached]
2026-08-05 02:29:14,532 | INFO    | molsanity | [stage cell_MUTAG__GINE__PGExplainer__scaffold__seed0] cache hit (c1d1767bb7d18e6b) — skipping
2026-08-05 02:29:14,532 | INFO    | molsanity | [cell MUTAG__GINE__PGExplainer__scaffold__seed0] DONE — acc=0.51 gt_auroc=0.23129212475771851 n=53 (capped) [cached]
2026-08-05 02:29:15,159 | INFO    | molsanity | [stage cell_MUTAG__GINE__PGExplainer__scaffold__seed1] cache hit (2846485f506ee8a2) — skipping
2026-08-05 02:29:15,159 | INFO    | molsanity | [cell MUTAG__GINE__PGExplainer__scaffold__seed1] DONE — acc=0.91 gt_auroc=0.3672124267088196 n=53 (capped) [cached]
2026-08-05 02:29:15,811 | INFO    | molsanity | [stage cell_MUTAG__GINE__PGExplainer__scaffold__seed2] cache hit (454ab3acec162b4d) — skipping
2026-08-05 02:29:15,811 | INFO    | molsanity | [cell MUTAG__GINE__PGExplainer__scaffold__seed2] DONE — acc=0.79 gt_auroc=0.3603304321464698 n=53 (capped) [cached]
2026-08-05 02:29:16,441 | INFO    | molsanity | [stage cell_MUTAG__GINE__PGExplainer__random__seed0] cache hit (0aed256a98e6c327) — skipping
2026-08-05 02:29:16,441 | INFO    | molsanity | [cell MUTAG__GINE__PGExplainer__random__seed0] DONE — acc=0.53 gt_auroc=0.9956896551724138 n=58 (capped) [cached]
2026-08-05 02:29:17,066 | INFO    | molsanity | [stage cell_MUTAG__GINE__PGExplainer__random__seed1] cache hit (4e0253c0191cb1ed) — skipping
2026-08-05 02:29:17,066 | INFO    | molsanity | [cell MUTAG__GINE__PGExplainer__random__seed1] DONE — acc=0.81 gt_auroc=0.7430817492176518 n=58 (capped) [cached]
2026-08-05 02:29:17,837 | INFO    | molsanity | [stage cell_MUTAG__GINE__PGExplainer__random__seed2] cache hit (1789fc5a744c78e5) — skipping
2026-08-05 02:29:17,837 | INFO    | molsanity | [cell MUTAG__GINE__PGExplainer__random__seed2] DONE — acc=0.90 gt_auroc=0.250733136876646 n=58 (capped) [cached]
2026-08-05 02:29:18,483 | INFO    | molsanity | [stage cell_MUTAG__GINE__SubgraphX__scaffold__seed0] cache hit (e88aef366a7722a7) — skipping
2026-08-05 02:29:18,483 | INFO    | molsanity | [cell MUTAG__GINE__SubgraphX__scaffold__seed0] DONE — acc=0.51 gt_auroc=0.5150219624068126 n=53 (capped) [cached]
2026-08-05 02:29:19,100 | INFO    | molsanity | [stage cell_MUTAG__GINE__SubgraphX__scaffold__seed1] cache hit (15c14087dffd2309) — skipping
2026-08-05 02:29:19,100 | INFO    | molsanity | [cell MUTAG__GINE__SubgraphX__scaffold__seed1] DONE — acc=0.91 gt_auroc=0.3324233372374327 n=53 (capped) [cached]
2026-08-05 02:29:19,736 | INFO    | molsanity | [stage cell_MUTAG__GINE__SubgraphX__scaffold__seed2] cache hit (914146596faee488) — skipping
2026-08-05 02:29:19,736 | INFO    | molsanity | [cell MUTAG__GINE__SubgraphX__scaffold__seed2] DONE — acc=0.79 gt_auroc=0.3302130159580215 n=53 (capped) [cached]
2026-08-05 02:29:20,421 | INFO    | molsanity | [stage cell_MUTAG__GINE__SubgraphX__random__seed0] cache hit (282f52bab8f5ae42) — skipping
2026-08-05 02:29:20,422 | INFO    | molsanity | [cell MUTAG__GINE__SubgraphX__random__seed0] DONE — acc=0.53 gt_auroc=0.3419885683957692 n=58 (capped) [cached]
2026-08-05 02:29:21,033 | INFO    | molsanity | [stage cell_MUTAG__GINE__SubgraphX__random__seed1] cache hit (8ae176b3ef0e670e) — skipping
2026-08-05 02:29:21,033 | INFO    | molsanity | [cell MUTAG__GINE__SubgraphX__random__seed1] DONE — acc=0.81 gt_auroc=0.4886552383286263 n=58 (capped) [cached]
2026-08-05 02:29:21,678 | INFO    | molsanity | [stage cell_MUTAG__GINE__SubgraphX__random__seed2] cache hit (f8de002d4d207692) — skipping
2026-08-05 02:29:21,678 | INFO    | molsanity | [cell MUTAG__GINE__SubgraphX__random__seed2] DONE — acc=0.90 gt_auroc=0.3478595989878952 n=58 (capped) [cached]
2026-08-05 02:29:22,301 | INFO    | molsanity | [stage cell_MUTAG__GCN__IntegratedGradients__scaffold__seed0] cache hit (1aec3a4d13b00ce5) — skipping
2026-08-05 02:29:22,302 | INFO    | molsanity | [cell MUTAG__GCN__IntegratedGradients__scaffold__seed0] DONE — acc=0.79 gt_auroc=0.10078474419484408 n=53 (capped) [cached]
2026-08-05 02:29:22,934 | INFO    | molsanity | [stage cell_MUTAG__GCN__IntegratedGradients__scaffold__seed1] cache hit (987d95b23073b8d9) — skipping
2026-08-05 02:29:22,934 | INFO    | molsanity | [cell MUTAG__GCN__IntegratedGradients__scaffold__seed1] DONE — acc=0.83 gt_auroc=0.06600783809440856 n=53 (capped) [cached]
2026-08-05 02:29:23,543 | INFO    | molsanity | [stage cell_MUTAG__GCN__IntegratedGradients__scaffold__seed2] cache hit (56935e47e1de306f) — skipping
2026-08-05 02:29:23,543 | INFO    | molsanity | [cell MUTAG__GCN__IntegratedGradients__scaffold__seed2] DONE — acc=0.77 gt_auroc=0.08287440557140889 n=53 (capped) [cached]
2026-08-05 02:29:24,136 | INFO    | molsanity | [stage cell_MUTAG__GCN__IntegratedGradients__random__seed0] cache hit (21451882e2988389) — skipping
2026-08-05 02:29:24,136 | INFO    | molsanity | [cell MUTAG__GCN__IntegratedGradients__random__seed0] DONE — acc=0.78 gt_auroc=0.17031666285596303 n=58 (capped) [cached]
2026-08-05 02:29:24,734 | INFO    | molsanity | [stage cell_MUTAG__GCN__IntegratedGradients__random__seed1] cache hit (c1785a15fc28f579) — skipping
2026-08-05 02:29:24,735 | INFO    | molsanity | [cell MUTAG__GCN__IntegratedGradients__random__seed1] DONE — acc=0.36 gt_auroc=0.37853816411318814 n=58 (capped) [cached]
2026-08-05 02:29:25,577 | INFO    | molsanity | [stage cell_MUTAG__GCN__IntegratedGradients__random__seed2] cache hit (f5bbf4903584b021) — skipping
2026-08-05 02:29:25,577 | INFO    | molsanity | [cell MUTAG__GCN__IntegratedGradients__random__seed2] DONE — acc=0.78 gt_auroc=0.5507647576486319 n=58 (capped) [cached]
2026-08-05 02:29:26,228 | INFO    | molsanity | [stage cell_MUTAG__GAT__IntegratedGradients__scaffold__seed0] cache hit (bc637799aa54464b) — skipping
2026-08-05 02:29:26,229 | INFO    | molsanity | [cell MUTAG__GAT__IntegratedGradients__scaffold__seed0] DONE — acc=0.77 gt_auroc=0.8476313698428016 n=53 (capped) [cached]
2026-08-05 02:29:26,908 | INFO    | molsanity | [stage cell_MUTAG__GAT__IntegratedGradients__scaffold__seed1] cache hit (f51d94842206d854) — skipping
2026-08-05 02:29:26,908 | INFO    | molsanity | [cell MUTAG__GAT__IntegratedGradients__scaffold__seed1] DONE — acc=0.87 gt_auroc=0.018066191012916875 n=53 (capped) [cached]
2026-08-05 02:29:27,651 | INFO    | molsanity | [stage cell_MUTAG__GAT__IntegratedGradients__scaffold__seed2] cache hit (2cb0852469803a0f) — skipping
2026-08-05 02:29:27,651 | INFO    | molsanity | [cell MUTAG__GAT__IntegratedGradients__scaffold__seed2] DONE — acc=0.83 gt_auroc=0.7333940733496781 n=53 (capped) [cached]
2026-08-05 02:29:28,263 | INFO    | molsanity | [stage cell_MUTAG__GAT__IntegratedGradients__random__seed0] cache hit (181d298c876a0f62) — skipping
2026-08-05 02:29:28,263 | INFO    | molsanity | [cell MUTAG__GAT__IntegratedGradients__random__seed0] DONE — acc=0.74 gt_auroc=0.6887873137492813 n=58 (capped) [cached]
2026-08-05 02:29:28,855 | INFO    | molsanity | [stage cell_MUTAG__GAT__IntegratedGradients__random__seed1] cache hit (df293efa3d4ffeda) — skipping
2026-08-05 02:29:28,855 | INFO    | molsanity | [cell MUTAG__GAT__IntegratedGradients__random__seed1] DONE — acc=0.36 gt_auroc=0.049930825345846155 n=58 (capped) [cached]
2026-08-05 02:29:29,454 | INFO    | molsanity | [stage cell_MUTAG__GAT__IntegratedGradients__random__seed2] cache hit (3dbffbf5617314dd) — skipping
2026-08-05 02:29:29,454 | INFO    | molsanity | [cell MUTAG__GAT__IntegratedGradients__random__seed2] DONE — acc=0.76 gt_auroc=0.4611851433162285 n=58 (capped) [cached]
2026-08-05 02:29:30,106 | INFO    | molsanity | [stage cell_MUTAG__MPNN__IntegratedGradients__scaffold__seed0] cache hit (884e00526fe5582c) — skipping
2026-08-05 02:29:30,107 | INFO    | molsanity | [cell MUTAG__MPNN__IntegratedGradients__scaffold__seed0] DONE — acc=0.91 gt_auroc=0.11021901907029544 n=53 (capped) [cached]
2026-08-05 02:29:30,714 | INFO    | molsanity | [stage cell_MUTAG__MPNN__IntegratedGradients__scaffold__seed1] cache hit (933b58c76b1c60c0) — skipping
2026-08-05 02:29:30,714 | INFO    | molsanity | [cell MUTAG__MPNN__IntegratedGradients__scaffold__seed1] DONE — acc=0.85 gt_auroc=0.07895972157903346 n=53 (capped) [cached]
2026-08-05 02:29:31,331 | INFO    | molsanity | [stage cell_MUTAG__MPNN__IntegratedGradients__scaffold__seed2] cache hit (ec0a15ac2d8e8af7) — skipping
2026-08-05 02:29:31,331 | INFO    | molsanity | [cell MUTAG__MPNN__IntegratedGradients__scaffold__seed2] DONE — acc=0.75 gt_auroc=0.3008370437060781 n=53 (capped) [cached]
2026-08-05 02:29:31,946 | INFO    | molsanity | [stage cell_MUTAG__MPNN__IntegratedGradients__random__seed0] cache hit (726d4b62e0a51eb7) — skipping
2026-08-05 02:29:31,946 | INFO    | molsanity | [cell MUTAG__MPNN__IntegratedGradients__random__seed0] DONE — acc=0.86 gt_auroc=0.1440280326690063 n=58 (capped) [cached]
2026-08-05 02:29:32,572 | INFO    | molsanity | [stage cell_MUTAG__MPNN__IntegratedGradients__random__seed1] cache hit (b874bd98002c9724) — skipping
2026-08-05 02:29:32,572 | INFO    | molsanity | [cell MUTAG__MPNN__IntegratedGradients__random__seed1] DONE — acc=0.72 gt_auroc=0.038234113586080594 n=58 (capped) [cached]
2026-08-05 02:29:33,273 | INFO    | molsanity | [stage cell_MUTAG__MPNN__IntegratedGradients__random__seed2] cache hit (75b2c2a93e258898) — skipping
2026-08-05 02:29:33,273 | INFO    | molsanity | [cell MUTAG__MPNN__IntegratedGradients__random__seed2] DONE — acc=0.78 gt_auroc=0.12661135606749194 n=58 (capped) [cached]
2026-08-05 02:29:33,889 | INFO    | molsanity | [stage cell_MUTAG__AttentiveFP__IntegratedGradients__scaffold__seed0] cache hit (050d50e5fc81a66b) — skipping
2026-08-05 02:29:33,889 | INFO    | molsanity | [cell MUTAG__AttentiveFP__IntegratedGradients__scaffold__seed0] DONE — acc=0.77 gt_auroc=0.022913269264545625 n=53 (capped) [cached]
2026-08-05 02:29:34,540 | INFO    | molsanity | [stage cell_MUTAG__AttentiveFP__IntegratedGradients__scaffold__seed1] cache hit (ed1f54a252fe9690) — skipping
2026-08-05 02:29:34,541 | INFO    | molsanity | [cell MUTAG__AttentiveFP__IntegratedGradients__scaffold__seed1] DONE — acc=0.77 gt_auroc=0.015734517260599393 n=53 (capped) [cached]
2026-08-05 02:29:35,163 | INFO    | molsanity | [stage cell_MUTAG__AttentiveFP__IntegratedGradients__scaffold__seed2] cache hit (5e43e5f7ee293544) — skipping
2026-08-05 02:29:35,164 | INFO    | molsanity | [cell MUTAG__AttentiveFP__IntegratedGradients__scaffold__seed2] DONE — acc=0.77 gt_auroc=0.048679458515751506 n=53 (capped) [cached]
2026-08-05 02:29:35,782 | INFO    | molsanity | [stage cell_MUTAG__AttentiveFP__IntegratedGradients__random__seed0] cache hit (7b1cba9dd50a0b54) — skipping
2026-08-05 02:29:35,782 | INFO    | molsanity | [cell MUTAG__AttentiveFP__IntegratedGradients__random__seed0] DONE — acc=0.72 gt_auroc=0.04713550901431225 n=58 (capped) [cached]
2026-08-05 02:29:36,438 | INFO    | molsanity | [stage cell_MUTAG__AttentiveFP__IntegratedGradients__random__seed1] cache hit (5674bbc7a064d2db) — skipping
2026-08-05 02:29:36,438 | INFO    | molsanity | [cell MUTAG__AttentiveFP__IntegratedGradients__random__seed1] DONE — acc=0.81 gt_auroc=0.033601925527034955 n=58 (capped) [cached]
2026-08-05 02:29:37,066 | INFO    | molsanity | [stage cell_MUTAG__AttentiveFP__IntegratedGradients__random__seed2] cache hit (a1f43f938b04b56c) — skipping
2026-08-05 02:29:37,066 | INFO    | molsanity | [cell MUTAG__AttentiveFP__IntegratedGradients__random__seed2] DONE — acc=0.67 gt_auroc=0.03910418801392432 n=58 (capped) [cached]
2026-08-05 02:29:37,665 | INFO    | molsanity | [stage cell_MolMotif__GINE__IntegratedGradients__scaffold__seed0] cache hit (4fafd7e7532b15d8) — skipping
2026-08-05 02:29:37,665 | INFO    | molsanity | [cell MolMotif__GINE__IntegratedGradients__scaffold__seed0] DONE — acc=0.98 gt_auroc=0.8872513393214997 n=200 (capped) [cached]
2026-08-05 02:29:38,374 | INFO    | molsanity | [stage cell_MolMotif__GINE__IntegratedGradients__scaffold__seed1] cache hit (5d6a7f5a47d6761d) — skipping
2026-08-05 02:29:38,374 | INFO    | molsanity | [cell MolMotif__GINE__IntegratedGradients__scaffold__seed1] DONE — acc=0.97 gt_auroc=0.8646057970815498 n=200 (capped) [cached]
2026-08-05 02:29:38,971 | INFO    | molsanity | [stage cell_MolMotif__GINE__IntegratedGradients__scaffold__seed2] cache hit (aee292435297bc82) — skipping
2026-08-05 02:29:38,971 | INFO    | molsanity | [cell MolMotif__GINE__IntegratedGradients__scaffold__seed2] DONE — acc=0.96 gt_auroc=0.9387627737554669 n=200 (capped) [cached]
2026-08-05 02:29:39,592 | INFO    | molsanity | [stage cell_MolMotif__GINE__IntegratedGradients__random__seed0] cache hit (7773f68dbbba59ba) — skipping
2026-08-05 02:29:39,593 | INFO    | molsanity | [cell MolMotif__GINE__IntegratedGradients__random__seed0] DONE — acc=0.97 gt_auroc=0.9191083485338464 n=200 (capped) [cached]
2026-08-05 02:29:40,346 | INFO    | molsanity | [stage cell_MolMotif__GINE__IntegratedGradients__random__seed1] cache hit (893f7bf04718c5b6) — skipping
2026-08-05 02:29:40,347 | INFO    | molsanity | [cell MolMotif__GINE__IntegratedGradients__random__seed1] DONE — acc=0.81 gt_auroc=0.9626544605933575 n=200 (capped) [cached]
2026-08-05 02:29:40,922 | INFO    | molsanity | [stage cell_MolMotif__GINE__IntegratedGradients__random__seed2] cache hit (735a171d5de4d914) — skipping
2026-08-05 02:29:40,923 | INFO    | molsanity | [cell MolMotif__GINE__IntegratedGradients__random__seed2] DONE — acc=1.00 gt_auroc=0.9724428179553897 n=200 (capped) [cached]
2026-08-05 02:29:41,514 | INFO    | molsanity | [stage cell_MolMotif__GINE__Saliency__scaffold__seed0] cache hit (c14be6f9b367a438) — skipping
2026-08-05 02:29:41,515 | INFO    | molsanity | [cell MolMotif__GINE__Saliency__scaffold__seed0] DONE — acc=0.98 gt_auroc=0.9985966202960584 n=200 (capped) [cached]
2026-08-05 02:29:42,131 | INFO    | molsanity | [stage cell_MolMotif__GINE__Saliency__scaffold__seed1] cache hit (59cee291c3c1a2b0) — skipping
2026-08-05 02:29:42,131 | INFO    | molsanity | [cell MolMotif__GINE__Saliency__scaffold__seed1] DONE — acc=0.97 gt_auroc=1.0 n=200 (capped) [cached]
2026-08-05 02:29:42,737 | INFO    | molsanity | [stage cell_MolMotif__GINE__Saliency__scaffold__seed2] cache hit (2f6eb2b7c713b7c0) — skipping
2026-08-05 02:29:42,737 | INFO    | molsanity | [cell MolMotif__GINE__Saliency__scaffold__seed2] DONE — acc=0.96 gt_auroc=0.9921665535261887 n=200 (capped) [cached]
2026-08-05 02:29:43,339 | INFO    | molsanity | [stage cell_MolMotif__GINE__Saliency__random__seed0] cache hit (e6306fca9cff3156) — skipping
2026-08-05 02:29:43,340 | INFO    | molsanity | [cell MolMotif__GINE__Saliency__random__seed0] DONE — acc=0.97 gt_auroc=0.9904156582888339 n=200 (capped) [cached]
2026-08-05 02:29:43,964 | INFO    | molsanity | [stage cell_MolMotif__GINE__Saliency__random__seed1] cache hit (3b3496e5c0bd7635) — skipping
2026-08-05 02:29:43,964 | INFO    | molsanity | [cell MolMotif__GINE__Saliency__random__seed1] DONE — acc=0.81 gt_auroc=0.9986173162374535 n=200 (capped) [cached]
2026-08-05 02:29:44,571 | INFO    | molsanity | [stage cell_MolMotif__GINE__Saliency__random__seed2] cache hit (259fc5a6c3bfd4a2) — skipping
2026-08-05 02:29:44,571 | INFO    | molsanity | [cell MolMotif__GINE__Saliency__random__seed2] DONE — acc=1.00 gt_auroc=0.9944049905280087 n=200 (capped) [cached]
2026-08-05 02:29:45,160 | INFO    | molsanity | [stage cell_MolMotif__GINE__InputXGradient__scaffold__seed0] cache hit (b6dbd259357d4a11) — skipping
2026-08-05 02:29:45,160 | INFO    | molsanity | [cell MolMotif__GINE__InputXGradient__scaffold__seed0] DONE — acc=0.98 gt_auroc=0.9993144729802034 n=200 (capped) [cached]
2026-08-05 02:29:45,916 | INFO    | molsanity | [stage cell_MolMotif__GINE__InputXGradient__scaffold__seed1] cache hit (8f33f13ae346d361) — skipping
2026-08-05 02:29:45,916 | INFO    | molsanity | [cell MolMotif__GINE__InputXGradient__scaffold__seed1] DONE — acc=0.97 gt_auroc=0.999676424877067 n=200 (capped) [cached]
2026-08-05 02:29:46,540 | INFO    | molsanity | [stage cell_MolMotif__GINE__InputXGradient__scaffold__seed2] cache hit (afe9f6d338bdc0aa) — skipping
2026-08-05 02:29:46,540 | INFO    | molsanity | [cell MolMotif__GINE__InputXGradient__scaffold__seed2] DONE — acc=0.96 gt_auroc=0.9977460772074123 n=200 (capped) [cached]
2026-08-05 02:29:47,198 | INFO    | molsanity | [stage cell_MolMotif__GINE__InputXGradient__random__seed0] cache hit (8a05069648673aaa) — skipping
2026-08-05 02:29:47,198 | INFO    | molsanity | [cell MolMotif__GINE__InputXGradient__random__seed0] DONE — acc=0.97 gt_auroc=0.9863293047406394 n=200 (capped) [cached]
2026-08-05 02:29:48,479 | INFO    | molsanity | [stage cell_MolMotif__GINE__InputXGradient__random__seed1] cache hit (de985a16a2ad46a4) — skipping
2026-08-05 02:29:48,480 | INFO    | molsanity | [cell MolMotif__GINE__InputXGradient__random__seed1] DONE — acc=0.81 gt_auroc=0.9996628421900161 n=200 (capped) [cached]
2026-08-05 02:29:49,115 | INFO    | molsanity | [stage cell_MolMotif__GINE__InputXGradient__random__seed2] cache hit (0ddce8d957af673e) — skipping
2026-08-05 02:29:49,115 | INFO    | molsanity | [cell MolMotif__GINE__InputXGradient__random__seed2] DONE — acc=1.00 gt_auroc=0.9993121892631697 n=200 (capped) [cached]
2026-08-05 02:29:49,727 | INFO    | molsanity | [stage cell_MolMotif__GINE__GuidedBackprop__scaffold__seed0] cache hit (2f69364dbcdeb027) — skipping
2026-08-05 02:29:49,727 | INFO    | molsanity | [cell MolMotif__GINE__GuidedBackprop__scaffold__seed0] DONE — acc=0.98 gt_auroc=0.9956365290828677 n=200 (capped) [cached]
2026-08-05 02:29:50,382 | INFO    | molsanity | [stage cell_MolMotif__GINE__GuidedBackprop__scaffold__seed1] cache hit (27d266683e8b6661) — skipping
2026-08-05 02:29:50,382 | INFO    | molsanity | [cell MolMotif__GINE__GuidedBackprop__scaffold__seed1] DONE — acc=0.97 gt_auroc=0.9997080696543114 n=200 (capped) [cached]
2026-08-05 02:29:51,039 | INFO    | molsanity | [stage cell_MolMotif__GINE__GuidedBackprop__scaffold__seed2] cache hit (d77850655893a9e0) — skipping
2026-08-05 02:29:51,039 | INFO    | molsanity | [cell MolMotif__GINE__GuidedBackprop__scaffold__seed2] DONE — acc=0.96 gt_auroc=0.9700619959014363 n=200 (capped) [cached]
2026-08-05 02:29:51,686 | INFO    | molsanity | [stage cell_MolMotif__GINE__GuidedBackprop__random__seed0] cache hit (ab134a29a61beba6) — skipping
2026-08-05 02:29:51,686 | INFO    | molsanity | [cell MolMotif__GINE__GuidedBackprop__random__seed0] DONE — acc=0.97 gt_auroc=0.9814639191095337 n=200 (capped) [cached]
2026-08-05 02:29:52,297 | INFO    | molsanity | [stage cell_MolMotif__GINE__GuidedBackprop__random__seed1] cache hit (9564c53c0dd875af) — skipping
2026-08-05 02:29:52,297 | INFO    | molsanity | [cell MolMotif__GINE__GuidedBackprop__random__seed1] DONE — acc=0.81 gt_auroc=0.9350898441593138 n=200 (capped) [cached]
2026-08-05 02:29:52,903 | INFO    | molsanity | [stage cell_MolMotif__GINE__GuidedBackprop__random__seed2] cache hit (a28584642a3f5671) — skipping
2026-08-05 02:29:52,903 | INFO    | molsanity | [cell MolMotif__GINE__GuidedBackprop__random__seed2] DONE — acc=1.00 gt_auroc=0.9977738438525415 n=200 (capped) [cached]
2026-08-05 02:29:53,526 | INFO    | molsanity | [stage cell_MolMotif__GINE__GNNExplainer__scaffold__seed0] cache hit (b20e0dc36dc896a7) — skipping
2026-08-05 02:29:53,526 | INFO    | molsanity | [cell MolMotif__GINE__GNNExplainer__scaffold__seed0] DONE — acc=0.98 gt_auroc=0.6215234000395884 n=200 (capped) [cached]
2026-08-05 02:29:54,156 | INFO    | molsanity | [stage cell_MolMotif__GINE__GNNExplainer__scaffold__seed1] cache hit (1de053cb1a19d0b8) — skipping
2026-08-05 02:29:54,157 | INFO    | molsanity | [cell MolMotif__GINE__GNNExplainer__scaffold__seed1] DONE — acc=0.97 gt_auroc=0.5910566077352983 n=200 (capped) [cached]
2026-08-05 02:29:54,751 | INFO    | molsanity | [stage cell_MolMotif__GINE__GNNExplainer__scaffold__seed2] cache hit (f75631b8b6d9ae8e) — skipping
2026-08-05 02:29:54,752 | INFO    | molsanity | [cell MolMotif__GINE__GNNExplainer__scaffold__seed2] DONE — acc=0.96 gt_auroc=0.6363645465108255 n=200 (capped) [cached]
2026-08-05 02:29:55,368 | INFO    | molsanity | [stage cell_MolMotif__GINE__GNNExplainer__random__seed0] cache hit (b0efd7bc5d969b55) — skipping
2026-08-05 02:29:55,368 | INFO    | molsanity | [cell MolMotif__GINE__GNNExplainer__random__seed0] DONE — acc=0.97 gt_auroc=0.6833528633217354 n=200 (capped) [cached]
2026-08-05 02:29:55,974 | INFO    | molsanity | [stage cell_MolMotif__GINE__GNNExplainer__random__seed1] cache hit (1349a62469128555) — skipping
2026-08-05 02:29:55,975 | INFO    | molsanity | [cell MolMotif__GINE__GNNExplainer__random__seed1] DONE — acc=0.81 gt_auroc=0.6104240422325831 n=200 (capped) [cached]
2026-08-05 02:29:56,682 | INFO    | molsanity | [stage cell_MolMotif__GINE__GNNExplainer__random__seed2] cache hit (216c191e4f4717bf) — skipping
2026-08-05 02:29:56,683 | INFO    | molsanity | [cell MolMotif__GINE__GNNExplainer__random__seed2] DONE — acc=1.00 gt_auroc=0.6304748497589063 n=200 (capped) [cached]
2026-08-05 02:29:57,299 | INFO    | molsanity | [stage cell_MolMotif__GINE__PGExplainer__scaffold__seed0] cache hit (542706328b1acf7a) — skipping
2026-08-05 02:29:57,299 | INFO    | molsanity | [cell MolMotif__GINE__PGExplainer__scaffold__seed0] DONE — acc=0.98 gt_auroc=0.29042856768644304 n=200 (capped) [cached]
2026-08-05 02:29:57,951 | INFO    | molsanity | [stage cell_MolMotif__GINE__PGExplainer__scaffold__seed1] cache hit (2e16cb49d0e839a2) — skipping
2026-08-05 02:29:57,951 | INFO    | molsanity | [cell MolMotif__GINE__PGExplainer__scaffold__seed1] DONE — acc=0.97 gt_auroc=0.7252322479957498 n=200 (capped) [cached]
2026-08-05 02:29:58,577 | INFO    | molsanity | [stage cell_MolMotif__GINE__PGExplainer__scaffold__seed2] cache hit (81deeee30f436283) — skipping
2026-08-05 02:29:58,577 | INFO    | molsanity | [cell MolMotif__GINE__PGExplainer__scaffold__seed2] DONE — acc=0.96 gt_auroc=0.5226177828754137 n=200 (capped) [cached]
2026-08-05 02:29:59,292 | INFO    | molsanity | [stage cell_MolMotif__GINE__PGExplainer__random__seed0] cache hit (ecc17a6e0323b4f1) — skipping
2026-08-05 02:29:59,293 | INFO    | molsanity | [cell MolMotif__GINE__PGExplainer__random__seed0] DONE — acc=0.97 gt_auroc=0.6491229607774095 n=200 (capped) [cached]
2026-08-05 02:29:59,925 | INFO    | molsanity | [stage cell_MolMotif__GINE__PGExplainer__random__seed1] cache hit (3fbebaf742e8ae2d) — skipping
2026-08-05 02:29:59,925 | INFO    | molsanity | [cell MolMotif__GINE__PGExplainer__random__seed1] DONE — acc=0.81 gt_auroc=0.27315924812942816 n=200 (capped) [cached]
2026-08-05 02:30:00,603 | INFO    | molsanity | [stage cell_MolMotif__GINE__PGExplainer__random__seed2] cache hit (dae7e78109385679) — skipping
2026-08-05 02:30:00,603 | INFO    | molsanity | [cell MolMotif__GINE__PGExplainer__random__seed2] DONE — acc=1.00 gt_auroc=0.584361373075497 n=200 (capped) [cached]
2026-08-05 02:30:01,247 | INFO    | molsanity | [stage cell_MolMotif__GINE__SubgraphX__scaffold__seed0] cache hit (fa0ccd5385f0b57c) — skipping
2026-08-05 02:30:01,247 | INFO    | molsanity | [cell MolMotif__GINE__SubgraphX__scaffold__seed0] DONE — acc=0.98 gt_auroc=0.38703945386421246 n=200 (capped) [cached]
2026-08-05 02:30:01,845 | INFO    | molsanity | [stage cell_MolMotif__GINE__SubgraphX__scaffold__seed1] cache hit (bfb268fe343ef853) — skipping
2026-08-05 02:30:01,845 | INFO    | molsanity | [cell MolMotif__GINE__SubgraphX__scaffold__seed1] DONE — acc=0.97 gt_auroc=0.542883496562216 n=200 (capped) [cached]
2026-08-05 02:30:02,475 | INFO    | molsanity | [stage cell_MolMotif__GINE__SubgraphX__scaffold__seed2] cache hit (95be198e0dc2b20a) — skipping
2026-08-05 02:30:02,475 | INFO    | molsanity | [cell MolMotif__GINE__SubgraphX__scaffold__seed2] DONE — acc=0.96 gt_auroc=0.4755095303048627 n=200 (capped) [cached]
2026-08-05 02:30:03,080 | INFO    | molsanity | [stage cell_MolMotif__GINE__SubgraphX__random__seed0] cache hit (f524971d4fef008c) — skipping
2026-08-05 02:30:03,080 | INFO    | molsanity | [cell MolMotif__GINE__SubgraphX__random__seed0] DONE — acc=0.97 gt_auroc=0.5727481687608074 n=200 (capped) [cached]
2026-08-05 02:30:03,698 | INFO    | molsanity | [stage cell_MolMotif__GINE__SubgraphX__random__seed1] cache hit (bd3f40ddfff6148d) — skipping
2026-08-05 02:30:03,698 | INFO    | molsanity | [cell MolMotif__GINE__SubgraphX__random__seed1] DONE — acc=0.81 gt_auroc=0.5347887380679491 n=200 (capped) [cached]
2026-08-05 02:30:04,301 | INFO    | molsanity | [stage cell_MolMotif__GINE__SubgraphX__random__seed2] cache hit (a7802cd0bbf3262d) — skipping
2026-08-05 02:30:04,301 | INFO    | molsanity | [cell MolMotif__GINE__SubgraphX__random__seed2] DONE — acc=1.00 gt_auroc=0.5557396101480824 n=200 (capped) [cached]
2026-08-05 02:30:04,949 | INFO    | molsanity | [stage cell_MolMotif__GCN__IntegratedGradients__scaffold__seed0] cache hit (10ef5101341204b9) — skipping
2026-08-05 02:30:04,949 | INFO    | molsanity | [cell MolMotif__GCN__IntegratedGradients__scaffold__seed0] DONE — acc=0.99 gt_auroc=0.9996781367041199 n=200 (capped) [cached]
2026-08-05 02:30:05,581 | INFO    | molsanity | [stage cell_MolMotif__GCN__IntegratedGradients__scaffold__seed1] cache hit (4c74234ddffdcce7) — skipping
2026-08-05 02:30:05,581 | INFO    | molsanity | [cell MolMotif__GCN__IntegratedGradients__scaffold__seed1] DONE — acc=0.96 gt_auroc=0.9915553974590687 n=200 (capped) [cached]
2026-08-05 02:30:06,265 | INFO    | molsanity | [stage cell_MolMotif__GCN__IntegratedGradients__scaffold__seed2] cache hit (0190d14965e6d313) — skipping
2026-08-05 02:30:06,265 | INFO    | molsanity | [cell MolMotif__GCN__IntegratedGradients__scaffold__seed2] DONE — acc=0.95 gt_auroc=0.9731603369911394 n=200 (capped) [cached]
2026-08-05 02:30:06,866 | INFO    | molsanity | [stage cell_MolMotif__GCN__IntegratedGradients__random__seed0] cache hit (7bffe5f2aba7e3f0) — skipping
2026-08-05 02:30:06,866 | INFO    | molsanity | [cell MolMotif__GCN__IntegratedGradients__random__seed0] DONE — acc=0.97 gt_auroc=0.9977217535815818 n=200 (capped) [cached]
2026-08-05 02:30:07,462 | INFO    | molsanity | [stage cell_MolMotif__GCN__IntegratedGradients__random__seed1] cache hit (e5906f3c84cde342) — skipping
2026-08-05 02:30:07,463 | INFO    | molsanity | [cell MolMotif__GCN__IntegratedGradients__random__seed1] DONE — acc=0.68 gt_auroc=0.9821226072322425 n=200 (capped) [cached]
2026-08-05 02:30:08,107 | INFO    | molsanity | [stage cell_MolMotif__GCN__IntegratedGradients__random__seed2] cache hit (1792d26416588c8b) — skipping
2026-08-05 02:30:08,107 | INFO    | molsanity | [cell MolMotif__GCN__IntegratedGradients__random__seed2] DONE — acc=0.96 gt_auroc=0.8495070580514895 n=200 (capped) [cached]
2026-08-05 02:30:08,732 | INFO    | molsanity | [stage cell_MolMotif__GAT__IntegratedGradients__scaffold__seed0] cache hit (a3ec6adbbda0ca4d) — skipping
2026-08-05 02:30:08,732 | INFO    | molsanity | [cell MolMotif__GAT__IntegratedGradients__scaffold__seed0] DONE — acc=0.99 gt_auroc=0.7666227580296474 n=200 (capped) [cached]
2026-08-05 02:30:09,406 | INFO    | molsanity | [stage cell_MolMotif__GAT__IntegratedGradients__scaffold__seed1] cache hit (575221a054bb8803) — skipping
2026-08-05 02:30:09,406 | INFO    | molsanity | [cell MolMotif__GAT__IntegratedGradients__scaffold__seed1] DONE — acc=0.99 gt_auroc=0.9218149436163022 n=200 (capped) [cached]
2026-08-05 02:30:10,046 | INFO    | molsanity | [stage cell_MolMotif__GAT__IntegratedGradients__scaffold__seed2] cache hit (4b9c1080f69e48fb) — skipping
2026-08-05 02:30:10,046 | INFO    | molsanity | [cell MolMotif__GAT__IntegratedGradients__scaffold__seed2] DONE — acc=1.00 gt_auroc=0.7056690926567717 n=200 (capped) [cached]
2026-08-05 02:30:10,694 | INFO    | molsanity | [stage cell_MolMotif__GAT__IntegratedGradients__random__seed0] cache hit (c8176e03f0d71a9c) — skipping
2026-08-05 02:30:10,695 | INFO    | molsanity | [cell MolMotif__GAT__IntegratedGradients__random__seed0] DONE — acc=1.00 gt_auroc=0.7960669305032867 n=200 (capped) [cached]
2026-08-05 02:30:11,308 | INFO    | molsanity | [stage cell_MolMotif__GAT__IntegratedGradients__random__seed1] cache hit (63d47772ae4950fd) — skipping
2026-08-05 02:30:11,309 | INFO    | molsanity | [cell MolMotif__GAT__IntegratedGradients__random__seed1] DONE — acc=1.00 gt_auroc=0.9957610663283009 n=200 (capped) [cached]
2026-08-05 02:30:11,943 | INFO    | molsanity | [stage cell_MolMotif__GAT__IntegratedGradients__random__seed2] cache hit (49014beca409ad2b) — skipping
2026-08-05 02:30:11,944 | INFO    | molsanity | [cell MolMotif__GAT__IntegratedGradients__random__seed2] DONE — acc=1.00 gt_auroc=0.7331860475743693 n=200 (capped) [cached]
2026-08-05 02:30:12,562 | INFO    | molsanity | [stage cell_MolMotif__MPNN__IntegratedGradients__scaffold__seed0] cache hit (1c293225e19eecac) — skipping
2026-08-05 02:30:12,563 | INFO    | molsanity | [cell MolMotif__MPNN__IntegratedGradients__scaffold__seed0] DONE — acc=1.00 gt_auroc=0.8455157204154758 n=200 (capped) [cached]
2026-08-05 02:30:13,218 | INFO    | molsanity | [stage cell_MolMotif__MPNN__IntegratedGradients__scaffold__seed1] cache hit (b600e14e979d39cd) — skipping
2026-08-05 02:30:13,218 | INFO    | molsanity | [cell MolMotif__MPNN__IntegratedGradients__scaffold__seed1] DONE — acc=0.99 gt_auroc=0.7912524395709797 n=200 (capped) [cached]
2026-08-05 02:30:13,917 | INFO    | molsanity | [stage cell_MolMotif__MPNN__IntegratedGradients__scaffold__seed2] cache hit (21a873e8bdbbf324) — skipping
2026-08-05 02:30:13,917 | INFO    | molsanity | [cell MolMotif__MPNN__IntegratedGradients__scaffold__seed2] DONE — acc=1.00 gt_auroc=0.9764832449089392 n=200 (capped) [cached]
2026-08-05 02:30:14,570 | INFO    | molsanity | [stage cell_MolMotif__MPNN__IntegratedGradients__random__seed0] cache hit (a4d48cabb717271c) — skipping
2026-08-05 02:30:14,571 | INFO    | molsanity | [cell MolMotif__MPNN__IntegratedGradients__random__seed0] DONE — acc=1.00 gt_auroc=0.7825333316487607 n=200 (capped) [cached]
2026-08-05 02:30:15,219 | INFO    | molsanity | [stage cell_MolMotif__MPNN__IntegratedGradients__random__seed1] cache hit (f3423b8b047878df) — skipping
2026-08-05 02:30:15,219 | INFO    | molsanity | [cell MolMotif__MPNN__IntegratedGradients__random__seed1] DONE — acc=1.00 gt_auroc=0.8737012355533246 n=200 (capped) [cached]
2026-08-05 02:30:15,817 | INFO    | molsanity | [stage cell_MolMotif__MPNN__IntegratedGradients__random__seed2] cache hit (f8cf0702bf172a34) — skipping
2026-08-05 02:30:15,817 | INFO    | molsanity | [cell MolMotif__MPNN__IntegratedGradients__random__seed2] DONE — acc=1.00 gt_auroc=0.9617536793811429 n=200 (capped) [cached]
2026-08-05 02:30:16,455 | INFO    | molsanity | [stage cell_MolMotif__AttentiveFP__IntegratedGradients__scaffold__seed0] cache hit (aeaf87a00c0702d9) — skipping
2026-08-05 02:30:16,455 | INFO    | molsanity | [cell MolMotif__AttentiveFP__IntegratedGradients__scaffold__seed0] DONE — acc=0.98 gt_auroc=0.9805262281342162 n=200 (capped) [cached]
2026-08-05 02:30:17,135 | INFO    | molsanity | [stage cell_MolMotif__AttentiveFP__IntegratedGradients__scaffold__seed1] cache hit (2aca99da69e7fe78) — skipping
2026-08-05 02:30:17,135 | INFO    | molsanity | [cell MolMotif__AttentiveFP__IntegratedGradients__scaffold__seed1] DONE — acc=0.99 gt_auroc=0.9778009819426804 n=200 (capped) [cached]
2026-08-05 02:30:17,763 | INFO    | molsanity | [stage cell_MolMotif__AttentiveFP__IntegratedGradients__scaffold__seed2] cache hit (c9ae11501c6b61e3) — skipping
2026-08-05 02:30:17,763 | INFO    | molsanity | [cell MolMotif__AttentiveFP__IntegratedGradients__scaffold__seed2] DONE — acc=0.97 gt_auroc=0.8103977141923847 n=200 (capped) [cached]
2026-08-05 02:30:18,405 | INFO    | molsanity | [stage cell_MolMotif__AttentiveFP__IntegratedGradients__random__seed0] cache hit (99f978f18a6b92c1) — skipping
2026-08-05 02:30:18,405 | INFO    | molsanity | [cell MolMotif__AttentiveFP__IntegratedGradients__random__seed0] DONE — acc=0.98 gt_auroc=0.9868429032353114 n=200 (capped) [cached]
2026-08-05 02:30:19,041 | INFO    | molsanity | [stage cell_MolMotif__AttentiveFP__IntegratedGradients__random__seed1] cache hit (448039ff236d664e) — skipping
2026-08-05 02:30:19,042 | INFO    | molsanity | [cell MolMotif__AttentiveFP__IntegratedGradients__random__seed1] DONE — acc=0.91 gt_auroc=0.9279166281920552 n=200 (capped) [cached]
2026-08-05 02:30:19,671 | INFO    | molsanity | [stage cell_MolMotif__AttentiveFP__IntegratedGradients__random__seed2] cache hit (2b2845ea9854dc54) — skipping
2026-08-05 02:30:19,671 | INFO    | molsanity | [cell MolMotif__AttentiveFP__IntegratedGradients__random__seed2] DONE — acc=0.97 gt_auroc=0.9862300114597343 n=200 (capped) [cached]
2026-08-05 02:30:20,501 | INFO    | molsanity | [stage cell_MolMotifHard__GINE__IntegratedGradients__scaffold__seed0] cache hit (5cf2c4ff45fb7f7b) — skipping
2026-08-05 02:30:20,501 | INFO    | molsanity | [cell MolMotifHard__GINE__IntegratedGradients__scaffold__seed0] DONE — acc=0.97 gt_auroc=0.9882567151830456 n=200 (capped) [cached]
2026-08-05 02:30:21,171 | INFO    | molsanity | [stage cell_MolMotifHard__GINE__IntegratedGradients__scaffold__seed1] cache hit (cf5410c57da30d2e) — skipping
2026-08-05 02:30:21,171 | INFO    | molsanity | [cell MolMotifHard__GINE__IntegratedGradients__scaffold__seed1] DONE — acc=0.89 gt_auroc=0.9926875093569516 n=200 (capped) [cached]
2026-08-05 02:30:21,813 | INFO    | molsanity | [stage cell_MolMotifHard__GINE__IntegratedGradients__scaffold__seed2] cache hit (3689c1b66418915b) — skipping
2026-08-05 02:30:21,814 | INFO    | molsanity | [cell MolMotifHard__GINE__IntegratedGradients__scaffold__seed2] DONE — acc=0.82 gt_auroc=0.9998105342932929 n=200 (capped) [cached]
2026-08-05 02:30:22,609 | INFO    | molsanity | [stage cell_MolMotifHard__GINE__IntegratedGradients__random__seed0] cache hit (31046423b1cc80b9) — skipping
2026-08-05 02:30:22,609 | INFO    | molsanity | [cell MolMotifHard__GINE__IntegratedGradients__random__seed0] DONE — acc=0.89 gt_auroc=0.9826099460539403 n=200 (capped) [cached]
2026-08-05 02:30:23,353 | INFO    | molsanity | [stage cell_MolMotifHard__GINE__IntegratedGradients__random__seed1] cache hit (a5c7e6c564f677d7) — skipping
2026-08-05 02:30:23,353 | INFO    | molsanity | [cell MolMotifHard__GINE__IntegratedGradients__random__seed1] DONE — acc=0.97 gt_auroc=0.988674154792576 n=200 (capped) [cached]
2026-08-05 02:30:24,249 | INFO    | molsanity | [stage cell_MolMotifHard__GINE__IntegratedGradients__random__seed2] cache hit (620627dd812005c5) — skipping
2026-08-05 02:30:24,249 | INFO    | molsanity | [cell MolMotifHard__GINE__IntegratedGradients__random__seed2] DONE — acc=0.95 gt_auroc=0.9816650437213497 n=200 (capped) [cached]
2026-08-05 02:30:25,090 | INFO    | molsanity | [stage cell_MolMotifHard__GINE__Saliency__scaffold__seed0] cache hit (11b53407db387c7b) — skipping
2026-08-05 02:30:25,090 | INFO    | molsanity | [cell MolMotifHard__GINE__Saliency__scaffold__seed0] DONE — acc=0.97 gt_auroc=0.9992398931959371 n=200 (capped) [cached]
2026-08-05 02:30:25,893 | INFO    | molsanity | [stage cell_MolMotifHard__GINE__Saliency__scaffold__seed1] cache hit (84695e9ec3b22aaa) — skipping
2026-08-05 02:30:25,894 | INFO    | molsanity | [cell MolMotifHard__GINE__Saliency__scaffold__seed1] DONE — acc=0.89 gt_auroc=0.9993383916981872 n=200 (capped) [cached]
2026-08-05 02:30:26,740 | INFO    | molsanity | [stage cell_MolMotifHard__GINE__Saliency__scaffold__seed2] cache hit (388c81094fb602e3) — skipping
2026-08-05 02:30:26,741 | INFO    | molsanity | [cell MolMotifHard__GINE__Saliency__scaffold__seed2] DONE — acc=0.82 gt_auroc=0.9995810174381603 n=200 (capped) [cached]
2026-08-05 02:30:27,595 | INFO    | molsanity | [stage cell_MolMotifHard__GINE__Saliency__random__seed0] cache hit (ca6b506e4957302c) — skipping
2026-08-05 02:30:27,596 | INFO    | molsanity | [cell MolMotifHard__GINE__Saliency__random__seed0] DONE — acc=0.89 gt_auroc=0.9999451754385965 n=200 (capped) [cached]
2026-08-05 02:30:28,403 | INFO    | molsanity | [stage cell_MolMotifHard__GINE__Saliency__random__seed1] cache hit (0d286b57495fd0ab) — skipping
2026-08-05 02:30:28,403 | INFO    | molsanity | [cell MolMotifHard__GINE__Saliency__random__seed1] DONE — acc=0.97 gt_auroc=0.9987573099415205 n=200 (capped) [cached]
2026-08-05 02:30:29,278 | INFO    | molsanity | [stage cell_MolMotifHard__GINE__Saliency__random__seed2] cache hit (6c332bb7c3802693) — skipping
2026-08-05 02:30:29,279 | INFO    | molsanity | [cell MolMotifHard__GINE__Saliency__random__seed2] DONE — acc=0.95 gt_auroc=0.9940608647020284 n=200 (capped) [cached]
2026-08-05 02:30:30,113 | INFO    | molsanity | [stage cell_MolMotifHard__GINE__InputXGradient__scaffold__seed0] cache hit (900e8fe103e6ed5f) — skipping
2026-08-05 02:30:30,114 | INFO    | molsanity | [cell MolMotifHard__GINE__InputXGradient__scaffold__seed0] DONE — acc=0.97 gt_auroc=0.986452806682023 n=200 (capped) [cached]
2026-08-05 02:30:30,969 | INFO    | molsanity | [stage cell_MolMotifHard__GINE__InputXGradient__scaffold__seed1] cache hit (8b191a16e68de4d0) — skipping
2026-08-05 02:30:30,969 | INFO    | molsanity | [cell MolMotifHard__GINE__InputXGradient__scaffold__seed1] DONE — acc=0.89 gt_auroc=0.9982839440967519 n=200 (capped) [cached]
2026-08-05 02:30:31,838 | INFO    | molsanity | [stage cell_MolMotifHard__GINE__InputXGradient__scaffold__seed2] cache hit (abbe9256a408876a) — skipping
2026-08-05 02:30:31,839 | INFO    | molsanity | [cell MolMotifHard__GINE__InputXGradient__scaffold__seed2] DONE — acc=0.82 gt_auroc=0.9995686546179157 n=200 (capped) [cached]
2026-08-05 02:30:32,518 | INFO    | molsanity | [stage cell_MolMotifHard__GINE__InputXGradient__random__seed0] cache hit (e94852b76e520d99) — skipping
2026-08-05 02:30:32,518 | INFO    | molsanity | [cell MolMotifHard__GINE__InputXGradient__random__seed0] DONE — acc=0.89 gt_auroc=0.9998198621553885 n=200 (capped) [cached]
2026-08-05 02:30:33,424 | INFO    | molsanity | [stage cell_MolMotifHard__GINE__InputXGradient__random__seed1] cache hit (dfde8b05873280c3) — skipping
2026-08-05 02:30:33,425 | INFO    | molsanity | [cell MolMotifHard__GINE__InputXGradient__random__seed1] DONE — acc=0.97 gt_auroc=1.0 n=200 (capped) [cached]
2026-08-05 02:30:34,230 | INFO    | molsanity | [stage cell_MolMotifHard__GINE__InputXGradient__random__seed2] cache hit (b49f1e5f43943434) — skipping
2026-08-05 02:30:34,230 | INFO    | molsanity | [cell MolMotifHard__GINE__InputXGradient__random__seed2] DONE — acc=0.95 gt_auroc=0.9884513469050107 n=200 (capped) [cached]
2026-08-05 02:30:35,135 | INFO    | molsanity | [stage cell_MolMotifHard__GINE__GuidedBackprop__scaffold__seed0] cache hit (ef7563cfbdc2095d) — skipping
2026-08-05 02:30:35,135 | INFO    | molsanity | [cell MolMotifHard__GINE__GuidedBackprop__scaffold__seed0] DONE — acc=0.97 gt_auroc=0.9559260029573744 n=200 (capped) [cached]
2026-08-05 02:30:36,009 | INFO    | molsanity | [stage cell_MolMotifHard__GINE__GuidedBackprop__scaffold__seed1] cache hit (a80526bfa3aa9c59) — skipping
2026-08-05 02:30:36,009 | INFO    | molsanity | [cell MolMotifHard__GINE__GuidedBackprop__scaffold__seed1] DONE — acc=0.89 gt_auroc=0.8456070983925981 n=200 (capped) [cached]
2026-08-05 02:30:36,802 | INFO    | molsanity | [stage cell_MolMotifHard__GINE__GuidedBackprop__scaffold__seed2] cache hit (ded080571e489176) — skipping
2026-08-05 02:30:36,802 | INFO    | molsanity | [cell MolMotifHard__GINE__GuidedBackprop__scaffold__seed2] DONE — acc=0.82 gt_auroc=0.8235841204112005 n=200 (capped) [cached]
2026-08-05 02:30:37,641 | INFO    | molsanity | [stage cell_MolMotifHard__GINE__GuidedBackprop__random__seed0] cache hit (665e2d05cc01fb7b) — skipping
2026-08-05 02:30:37,642 | INFO    | molsanity | [cell MolMotifHard__GINE__GuidedBackprop__random__seed0] DONE — acc=0.89 gt_auroc=0.8559043913722311 n=200 (capped) [cached]
2026-08-05 02:30:38,449 | INFO    | molsanity | [stage cell_MolMotifHard__GINE__GuidedBackprop__random__seed1] cache hit (b3c0030a46eab870) — skipping
2026-08-05 02:30:38,449 | INFO    | molsanity | [cell MolMotifHard__GINE__GuidedBackprop__random__seed1] DONE — acc=0.97 gt_auroc=0.9779059579248082 n=200 (capped) [cached]
2026-08-05 02:30:39,327 | INFO    | molsanity | [stage cell_MolMotifHard__GINE__GuidedBackprop__random__seed2] cache hit (e7876c0df0bea3b2) — skipping
2026-08-05 02:30:39,327 | INFO    | molsanity | [cell MolMotifHard__GINE__GuidedBackprop__random__seed2] DONE — acc=0.95 gt_auroc=0.9225887224305866 n=200 (capped) [cached]
2026-08-05 02:30:40,190 | INFO    | molsanity | [stage cell_MolMotifHard__GINE__GNNExplainer__scaffold__seed0] cache hit (61fd91f33ddc7897) — skipping
2026-08-05 02:30:40,190 | INFO    | molsanity | [cell MolMotifHard__GINE__GNNExplainer__scaffold__seed0] DONE — acc=0.97 gt_auroc=0.34923354814776797 n=200 (capped) [cached]
2026-08-05 02:30:41,050 | INFO    | molsanity | [stage cell_MolMotifHard__GINE__GNNExplainer__scaffold__seed1] cache hit (25f9b44f9deb7de6) — skipping
2026-08-05 02:30:41,050 | INFO    | molsanity | [cell MolMotifHard__GINE__GNNExplainer__scaffold__seed1] DONE — acc=0.89 gt_auroc=0.6080934070504095 n=200 (capped) [cached]
2026-08-05 02:30:41,844 | INFO    | molsanity | [stage cell_MolMotifHard__GINE__GNNExplainer__scaffold__seed2] cache hit (992765a919260e11) — skipping
2026-08-05 02:30:41,845 | INFO    | molsanity | [cell MolMotifHard__GINE__GNNExplainer__scaffold__seed2] DONE — acc=0.82 gt_auroc=0.30269625980334136 n=200 (capped) [cached]
2026-08-05 02:30:42,636 | INFO    | molsanity | [stage cell_MolMotifHard__GINE__GNNExplainer__random__seed0] cache hit (4ea834b7e0bb1d41) — skipping
2026-08-05 02:30:42,636 | INFO    | molsanity | [cell MolMotifHard__GINE__GNNExplainer__random__seed0] DONE — acc=0.89 gt_auroc=0.2875174114285327 n=200 (capped) [cached]
2026-08-05 02:30:43,371 | INFO    | molsanity | [stage cell_MolMotifHard__GINE__GNNExplainer__random__seed1] cache hit (aa0aa3e4514f9b99) — skipping
2026-08-05 02:30:43,371 | INFO    | molsanity | [cell MolMotifHard__GINE__GNNExplainer__random__seed1] DONE — acc=0.97 gt_auroc=0.3797157696620219 n=200 (capped) [cached]
2026-08-05 02:30:44,279 | INFO    | molsanity | [stage cell_MolMotifHard__GINE__GNNExplainer__random__seed2] cache hit (5a2beb09a1605fb3) — skipping
2026-08-05 02:30:44,279 | INFO    | molsanity | [cell MolMotifHard__GINE__GNNExplainer__random__seed2] DONE — acc=0.95 gt_auroc=0.5711507788639638 n=200 (capped) [cached]
2026-08-05 02:30:45,064 | INFO    | molsanity | [stage cell_MolMotifHard__GINE__PGExplainer__scaffold__seed0] cache hit (563c8396fec0bf36) — skipping
2026-08-05 02:30:45,064 | INFO    | molsanity | [cell MolMotifHard__GINE__PGExplainer__scaffold__seed0] DONE — acc=0.97 gt_auroc=0.2559069563317036 n=200 (capped) [cached]
2026-08-05 02:30:45,849 | INFO    | molsanity | [stage cell_MolMotifHard__GINE__PGExplainer__scaffold__seed1] cache hit (704b2206b3392e9e) — skipping
2026-08-05 02:30:45,849 | INFO    | molsanity | [cell MolMotifHard__GINE__PGExplainer__scaffold__seed1] DONE — acc=0.89 gt_auroc=0.30791250177709184 n=200 (capped) [cached]
2026-08-05 02:30:46,672 | INFO    | molsanity | [stage cell_MolMotifHard__GINE__PGExplainer__scaffold__seed2] cache hit (32634099ac2c1f1d) — skipping
2026-08-05 02:30:46,672 | INFO    | molsanity | [cell MolMotifHard__GINE__PGExplainer__scaffold__seed2] DONE — acc=0.82 gt_auroc=0.5648912192733716 n=200 (capped) [cached]
2026-08-05 02:30:47,530 | INFO    | molsanity | [stage cell_MolMotifHard__GINE__PGExplainer__random__seed0] cache hit (ec5a10c28fa09c43) — skipping
2026-08-05 02:30:47,530 | INFO    | molsanity | [cell MolMotifHard__GINE__PGExplainer__random__seed0] DONE — acc=0.89 gt_auroc=0.581669676739298 n=200 (capped) [cached]
2026-08-05 02:30:48,477 | INFO    | molsanity | [stage cell_MolMotifHard__GINE__PGExplainer__random__seed1] cache hit (bc53b956214bd402) — skipping
2026-08-05 02:30:48,477 | INFO    | molsanity | [cell MolMotifHard__GINE__PGExplainer__random__seed1] DONE — acc=0.97 gt_auroc=0.46161214345130663 n=200 (capped) [cached]
2026-08-05 02:30:49,290 | INFO    | molsanity | [stage cell_MolMotifHard__GINE__PGExplainer__random__seed2] cache hit (16960ae970c92790) — skipping
2026-08-05 02:30:49,291 | INFO    | molsanity | [cell MolMotifHard__GINE__PGExplainer__random__seed2] DONE — acc=0.95 gt_auroc=0.49317471077714475 n=200 (capped) [cached]
2026-08-05 02:30:50,336 | INFO    | molsanity | [stage cell_MolMotifHard__GINE__SubgraphX__scaffold__seed0] cache hit (f1aa52c5da4e7c61) — skipping
2026-08-05 02:30:50,336 | INFO    | molsanity | [cell MolMotifHard__GINE__SubgraphX__scaffold__seed0] DONE — acc=0.97 gt_auroc=0.4357853908561232 n=200 (capped) [cached]
2026-08-05 02:30:50,974 | INFO    | molsanity | [stage cell_MolMotifHard__GINE__SubgraphX__scaffold__seed1] cache hit (480f5930b79b7cd3) — skipping
2026-08-05 02:30:50,974 | INFO    | molsanity | [cell MolMotifHard__GINE__SubgraphX__scaffold__seed1] DONE — acc=0.89 gt_auroc=0.5365574538065653 n=200 (capped) [cached]
2026-08-05 02:30:51,903 | INFO    | molsanity | [stage cell_MolMotifHard__GINE__SubgraphX__scaffold__seed2] cache hit (e15aa1930f50b977) — skipping
2026-08-05 02:30:51,904 | INFO    | molsanity | [cell MolMotifHard__GINE__SubgraphX__scaffold__seed2] DONE — acc=0.82 gt_auroc=0.44317061966589766 n=200 (capped) [cached]
2026-08-05 02:30:52,815 | INFO    | molsanity | [stage cell_MolMotifHard__GINE__SubgraphX__random__seed0] cache hit (6ef6e0e6039f9cb2) — skipping
2026-08-05 02:30:52,815 | INFO    | molsanity | [cell MolMotifHard__GINE__SubgraphX__random__seed0] DONE — acc=0.89 gt_auroc=0.3624728793326058 n=200 (capped) [cached]
2026-08-05 02:30:53,644 | INFO    | molsanity | [stage cell_MolMotifHard__GINE__SubgraphX__random__seed1] cache hit (14930d443953b48e) — skipping
2026-08-05 02:30:53,644 | INFO    | molsanity | [cell MolMotifHard__GINE__SubgraphX__random__seed1] DONE — acc=0.97 gt_auroc=0.44194322264471236 n=200 (capped) [cached]
2026-08-05 02:30:54,482 | INFO    | molsanity | [stage cell_MolMotifHard__GINE__SubgraphX__random__seed2] cache hit (163febe666c8f7ee) — skipping
2026-08-05 02:30:54,482 | INFO    | molsanity | [cell MolMotifHard__GINE__SubgraphX__random__seed2] DONE — acc=0.95 gt_auroc=0.4207801437829535 n=200 (capped) [cached]
2026-08-05 02:30:55,605 | INFO    | molsanity | [stage cell_MolMotifHard__GCN__IntegratedGradients__scaffold__seed0] cache hit (b1ad5a1fd93caf66) — skipping
2026-08-05 02:30:55,606 | INFO    | molsanity | [cell MolMotifHard__GCN__IntegratedGradients__scaffold__seed0] DONE — acc=0.89 gt_auroc=0.910099792601565 n=200 (capped) [cached]
2026-08-05 02:30:56,569 | INFO    | molsanity | [stage cell_MolMotifHard__GCN__IntegratedGradients__scaffold__seed1] cache hit (026dc3025b397123) — skipping
2026-08-05 02:30:56,569 | INFO    | molsanity | [cell MolMotifHard__GCN__IntegratedGradients__scaffold__seed1] DONE — acc=0.87 gt_auroc=0.7155950795348857 n=200 (capped) [cached]
2026-08-05 02:30:57,571 | INFO    | molsanity | [stage cell_MolMotifHard__GCN__IntegratedGradients__scaffold__seed2] cache hit (39e1a084a080f415) — skipping
2026-08-05 02:30:57,571 | INFO    | molsanity | [cell MolMotifHard__GCN__IntegratedGradients__scaffold__seed2] DONE — acc=0.78 gt_auroc=0.9723231275366908 n=200 (capped) [cached]
2026-08-05 02:30:58,560 | INFO    | molsanity | [stage cell_MolMotifHard__GCN__IntegratedGradients__random__seed0] cache hit (77a7ff7a93cb04fd) — skipping
2026-08-05 02:30:58,560 | INFO    | molsanity | [cell MolMotifHard__GCN__IntegratedGradients__random__seed0] DONE — acc=0.91 gt_auroc=0.8503340759497364 n=200 (capped) [cached]
2026-08-05 02:30:59,421 | INFO    | molsanity | [stage cell_MolMotifHard__GCN__IntegratedGradients__random__seed1] cache hit (c5e69f3e8583fd72) — skipping
2026-08-05 02:30:59,422 | INFO    | molsanity | [cell MolMotifHard__GCN__IntegratedGradients__random__seed1] DONE — acc=0.77 gt_auroc=0.9456413768475541 n=200 (capped) [cached]
2026-08-05 02:31:00,386 | INFO    | molsanity | [stage cell_MolMotifHard__GCN__IntegratedGradients__random__seed2] cache hit (7f68c258903929bf) — skipping
2026-08-05 02:31:00,386 | INFO    | molsanity | [cell MolMotifHard__GCN__IntegratedGradients__random__seed2] DONE — acc=0.97 gt_auroc=0.9084014342848091 n=200 (capped) [cached]
2026-08-05 02:31:01,259 | INFO    | molsanity | [stage cell_MolMotifHard__GAT__IntegratedGradients__scaffold__seed0] cache hit (7f1b224025ba2711) — skipping
2026-08-05 02:31:01,259 | INFO    | molsanity | [cell MolMotifHard__GAT__IntegratedGradients__scaffold__seed0] DONE — acc=0.96 gt_auroc=0.9081808445474281 n=200 (capped) [cached]
2026-08-05 02:31:02,169 | INFO    | molsanity | [stage cell_MolMotifHard__GAT__IntegratedGradients__scaffold__seed1] cache hit (81ab4d5d64168f48) — skipping
2026-08-05 02:31:02,169 | INFO    | molsanity | [cell MolMotifHard__GAT__IntegratedGradients__scaffold__seed1] DONE — acc=0.95 gt_auroc=0.732434802512263 n=200 (capped) [cached]
2026-08-05 02:31:03,070 | INFO    | molsanity | [stage cell_MolMotifHard__GAT__IntegratedGradients__scaffold__seed2] cache hit (53d98cf4eddcff3e) — skipping
2026-08-05 02:31:03,070 | INFO    | molsanity | [cell MolMotifHard__GAT__IntegratedGradients__scaffold__seed2] DONE — acc=0.96 gt_auroc=0.781639759296402 n=200 (capped) [cached]
2026-08-05 02:31:03,959 | INFO    | molsanity | [stage cell_MolMotifHard__GAT__IntegratedGradients__random__seed0] cache hit (f8e0f9c50e538604) — skipping
2026-08-05 02:31:03,960 | INFO    | molsanity | [cell MolMotifHard__GAT__IntegratedGradients__random__seed0] DONE — acc=0.98 gt_auroc=0.9287071735238328 n=200 (capped) [cached]
2026-08-05 02:31:04,944 | INFO    | molsanity | [stage cell_MolMotifHard__GAT__IntegratedGradients__random__seed1] cache hit (9de412c400335b63) — skipping
2026-08-05 02:31:04,944 | INFO    | molsanity | [cell MolMotifHard__GAT__IntegratedGradients__random__seed1] DONE — acc=0.92 gt_auroc=0.6633164534493319 n=200 (capped) [cached]
2026-08-05 02:31:05,891 | INFO    | molsanity | [stage cell_MolMotifHard__GAT__IntegratedGradients__random__seed2] cache hit (e6e3d259a1061612) — skipping
2026-08-05 02:31:05,892 | INFO    | molsanity | [cell MolMotifHard__GAT__IntegratedGradients__random__seed2] DONE — acc=0.99 gt_auroc=0.7878621890463006 n=200 (capped) [cached]
2026-08-05 02:31:06,596 | INFO    | molsanity | [stage cell_MolMotifHard__MPNN__IntegratedGradients__scaffold__seed0] cache hit (2d7e654677a235bf) — skipping
2026-08-05 02:31:06,596 | INFO    | molsanity | [cell MolMotifHard__MPNN__IntegratedGradients__scaffold__seed0] DONE — acc=0.98 gt_auroc=0.976133801654066 n=200 (capped) [cached]
2026-08-05 02:31:07,541 | INFO    | molsanity | [stage cell_MolMotifHard__MPNN__IntegratedGradients__scaffold__seed1] cache hit (630dfecad3893b85) — skipping
2026-08-05 02:31:07,541 | INFO    | molsanity | [cell MolMotifHard__MPNN__IntegratedGradients__scaffold__seed1] DONE — acc=0.98 gt_auroc=0.9377983658446041 n=200 (capped) [cached]
2026-08-05 02:31:08,178 | INFO    | molsanity | [stage cell_MolMotifHard__MPNN__IntegratedGradients__scaffold__seed2] cache hit (35051b177d85a1b2) — skipping
2026-08-05 02:31:08,178 | INFO    | molsanity | [cell MolMotifHard__MPNN__IntegratedGradients__scaffold__seed2] DONE — acc=0.99 gt_auroc=0.9823198195069943 n=200 (capped) [cached]
2026-08-05 02:31:09,153 | INFO    | molsanity | [stage cell_MolMotifHard__MPNN__IntegratedGradients__random__seed0] cache hit (adbdca53a9dd4760) — skipping
2026-08-05 02:31:09,154 | INFO    | molsanity | [cell MolMotifHard__MPNN__IntegratedGradients__random__seed0] DONE — acc=0.97 gt_auroc=0.9231895134305398 n=200 (capped) [cached]
2026-08-05 02:31:10,065 | INFO    | molsanity | [stage cell_MolMotifHard__MPNN__IntegratedGradients__random__seed1] cache hit (ea1071b846a3f5c7) — skipping
2026-08-05 02:31:10,065 | INFO    | molsanity | [cell MolMotifHard__MPNN__IntegratedGradients__random__seed1] DONE — acc=0.98 gt_auroc=0.9678255956108992 n=200 (capped) [cached]
2026-08-05 02:31:10,969 | INFO    | molsanity | [stage cell_MolMotifHard__MPNN__IntegratedGradients__random__seed2] cache hit (6692eb913b28b607) — skipping
2026-08-05 02:31:10,969 | INFO    | molsanity | [cell MolMotifHard__MPNN__IntegratedGradients__random__seed2] DONE — acc=0.77 gt_auroc=0.9693179023534414 n=200 (capped) [cached]
2026-08-05 02:31:11,937 | INFO    | molsanity | [stage cell_MolMotifHard__AttentiveFP__IntegratedGradients__scaffold__seed0] cache hit (1774fc60d2653f13) — skipping
2026-08-05 02:31:11,937 | INFO    | molsanity | [cell MolMotifHard__AttentiveFP__IntegratedGradients__scaffold__seed0] DONE — acc=0.99 gt_auroc=0.9091646582190515 n=200 (capped) [cached]
2026-08-05 02:31:12,767 | INFO    | molsanity | [stage cell_MolMotifHard__AttentiveFP__IntegratedGradients__scaffold__seed1] cache hit (1f17701860311dc1) — skipping
2026-08-05 02:31:12,768 | INFO    | molsanity | [cell MolMotifHard__AttentiveFP__IntegratedGradients__scaffold__seed1] DONE — acc=0.98 gt_auroc=0.9174566898057384 n=200 (capped) [cached]
2026-08-05 02:31:13,582 | INFO    | molsanity | [stage cell_MolMotifHard__AttentiveFP__IntegratedGradients__scaffold__seed2] cache hit (c254280e3e5a2897) — skipping
2026-08-05 02:31:13,583 | INFO    | molsanity | [cell MolMotifHard__AttentiveFP__IntegratedGradients__scaffold__seed2] DONE — acc=0.95 gt_auroc=0.8739042665607619 n=200 (capped) [cached]
2026-08-05 02:31:14,596 | INFO    | molsanity | [stage cell_MolMotifHard__AttentiveFP__IntegratedGradients__random__seed0] cache hit (30da1717b5271a1b) — skipping
2026-08-05 02:31:14,596 | INFO    | molsanity | [cell MolMotifHard__AttentiveFP__IntegratedGradients__random__seed0] DONE — acc=0.96 gt_auroc=0.9550967454970305 n=200 (capped) [cached]
2026-08-05 02:31:15,345 | INFO    | molsanity | [stage cell_MolMotifHard__AttentiveFP__IntegratedGradients__random__seed1] cache hit (98061def3dc2e7cf) — skipping
2026-08-05 02:31:15,345 | INFO    | molsanity | [cell MolMotifHard__AttentiveFP__IntegratedGradients__random__seed1] DONE — acc=0.98 gt_auroc=0.8776671343352404 n=200 (capped) [cached]
2026-08-05 02:31:16,169 | INFO    | molsanity | [stage cell_MolMotifHard__AttentiveFP__IntegratedGradients__random__seed2] cache hit (2b1d60427a9d82df) — skipping
2026-08-05 02:31:16,169 | INFO    | molsanity | [cell MolMotifHard__AttentiveFP__IntegratedGradients__random__seed2] DONE — acc=0.97 gt_auroc=0.8011116369685078 n=200 (capped) [cached]
2026-08-05 02:31:16,176 | INFO    | molsanity | [stage cell_FluorideCarbonyl__GINE__IntegratedGradients__scaffold__seed0] running (99a034fabaf38933)
2026-08-05 02:31:17,140 | WARNING | molsanity | FluorideCarbonyl: load_graphs(fluoride_carbonyl.npz) failed ('numpy.float32' object cannot be interpreted as an integer); trying the dataset class
2026-08-05 02:31:17,629 | WARNING | molsanity | [cell FluorideCarbonyl__GINE__IntegratedGradients__scaffold__seed0] SKIPPED — FluorideCarbonyl: GraphXAI's FluorideCarbonyl failed both directly ('numpy.float32' object cannot be interpreted as an integer) and via its class ('numpy.float32' object cannot be interpreted as an integer). Skipping per Hard Rule 4.
2026-08-05 02:31:17,683 | INFO    | molsanity | [stage cell_FluorideCarbonyl__GINE__IntegratedGradients__scaffold__seed1] running (71a75390bb48b432)
2026-08-05 02:31:18,221 | WARNING | molsanity | FluorideCarbonyl: load_graphs(fluoride_carbonyl.npz) failed ('numpy.float32' object cannot be interpreted as an integer); trying the dataset class
2026-08-05 02:31:18,688 | WARNING | molsanity | [cell FluorideCarbonyl__GINE__IntegratedGradients__scaffold__seed1] SKIPPED — FluorideCarbonyl: GraphXAI's FluorideCarbonyl failed both directly ('numpy.float32' object cannot be interpreted as an integer) and via its class ('numpy.float32' object cannot be interpreted as an integer). Skipping per Hard Rule 4.
2026-08-05 02:31:18,744 | INFO    | molsanity | [stage cell_FluorideCarbonyl__GINE__IntegratedGradients__scaffold__seed2] running (c2117a6efe47ea34)
2026-08-05 02:31:19,281 | WARNING | molsanity | FluorideCarbonyl: load_graphs(fluoride_carbonyl.npz) failed ('numpy.float32' object cannot be interpreted as an integer); trying the dataset class
2026-08-05 02:31:19,755 | WARNING | molsanity | [cell FluorideCarbonyl__GINE__IntegratedGradients__scaffold__seed2] SKIPPED — FluorideCarbonyl: GraphXAI's FluorideCarbonyl failed both directly ('numpy.float32' object cannot be interpreted as an integer) and via its class ('numpy.float32' object cannot be interpreted as an integer). Skipping per Hard Rule 4.
2026-08-05 02:31:19,812 | INFO    | molsanity | [stage cell_FluorideCarbonyl__GINE__IntegratedGradients__random__seed0] running (45f1fbac797784b5)
2026-08-05 02:31:20,353 | WARNING | molsanity | FluorideCarbonyl: load_graphs(fluoride_carbonyl.npz) failed ('numpy.float32' object cannot be interpreted as an integer); trying the dataset class
2026-08-05 02:31:20,824 | WARNING | molsanity | [cell FluorideCarbonyl__GINE__IntegratedGradients__random__seed0] SKIPPED — FluorideCarbonyl: GraphXAI's FluorideCarbonyl failed both directly ('numpy.float32' object cannot be interpreted as an integer) and via its class ('numpy.float32' object cannot be interpreted as an integer). Skipping per Hard Rule 4.
2026-08-05 02:31:20,880 | INFO    | molsanity | [stage cell_FluorideCarbonyl__GINE__IntegratedGradients__random__seed1] running (9fee80660942682f)
2026-08-05 02:31:21,414 | WARNING | molsanity | FluorideCarbonyl: load_graphs(fluoride_carbonyl.npz) failed ('numpy.float32' object cannot be interpreted as an integer); trying the dataset class
2026-08-05 02:31:21,885 | WARNING | molsanity | [cell FluorideCarbonyl__GINE__IntegratedGradients__random__seed1] SKIPPED — FluorideCarbonyl: GraphXAI's FluorideCarbonyl failed both directly ('numpy.float32' object cannot be interpreted as an integer) and via its class ('numpy.float32' object cannot be interpreted as an integer). Skipping per Hard Rule 4.
2026-08-05 02:31:21,940 | INFO    | molsanity | [stage cell_FluorideCarbonyl__GINE__IntegratedGradients__random__seed2] running (9a4a14047cc43a4a)
2026-08-05 02:31:22,475 | WARNING | molsanity | FluorideCarbonyl: load_graphs(fluoride_carbonyl.npz) failed ('numpy.float32' object cannot be interpreted as an integer); trying the dataset class
2026-08-05 02:31:22,943 | WARNING | molsanity | [cell FluorideCarbonyl__GINE__IntegratedGradients__random__seed2] SKIPPED — FluorideCarbonyl: GraphXAI's FluorideCarbonyl failed both directly ('numpy.float32' object cannot be interpreted as an integer) and via its class ('numpy.float32' object cannot be interpreted as an integer). Skipping per Hard Rule 4.
2026-08-05 02:31:22,997 | INFO    | molsanity | [stage cell_FluorideCarbonyl__GINE__Saliency__scaffold__seed0] running (a205e67887b38810)
2026-08-05 02:31:23,529 | WARNING | molsanity | FluorideCarbonyl: load_graphs(fluoride_carbonyl.npz) failed ('numpy.float32' object cannot be interpreted as an integer); trying the dataset class
2026-08-05 02:31:23,998 | WARNING | molsanity | [cell FluorideCarbonyl__GINE__Saliency__scaffold__seed0] SKIPPED — FluorideCarbonyl: GraphXAI's FluorideCarbonyl failed both directly ('numpy.float32' object cannot be interpreted as an integer) and via its class ('numpy.float32' object cannot be interpreted as an integer). Skipping per Hard Rule 4.
2026-08-05 02:31:24,052 | INFO    | molsanity | [stage cell_FluorideCarbonyl__GINE__Saliency__scaffold__seed1] running (e309fe1d467a1ee7)
2026-08-05 02:31:24,584 | WARNING | molsanity | FluorideCarbonyl: load_graphs(fluoride_carbonyl.npz) failed ('numpy.float32' object cannot be interpreted as an integer); trying the dataset class
2026-08-05 02:31:25,054 | WARNING | molsanity | [cell FluorideCarbonyl__GINE__Saliency__scaffold__seed1] SKIPPED — FluorideCarbonyl: GraphXAI's FluorideCarbonyl failed both directly ('numpy.float32' object cannot be interpreted as an integer) and via its class ('numpy.float32' object cannot be interpreted as an integer). Skipping per Hard Rule 4.
2026-08-05 02:31:25,107 | INFO    | molsanity | [stage cell_FluorideCarbonyl__GINE__Saliency__scaffold__seed2] running (b445c00f6a3a86f7)
2026-08-05 02:31:25,639 | WARNING | molsanity | FluorideCarbonyl: load_graphs(fluoride_carbonyl.npz) failed ('numpy.float32' object cannot be interpreted as an integer); trying the dataset class
2026-08-05 02:31:26,109 | WARNING | molsanity | [cell FluorideCarbonyl__GINE__Saliency__scaffold__seed2] SKIPPED — FluorideCarbonyl: GraphXAI's FluorideCarbonyl failed both directly ('numpy.float32' object cannot be interpreted as an integer) and via its class ('numpy.float32' object cannot be interpreted as an integer). Skipping per Hard Rule 4.
2026-08-05 02:31:26,163 | INFO    | molsanity | [stage cell_FluorideCarbonyl__GINE__Saliency__random__seed0] running (631382e5833af1b1)
2026-08-05 02:31:26,702 | WARNING | molsanity | FluorideCarbonyl: load_graphs(fluoride_carbonyl.npz) failed ('numpy.float32' object cannot be interpreted as an integer); trying the dataset class
2026-08-05 02:31:27,172 | WARNING | molsanity | [cell FluorideCarbonyl__GINE__Saliency__random__seed0] SKIPPED — FluorideCarbonyl: GraphXAI's FluorideCarbonyl failed both directly ('numpy.float32' object cannot be interpreted as an integer) and via its class ('numpy.float32' object cannot be interpreted as an integer). Skipping per Hard Rule 4.
2026-08-05 02:31:27,227 | INFO    | molsanity | [stage cell_FluorideCarbonyl__GINE__Saliency__random__seed1] running (7713e07957ae9f87)
2026-08-05 02:31:27,772 | WARNING | molsanity | FluorideCarbonyl: load_graphs(fluoride_carbonyl.npz) failed ('numpy.float32' object cannot be interpreted as an integer); trying the dataset class
2026-08-05 02:31:28,245 | WARNING | molsanity | [cell FluorideCarbonyl__GINE__Saliency__random__seed1] SKIPPED — FluorideCarbonyl: GraphXAI's FluorideCarbonyl failed both directly ('numpy.float32' object cannot be interpreted as an integer) and via its class ('numpy.float32' object cannot be interpreted as an integer). Skipping per Hard Rule 4.
2026-08-05 02:31:28,300 | INFO    | molsanity | [stage cell_FluorideCarbonyl__GINE__Saliency__random__seed2] running (3ad51bd5740dd148)
2026-08-05 02:31:28,830 | WARNING | molsanity | FluorideCarbonyl: load_graphs(fluoride_carbonyl.npz) failed ('numpy.float32' object cannot be interpreted as an integer); trying the dataset class
2026-08-05 02:31:29,300 | WARNING | molsanity | [cell FluorideCarbonyl__GINE__Saliency__random__seed2] SKIPPED — FluorideCarbonyl: GraphXAI's FluorideCarbonyl failed both directly ('numpy.float32' object cannot be interpreted as an integer) and via its class ('numpy.float32' object cannot be interpreted as an integer). Skipping per Hard Rule 4.
2026-08-05 02:31:29,354 | INFO    | molsanity | [stage cell_FluorideCarbonyl__GINE__InputXGradient__scaffold__seed0] running (5a16028a69d8f0e9)
2026-08-05 02:31:29,884 | WARNING | molsanity | FluorideCarbonyl: load_graphs(fluoride_carbonyl.npz) failed ('numpy.float32' object cannot be interpreted as an integer); trying the dataset class
2026-08-05 02:31:30,351 | WARNING | molsanity | [cell FluorideCarbonyl__GINE__InputXGradient__scaffold__seed0] SKIPPED — FluorideCarbonyl: GraphXAI's FluorideCarbonyl failed both directly ('numpy.float32' object cannot be interpreted as an integer) and via its class ('numpy.float32' object cannot be interpreted as an integer). Skipping per Hard Rule 4.
2026-08-05 02:31:30,405 | INFO    | molsanity | [stage cell_FluorideCarbonyl__GINE__InputXGradient__scaffold__seed1] running (83c48a2b5c81c0b1)
2026-08-05 02:31:30,942 | WARNING | molsanity | FluorideCarbonyl: load_graphs(fluoride_carbonyl.npz) failed ('numpy.float32' object cannot be interpreted as an integer); trying the dataset class
2026-08-05 02:31:31,411 | WARNING | molsanity | [cell FluorideCarbonyl__GINE__InputXGradient__scaffold__seed1] SKIPPED — FluorideCarbonyl: GraphXAI's FluorideCarbonyl failed both directly ('numpy.float32' object cannot be interpreted as an integer) and via its class ('numpy.float32' object cannot be interpreted as an integer). Skipping per Hard Rule 4.
2026-08-05 02:31:31,466 | INFO    | molsanity | [stage cell_FluorideCarbonyl__GINE__InputXGradient__scaffold__seed2] running (2ef211bf0663bfea)
2026-08-05 02:31:31,999 | WARNING | molsanity | FluorideCarbonyl: load_graphs(fluoride_carbonyl.npz) failed ('numpy.float32' object cannot be interpreted as an integer); trying the dataset class
2026-08-05 02:31:32,469 | WARNING | molsanity | [cell FluorideCarbonyl__GINE__InputXGradient__scaffold__seed2] SKIPPED — FluorideCarbonyl: GraphXAI's FluorideCarbonyl failed both directly ('numpy.float32' object cannot be interpreted as an integer) and via its class ('numpy.float32' object cannot be interpreted as an integer). Skipping per Hard Rule 4.
2026-08-05 02:31:32,523 | INFO    | molsanity | [stage cell_FluorideCarbonyl__GINE__InputXGradient__random__seed0] running (a5ca421efc1ea5af)
2026-08-05 02:31:33,064 | WARNING | molsanity | FluorideCarbonyl: load_graphs(fluoride_carbonyl.npz) failed ('numpy.float32' object cannot be interpreted as an integer); trying the dataset class
2026-08-05 02:31:33,535 | WARNING | molsanity | [cell FluorideCarbonyl__GINE__InputXGradient__random__seed0] SKIPPED — FluorideCarbonyl: GraphXAI's FluorideCarbonyl failed both directly ('numpy.float32' object cannot be interpreted as an integer) and via its class ('numpy.float32' object cannot be interpreted as an integer). Skipping per Hard Rule 4.
2026-08-05 02:31:33,591 | INFO    | molsanity | [stage cell_FluorideCarbonyl__GINE__InputXGradient__random__seed1] running (5762c26385ef4e42)
2026-08-05 02:31:34,126 | WARNING | molsanity | FluorideCarbonyl: load_graphs(fluoride_carbonyl.npz) failed ('numpy.float32' object cannot be interpreted as an integer); trying the dataset class
2026-08-05 02:31:34,598 | WARNING | molsanity | [cell FluorideCarbonyl__GINE__InputXGradient__random__seed1] SKIPPED — FluorideCarbonyl: GraphXAI's FluorideCarbonyl failed both directly ('numpy.float32' object cannot be interpreted as an integer) and via its class ('numpy.float32' object cannot be interpreted as an integer). Skipping per Hard Rule 4.
2026-08-05 02:31:34,653 | INFO    | molsanity | [stage cell_FluorideCarbonyl__GINE__InputXGradient__random__seed2] running (f0ed379c3621f1ce)
2026-08-05 02:31:35,196 | WARNING | molsanity | FluorideCarbonyl: load_graphs(fluoride_carbonyl.npz) failed ('numpy.float32' object cannot be interpreted as an integer); trying the dataset class
2026-08-05 02:31:35,663 | WARNING | molsanity | [cell FluorideCarbonyl__GINE__InputXGradient__random__seed2] SKIPPED — FluorideCarbonyl: GraphXAI's FluorideCarbonyl failed both directly ('numpy.float32' object cannot be interpreted as an integer) and via its class ('numpy.float32' object cannot be interpreted as an integer). Skipping per Hard Rule 4.
2026-08-05 02:31:35,717 | INFO    | molsanity | [stage cell_FluorideCarbonyl__GINE__GuidedBackprop__scaffold__seed0] running (a3f1fa7b14559573)
2026-08-05 02:31:36,251 | WARNING | molsanity | FluorideCarbonyl: load_graphs(fluoride_carbonyl.npz) failed ('numpy.float32' object cannot be interpreted as an integer); trying the dataset class
2026-08-05 02:31:36,721 | WARNING | molsanity | [cell FluorideCarbonyl__GINE__GuidedBackprop__scaffold__seed0] SKIPPED — FluorideCarbonyl: GraphXAI's FluorideCarbonyl failed both directly ('numpy.float32' object cannot be interpreted as an integer) and via its class ('numpy.float32' object cannot be interpreted as an integer). Skipping per Hard Rule 4.
2026-08-05 02:31:36,775 | INFO    | molsanity | [stage cell_FluorideCarbonyl__GINE__GuidedBackprop__scaffold__seed1] running (eb84aff5916cc1c5)
2026-08-05 02:31:37,308 | WARNING | molsanity | FluorideCarbonyl: load_graphs(fluoride_carbonyl.npz) failed ('numpy.float32' object cannot be interpreted as an integer); trying the dataset class
2026-08-05 02:31:37,777 | WARNING | molsanity | [cell FluorideCarbonyl__GINE__GuidedBackprop__scaffold__seed1] SKIPPED — FluorideCarbonyl: GraphXAI's FluorideCarbonyl failed both directly ('numpy.float32' object cannot be interpreted as an integer) and via its class ('numpy.float32' object cannot be interpreted as an integer). Skipping per Hard Rule 4.
2026-08-05 02:31:37,831 | INFO    | molsanity | [stage cell_FluorideCarbonyl__GINE__GuidedBackprop__scaffold__seed2] running (81d646490169bb02)
2026-08-05 02:31:38,364 | WARNING | molsanity | FluorideCarbonyl: load_graphs(fluoride_carbonyl.npz) failed ('numpy.float32' object cannot be interpreted as an integer); trying the dataset class
2026-08-05 02:31:38,834 | WARNING | molsanity | [cell FluorideCarbonyl__GINE__GuidedBackprop__scaffold__seed2] SKIPPED — FluorideCarbonyl: GraphXAI's FluorideCarbonyl failed both directly ('numpy.float32' object cannot be interpreted as an integer) and via its class ('numpy.float32' object cannot be interpreted as an integer). Skipping per Hard Rule 4.
2026-08-05 02:31:38,888 | INFO    | molsanity | [stage cell_FluorideCarbonyl__GINE__GuidedBackprop__random__seed0] running (c4b92026615691e6)
2026-08-05 02:31:39,425 | WARNING | molsanity | FluorideCarbonyl: load_graphs(fluoride_carbonyl.npz) failed ('numpy.float32' object cannot be interpreted as an integer); trying the dataset class
2026-08-05 02:31:39,891 | WARNING | molsanity | [cell FluorideCarbonyl__GINE__GuidedBackprop__random__seed0] SKIPPED — FluorideCarbonyl: GraphXAI's FluorideCarbonyl failed both directly ('numpy.float32' object cannot be interpreted as an integer) and via its class ('numpy.float32' object cannot be interpreted as an integer). Skipping per Hard Rule 4.
2026-08-05 02:31:39,945 | INFO    | molsanity | [stage cell_FluorideCarbonyl__GINE__GuidedBackprop__random__seed1] running (0349efe61ddc020b)
2026-08-05 02:31:40,479 | WARNING | molsanity | FluorideCarbonyl: load_graphs(fluoride_carbonyl.npz) failed ('numpy.float32' object cannot be interpreted as an integer); trying the dataset class
2026-08-05 02:31:40,946 | WARNING | molsanity | [cell FluorideCarbonyl__GINE__GuidedBackprop__random__seed1] SKIPPED — FluorideCarbonyl: GraphXAI's FluorideCarbonyl failed both directly ('numpy.float32' object cannot be interpreted as an integer) and via its class ('numpy.float32' object cannot be interpreted as an integer). Skipping per Hard Rule 4.
2026-08-05 02:31:41,000 | INFO    | molsanity | [stage cell_FluorideCarbonyl__GINE__GuidedBackprop__random__seed2] running (010c401ace00a138)
2026-08-05 02:31:41,531 | WARNING | molsanity | FluorideCarbonyl: load_graphs(fluoride_carbonyl.npz) failed ('numpy.float32' object cannot be interpreted as an integer); trying the dataset class
2026-08-05 02:31:41,998 | WARNING | molsanity | [cell FluorideCarbonyl__GINE__GuidedBackprop__random__seed2] SKIPPED — FluorideCarbonyl: GraphXAI's FluorideCarbonyl failed both directly ('numpy.float32' object cannot be interpreted as an integer) and via its class ('numpy.float32' object cannot be interpreted as an integer). Skipping per Hard Rule 4.
2026-08-05 02:31:42,053 | INFO    | molsanity | [stage cell_FluorideCarbonyl__GINE__GNNExplainer__scaffold__seed0] running (23bb5b614031f6b5)
2026-08-05 02:31:42,581 | WARNING | molsanity | FluorideCarbonyl: load_graphs(fluoride_carbonyl.npz) failed ('numpy.float32' object cannot be interpreted as an integer); trying the dataset class
2026-08-05 02:31:43,051 | WARNING | molsanity | [cell FluorideCarbonyl__GINE__GNNExplainer__scaffold__seed0] SKIPPED — FluorideCarbonyl: GraphXAI's FluorideCarbonyl failed both directly ('numpy.float32' object cannot be interpreted as an integer) and via its class ('numpy.float32' object cannot be interpreted as an integer). Skipping per Hard Rule 4.
2026-08-05 02:31:43,105 | INFO    | molsanity | [stage cell_FluorideCarbonyl__GINE__GNNExplainer__scaffold__seed1] running (576088bf50c6c0a9)
2026-08-05 02:31:43,632 | WARNING | molsanity | FluorideCarbonyl: load_graphs(fluoride_carbonyl.npz) failed ('numpy.float32' object cannot be interpreted as an integer); trying the dataset class
2026-08-05 02:31:44,099 | WARNING | molsanity | [cell FluorideCarbonyl__GINE__GNNExplainer__scaffold__seed1] SKIPPED — FluorideCarbonyl: GraphXAI's FluorideCarbonyl failed both directly ('numpy.float32' object cannot be interpreted as an integer) and via its class ('numpy.float32' object cannot be interpreted as an integer). Skipping per Hard Rule 4.
2026-08-05 02:31:44,153 | INFO    | molsanity | [stage cell_FluorideCarbonyl__GINE__GNNExplainer__scaffold__seed2] running (13d3fc91ec1d57f4)
2026-08-05 02:31:44,689 | WARNING | molsanity | FluorideCarbonyl: load_graphs(fluoride_carbonyl.npz) failed ('numpy.float32' object cannot be interpreted as an integer); trying the dataset class
2026-08-05 02:31:45,159 | WARNING | molsanity | [cell FluorideCarbonyl__GINE__GNNExplainer__scaffold__seed2] SKIPPED — FluorideCarbonyl: GraphXAI's FluorideCarbonyl failed both directly ('numpy.float32' object cannot be interpreted as an integer) and via its class ('numpy.float32' object cannot be interpreted as an integer). Skipping per Hard Rule 4.
2026-08-05 02:31:45,214 | INFO    | molsanity | [stage cell_FluorideCarbonyl__GINE__GNNExplainer__random__seed0] running (b99d75ee36664659)
2026-08-05 02:31:45,758 | WARNING | molsanity | FluorideCarbonyl: load_graphs(fluoride_carbonyl.npz) failed ('numpy.float32' object cannot be interpreted as an integer); trying the dataset class
2026-08-05 02:31:46,237 | WARNING | molsanity | [cell FluorideCarbonyl__GINE__GNNExplainer__random__seed0] SKIPPED — FluorideCarbonyl: GraphXAI's FluorideCarbonyl failed both directly ('numpy.float32' object cannot be interpreted as an integer) and via its class ('numpy.float32' object cannot be interpreted as an integer). Skipping per Hard Rule 4.
2026-08-05 02:31:46,291 | INFO    | molsanity | [stage cell_FluorideCarbonyl__GINE__GNNExplainer__random__seed1] running (5a0106ed3344c103)
2026-08-05 02:31:46,831 | WARNING | molsanity | FluorideCarbonyl: load_graphs(fluoride_carbonyl.npz) failed ('numpy.float32' object cannot be interpreted as an integer); trying the dataset class
2026-08-05 02:31:47,299 | WARNING | molsanity | [cell FluorideCarbonyl__GINE__GNNExplainer__random__seed1] SKIPPED — FluorideCarbonyl: GraphXAI's FluorideCarbonyl failed both directly ('numpy.float32' object cannot be interpreted as an integer) and via its class ('numpy.float32' object cannot be interpreted as an integer). Skipping per Hard Rule 4.
2026-08-05 02:31:47,355 | INFO    | molsanity | [stage cell_FluorideCarbonyl__GINE__GNNExplainer__random__seed2] running (dcd64fe4152d5667)
2026-08-05 02:31:47,897 | WARNING | molsanity | FluorideCarbonyl: load_graphs(fluoride_carbonyl.npz) failed ('numpy.float32' object cannot be interpreted as an integer); trying the dataset class
2026-08-05 02:31:48,370 | WARNING | molsanity | [cell FluorideCarbonyl__GINE__GNNExplainer__random__seed2] SKIPPED — FluorideCarbonyl: GraphXAI's FluorideCarbonyl failed both directly ('numpy.float32' object cannot be interpreted as an integer) and via its class ('numpy.float32' object cannot be interpreted as an integer). Skipping per Hard Rule 4.
2026-08-05 02:31:48,424 | INFO    | molsanity | [stage cell_FluorideCarbonyl__GINE__PGExplainer__scaffold__seed0] running (4beb51593f87b1f4)
2026-08-05 02:31:48,954 | WARNING | molsanity | FluorideCarbonyl: load_graphs(fluoride_carbonyl.npz) failed ('numpy.float32' object cannot be interpreted as an integer); trying the dataset class
2026-08-05 02:31:49,422 | WARNING | molsanity | [cell FluorideCarbonyl__GINE__PGExplainer__scaffold__seed0] SKIPPED — FluorideCarbonyl: GraphXAI's FluorideCarbonyl failed both directly ('numpy.float32' object cannot be interpreted as an integer) and via its class ('numpy.float32' object cannot be interpreted as an integer). Skipping per Hard Rule 4.
2026-08-05 02:31:49,477 | INFO    | molsanity | [stage cell_FluorideCarbonyl__GINE__PGExplainer__scaffold__seed1] running (6cfd09b652ba604c)
2026-08-05 02:31:50,018 | WARNING | molsanity | FluorideCarbonyl: load_graphs(fluoride_carbonyl.npz) failed ('numpy.float32' object cannot be interpreted as an integer); trying the dataset class
2026-08-05 02:31:50,490 | WARNING | molsanity | [cell FluorideCarbonyl__GINE__PGExplainer__scaffold__seed1] SKIPPED — FluorideCarbonyl: GraphXAI's FluorideCarbonyl failed both directly ('numpy.float32' object cannot be interpreted as an integer) and via its class ('numpy.float32' object cannot be interpreted as an integer). Skipping per Hard Rule 4.
2026-08-05 02:31:50,546 | INFO    | molsanity | [stage cell_FluorideCarbonyl__GINE__PGExplainer__scaffold__seed2] running (65a2b34b605549ff)
2026-08-05 02:31:51,074 | WARNING | molsanity | FluorideCarbonyl: load_graphs(fluoride_carbonyl.npz) failed ('numpy.float32' object cannot be interpreted as an integer); trying the dataset class
2026-08-05 02:31:51,545 | WARNING | molsanity | [cell FluorideCarbonyl__GINE__PGExplainer__scaffold__seed2] SKIPPED — FluorideCarbonyl: GraphXAI's FluorideCarbonyl failed both directly ('numpy.float32' object cannot be interpreted as an integer) and via its class ('numpy.float32' object cannot be interpreted as an integer). Skipping per Hard Rule 4.
2026-08-05 02:31:51,598 | INFO    | molsanity | [stage cell_FluorideCarbonyl__GINE__PGExplainer__random__seed0] running (4f76aa419fac1801)
2026-08-05 02:31:52,130 | WARNING | molsanity | FluorideCarbonyl: load_graphs(fluoride_carbonyl.npz) failed ('numpy.float32' object cannot be interpreted as an integer); trying the dataset class
2026-08-05 02:31:52,599 | WARNING | molsanity | [cell FluorideCarbonyl__GINE__PGExplainer__random__seed0] SKIPPED — FluorideCarbonyl: GraphXAI's FluorideCarbonyl failed both directly ('numpy.float32' object cannot be interpreted as an integer) and via its class ('numpy.float32' object cannot be interpreted as an integer). Skipping per Hard Rule 4.
2026-08-05 02:31:52,653 | INFO    | molsanity | [stage cell_FluorideCarbonyl__GINE__PGExplainer__random__seed1] running (ec3cbbe5c345a33e)
2026-08-05 02:31:53,194 | WARNING | molsanity | FluorideCarbonyl: load_graphs(fluoride_carbonyl.npz) failed ('numpy.float32' object cannot be interpreted as an integer); trying the dataset class
2026-08-05 02:31:53,667 | WARNING | molsanity | [cell FluorideCarbonyl__GINE__PGExplainer__random__seed1] SKIPPED — FluorideCarbonyl: GraphXAI's FluorideCarbonyl failed both directly ('numpy.float32' object cannot be interpreted as an integer) and via its class ('numpy.float32' object cannot be interpreted as an integer). Skipping per Hard Rule 4.
2026-08-05 02:31:53,721 | INFO    | molsanity | [stage cell_FluorideCarbonyl__GINE__PGExplainer__random__seed2] running (b5ef90a58ee695db)
2026-08-05 02:31:54,253 | WARNING | molsanity | FluorideCarbonyl: load_graphs(fluoride_carbonyl.npz) failed ('numpy.float32' object cannot be interpreted as an integer); trying the dataset class
2026-08-05 02:31:54,725 | WARNING | molsanity | [cell FluorideCarbonyl__GINE__PGExplainer__random__seed2] SKIPPED — FluorideCarbonyl: GraphXAI's FluorideCarbonyl failed both directly ('numpy.float32' object cannot be interpreted as an integer) and via its class ('numpy.float32' object cannot be interpreted as an integer). Skipping per Hard Rule 4.
2026-08-05 02:31:54,779 | INFO    | molsanity | [stage cell_FluorideCarbonyl__GINE__SubgraphX__scaffold__seed0] running (1abda3a54ebc5ff8)
2026-08-05 02:31:55,313 | WARNING | molsanity | FluorideCarbonyl: load_graphs(fluoride_carbonyl.npz) failed ('numpy.float32' object cannot be interpreted as an integer); trying the dataset class
2026-08-05 02:31:55,781 | WARNING | molsanity | [cell FluorideCarbonyl__GINE__SubgraphX__scaffold__seed0] SKIPPED — FluorideCarbonyl: GraphXAI's FluorideCarbonyl failed both directly ('numpy.float32' object cannot be interpreted as an integer) and via its class ('numpy.float32' object cannot be interpreted as an integer). Skipping per Hard Rule 4.
2026-08-05 02:31:55,833 | INFO    | molsanity | [stage cell_FluorideCarbonyl__GINE__SubgraphX__scaffold__seed1] running (82baf3dbe38b88e9)
2026-08-05 02:31:56,356 | WARNING | molsanity | FluorideCarbonyl: load_graphs(fluoride_carbonyl.npz) failed ('numpy.float32' object cannot be interpreted as an integer); trying the dataset class
2026-08-05 02:31:56,828 | WARNING | molsanity | [cell FluorideCarbonyl__GINE__SubgraphX__scaffold__seed1] SKIPPED — FluorideCarbonyl: GraphXAI's FluorideCarbonyl failed both directly ('numpy.float32' object cannot be interpreted as an integer) and via its class ('numpy.float32' object cannot be interpreted as an integer). Skipping per Hard Rule 4.
2026-08-05 02:31:56,882 | INFO    | molsanity | [stage cell_FluorideCarbonyl__GINE__SubgraphX__scaffold__seed2] running (d5479ea1e21e17f6)
2026-08-05 02:31:57,410 | WARNING | molsanity | FluorideCarbonyl: load_graphs(fluoride_carbonyl.npz) failed ('numpy.float32' object cannot be interpreted as an integer); trying the dataset class
2026-08-05 02:31:57,883 | WARNING | molsanity | [cell FluorideCarbonyl__GINE__SubgraphX__scaffold__seed2] SKIPPED — FluorideCarbonyl: GraphXAI's FluorideCarbonyl failed both directly ('numpy.float32' object cannot be interpreted as an integer) and via its class ('numpy.float32' object cannot be interpreted as an integer). Skipping per Hard Rule 4.
2026-08-05 02:31:57,938 | INFO    | molsanity | [stage cell_FluorideCarbonyl__GINE__SubgraphX__random__seed0] running (f1e3ed1cf8d4c40f)
2026-08-05 02:31:58,471 | WARNING | molsanity | FluorideCarbonyl: load_graphs(fluoride_carbonyl.npz) failed ('numpy.float32' object cannot be interpreted as an integer); trying the dataset class
2026-08-05 02:31:58,951 | WARNING | molsanity | [cell FluorideCarbonyl__GINE__SubgraphX__random__seed0] SKIPPED — FluorideCarbonyl: GraphXAI's FluorideCarbonyl failed both directly ('numpy.float32' object cannot be interpreted as an integer) and via its class ('numpy.float32' object cannot be interpreted as an integer). Skipping per Hard Rule 4.
2026-08-05 02:31:59,006 | INFO    | molsanity | [stage cell_FluorideCarbonyl__GINE__SubgraphX__random__seed1] running (968f9d4024b77237)
2026-08-05 02:31:59,541 | WARNING | molsanity | FluorideCarbonyl: load_graphs(fluoride_carbonyl.npz) failed ('numpy.float32' object cannot be interpreted as an integer); trying the dataset class
2026-08-05 02:32:00,023 | WARNING | molsanity | [cell FluorideCarbonyl__GINE__SubgraphX__random__seed1] SKIPPED — FluorideCarbonyl: GraphXAI's FluorideCarbonyl failed both directly ('numpy.float32' object cannot be interpreted as an integer) and via its class ('numpy.float32' object cannot be interpreted as an integer). Skipping per Hard Rule 4.
2026-08-05 02:32:00,078 | INFO    | molsanity | [stage cell_FluorideCarbonyl__GINE__SubgraphX__random__seed2] running (df5a26026b7c86b8)
2026-08-05 02:32:00,608 | WARNING | molsanity | FluorideCarbonyl: load_graphs(fluoride_carbonyl.npz) failed ('numpy.float32' object cannot be interpreted as an integer); trying the dataset class
2026-08-05 02:32:01,076 | WARNING | molsanity | [cell FluorideCarbonyl__GINE__SubgraphX__random__seed2] SKIPPED — FluorideCarbonyl: GraphXAI's FluorideCarbonyl failed both directly ('numpy.float32' object cannot be interpreted as an integer) and via its class ('numpy.float32' object cannot be interpreted as an integer). Skipping per Hard Rule 4.
2026-08-05 02:32:01,129 | INFO    | molsanity | [stage cell_Benzene__GINE__IntegratedGradients__scaffold__seed0] running (13fdc4dba903d584)
2026-08-05 02:32:01,826 | WARNING | molsanity | Benzene: load_graphs(benzene.npz) failed ('numpy.float32' object cannot be interpreted as an integer); trying the dataset class
2026-08-05 02:32:02,480 | WARNING | molsanity | [cell Benzene__GINE__IntegratedGradients__scaffold__seed0] SKIPPED — Benzene: GraphXAI's Benzene failed both directly ('numpy.float32' object cannot be interpreted as an integer) and via its class ('numpy.float32' object cannot be interpreted as an integer). Skipping per Hard Rule 4.
2026-08-05 02:32:02,557 | INFO    | molsanity | [stage cell_Benzene__GINE__IntegratedGradients__scaffold__seed1] running (6dc353c11154af40)
2026-08-05 02:32:03,280 | WARNING | molsanity | Benzene: load_graphs(benzene.npz) failed ('numpy.float32' object cannot be interpreted as an integer); trying the dataset class
2026-08-05 02:32:03,921 | WARNING | molsanity | [cell Benzene__GINE__IntegratedGradients__scaffold__seed1] SKIPPED — Benzene: GraphXAI's Benzene failed both directly ('numpy.float32' object cannot be interpreted as an integer) and via its class ('numpy.float32' object cannot be interpreted as an integer). Skipping per Hard Rule 4.
2026-08-05 02:32:03,999 | INFO    | molsanity | [stage cell_Benzene__GINE__IntegratedGradients__scaffold__seed2] running (20866d7a03ee38e3)
2026-08-05 02:32:04,708 | WARNING | molsanity | Benzene: load_graphs(benzene.npz) failed ('numpy.float32' object cannot be interpreted as an integer); trying the dataset class
2026-08-05 02:32:05,349 | WARNING | molsanity | [cell Benzene__GINE__IntegratedGradients__scaffold__seed2] SKIPPED — Benzene: GraphXAI's Benzene failed both directly ('numpy.float32' object cannot be interpreted as an integer) and via its class ('numpy.float32' object cannot be interpreted as an integer). Skipping per Hard Rule 4.
2026-08-05 02:32:05,429 | INFO    | molsanity | [stage cell_Benzene__GINE__IntegratedGradients__random__seed0] running (c2f1ffa7671a1cca)
2026-08-05 02:32:06,156 | WARNING | molsanity | Benzene: load_graphs(benzene.npz) failed ('numpy.float32' object cannot be interpreted as an integer); trying the dataset class
2026-08-05 02:32:06,797 | WARNING | molsanity | [cell Benzene__GINE__IntegratedGradients__random__seed0] SKIPPED — Benzene: GraphXAI's Benzene failed both directly ('numpy.float32' object cannot be interpreted as an integer) and via its class ('numpy.float32' object cannot be interpreted as an integer). Skipping per Hard Rule 4.
2026-08-05 02:32:06,875 | INFO    | molsanity | [stage cell_Benzene__GINE__IntegratedGradients__random__seed1] running (9d1df4cb926c075d)
2026-08-05 02:32:07,595 | WARNING | molsanity | Benzene: load_graphs(benzene.npz) failed ('numpy.float32' object cannot be interpreted as an integer); trying the dataset class
2026-08-05 02:32:08,236 | WARNING | molsanity | [cell Benzene__GINE__IntegratedGradients__random__seed1] SKIPPED — Benzene: GraphXAI's Benzene failed both directly ('numpy.float32' object cannot be interpreted as an integer) and via its class ('numpy.float32' object cannot be interpreted as an integer). Skipping per Hard Rule 4.
2026-08-05 02:32:08,314 | INFO    | molsanity | [stage cell_Benzene__GINE__IntegratedGradients__random__seed2] running (39849ad3aecfba13)
2026-08-05 02:32:09,041 | WARNING | molsanity | Benzene: load_graphs(benzene.npz) failed ('numpy.float32' object cannot be interpreted as an integer); trying the dataset class
2026-08-05 02:32:09,678 | WARNING | molsanity | [cell Benzene__GINE__IntegratedGradients__random__seed2] SKIPPED — Benzene: GraphXAI's Benzene failed both directly ('numpy.float32' object cannot be interpreted as an integer) and via its class ('numpy.float32' object cannot be interpreted as an integer). Skipping per Hard Rule 4.
2026-08-05 02:32:09,756 | INFO    | molsanity | [stage cell_Benzene__GINE__Saliency__scaffold__seed0] running (48b70ec5fe1f3883)
2026-08-05 02:32:10,487 | WARNING | molsanity | Benzene: load_graphs(benzene.npz) failed ('numpy.float32' object cannot be interpreted as an integer); trying the dataset class
2026-08-05 02:32:11,139 | WARNING | molsanity | [cell Benzene__GINE__Saliency__scaffold__seed0] SKIPPED — Benzene: GraphXAI's Benzene failed both directly ('numpy.float32' object cannot be interpreted as an integer) and via its class ('numpy.float32' object cannot be interpreted as an integer). Skipping per Hard Rule 4.
2026-08-05 02:32:11,218 | INFO    | molsanity | [stage cell_Benzene__GINE__Saliency__scaffold__seed1] running (2726654dc9a9f682)
2026-08-05 02:32:11,944 | WARNING | molsanity | Benzene: load_graphs(benzene.npz) failed ('numpy.float32' object cannot be interpreted as an integer); trying the dataset class
2026-08-05 02:32:12,591 | WARNING | molsanity | [cell Benzene__GINE__Saliency__scaffold__seed1] SKIPPED — Benzene: GraphXAI's Benzene failed both directly ('numpy.float32' object cannot be interpreted as an integer) and via its class ('numpy.float32' object cannot be interpreted as an integer). Skipping per Hard Rule 4.
2026-08-05 02:32:12,671 | INFO    | molsanity | [stage cell_Benzene__GINE__Saliency__scaffold__seed2] running (676feb4da011ac56)
2026-08-05 02:32:13,412 | WARNING | molsanity | Benzene: load_graphs(benzene.npz) failed ('numpy.float32' object cannot be interpreted as an integer); trying the dataset class
2026-08-05 02:32:14,054 | WARNING | molsanity | [cell Benzene__GINE__Saliency__scaffold__seed2] SKIPPED — Benzene: GraphXAI's Benzene failed both directly ('numpy.float32' object cannot be interpreted as an integer) and via its class ('numpy.float32' object cannot be interpreted as an integer). Skipping per Hard Rule 4.
2026-08-05 02:32:14,133 | INFO    | molsanity | [stage cell_Benzene__GINE__Saliency__random__seed0] running (c1852547e149183c)
2026-08-05 02:32:14,855 | WARNING | molsanity | Benzene: load_graphs(benzene.npz) failed ('numpy.float32' object cannot be interpreted as an integer); trying the dataset class
2026-08-05 02:32:15,496 | WARNING | molsanity | [cell Benzene__GINE__Saliency__random__seed0] SKIPPED — Benzene: GraphXAI's Benzene failed both directly ('numpy.float32' object cannot be interpreted as an integer) and via its class ('numpy.float32' object cannot be interpreted as an integer). Skipping per Hard Rule 4.
2026-08-05 02:32:15,574 | INFO    | molsanity | [stage cell_Benzene__GINE__Saliency__random__seed1] running (25cf5702be362fb9)
2026-08-05 02:32:16,294 | WARNING | molsanity | Benzene: load_graphs(benzene.npz) failed ('numpy.float32' object cannot be interpreted as an integer); trying the dataset class
2026-08-05 02:32:16,935 | WARNING | molsanity | [cell Benzene__GINE__Saliency__random__seed1] SKIPPED — Benzene: GraphXAI's Benzene failed both directly ('numpy.float32' object cannot be interpreted as an integer) and via its class ('numpy.float32' object cannot be interpreted as an integer). Skipping per Hard Rule 4.
2026-08-05 02:32:17,015 | INFO    | molsanity | [stage cell_Benzene__GINE__Saliency__random__seed2] running (93005be6cf7b0642)
2026-08-05 02:32:17,731 | WARNING | molsanity | Benzene: load_graphs(benzene.npz) failed ('numpy.float32' object cannot be interpreted as an integer); trying the dataset class
2026-08-05 02:32:18,372 | WARNING | molsanity | [cell Benzene__GINE__Saliency__random__seed2] SKIPPED — Benzene: GraphXAI's Benzene failed both directly ('numpy.float32' object cannot be interpreted as an integer) and via its class ('numpy.float32' object cannot be interpreted as an integer). Skipping per Hard Rule 4.
2026-08-05 02:32:18,451 | INFO    | molsanity | [stage cell_Benzene__GINE__InputXGradient__scaffold__seed0] running (e7762e5770f7ae99)
2026-08-05 02:32:19,156 | WARNING | molsanity | Benzene: load_graphs(benzene.npz) failed ('numpy.float32' object cannot be interpreted as an integer); trying the dataset class
2026-08-05 02:32:19,802 | WARNING | molsanity | [cell Benzene__GINE__InputXGradient__scaffold__seed0] SKIPPED — Benzene: GraphXAI's Benzene failed both directly ('numpy.float32' object cannot be interpreted as an integer) and via its class ('numpy.float32' object cannot be interpreted as an integer). Skipping per Hard Rule 4.
2026-08-05 02:32:19,880 | INFO    | molsanity | [stage cell_Benzene__GINE__InputXGradient__scaffold__seed1] running (58cf5b0d1ceee4b3)
2026-08-05 02:32:20,579 | WARNING | molsanity | Benzene: load_graphs(benzene.npz) failed ('numpy.float32' object cannot be interpreted as an integer); trying the dataset class
2026-08-05 02:32:21,216 | WARNING | molsanity | [cell Benzene__GINE__InputXGradient__scaffold__seed1] SKIPPED — Benzene: GraphXAI's Benzene failed both directly ('numpy.float32' object cannot be interpreted as an integer) and via its class ('numpy.float32' object cannot be interpreted as an integer). Skipping per Hard Rule 4.
2026-08-05 02:32:21,295 | INFO    | molsanity | [stage cell_Benzene__GINE__InputXGradient__scaffold__seed2] running (29ccc61dad410574)
2026-08-05 02:32:22,016 | WARNING | molsanity | Benzene: load_graphs(benzene.npz) failed ('numpy.float32' object cannot be interpreted as an integer); trying the dataset class
2026-08-05 02:32:22,658 | WARNING | molsanity | [cell Benzene__GINE__InputXGradient__scaffold__seed2] SKIPPED — Benzene: GraphXAI's Benzene failed both directly ('numpy.float32' object cannot be interpreted as an integer) and via its class ('numpy.float32' object cannot be interpreted as an integer). Skipping per Hard Rule 4.
2026-08-05 02:32:22,736 | INFO    | molsanity | [stage cell_Benzene__GINE__InputXGradient__random__seed0] running (f64af3280dbb03db)
2026-08-05 02:32:23,461 | WARNING | molsanity | Benzene: load_graphs(benzene.npz) failed ('numpy.float32' object cannot be interpreted as an integer); trying the dataset class
2026-08-05 02:32:24,106 | WARNING | molsanity | [cell Benzene__GINE__InputXGradient__random__seed0] SKIPPED — Benzene: GraphXAI's Benzene failed both directly ('numpy.float32' object cannot be interpreted as an integer) and via its class ('numpy.float32' object cannot be interpreted as an integer). Skipping per Hard Rule 4.
2026-08-05 02:32:24,184 | INFO    | molsanity | [stage cell_Benzene__GINE__InputXGradient__random__seed1] running (17c58fc1c42d0ecc)
2026-08-05 02:32:24,901 | WARNING | molsanity | Benzene: load_graphs(benzene.npz) failed ('numpy.float32' object cannot be interpreted as an integer); trying the dataset class
2026-08-05 02:32:25,548 | WARNING | molsanity | [cell Benzene__GINE__InputXGradient__random__seed1] SKIPPED — Benzene: GraphXAI's Benzene failed both directly ('numpy.float32' object cannot be interpreted as an integer) and via its class ('numpy.float32' object cannot be interpreted as an integer). Skipping per Hard Rule 4.
2026-08-05 02:32:25,624 | INFO    | molsanity | [stage cell_Benzene__GINE__InputXGradient__random__seed2] running (7ed71caab80210f2)
2026-08-05 02:32:26,340 | WARNING | molsanity | Benzene: load_graphs(benzene.npz) failed ('numpy.float32' object cannot be interpreted as an integer); trying the dataset class
2026-08-05 02:32:26,979 | WARNING | molsanity | [cell Benzene__GINE__InputXGradient__random__seed2] SKIPPED — Benzene: GraphXAI's Benzene failed both directly ('numpy.float32' object cannot be interpreted as an integer) and via its class ('numpy.float32' object cannot be interpreted as an integer). Skipping per Hard Rule 4.
2026-08-05 02:32:27,056 | INFO    | molsanity | [stage cell_Benzene__GINE__GuidedBackprop__scaffold__seed0] running (614c6314cbdd691f)
2026-08-05 02:32:27,780 | WARNING | molsanity | Benzene: load_graphs(benzene.npz) failed ('numpy.float32' object cannot be interpreted as an integer); trying the dataset class
2026-08-05 02:32:28,419 | WARNING | molsanity | [cell Benzene__GINE__GuidedBackprop__scaffold__seed0] SKIPPED — Benzene: GraphXAI's Benzene failed both directly ('numpy.float32' object cannot be interpreted as an integer) and via its class ('numpy.float32' object cannot be interpreted as an integer). Skipping per Hard Rule 4.
2026-08-05 02:32:28,499 | INFO    | molsanity | [stage cell_Benzene__GINE__GuidedBackprop__scaffold__seed1] running (ac20e320a496d012)
2026-08-05 02:32:29,206 | WARNING | molsanity | Benzene: load_graphs(benzene.npz) failed ('numpy.float32' object cannot be interpreted as an integer); trying the dataset class
2026-08-05 02:32:29,846 | WARNING | molsanity | [cell Benzene__GINE__GuidedBackprop__scaffold__seed1] SKIPPED — Benzene: GraphXAI's Benzene failed both directly ('numpy.float32' object cannot be interpreted as an integer) and via its class ('numpy.float32' object cannot be interpreted as an integer). Skipping per Hard Rule 4.
2026-08-05 02:32:29,923 | INFO    | molsanity | [stage cell_Benzene__GINE__GuidedBackprop__scaffold__seed2] running (8b6a589a219c2558)
2026-08-05 02:32:30,638 | WARNING | molsanity | Benzene: load_graphs(benzene.npz) failed ('numpy.float32' object cannot be interpreted as an integer); trying the dataset class
2026-08-05 02:32:31,272 | WARNING | molsanity | [cell Benzene__GINE__GuidedBackprop__scaffold__seed2] SKIPPED — Benzene: GraphXAI's Benzene failed both directly ('numpy.float32' object cannot be interpreted as an integer) and via its class ('numpy.float32' object cannot be interpreted as an integer). Skipping per Hard Rule 4.
2026-08-05 02:32:31,349 | INFO    | molsanity | [stage cell_Benzene__GINE__GuidedBackprop__random__seed0] running (b42e6717ad857db6)
2026-08-05 02:32:32,069 | WARNING | molsanity | Benzene: load_graphs(benzene.npz) failed ('numpy.float32' object cannot be interpreted as an integer); trying the dataset class
2026-08-05 02:32:32,712 | WARNING | molsanity | [cell Benzene__GINE__GuidedBackprop__random__seed0] SKIPPED — Benzene: GraphXAI's Benzene failed both directly ('numpy.float32' object cannot be interpreted as an integer) and via its class ('numpy.float32' object cannot be interpreted as an integer). Skipping per Hard Rule 4.
2026-08-05 02:32:32,788 | INFO    | molsanity | [stage cell_Benzene__GINE__GuidedBackprop__random__seed1] running (f787b6515bceec80)
2026-08-05 02:32:33,525 | WARNING | molsanity | Benzene: load_graphs(benzene.npz) failed ('numpy.float32' object cannot be interpreted as an integer); trying the dataset class
2026-08-05 02:32:34,164 | WARNING | molsanity | [cell Benzene__GINE__GuidedBackprop__random__seed1] SKIPPED — Benzene: GraphXAI's Benzene failed both directly ('numpy.float32' object cannot be interpreted as an integer) and via its class ('numpy.float32' object cannot be interpreted as an integer). Skipping per Hard Rule 4.
2026-08-05 02:32:34,240 | INFO    | molsanity | [stage cell_Benzene__GINE__GuidedBackprop__random__seed2] running (c5aec164b98c33a4)
2026-08-05 02:32:34,968 | WARNING | molsanity | Benzene: load_graphs(benzene.npz) failed ('numpy.float32' object cannot be interpreted as an integer); trying the dataset class
2026-08-05 02:32:35,607 | WARNING | molsanity | [cell Benzene__GINE__GuidedBackprop__random__seed2] SKIPPED — Benzene: GraphXAI's Benzene failed both directly ('numpy.float32' object cannot be interpreted as an integer) and via its class ('numpy.float32' object cannot be interpreted as an integer). Skipping per Hard Rule 4.
2026-08-05 02:32:35,688 | INFO    | molsanity | [stage cell_Benzene__GINE__GNNExplainer__scaffold__seed0] running (6347de3f29856056)
2026-08-05 02:32:36,424 | WARNING | molsanity | Benzene: load_graphs(benzene.npz) failed ('numpy.float32' object cannot be interpreted as an integer); trying the dataset class
2026-08-05 02:32:37,073 | WARNING | molsanity | [cell Benzene__GINE__GNNExplainer__scaffold__seed0] SKIPPED — Benzene: GraphXAI's Benzene failed both directly ('numpy.float32' object cannot be interpreted as an integer) and via its class ('numpy.float32' object cannot be interpreted as an integer). Skipping per Hard Rule 4.
2026-08-05 02:32:37,152 | INFO    | molsanity | [stage cell_Benzene__GINE__GNNExplainer__scaffold__seed1] running (b7f8a6b8a6ef7e4b)
2026-08-05 02:32:37,878 | WARNING | molsanity | Benzene: load_graphs(benzene.npz) failed ('numpy.float32' object cannot be interpreted as an integer); trying the dataset class
2026-08-05 02:32:38,520 | WARNING | molsanity | [cell Benzene__GINE__GNNExplainer__scaffold__seed1] SKIPPED — Benzene: GraphXAI's Benzene failed both directly ('numpy.float32' object cannot be interpreted as an integer) and via its class ('numpy.float32' object cannot be interpreted as an integer). Skipping per Hard Rule 4.
2026-08-05 02:32:38,597 | INFO    | molsanity | [stage cell_Benzene__GINE__GNNExplainer__scaffold__seed2] running (98ea5185857ebae2)
2026-08-05 02:32:39,320 | WARNING | molsanity | Benzene: load_graphs(benzene.npz) failed ('numpy.float32' object cannot be interpreted as an integer); trying the dataset class
2026-08-05 02:32:39,965 | WARNING | molsanity | [cell Benzene__GINE__GNNExplainer__scaffold__seed2] SKIPPED — Benzene: GraphXAI's Benzene failed both directly ('numpy.float32' object cannot be interpreted as an integer) and via its class ('numpy.float32' object cannot be interpreted as an integer). Skipping per Hard Rule 4.
2026-08-05 02:32:40,042 | INFO    | molsanity | [stage cell_Benzene__GINE__GNNExplainer__random__seed0] running (8ed7f51371324822)
2026-08-05 02:32:40,754 | WARNING | molsanity | Benzene: load_graphs(benzene.npz) failed ('numpy.float32' object cannot be interpreted as an integer); trying the dataset class
2026-08-05 02:32:41,394 | WARNING | molsanity | [cell Benzene__GINE__GNNExplainer__random__seed0] SKIPPED — Benzene: GraphXAI's Benzene failed both directly ('numpy.float32' object cannot be interpreted as an integer) and via its class ('numpy.float32' object cannot be interpreted as an integer). Skipping per Hard Rule 4.
2026-08-05 02:32:41,469 | INFO    | molsanity | [stage cell_Benzene__GINE__GNNExplainer__random__seed1] running (6cffd711fdf6ac43)
2026-08-05 02:32:42,195 | WARNING | molsanity | Benzene: load_graphs(benzene.npz) failed ('numpy.float32' object cannot be interpreted as an integer); trying the dataset class
2026-08-05 02:32:42,833 | WARNING | molsanity | [cell Benzene__GINE__GNNExplainer__random__seed1] SKIPPED — Benzene: GraphXAI's Benzene failed both directly ('numpy.float32' object cannot be interpreted as an integer) and via its class ('numpy.float32' object cannot be interpreted as an integer). Skipping per Hard Rule 4.
2026-08-05 02:32:42,912 | INFO    | molsanity | [stage cell_Benzene__GINE__GNNExplainer__random__seed2] running (e7bdd1f22af55c3c)
2026-08-05 02:32:43,641 | WARNING | molsanity | Benzene: load_graphs(benzene.npz) failed ('numpy.float32' object cannot be interpreted as an integer); trying the dataset class
2026-08-05 02:32:44,282 | WARNING | molsanity | [cell Benzene__GINE__GNNExplainer__random__seed2] SKIPPED — Benzene: GraphXAI's Benzene failed both directly ('numpy.float32' object cannot be interpreted as an integer) and via its class ('numpy.float32' object cannot be interpreted as an integer). Skipping per Hard Rule 4.
2026-08-05 02:32:44,358 | INFO    | molsanity | [stage cell_Benzene__GINE__PGExplainer__scaffold__seed0] running (34c86d1b17a60df9)
2026-08-05 02:32:45,091 | WARNING | molsanity | Benzene: load_graphs(benzene.npz) failed ('numpy.float32' object cannot be interpreted as an integer); trying the dataset class
2026-08-05 02:32:45,729 | WARNING | molsanity | [cell Benzene__GINE__PGExplainer__scaffold__seed0] SKIPPED — Benzene: GraphXAI's Benzene failed both directly ('numpy.float32' object cannot be interpreted as an integer) and via its class ('numpy.float32' object cannot be interpreted as an integer). Skipping per Hard Rule 4.
2026-08-05 02:32:45,806 | INFO    | molsanity | [stage cell_Benzene__GINE__PGExplainer__scaffold__seed1] running (969c94d09924bfde)
2026-08-05 02:32:46,527 | WARNING | molsanity | Benzene: load_graphs(benzene.npz) failed ('numpy.float32' object cannot be interpreted as an integer); trying the dataset class
2026-08-05 02:32:47,169 | WARNING | molsanity | [cell Benzene__GINE__PGExplainer__scaffold__seed1] SKIPPED — Benzene: GraphXAI's Benzene failed both directly ('numpy.float32' object cannot be interpreted as an integer) and via its class ('numpy.float32' object cannot be interpreted as an integer). Skipping per Hard Rule 4.
2026-08-05 02:32:47,246 | INFO    | molsanity | [stage cell_Benzene__GINE__PGExplainer__scaffold__seed2] running (ab9528434944f635)
2026-08-05 02:32:47,957 | WARNING | molsanity | Benzene: load_graphs(benzene.npz) failed ('numpy.float32' object cannot be interpreted as an integer); trying the dataset class
2026-08-05 02:32:48,607 | WARNING | molsanity | [cell Benzene__GINE__PGExplainer__scaffold__seed2] SKIPPED — Benzene: GraphXAI's Benzene failed both directly ('numpy.float32' object cannot be interpreted as an integer) and via its class ('numpy.float32' object cannot be interpreted as an integer). Skipping per Hard Rule 4.
2026-08-05 02:32:48,687 | INFO    | molsanity | [stage cell_Benzene__GINE__PGExplainer__random__seed0] running (abd21de5e8cb477d)
2026-08-05 02:32:49,417 | WARNING | molsanity | Benzene: load_graphs(benzene.npz) failed ('numpy.float32' object cannot be interpreted as an integer); trying the dataset class
2026-08-05 02:32:50,063 | WARNING | molsanity | [cell Benzene__GINE__PGExplainer__random__seed0] SKIPPED — Benzene: GraphXAI's Benzene failed both directly ('numpy.float32' object cannot be interpreted as an integer) and via its class ('numpy.float32' object cannot be interpreted as an integer). Skipping per Hard Rule 4.
2026-08-05 02:32:50,142 | INFO    | molsanity | [stage cell_Benzene__GINE__PGExplainer__random__seed1] running (f5fa132e5c70db1f)
2026-08-05 02:32:50,866 | WARNING | molsanity | Benzene: load_graphs(benzene.npz) failed ('numpy.float32' object cannot be interpreted as an integer); trying the dataset class
2026-08-05 02:32:51,506 | WARNING | molsanity | [cell Benzene__GINE__PGExplainer__random__seed1] SKIPPED — Benzene: GraphXAI's Benzene failed both directly ('numpy.float32' object cannot be interpreted as an integer) and via its class ('numpy.float32' object cannot be interpreted as an integer). Skipping per Hard Rule 4.
2026-08-05 02:32:51,583 | INFO    | molsanity | [stage cell_Benzene__GINE__PGExplainer__random__seed2] running (76bfc6e1bd76221c)
2026-08-05 02:32:52,308 | WARNING | molsanity | Benzene: load_graphs(benzene.npz) failed ('numpy.float32' object cannot be interpreted as an integer); trying the dataset class
2026-08-05 02:32:52,946 | WARNING | molsanity | [cell Benzene__GINE__PGExplainer__random__seed2] SKIPPED — Benzene: GraphXAI's Benzene failed both directly ('numpy.float32' object cannot be interpreted as an integer) and via its class ('numpy.float32' object cannot be interpreted as an integer). Skipping per Hard Rule 4.
2026-08-05 02:32:53,023 | INFO    | molsanity | [stage cell_Benzene__GINE__SubgraphX__scaffold__seed0] running (d98adc08ea860f2d)
2026-08-05 02:32:53,740 | WARNING | molsanity | Benzene: load_graphs(benzene.npz) failed ('numpy.float32' object cannot be interpreted as an integer); trying the dataset class
2026-08-05 02:32:54,380 | WARNING | molsanity | [cell Benzene__GINE__SubgraphX__scaffold__seed0] SKIPPED — Benzene: GraphXAI's Benzene failed both directly ('numpy.float32' object cannot be interpreted as an integer) and via its class ('numpy.float32' object cannot be interpreted as an integer). Skipping per Hard Rule 4.
2026-08-05 02:32:54,456 | INFO    | molsanity | [stage cell_Benzene__GINE__SubgraphX__scaffold__seed1] running (b749869c6146f318)
2026-08-05 02:32:55,192 | WARNING | molsanity | Benzene: load_graphs(benzene.npz) failed ('numpy.float32' object cannot be interpreted as an integer); trying the dataset class
2026-08-05 02:32:55,829 | WARNING | molsanity | [cell Benzene__GINE__SubgraphX__scaffold__seed1] SKIPPED — Benzene: GraphXAI's Benzene failed both directly ('numpy.float32' object cannot be interpreted as an integer) and via its class ('numpy.float32' object cannot be interpreted as an integer). Skipping per Hard Rule 4.
2026-08-05 02:32:55,905 | INFO    | molsanity | [stage cell_Benzene__GINE__SubgraphX__scaffold__seed2] running (e48493938ff2761f)
2026-08-05 02:32:56,620 | WARNING | molsanity | Benzene: load_graphs(benzene.npz) failed ('numpy.float32' object cannot be interpreted as an integer); trying the dataset class
2026-08-05 02:32:57,255 | WARNING | molsanity | [cell Benzene__GINE__SubgraphX__scaffold__seed2] SKIPPED — Benzene: GraphXAI's Benzene failed both directly ('numpy.float32' object cannot be interpreted as an integer) and via its class ('numpy.float32' object cannot be interpreted as an integer). Skipping per Hard Rule 4.
2026-08-05 02:32:57,332 | INFO    | molsanity | [stage cell_Benzene__GINE__SubgraphX__random__seed0] running (9ba8a12a61463b94)
2026-08-05 02:32:58,051 | WARNING | molsanity | Benzene: load_graphs(benzene.npz) failed ('numpy.float32' object cannot be interpreted as an integer); trying the dataset class
2026-08-05 02:32:58,691 | WARNING | molsanity | [cell Benzene__GINE__SubgraphX__random__seed0] SKIPPED — Benzene: GraphXAI's Benzene failed both directly ('numpy.float32' object cannot be interpreted as an integer) and via its class ('numpy.float32' object cannot be interpreted as an integer). Skipping per Hard Rule 4.
2026-08-05 02:32:58,767 | INFO    | molsanity | [stage cell_Benzene__GINE__SubgraphX__random__seed1] running (f176f5363fb263d6)
2026-08-05 02:32:59,496 | WARNING | molsanity | Benzene: load_graphs(benzene.npz) failed ('numpy.float32' object cannot be interpreted as an integer); trying the dataset class
2026-08-05 02:33:00,132 | WARNING | molsanity | [cell Benzene__GINE__SubgraphX__random__seed1] SKIPPED — Benzene: GraphXAI's Benzene failed both directly ('numpy.float32' object cannot be interpreted as an integer) and via its class ('numpy.float32' object cannot be interpreted as an integer). Skipping per Hard Rule 4.
2026-08-05 02:33:00,209 | INFO    | molsanity | [stage cell_Benzene__GINE__SubgraphX__random__seed2] running (1185ab4c01232468)
2026-08-05 02:33:00,938 | WARNING | molsanity | Benzene: load_graphs(benzene.npz) failed ('numpy.float32' object cannot be interpreted as an integer); trying the dataset class
2026-08-05 02:33:01,582 | WARNING | molsanity | [cell Benzene__GINE__SubgraphX__random__seed2] SKIPPED — Benzene: GraphXAI's Benzene failed both directly ('numpy.float32' object cannot be interpreted as an integer) and via its class ('numpy.float32' object cannot be interpreted as an integer). Skipping per Hard Rule 4.
2026-08-05 02:33:02,304 | INFO    | molsanity | [stage cell_ShapeGGen__GINE__IntegratedGradients__scaffold__seed0] cache hit (d4ef1083ae7dfedd) — skipping
2026-08-05 02:33:02,305 | INFO    | molsanity | [cell ShapeGGen__GINE__IntegratedGradients__scaffold__seed0] DONE — acc=0.70 gt_auroc=0.768602481469148 n=50 (capped) [cached]
2026-08-05 02:33:02,987 | INFO    | molsanity | [stage cell_ShapeGGen__GINE__IntegratedGradients__scaffold__seed1] cache hit (95a40053862f39ea) — skipping
2026-08-05 02:33:02,987 | INFO    | molsanity | [cell ShapeGGen__GINE__IntegratedGradients__scaffold__seed1] DONE — acc=0.26 gt_auroc=0.703657040336207 n=50 (capped) [cached]
2026-08-05 02:33:03,648 | INFO    | molsanity | [stage cell_ShapeGGen__GINE__IntegratedGradients__scaffold__seed2] cache hit (874a57ac4d29580b) — skipping
2026-08-05 02:33:03,648 | INFO    | molsanity | [cell ShapeGGen__GINE__IntegratedGradients__scaffold__seed2] DONE — acc=0.78 gt_auroc=0.707840003052503 n=50 (capped) [cached]
2026-08-05 02:33:04,611 | INFO    | molsanity | [stage cell_ShapeGGen__GINE__IntegratedGradients__random__seed0] cache hit (e69b63396d58c4f5) — skipping
2026-08-05 02:33:04,611 | INFO    | molsanity | [cell ShapeGGen__GINE__IntegratedGradients__random__seed0] DONE — acc=0.74 gt_auroc=0.7316025759073379 n=50 (capped) [cached]
2026-08-05 02:33:05,248 | INFO    | molsanity | [stage cell_ShapeGGen__GINE__IntegratedGradients__random__seed1] cache hit (70e1877a81c0abff) — skipping
2026-08-05 02:33:05,248 | INFO    | molsanity | [cell ShapeGGen__GINE__IntegratedGradients__random__seed1] DONE — acc=0.82 gt_auroc=0.7162817404674897 n=50 (capped) [cached]
2026-08-05 02:33:05,865 | INFO    | molsanity | [stage cell_ShapeGGen__GINE__IntegratedGradients__random__seed2] cache hit (37bfd2771b757675) — skipping
2026-08-05 02:33:05,865 | INFO    | molsanity | [cell ShapeGGen__GINE__IntegratedGradients__random__seed2] DONE — acc=0.78 gt_auroc=0.751419329700282 n=50 (capped) [cached]
2026-08-05 02:33:06,601 | INFO    | molsanity | [stage cell_ShapeGGen__GINE__Saliency__scaffold__seed0] cache hit (c64c209572b27157) — skipping
2026-08-05 02:33:06,602 | INFO    | molsanity | [cell ShapeGGen__GINE__Saliency__scaffold__seed0] DONE — acc=0.70 gt_auroc=0.7985951022742688 n=50 (capped) [cached]
2026-08-05 02:33:07,223 | INFO    | molsanity | [stage cell_ShapeGGen__GINE__Saliency__scaffold__seed1] cache hit (3f632a0b5beea86a) — skipping
2026-08-05 02:33:07,223 | INFO    | molsanity | [cell ShapeGGen__GINE__Saliency__scaffold__seed1] DONE — acc=0.26 gt_auroc=0.7870773205189872 n=50 (capped) [cached]
2026-08-05 02:33:07,927 | INFO    | molsanity | [stage cell_ShapeGGen__GINE__Saliency__scaffold__seed2] cache hit (8b436ee0b6231128) — skipping
2026-08-05 02:33:07,927 | INFO    | molsanity | [cell ShapeGGen__GINE__Saliency__scaffold__seed2] DONE — acc=0.78 gt_auroc=0.7418841935841937 n=50 (capped) [cached]
2026-08-05 02:33:08,547 | INFO    | molsanity | [stage cell_ShapeGGen__GINE__Saliency__random__seed0] cache hit (8663ac3dc8be667c) — skipping
2026-08-05 02:33:08,547 | INFO    | molsanity | [cell ShapeGGen__GINE__Saliency__random__seed0] DONE — acc=0.74 gt_auroc=0.7617182034676082 n=50 (capped) [cached]
2026-08-05 02:33:09,188 | INFO    | molsanity | [stage cell_ShapeGGen__GINE__Saliency__random__seed1] cache hit (270ef55de1433ccc) — skipping
2026-08-05 02:33:09,189 | INFO    | molsanity | [cell ShapeGGen__GINE__Saliency__random__seed1] DONE — acc=0.82 gt_auroc=0.7762731758852207 n=50 (capped) [cached]
2026-08-05 02:33:09,872 | INFO    | molsanity | [stage cell_ShapeGGen__GINE__Saliency__random__seed2] cache hit (d5252c84bd1007e7) — skipping
2026-08-05 02:33:09,872 | INFO    | molsanity | [cell ShapeGGen__GINE__Saliency__random__seed2] DONE — acc=0.78 gt_auroc=0.769384145550217 n=50 (capped) [cached]
2026-08-05 02:33:10,492 | INFO    | molsanity | [stage cell_ShapeGGen__GINE__InputXGradient__scaffold__seed0] cache hit (a0b1f89f606a0770) — skipping
2026-08-05 02:33:10,492 | INFO    | molsanity | [cell ShapeGGen__GINE__InputXGradient__scaffold__seed0] DONE — acc=0.70 gt_auroc=0.7328869949494952 n=50 (capped) [cached]
2026-08-05 02:33:11,202 | INFO    | molsanity | [stage cell_ShapeGGen__GINE__InputXGradient__scaffold__seed1] cache hit (4c7ecebd88df668e) — skipping
2026-08-05 02:33:11,203 | INFO    | molsanity | [cell ShapeGGen__GINE__InputXGradient__scaffold__seed1] DONE — acc=0.26 gt_auroc=0.7163627045793713 n=50 (capped) [cached]
2026-08-05 02:33:11,833 | INFO    | molsanity | [stage cell_ShapeGGen__GINE__InputXGradient__scaffold__seed2] cache hit (fefe10089090109b) — skipping
2026-08-05 02:33:11,833 | INFO    | molsanity | [cell ShapeGGen__GINE__InputXGradient__scaffold__seed2] DONE — acc=0.78 gt_auroc=0.6764693934152268 n=50 (capped) [cached]
2026-08-05 02:33:12,539 | INFO    | molsanity | [stage cell_ShapeGGen__GINE__InputXGradient__random__seed0] cache hit (dba474bb9978b845) — skipping
2026-08-05 02:33:12,539 | INFO    | molsanity | [cell ShapeGGen__GINE__InputXGradient__random__seed0] DONE — acc=0.74 gt_auroc=0.7240912044304902 n=50 (capped) [cached]
2026-08-05 02:33:13,152 | INFO    | molsanity | [stage cell_ShapeGGen__GINE__InputXGradient__random__seed1] cache hit (0055c09711fc3798) — skipping
2026-08-05 02:33:13,152 | INFO    | molsanity | [cell ShapeGGen__GINE__InputXGradient__random__seed1] DONE — acc=0.82 gt_auroc=0.7180203965359777 n=50 (capped) [cached]
2026-08-05 02:33:13,759 | INFO    | molsanity | [stage cell_ShapeGGen__GINE__InputXGradient__random__seed2] cache hit (c761999c8611d2c2) — skipping
2026-08-05 02:33:13,760 | INFO    | molsanity | [cell ShapeGGen__GINE__InputXGradient__random__seed2] DONE — acc=0.78 gt_auroc=0.7320569259003783 n=50 (capped) [cached]
2026-08-05 02:33:14,336 | INFO    | molsanity | [stage cell_ShapeGGen__GINE__GuidedBackprop__scaffold__seed0] cache hit (b55ddd3487d243ff) — skipping
2026-08-05 02:33:14,336 | INFO    | molsanity | [cell ShapeGGen__GINE__GuidedBackprop__scaffold__seed0] DONE — acc=0.70 gt_auroc=0.8028543640001974 n=50 (capped) [cached]
2026-08-05 02:33:14,962 | INFO    | molsanity | [stage cell_ShapeGGen__GINE__GuidedBackprop__scaffold__seed1] cache hit (5ab331e6065f7394) — skipping
2026-08-05 02:33:14,962 | INFO    | molsanity | [cell ShapeGGen__GINE__GuidedBackprop__scaffold__seed1] DONE — acc=0.26 gt_auroc=0.833148354731688 n=50 (capped) [cached]
2026-08-05 02:33:15,640 | INFO    | molsanity | [stage cell_ShapeGGen__GINE__GuidedBackprop__scaffold__seed2] cache hit (94be335dede2a944) — skipping
2026-08-05 02:33:15,640 | INFO    | molsanity | [cell ShapeGGen__GINE__GuidedBackprop__scaffold__seed2] DONE — acc=0.78 gt_auroc=0.7727987293570626 n=50 (capped) [cached]
2026-08-05 02:33:16,245 | INFO    | molsanity | [stage cell_ShapeGGen__GINE__GuidedBackprop__random__seed0] cache hit (b59cedd47d579019) — skipping
2026-08-05 02:33:16,245 | INFO    | molsanity | [cell ShapeGGen__GINE__GuidedBackprop__random__seed0] DONE — acc=0.74 gt_auroc=0.7540469705558992 n=50 (capped) [cached]
2026-08-05 02:33:16,872 | INFO    | molsanity | [stage cell_ShapeGGen__GINE__GuidedBackprop__random__seed1] cache hit (d5206f9d6c72f37c) — skipping
2026-08-05 02:33:16,872 | INFO    | molsanity | [cell ShapeGGen__GINE__GuidedBackprop__random__seed1] DONE — acc=0.82 gt_auroc=0.7752071797056042 n=50 (capped) [cached]
2026-08-05 02:33:17,593 | INFO    | molsanity | [stage cell_ShapeGGen__GINE__GuidedBackprop__random__seed2] cache hit (72fcb526c0c3a433) — skipping
2026-08-05 02:33:17,593 | INFO    | molsanity | [cell ShapeGGen__GINE__GuidedBackprop__random__seed2] DONE — acc=0.78 gt_auroc=0.7909234349865302 n=50 (capped) [cached]
2026-08-05 02:33:18,280 | INFO    | molsanity | [stage cell_ShapeGGen__GINE__GNNExplainer__scaffold__seed0] cache hit (e932745a66556301) — skipping
2026-08-05 02:33:18,280 | INFO    | molsanity | [cell ShapeGGen__GINE__GNNExplainer__scaffold__seed0] DONE — acc=0.70 gt_auroc=0.7278227497810831 n=50 (capped) [cached]
2026-08-05 02:33:18,907 | INFO    | molsanity | [stage cell_ShapeGGen__GINE__GNNExplainer__scaffold__seed1] cache hit (2fc2b6ef72d91e65) — skipping
2026-08-05 02:33:18,907 | INFO    | molsanity | [cell ShapeGGen__GINE__GNNExplainer__scaffold__seed1] DONE — acc=0.26 gt_auroc=0.4991630559255559 n=50 (capped) [cached]
2026-08-05 02:33:19,567 | INFO    | molsanity | [stage cell_ShapeGGen__GINE__GNNExplainer__scaffold__seed2] cache hit (5c07671f8012851c) — skipping
2026-08-05 02:33:19,567 | INFO    | molsanity | [cell ShapeGGen__GINE__GNNExplainer__scaffold__seed2] DONE — acc=0.78 gt_auroc=0.49623726196642864 n=50 (capped) [cached]
2026-08-05 02:33:20,337 | INFO    | molsanity | [stage cell_ShapeGGen__GINE__GNNExplainer__random__seed0] cache hit (ead47b99d352cb37) — skipping
2026-08-05 02:33:20,337 | INFO    | molsanity | [cell ShapeGGen__GINE__GNNExplainer__random__seed0] DONE — acc=0.74 gt_auroc=0.5549694652789892 n=50 (capped) [cached]
2026-08-05 02:33:21,002 | INFO    | molsanity | [stage cell_ShapeGGen__GINE__GNNExplainer__random__seed1] cache hit (fb1e4d5f5e6b2ca4) — skipping
2026-08-05 02:33:21,002 | INFO    | molsanity | [cell ShapeGGen__GINE__GNNExplainer__random__seed1] DONE — acc=0.82 gt_auroc=0.6098561532033171 n=50 (capped) [cached]
2026-08-05 02:33:21,631 | INFO    | molsanity | [stage cell_ShapeGGen__GINE__GNNExplainer__random__seed2] cache hit (09ec524930286651) — skipping
2026-08-05 02:33:21,631 | INFO    | molsanity | [cell ShapeGGen__GINE__GNNExplainer__random__seed2] DONE — acc=0.78 gt_auroc=0.4831129766838101 n=50 (capped) [cached]
2026-08-05 02:33:22,265 | INFO    | molsanity | [stage cell_ShapeGGen__GINE__PGExplainer__scaffold__seed0] cache hit (18791108379d6f6c) — skipping
2026-08-05 02:33:22,266 | INFO    | molsanity | [cell ShapeGGen__GINE__PGExplainer__scaffold__seed0] DONE — acc=0.70 gt_auroc=0.4907962962962963 n=50 (capped) [cached]
2026-08-05 02:33:22,946 | INFO    | molsanity | [stage cell_ShapeGGen__GINE__PGExplainer__scaffold__seed1] cache hit (7ded5273e4efa69f) — skipping
2026-08-05 02:33:22,947 | INFO    | molsanity | [cell ShapeGGen__GINE__PGExplainer__scaffold__seed1] DONE — acc=0.26 gt_auroc=0.5952131785652619 n=50 (capped) [cached]
2026-08-05 02:33:23,650 | INFO    | molsanity | [stage cell_ShapeGGen__GINE__PGExplainer__scaffold__seed2] cache hit (507ff8cb84e2657b) — skipping
2026-08-05 02:33:23,650 | INFO    | molsanity | [cell ShapeGGen__GINE__PGExplainer__scaffold__seed2] DONE — acc=0.78 gt_auroc=0.6149051695218362 n=50 (capped) [cached]
2026-08-05 02:33:24,327 | INFO    | molsanity | [stage cell_ShapeGGen__GINE__PGExplainer__random__seed0] cache hit (2e65e0da9460f5a8) — skipping
2026-08-05 02:33:24,327 | INFO    | molsanity | [cell ShapeGGen__GINE__PGExplainer__random__seed0] DONE — acc=0.74 gt_auroc=0.5030558353683354 n=50 (capped) [cached]
2026-08-05 02:33:24,937 | INFO    | molsanity | [stage cell_ShapeGGen__GINE__PGExplainer__random__seed1] cache hit (9320ca1c73d1a513) — skipping
2026-08-05 02:33:24,937 | INFO    | molsanity | [cell ShapeGGen__GINE__PGExplainer__random__seed1] DONE — acc=0.82 gt_auroc=0.5058584091173377 n=50 (capped) [cached]
2026-08-05 02:33:25,549 | INFO    | molsanity | [stage cell_ShapeGGen__GINE__PGExplainer__random__seed2] cache hit (aaa23e13ac402f56) — skipping
2026-08-05 02:33:25,549 | INFO    | molsanity | [cell ShapeGGen__GINE__PGExplainer__random__seed2] DONE — acc=0.78 gt_auroc=0.4889872839792483 n=50 (capped) [cached]
2026-08-05 02:33:26,159 | INFO    | molsanity | [stage cell_ShapeGGen__GINE__SubgraphX__scaffold__seed0] cache hit (35b2931289882ea3) — skipping
2026-08-05 02:33:26,159 | INFO    | molsanity | [cell ShapeGGen__GINE__SubgraphX__scaffold__seed0] DONE — acc=0.70 gt_auroc=0.6659502442002443 n=50 (capped) [cached]
2026-08-05 02:33:26,817 | INFO    | molsanity | [stage cell_ShapeGGen__GINE__SubgraphX__scaffold__seed1] cache hit (ccba68296847ba2a) — skipping
2026-08-05 02:33:26,818 | INFO    | molsanity | [cell ShapeGGen__GINE__SubgraphX__scaffold__seed1] DONE — acc=0.26 gt_auroc=0.5811480463980465 n=50 (capped) [cached]
2026-08-05 02:33:27,488 | INFO    | molsanity | [stage cell_ShapeGGen__GINE__SubgraphX__scaffold__seed2] cache hit (aaf58e3b39ca0456) — skipping
2026-08-05 02:33:27,488 | INFO    | molsanity | [cell ShapeGGen__GINE__SubgraphX__scaffold__seed2] DONE — acc=0.78 gt_auroc=0.5481983294483296 n=50 (capped) [cached]
2026-08-05 02:33:28,132 | INFO    | molsanity | [stage cell_ShapeGGen__GINE__SubgraphX__random__seed0] cache hit (c847a8f910708844) — skipping
2026-08-05 02:33:28,132 | INFO    | molsanity | [cell ShapeGGen__GINE__SubgraphX__random__seed0] DONE — acc=0.74 gt_auroc=0.6757917637917638 n=50 (capped) [cached]
2026-08-05 02:33:28,739 | INFO    | molsanity | [stage cell_ShapeGGen__GINE__SubgraphX__random__seed1] cache hit (315c9ae015d88fa1) — skipping
2026-08-05 02:33:28,740 | INFO    | molsanity | [cell ShapeGGen__GINE__SubgraphX__random__seed1] DONE — acc=0.82 gt_auroc=0.6366717383923266 n=50 (capped) [cached]
2026-08-05 02:33:29,489 | INFO    | molsanity | [stage cell_ShapeGGen__GINE__SubgraphX__random__seed2] cache hit (065b41250923a691) — skipping
2026-08-05 02:33:29,489 | INFO    | molsanity | [cell ShapeGGen__GINE__SubgraphX__random__seed2] DONE — acc=0.78 gt_auroc=0.6197210289710289 n=50 (capped) [cached]
2026-08-05 02:33:30,132 | INFO    | molsanity | [stage cell_BBBP__GINE__IntegratedGradients__scaffold__seed0] cache hit (de2885aaef5dc35c) — skipping
2026-08-05 02:33:30,133 | INFO    | molsanity | [cell BBBP__GINE__IntegratedGradients__scaffold__seed0] DONE — acc=0.88 gt_auroc=nan n=200 (capped) [cached]
2026-08-05 02:33:30,756 | INFO    | molsanity | [stage cell_BBBP__GINE__IntegratedGradients__scaffold__seed1] cache hit (384b13e549ef2fa6) — skipping
2026-08-05 02:33:30,756 | INFO    | molsanity | [cell BBBP__GINE__IntegratedGradients__scaffold__seed1] DONE — acc=0.80 gt_auroc=nan n=200 (capped) [cached]
2026-08-05 02:33:31,381 | INFO    | molsanity | [stage cell_BBBP__GINE__IntegratedGradients__scaffold__seed2] cache hit (a660a3d92593d25c) — skipping
2026-08-05 02:33:31,382 | INFO    | molsanity | [cell BBBP__GINE__IntegratedGradients__scaffold__seed2] DONE — acc=0.81 gt_auroc=nan n=200 (capped) [cached]
2026-08-05 02:33:32,019 | INFO    | molsanity | [stage cell_BBBP__GINE__IntegratedGradients__random__seed0] cache hit (1766fee8e6f62e00) — skipping
2026-08-05 02:33:32,019 | INFO    | molsanity | [cell BBBP__GINE__IntegratedGradients__random__seed0] DONE — acc=0.74 gt_auroc=nan n=200 (capped) [cached]
2026-08-05 02:33:32,633 | INFO    | molsanity | [stage cell_BBBP__GINE__IntegratedGradients__random__seed1] cache hit (3a479b8c22ed04e9) — skipping
2026-08-05 02:33:32,633 | INFO    | molsanity | [cell BBBP__GINE__IntegratedGradients__random__seed1] DONE — acc=0.76 gt_auroc=nan n=200 (capped) [cached]
2026-08-05 02:33:33,291 | INFO    | molsanity | [stage cell_BBBP__GINE__IntegratedGradients__random__seed2] cache hit (58d4ccb56f722293) — skipping
2026-08-05 02:33:33,291 | INFO    | molsanity | [cell BBBP__GINE__IntegratedGradients__random__seed2] DONE — acc=0.69 gt_auroc=nan n=200 (capped) [cached]
2026-08-05 02:33:33,878 | INFO    | molsanity | [stage cell_BBBP__GCN__IntegratedGradients__scaffold__seed0] cache hit (edf4fa4acf7c015a) — skipping
2026-08-05 02:33:33,879 | INFO    | molsanity | [cell BBBP__GCN__IntegratedGradients__scaffold__seed0] DONE — acc=0.83 gt_auroc=nan n=200 (capped) [cached]
2026-08-05 02:33:34,567 | INFO    | molsanity | [stage cell_BBBP__GCN__IntegratedGradients__scaffold__seed1] cache hit (5ffe809bfbd74c2f) — skipping
2026-08-05 02:33:34,568 | INFO    | molsanity | [cell BBBP__GCN__IntegratedGradients__scaffold__seed1] DONE — acc=0.80 gt_auroc=nan n=200 (capped) [cached]
2026-08-05 02:33:35,207 | INFO    | molsanity | [stage cell_BBBP__GCN__IntegratedGradients__scaffold__seed2] cache hit (9c2a2c50982d7ef7) — skipping
2026-08-05 02:33:35,208 | INFO    | molsanity | [cell BBBP__GCN__IntegratedGradients__scaffold__seed2] DONE — acc=0.83 gt_auroc=nan n=200 (capped) [cached]
2026-08-05 02:33:35,808 | INFO    | molsanity | [stage cell_BBBP__GCN__IntegratedGradients__random__seed0] cache hit (97e624ae7bac4c6f) — skipping
2026-08-05 02:33:35,808 | INFO    | molsanity | [cell BBBP__GCN__IntegratedGradients__random__seed0] DONE — acc=0.73 gt_auroc=nan n=200 (capped) [cached]
2026-08-05 02:33:36,459 | INFO    | molsanity | [stage cell_BBBP__GCN__IntegratedGradients__random__seed1] cache hit (8fa850c34e93d915) — skipping
2026-08-05 02:33:36,459 | INFO    | molsanity | [cell BBBP__GCN__IntegratedGradients__random__seed1] DONE — acc=0.71 gt_auroc=nan n=200 (capped) [cached]
2026-08-05 02:33:37,114 | INFO    | molsanity | [stage cell_BBBP__GCN__IntegratedGradients__random__seed2] cache hit (6aec3bd316e4ac32) — skipping
2026-08-05 02:33:37,114 | INFO    | molsanity | [cell BBBP__GCN__IntegratedGradients__random__seed2] DONE — acc=0.78 gt_auroc=nan n=200 (capped) [cached]
2026-08-05 02:33:37,774 | INFO    | molsanity | [stage cell_BBBP__GAT__IntegratedGradients__scaffold__seed0] cache hit (b86bb3578f3a8ced) — skipping
2026-08-05 02:33:37,774 | INFO    | molsanity | [cell BBBP__GAT__IntegratedGradients__scaffold__seed0] DONE — acc=0.83 gt_auroc=nan n=200 (capped) [cached]
2026-08-05 02:33:38,390 | INFO    | molsanity | [stage cell_BBBP__GAT__IntegratedGradients__scaffold__seed1] cache hit (a53ed440b6dd82be) — skipping
2026-08-05 02:33:38,390 | INFO    | molsanity | [cell BBBP__GAT__IntegratedGradients__scaffold__seed1] DONE — acc=0.81 gt_auroc=nan n=200 (capped) [cached]
2026-08-05 02:33:39,088 | INFO    | molsanity | [stage cell_BBBP__GAT__IntegratedGradients__scaffold__seed2] cache hit (908766ed48fe9f6a) — skipping
2026-08-05 02:33:39,089 | INFO    | molsanity | [cell BBBP__GAT__IntegratedGradients__scaffold__seed2] DONE — acc=0.79 gt_auroc=nan n=200 (capped) [cached]
2026-08-05 02:33:40,017 | INFO    | molsanity | [stage cell_BBBP__GAT__IntegratedGradients__random__seed0] cache hit (4ef782b360928de3) — skipping
2026-08-05 02:33:40,017 | INFO    | molsanity | [cell BBBP__GAT__IntegratedGradients__random__seed0] DONE — acc=0.73 gt_auroc=nan n=200 (capped) [cached]
2026-08-05 02:33:40,639 | INFO    | molsanity | [stage cell_BBBP__GAT__IntegratedGradients__random__seed1] cache hit (897437302aa8e7cb) — skipping
2026-08-05 02:33:40,639 | INFO    | molsanity | [cell BBBP__GAT__IntegratedGradients__random__seed1] DONE — acc=0.74 gt_auroc=nan n=200 (capped) [cached]
2026-08-05 02:33:41,269 | INFO    | molsanity | [stage cell_BBBP__GAT__IntegratedGradients__random__seed2] cache hit (a28c2d80eef8438c) — skipping
2026-08-05 02:33:41,269 | INFO    | molsanity | [cell BBBP__GAT__IntegratedGradients__random__seed2] DONE — acc=0.73 gt_auroc=nan n=200 (capped) [cached]
2026-08-05 02:33:41,892 | INFO    | molsanity | [stage cell_BBBP__MPNN__IntegratedGradients__scaffold__seed0] cache hit (21c77251b1d3fd48) — skipping
2026-08-05 02:33:41,893 | INFO    | molsanity | [cell BBBP__MPNN__IntegratedGradients__scaffold__seed0] DONE — acc=0.81 gt_auroc=nan n=200 (capped) [cached]
2026-08-05 02:33:42,501 | INFO    | molsanity | [stage cell_BBBP__MPNN__IntegratedGradients__scaffold__seed1] cache hit (d606ccc3fac48414) — skipping
2026-08-05 02:33:42,501 | INFO    | molsanity | [cell BBBP__MPNN__IntegratedGradients__scaffold__seed1] DONE — acc=0.82 gt_auroc=nan n=200 (capped) [cached]
2026-08-05 02:33:43,295 | INFO    | molsanity | [stage cell_BBBP__MPNN__IntegratedGradients__scaffold__seed2] cache hit (03bda4f95316d57e) — skipping
2026-08-05 02:33:43,296 | INFO    | molsanity | [cell BBBP__MPNN__IntegratedGradients__scaffold__seed2] DONE — acc=0.82 gt_auroc=nan n=200 (capped) [cached]
2026-08-05 02:33:43,931 | INFO    | molsanity | [stage cell_BBBP__MPNN__IntegratedGradients__random__seed0] cache hit (259bfcff5920d193) — skipping
2026-08-05 02:33:43,932 | INFO    | molsanity | [cell BBBP__MPNN__IntegratedGradients__random__seed0] DONE — acc=0.74 gt_auroc=nan n=200 (capped) [cached]
2026-08-05 02:33:45,064 | INFO    | molsanity | [stage cell_BBBP__MPNN__IntegratedGradients__random__seed1] cache hit (71d15d32099b69f0) — skipping
2026-08-05 02:33:45,064 | INFO    | molsanity | [cell BBBP__MPNN__IntegratedGradients__random__seed1] DONE — acc=0.78 gt_auroc=nan n=200 (capped) [cached]
2026-08-05 02:33:45,893 | INFO    | molsanity | [stage cell_BBBP__MPNN__IntegratedGradients__random__seed2] cache hit (9c1171139589c678) — skipping
2026-08-05 02:33:45,894 | INFO    | molsanity | [cell BBBP__MPNN__IntegratedGradients__random__seed2] DONE — acc=0.76 gt_auroc=nan n=200 (capped) [cached]
2026-08-05 02:33:46,765 | INFO    | molsanity | [stage cell_BBBP__AttentiveFP__IntegratedGradients__scaffold__seed0] cache hit (d15112d2b5dbbdd6) — skipping
2026-08-05 02:33:46,765 | INFO    | molsanity | [cell BBBP__AttentiveFP__IntegratedGradients__scaffold__seed0] DONE — acc=0.88 gt_auroc=nan n=200 (capped) [cached]
2026-08-05 02:33:47,876 | INFO    | molsanity | [stage cell_BBBP__AttentiveFP__IntegratedGradients__scaffold__seed1] cache hit (2271f91f51f79b70) — skipping
2026-08-05 02:33:47,876 | INFO    | molsanity | [cell BBBP__AttentiveFP__IntegratedGradients__scaffold__seed1] DONE — acc=0.86 gt_auroc=nan n=200 (capped) [cached]
2026-08-05 02:33:48,769 | INFO    | molsanity | [stage cell_BBBP__AttentiveFP__IntegratedGradients__scaffold__seed2] cache hit (419204972c4f746f) — skipping
2026-08-05 02:33:48,769 | INFO    | molsanity | [cell BBBP__AttentiveFP__IntegratedGradients__scaffold__seed2] DONE — acc=0.83 gt_auroc=nan n=200 (capped) [cached]
2026-08-05 02:33:49,559 | INFO    | molsanity | [stage cell_BBBP__AttentiveFP__IntegratedGradients__random__seed0] cache hit (8d98cabf852eacf9) — skipping
2026-08-05 02:33:49,559 | INFO    | molsanity | [cell BBBP__AttentiveFP__IntegratedGradients__random__seed0] DONE — acc=0.79 gt_auroc=nan n=200 (capped) [cached]
2026-08-05 02:33:50,197 | INFO    | molsanity | [stage cell_BBBP__AttentiveFP__IntegratedGradients__random__seed1] cache hit (5d8e710bfc70d62c) — skipping
2026-08-05 02:33:50,197 | INFO    | molsanity | [cell BBBP__AttentiveFP__IntegratedGradients__random__seed1] DONE — acc=0.74 gt_auroc=nan n=200 (capped) [cached]
2026-08-05 02:33:50,840 | INFO    | molsanity | [stage cell_BBBP__AttentiveFP__IntegratedGradients__random__seed2] cache hit (ee8a665c47fe21d0) — skipping
2026-08-05 02:33:50,840 | INFO    | molsanity | [cell BBBP__AttentiveFP__IntegratedGradients__random__seed2] DONE — acc=0.74 gt_auroc=nan n=200 (capped) [cached]
2026-08-05 02:33:51,456 | INFO    | molsanity | [stage cell_BBBP__GINE__GNNExplainer__scaffold__seed0] cache hit (9ea6f0ba3d402502) — skipping
2026-08-05 02:33:51,456 | INFO    | molsanity | [cell BBBP__GINE__GNNExplainer__scaffold__seed0] DONE — acc=0.88 gt_auroc=nan n=200 (capped) [cached]
2026-08-05 02:33:52,178 | INFO    | molsanity | [stage cell_BBBP__GINE__GNNExplainer__scaffold__seed1] cache hit (18ac8ffde336472f) — skipping
2026-08-05 02:33:52,178 | INFO    | molsanity | [cell BBBP__GINE__GNNExplainer__scaffold__seed1] DONE — acc=0.80 gt_auroc=nan n=200 (capped) [cached]
2026-08-05 02:33:52,873 | INFO    | molsanity | [stage cell_BBBP__GINE__GNNExplainer__scaffold__seed2] cache hit (194839611df3d75b) — skipping
2026-08-05 02:33:52,873 | INFO    | molsanity | [cell BBBP__GINE__GNNExplainer__scaffold__seed2] DONE — acc=0.81 gt_auroc=nan n=200 (capped) [cached]
2026-08-05 02:33:53,494 | INFO    | molsanity | [stage cell_BBBP__GINE__GNNExplainer__random__seed0] cache hit (749f28a040b20fc0) — skipping
2026-08-05 02:33:53,494 | INFO    | molsanity | [cell BBBP__GINE__GNNExplainer__random__seed0] DONE — acc=0.74 gt_auroc=nan n=200 (capped) [cached]
2026-08-05 02:33:54,120 | INFO    | molsanity | [stage cell_BBBP__GINE__GNNExplainer__random__seed1] cache hit (f3100ac4ad9626d7) — skipping
2026-08-05 02:33:54,120 | INFO    | molsanity | [cell BBBP__GINE__GNNExplainer__random__seed1] DONE — acc=0.76 gt_auroc=nan n=200 (capped) [cached]
2026-08-05 02:33:54,721 | INFO    | molsanity | [stage cell_BBBP__GINE__GNNExplainer__random__seed2] cache hit (5a5bff4e1e597a0b) — skipping
2026-08-05 02:33:54,721 | INFO    | molsanity | [cell BBBP__GINE__GNNExplainer__random__seed2] DONE — acc=0.69 gt_auroc=nan n=200 (capped) [cached]
2026-08-05 02:33:55,538 | INFO    | molsanity | [stage cell_BBBP__GINE__PGExplainer__scaffold__seed0] cache hit (7af2d5e94804e354) — skipping
2026-08-05 02:33:55,538 | INFO    | molsanity | [cell BBBP__GINE__PGExplainer__scaffold__seed0] DONE — acc=0.88 gt_auroc=nan n=200 (capped) [cached]
2026-08-05 02:33:56,292 | INFO    | molsanity | [stage cell_BBBP__GINE__PGExplainer__scaffold__seed1] cache hit (d89eadc071ebd27d) — skipping
2026-08-05 02:33:56,293 | INFO    | molsanity | [cell BBBP__GINE__PGExplainer__scaffold__seed1] DONE — acc=0.80 gt_auroc=nan n=200 (capped) [cached]
2026-08-05 02:33:57,133 | INFO    | molsanity | [stage cell_BBBP__GINE__PGExplainer__scaffold__seed2] cache hit (68d3f6678da7ebb1) — skipping
2026-08-05 02:33:57,133 | INFO    | molsanity | [cell BBBP__GINE__PGExplainer__scaffold__seed2] DONE — acc=0.81 gt_auroc=nan n=200 (capped) [cached]
2026-08-05 02:33:57,815 | INFO    | molsanity | [stage cell_BBBP__GINE__PGExplainer__random__seed0] cache hit (083dc79dabd290f7) — skipping
2026-08-05 02:33:57,816 | INFO    | molsanity | [cell BBBP__GINE__PGExplainer__random__seed0] DONE — acc=0.74 gt_auroc=nan n=200 (capped) [cached]
2026-08-05 02:33:58,454 | INFO    | molsanity | [stage cell_BBBP__GINE__PGExplainer__random__seed1] cache hit (0bde44ef776b9bbb) — skipping
2026-08-05 02:33:58,455 | INFO    | molsanity | [cell BBBP__GINE__PGExplainer__random__seed1] DONE — acc=0.76 gt_auroc=nan n=200 (capped) [cached]
2026-08-05 02:33:59,053 | INFO    | molsanity | [stage cell_BBBP__GINE__PGExplainer__random__seed2] cache hit (be6ed06a29938302) — skipping
2026-08-05 02:33:59,054 | INFO    | molsanity | [cell BBBP__GINE__PGExplainer__random__seed2] DONE — acc=0.69 gt_auroc=nan n=200 (capped) [cached]
2026-08-05 02:33:59,665 | INFO    | molsanity | [stage cell_BACE__GINE__IntegratedGradients__scaffold__seed0] cache hit (3ae5e3e541bd5eae) — skipping
2026-08-05 02:33:59,666 | INFO    | molsanity | [cell BACE__GINE__IntegratedGradients__scaffold__seed0] DONE — acc=0.60 gt_auroc=nan n=200 (capped) [cached]
2026-08-05 02:34:00,289 | INFO    | molsanity | [stage cell_BACE__GINE__IntegratedGradients__scaffold__seed1] cache hit (e4a599128e87677c) — skipping
2026-08-05 02:34:00,289 | INFO    | molsanity | [cell BACE__GINE__IntegratedGradients__scaffold__seed1] DONE — acc=0.59 gt_auroc=nan n=200 (capped) [cached]
2026-08-05 02:34:00,919 | INFO    | molsanity | [stage cell_BACE__GINE__IntegratedGradients__scaffold__seed2] cache hit (4999df0e1a0d2912) — skipping
2026-08-05 02:34:00,919 | INFO    | molsanity | [cell BACE__GINE__IntegratedGradients__scaffold__seed2] DONE — acc=0.44 gt_auroc=nan n=200 (capped) [cached]
2026-08-05 02:34:01,531 | INFO    | molsanity | [stage cell_BACE__GINE__IntegratedGradients__random__seed0] cache hit (62bd5c98b624d17b) — skipping
2026-08-05 02:34:01,532 | INFO    | molsanity | [cell BACE__GINE__IntegratedGradients__random__seed0] DONE — acc=0.81 gt_auroc=nan n=200 (capped) [cached]
2026-08-05 02:34:02,254 | INFO    | molsanity | [stage cell_BACE__GINE__IntegratedGradients__random__seed1] cache hit (ef321e57338855b1) — skipping
2026-08-05 02:34:02,254 | INFO    | molsanity | [cell BACE__GINE__IntegratedGradients__random__seed1] DONE — acc=0.69 gt_auroc=nan n=200 (capped) [cached]
2026-08-05 02:34:02,859 | INFO    | molsanity | [stage cell_BACE__GINE__IntegratedGradients__random__seed2] cache hit (616493c37b3a4b48) — skipping
2026-08-05 02:34:02,859 | INFO    | molsanity | [cell BACE__GINE__IntegratedGradients__random__seed2] DONE — acc=0.69 gt_auroc=nan n=200 (capped) [cached]
2026-08-05 02:34:03,449 | INFO    | molsanity | [stage cell_BACE__GCN__IntegratedGradients__scaffold__seed0] cache hit (20c1431e85f251ee) — skipping
2026-08-05 02:34:03,450 | INFO    | molsanity | [cell BACE__GCN__IntegratedGradients__scaffold__seed0] DONE — acc=0.74 gt_auroc=nan n=200 (capped) [cached]
2026-08-05 02:34:04,315 | INFO    | molsanity | [stage cell_BACE__GCN__IntegratedGradients__scaffold__seed1] cache hit (e1cdac2473cc29b9) — skipping
2026-08-05 02:34:04,316 | INFO    | molsanity | [cell BACE__GCN__IntegratedGradients__scaffold__seed1] DONE — acc=0.36 gt_auroc=nan n=200 (capped) [cached]
2026-08-05 02:34:05,158 | INFO    | molsanity | [stage cell_BACE__GCN__IntegratedGradients__scaffold__seed2] cache hit (4ebfe2e47c838330) — skipping
2026-08-05 02:34:05,159 | INFO    | molsanity | [cell BACE__GCN__IntegratedGradients__scaffold__seed2] DONE — acc=0.78 gt_auroc=nan n=200 (capped) [cached]
2026-08-05 02:34:05,830 | INFO    | molsanity | [stage cell_BACE__GCN__IntegratedGradients__random__seed0] cache hit (50b899accda5e601) — skipping
2026-08-05 02:34:05,830 | INFO    | molsanity | [cell BACE__GCN__IntegratedGradients__random__seed0] DONE — acc=0.72 gt_auroc=nan n=200 (capped) [cached]
2026-08-05 02:34:06,431 | INFO    | molsanity | [stage cell_BACE__GCN__IntegratedGradients__random__seed1] cache hit (5a3b30e5ac79122c) — skipping
2026-08-05 02:34:06,432 | INFO    | molsanity | [cell BACE__GCN__IntegratedGradients__random__seed1] DONE — acc=0.58 gt_auroc=nan n=200 (capped) [cached]
2026-08-05 02:34:07,093 | INFO    | molsanity | [stage cell_BACE__GCN__IntegratedGradients__random__seed2] cache hit (097457d8917f414d) — skipping
2026-08-05 02:34:07,094 | INFO    | molsanity | [cell BACE__GCN__IntegratedGradients__random__seed2] DONE — acc=0.85 gt_auroc=nan n=200 (capped) [cached]
2026-08-05 02:34:07,928 | INFO    | molsanity | [stage cell_ESOL__GINE__IntegratedGradients__scaffold__seed0] cache hit (d58e8eda69e575b7) — skipping
2026-08-05 02:34:07,928 | INFO    | molsanity | [cell ESOL__GINE__IntegratedGradients__scaffold__seed0] DONE — rmse=0.982 r2=0.788 n=200 (capped) [cached]
2026-08-05 02:34:08,736 | INFO    | molsanity | [stage cell_ESOL__GINE__IntegratedGradients__scaffold__seed1] cache hit (0dc7d25b96ddc222) — skipping
2026-08-05 02:34:08,736 | INFO    | molsanity | [cell ESOL__GINE__IntegratedGradients__scaffold__seed1] DONE — rmse=1.023 r2=0.770 n=200 (capped) [cached]
2026-08-05 02:34:09,560 | INFO    | molsanity | [stage cell_ESOL__GINE__IntegratedGradients__scaffold__seed2] cache hit (e9faa96ffab1153a) — skipping
2026-08-05 02:34:09,560 | INFO    | molsanity | [cell ESOL__GINE__IntegratedGradients__scaffold__seed2] DONE — rmse=0.958 r2=0.798 n=200 (capped) [cached]
2026-08-05 02:34:10,197 | INFO    | molsanity | [stage cell_ESOL__GINE__IntegratedGradients__random__seed0] cache hit (8218e99ed9c0dc34) — skipping
2026-08-05 02:34:10,197 | INFO    | molsanity | [cell ESOL__GINE__IntegratedGradients__random__seed0] DONE — rmse=0.788 r2=0.869 n=200 (capped) [cached]
2026-08-05 02:34:10,829 | INFO    | molsanity | [stage cell_ESOL__GINE__IntegratedGradients__random__seed1] cache hit (d1ad8c89018b0c63) — skipping
2026-08-05 02:34:10,829 | INFO    | molsanity | [cell ESOL__GINE__IntegratedGradients__random__seed1] DONE — rmse=0.832 r2=0.825 n=200 (capped) [cached]
2026-08-05 02:34:11,470 | INFO    | molsanity | [stage cell_ESOL__GINE__IntegratedGradients__random__seed2] cache hit (27e8c3ec6510e3be) — skipping
2026-08-05 02:34:11,470 | INFO    | molsanity | [cell ESOL__GINE__IntegratedGradients__random__seed2] DONE — rmse=0.879 r2=0.833 n=200 (capped) [cached]
2026-08-05 02:34:12,345 | INFO    | molsanity | [stage cell_ESOL__GCN__IntegratedGradients__scaffold__seed0] cache hit (9a64904f2a42cfe5) — skipping
2026-08-05 02:34:12,346 | INFO    | molsanity | [cell ESOL__GCN__IntegratedGradients__scaffold__seed0] DONE — rmse=1.038 r2=0.763 n=200 (capped) [cached]
2026-08-05 02:34:13,147 | INFO    | molsanity | [stage cell_ESOL__GCN__IntegratedGradients__scaffold__seed1] cache hit (2521bc6d32ba93c5) — skipping
2026-08-05 02:34:13,147 | INFO    | molsanity | [cell ESOL__GCN__IntegratedGradients__scaffold__seed1] DONE — rmse=1.142 r2=0.713 n=200 (capped) [cached]
2026-08-05 02:34:14,294 | INFO    | molsanity | [stage cell_ESOL__GCN__IntegratedGradients__scaffold__seed2] cache hit (8741beb3a89ae40e) — skipping
2026-08-05 02:34:14,295 | INFO    | molsanity | [cell ESOL__GCN__IntegratedGradients__scaffold__seed2] DONE — rmse=1.034 r2=0.765 n=200 (capped) [cached]
2026-08-05 02:34:14,924 | INFO    | molsanity | [stage cell_ESOL__GCN__IntegratedGradients__random__seed0] cache hit (640aad6e80e96528) — skipping
2026-08-05 02:34:14,924 | INFO    | molsanity | [cell ESOL__GCN__IntegratedGradients__random__seed0] DONE — rmse=0.951 r2=0.809 n=200 (capped) [cached]
2026-08-05 02:34:15,638 | INFO    | molsanity | [stage cell_ESOL__GCN__IntegratedGradients__random__seed1] cache hit (cf42557ccdcf2c8c) — skipping
2026-08-05 02:34:15,638 | INFO    | molsanity | [cell ESOL__GCN__IntegratedGradients__random__seed1] DONE — rmse=0.929 r2=0.782 n=200 (capped) [cached]
2026-08-05 02:34:16,239 | INFO    | molsanity | [stage cell_ESOL__GCN__IntegratedGradients__random__seed2] cache hit (bdbc2f2468065ec0) — skipping
2026-08-05 02:34:16,240 | INFO    | molsanity | [cell ESOL__GCN__IntegratedGradients__random__seed2] DONE — rmse=0.961 r2=0.800 n=200 (capped) [cached]
2026-08-05 02:34:16,872 | INFO    | molsanity | [stage cell_ESOL__GAT__IntegratedGradients__scaffold__seed0] cache hit (c14e9c3d6cd726fc) — skipping
2026-08-05 02:34:16,872 | INFO    | molsanity | [cell ESOL__GAT__IntegratedGradients__scaffold__seed0] DONE — rmse=1.255 r2=0.653 n=200 (capped) [cached]
2026-08-05 02:34:17,478 | INFO    | molsanity | [stage cell_ESOL__GAT__IntegratedGradients__scaffold__seed1] cache hit (ec789b3b34ccbdac) — skipping
2026-08-05 02:34:17,478 | INFO    | molsanity | [cell ESOL__GAT__IntegratedGradients__scaffold__seed1] DONE — rmse=0.995 r2=0.782 n=200 (capped) [cached]
2026-08-05 02:34:18,189 | INFO    | molsanity | [stage cell_ESOL__GAT__IntegratedGradients__scaffold__seed2] cache hit (daffb86710b50308) — skipping
2026-08-05 02:34:18,190 | INFO    | molsanity | [cell ESOL__GAT__IntegratedGradients__scaffold__seed2] DONE — rmse=0.991 r2=0.784 n=200 (capped) [cached]
2026-08-05 02:34:19,141 | INFO    | molsanity | [stage cell_ESOL__GAT__IntegratedGradients__random__seed0] cache hit (4e7c72df1429bbbc) — skipping
2026-08-05 02:34:19,142 | INFO    | molsanity | [cell ESOL__GAT__IntegratedGradients__random__seed0] DONE — rmse=0.730 r2=0.888 n=200 (capped) [cached]
2026-08-05 02:34:19,822 | INFO    | molsanity | [stage cell_ESOL__GAT__IntegratedGradients__random__seed1] cache hit (951800e1cc2bd5e1) — skipping
2026-08-05 02:34:19,822 | INFO    | molsanity | [cell ESOL__GAT__IntegratedGradients__random__seed1] DONE — rmse=0.810 r2=0.834 n=200 (capped) [cached]
2026-08-05 02:34:20,427 | INFO    | molsanity | [stage cell_ESOL__GAT__IntegratedGradients__random__seed2] cache hit (f095ba43615fe14f) — skipping
2026-08-05 02:34:20,427 | INFO    | molsanity | [cell ESOL__GAT__IntegratedGradients__random__seed2] DONE — rmse=0.751 r2=0.878 n=200 (capped) [cached]
2026-08-05 02:34:21,087 | INFO    | molsanity | [stage cell_ESOL__GINE__GNNExplainer__scaffold__seed0] cache hit (66454b808323ef57) — skipping
2026-08-05 02:34:21,087 | INFO    | molsanity | [cell ESOL__GINE__GNNExplainer__scaffold__seed0] DONE — rmse=0.982 r2=0.788 n=200 (capped) [cached]
2026-08-05 02:34:21,773 | INFO    | molsanity | [stage cell_ESOL__GINE__GNNExplainer__scaffold__seed1] cache hit (f2e6ba35dc765167) — skipping
2026-08-05 02:34:21,773 | INFO    | molsanity | [cell ESOL__GINE__GNNExplainer__scaffold__seed1] DONE — rmse=1.023 r2=0.770 n=200 (capped) [cached]
2026-08-05 02:34:22,392 | INFO    | molsanity | [stage cell_ESOL__GINE__GNNExplainer__scaffold__seed2] cache hit (56b0ecaab25d064c) — skipping
2026-08-05 02:34:22,392 | INFO    | molsanity | [cell ESOL__GINE__GNNExplainer__scaffold__seed2] DONE — rmse=1.010 r2=0.775 n=200 (capped) [cached]
2026-08-05 02:34:23,068 | INFO    | molsanity | [stage cell_ESOL__GINE__GNNExplainer__random__seed0] cache hit (af707ff00bdea59b) — skipping
2026-08-05 02:34:23,068 | INFO    | molsanity | [cell ESOL__GINE__GNNExplainer__random__seed0] DONE — rmse=0.788 r2=0.869 n=200 (capped) [cached]
2026-08-05 02:34:23,722 | INFO    | molsanity | [stage cell_ESOL__GINE__GNNExplainer__random__seed1] cache hit (3238e78a3cdfde4c) — skipping
2026-08-05 02:34:23,723 | INFO    | molsanity | [cell ESOL__GINE__GNNExplainer__random__seed1] DONE — rmse=0.832 r2=0.825 n=200 (capped) [cached]
2026-08-05 02:34:24,356 | INFO    | molsanity | [stage cell_ESOL__GINE__GNNExplainer__random__seed2] cache hit (e440bdac1bdddbd6) — skipping
2026-08-05 02:34:24,356 | INFO    | molsanity | [cell ESOL__GINE__GNNExplainer__random__seed2] DONE — rmse=0.879 r2=0.833 n=200 (capped) [cached]
2026-08-05 02:34:25,085 | INFO    | molsanity | [stage cell_FreeSolv__GINE__IntegratedGradients__scaffold__seed0] cache hit (6f6b7ac165a83d7e) — skipping
2026-08-05 02:34:25,085 | INFO    | molsanity | [cell FreeSolv__GINE__IntegratedGradients__scaffold__seed0] DONE — rmse=1.416 r2=0.789 n=193 (capped) [cached]
2026-08-05 02:34:25,941 | INFO    | molsanity | [stage cell_FreeSolv__GINE__IntegratedGradients__scaffold__seed1] cache hit (27b9f0cf57ce8530) — skipping
2026-08-05 02:34:25,941 | INFO    | molsanity | [cell FreeSolv__GINE__IntegratedGradients__scaffold__seed1] DONE — rmse=1.193 r2=0.850 n=193 (capped) [cached]
2026-08-05 02:34:26,803 | INFO    | molsanity | [stage cell_FreeSolv__GINE__IntegratedGradients__scaffold__seed2] cache hit (21eb32cf42f2a377) — skipping
2026-08-05 02:34:26,803 | INFO    | molsanity | [cell FreeSolv__GINE__IntegratedGradients__scaffold__seed2] DONE — rmse=1.398 r2=0.795 n=193 (capped) [cached]
2026-08-05 02:34:28,775 | INFO    | molsanity | [stage cell_FreeSolv__GINE__IntegratedGradients__random__seed0] cache hit (e37e54902b3b27f2) — skipping
2026-08-05 02:34:28,775 | INFO    | molsanity | [cell FreeSolv__GINE__IntegratedGradients__random__seed0] DONE — rmse=1.486 r2=0.803 n=193 (capped) [cached]
2026-08-05 02:34:29,418 | INFO    | molsanity | [stage cell_FreeSolv__GINE__IntegratedGradients__random__seed1] cache hit (755629c999add9fa) — skipping
2026-08-05 02:34:29,418 | INFO    | molsanity | [cell FreeSolv__GINE__IntegratedGradients__random__seed1] DONE — rmse=1.346 r2=0.857 n=193 (capped) [cached]
2026-08-05 02:34:30,033 | INFO    | molsanity | [stage cell_FreeSolv__GINE__IntegratedGradients__random__seed2] cache hit (4fe3440a6afcfa1d) — skipping
2026-08-05 02:34:30,034 | INFO    | molsanity | [cell FreeSolv__GINE__IntegratedGradients__random__seed2] DONE — rmse=1.618 r2=0.830 n=193 (capped) [cached]
2026-08-05 02:34:30,864 | INFO    | molsanity | [stage cell_Lipophilicity__GINE__IntegratedGradients__scaffold__seed0] cache hit (8bcc4c919d375061) — skipping
2026-08-05 02:34:30,864 | INFO    | molsanity | [cell Lipophilicity__GINE__IntegratedGradients__scaffold__seed0] DONE — rmse=0.915 r2=0.429 n=200 (capped) [cached]
2026-08-05 02:34:31,684 | INFO    | molsanity | [stage cell_Lipophilicity__GINE__IntegratedGradients__scaffold__seed1] cache hit (440a30ae3e78e5fa) — skipping
2026-08-05 02:34:31,684 | INFO    | molsanity | [cell Lipophilicity__GINE__IntegratedGradients__scaffold__seed1] DONE — rmse=0.920 r2=0.424 n=200 (capped) [cached]
2026-08-05 02:34:32,461 | INFO    | molsanity | [stage cell_Lipophilicity__GINE__IntegratedGradients__scaffold__seed2] cache hit (14e20c3df0a423a6) — skipping
2026-08-05 02:34:32,461 | INFO    | molsanity | [cell Lipophilicity__GINE__IntegratedGradients__scaffold__seed2] DONE — rmse=0.924 r2=0.419 n=200 (capped) [cached]
2026-08-05 02:34:33,067 | INFO    | molsanity | [stage cell_Lipophilicity__GINE__IntegratedGradients__random__seed0] cache hit (e3a5ee20c3670067) — skipping
2026-08-05 02:34:33,067 | INFO    | molsanity | [cell Lipophilicity__GINE__IntegratedGradients__random__seed0] DONE — rmse=0.737 r2=0.617 n=200 (capped) [cached]
2026-08-05 02:34:33,696 | INFO    | molsanity | [stage cell_Lipophilicity__GINE__IntegratedGradients__random__seed1] cache hit (a94062edc9757ea9) — skipping
2026-08-05 02:34:33,696 | INFO    | molsanity | [cell Lipophilicity__GINE__IntegratedGradients__random__seed1] DONE — rmse=0.798 r2=0.527 n=200 (capped) [cached]
2026-08-05 02:34:34,307 | INFO    | molsanity | [stage cell_Lipophilicity__GINE__IntegratedGradients__random__seed2] cache hit (cff04b44b7374bca) — skipping
2026-08-05 02:34:34,308 | INFO    | molsanity | [cell Lipophilicity__GINE__IntegratedGradients__random__seed2] DONE — rmse=0.783 r2=0.563 n=200 (capped) [cached]
2026-08-05 02:34:35,153 | INFO    | molsanity | [stage cell_ClinTox__GINE__IntegratedGradients__scaffold__seed0] cache hit (e7553cbaecbe06bf) — skipping
2026-08-05 02:34:35,153 | INFO    | molsanity | [cell ClinTox__GINE__IntegratedGradients__scaffold__seed0] DONE — acc=0.58 gt_auroc=nan n=200 (capped) [cached]
2026-08-05 02:34:36,173 | INFO    | molsanity | [stage cell_ClinTox__GINE__IntegratedGradients__scaffold__seed1] cache hit (d653de273e3190ed) — skipping
2026-08-05 02:34:36,173 | INFO    | molsanity | [cell ClinTox__GINE__IntegratedGradients__scaffold__seed1] DONE — acc=0.71 gt_auroc=nan n=200 (capped) [cached]
2026-08-05 02:34:36,983 | INFO    | molsanity | [stage cell_ClinTox__GINE__IntegratedGradients__scaffold__seed2] cache hit (63930c030d071001) — skipping
2026-08-05 02:34:36,984 | INFO    | molsanity | [cell ClinTox__GINE__IntegratedGradients__scaffold__seed2] DONE — acc=0.72 gt_auroc=nan n=200 (capped) [cached]
2026-08-05 02:34:37,581 | INFO    | molsanity | [stage cell_ClinTox__GINE__IntegratedGradients__random__seed0] cache hit (0d7f68d396c9ca33) — skipping
2026-08-05 02:34:37,581 | INFO    | molsanity | [cell ClinTox__GINE__IntegratedGradients__random__seed0] DONE — acc=0.72 gt_auroc=nan n=200 (capped) [cached]
2026-08-05 02:34:38,223 | INFO    | molsanity | [stage cell_ClinTox__GINE__IntegratedGradients__random__seed1] cache hit (e4915976da24c8e9) — skipping
2026-08-05 02:34:38,223 | INFO    | molsanity | [cell ClinTox__GINE__IntegratedGradients__random__seed1] DONE — acc=0.76 gt_auroc=nan n=200 (capped) [cached]
2026-08-05 02:34:38,836 | INFO    | molsanity | [stage cell_ClinTox__GINE__IntegratedGradients__random__seed2] cache hit (a26afbddb86ca7ee) — skipping
2026-08-05 02:34:38,837 | INFO    | molsanity | [cell ClinTox__GINE__IntegratedGradients__random__seed2] DONE — acc=0.70 gt_auroc=nan n=200 (capped) [cached]
2026-08-05 02:34:39,644 | INFO    | molsanity | [stage cell_ClinTox__GINE__GNNExplainer__scaffold__seed0] cache hit (68d9c8f1051732d3) — skipping
2026-08-05 02:34:39,644 | INFO    | molsanity | [cell ClinTox__GINE__GNNExplainer__scaffold__seed0] DONE — acc=0.58 gt_auroc=nan n=200 (capped) [cached]
2026-08-05 02:34:40,452 | INFO    | molsanity | [stage cell_ClinTox__GINE__GNNExplainer__scaffold__seed1] cache hit (e1a152408651a22c) — skipping
2026-08-05 02:34:40,452 | INFO    | molsanity | [cell ClinTox__GINE__GNNExplainer__scaffold__seed1] DONE — acc=0.71 gt_auroc=nan n=200 (capped) [cached]
2026-08-05 02:34:41,075 | INFO    | molsanity | [stage cell_ClinTox__GINE__GNNExplainer__scaffold__seed2] cache hit (09a761b12378369a) — skipping
2026-08-05 02:34:41,075 | INFO    | molsanity | [cell ClinTox__GINE__GNNExplainer__scaffold__seed2] DONE — acc=0.72 gt_auroc=nan n=200 (capped) [cached]
2026-08-05 02:34:41,675 | INFO    | molsanity | [stage cell_ClinTox__GINE__GNNExplainer__random__seed0] cache hit (fef42c70558eae2f) — skipping
2026-08-05 02:34:41,675 | INFO    | molsanity | [cell ClinTox__GINE__GNNExplainer__random__seed0] DONE — acc=0.72 gt_auroc=nan n=200 (capped) [cached]
2026-08-05 02:34:42,284 | INFO    | molsanity | [stage cell_ClinTox__GINE__GNNExplainer__random__seed1] cache hit (3ee71b4ebfb09641) — skipping
2026-08-05 02:34:42,284 | INFO    | molsanity | [cell ClinTox__GINE__GNNExplainer__random__seed1] DONE — acc=0.76 gt_auroc=nan n=200 (capped) [cached]
2026-08-05 02:34:42,930 | INFO    | molsanity | [stage cell_ClinTox__GINE__GNNExplainer__random__seed2] cache hit (2a44b02629043836) — skipping
2026-08-05 02:34:42,930 | INFO    | molsanity | [cell ClinTox__GINE__GNNExplainer__random__seed2] DONE — acc=0.70 gt_auroc=nan n=200 (capped) [cached]
2026-08-05 02:34:44,034 | INFO    | molsanity | [stage cell_SIDER__GINE__IntegratedGradients__scaffold__seed0] cache hit (a762fc87d0bf5601) — skipping
2026-08-05 02:34:44,035 | INFO    | molsanity | [cell SIDER__GINE__IntegratedGradients__scaffold__seed0] DONE — acc=0.55 gt_auroc=nan n=200 (capped) [cached]
2026-08-05 02:34:44,759 | INFO    | molsanity | [stage cell_SIDER__GINE__IntegratedGradients__scaffold__seed1] cache hit (e628b8887d8eb0b1) — skipping
2026-08-05 02:34:44,759 | INFO    | molsanity | [cell SIDER__GINE__IntegratedGradients__scaffold__seed1] DONE — acc=0.56 gt_auroc=nan n=200 (capped) [cached]
2026-08-05 02:34:45,541 | INFO    | molsanity | [stage cell_SIDER__GINE__IntegratedGradients__scaffold__seed2] cache hit (1b62c8282e80444d) — skipping
2026-08-05 02:34:45,541 | INFO    | molsanity | [cell SIDER__GINE__IntegratedGradients__scaffold__seed2] DONE — acc=0.56 gt_auroc=nan n=200 (capped) [cached]
2026-08-05 02:34:46,194 | INFO    | molsanity | [stage cell_SIDER__GINE__IntegratedGradients__random__seed0] cache hit (ff853290aee210c4) — skipping
2026-08-05 02:34:46,194 | INFO    | molsanity | [cell SIDER__GINE__IntegratedGradients__random__seed0] DONE — acc=0.67 gt_auroc=nan n=200 (capped) [cached]
2026-08-05 02:34:46,798 | INFO    | molsanity | [stage cell_SIDER__GINE__IntegratedGradients__random__seed1] cache hit (aecc4fbded884979) — skipping
2026-08-05 02:34:46,798 | INFO    | molsanity | [cell SIDER__GINE__IntegratedGradients__random__seed1] DONE — acc=0.61 gt_auroc=nan n=200 (capped) [cached]
2026-08-05 02:34:47,408 | INFO    | molsanity | [stage cell_SIDER__GINE__IntegratedGradients__random__seed2] cache hit (12df6edbfbf228cc) — skipping
2026-08-05 02:34:47,409 | INFO    | molsanity | [cell SIDER__GINE__IntegratedGradients__random__seed2] DONE — acc=0.65 gt_auroc=nan n=200 (capped) [cached]
2026-08-05 02:34:48,327 | INFO    | molsanity | [stage cell_SIDER__GCN__IntegratedGradients__scaffold__seed0] cache hit (e38d53bdd320bfa9) — skipping
2026-08-05 02:34:48,328 | INFO    | molsanity | [cell SIDER__GCN__IntegratedGradients__scaffold__seed0] DONE — acc=0.57 gt_auroc=nan n=200 (capped) [cached]
2026-08-05 02:34:48,918 | INFO    | molsanity | [stage cell_SIDER__GCN__IntegratedGradients__scaffold__seed1] cache hit (4c4eadab25e4f847) — skipping
2026-08-05 02:34:48,918 | INFO    | molsanity | [cell SIDER__GCN__IntegratedGradients__scaffold__seed1] DONE — acc=0.56 gt_auroc=nan n=200 (capped) [cached]
2026-08-05 02:34:49,793 | INFO    | molsanity | [stage cell_SIDER__GCN__IntegratedGradients__scaffold__seed2] cache hit (37c938ece894be0a) — skipping
2026-08-05 02:34:49,793 | INFO    | molsanity | [cell SIDER__GCN__IntegratedGradients__scaffold__seed2] DONE — acc=0.59 gt_auroc=nan n=200 (capped) [cached]
2026-08-05 02:34:50,405 | INFO    | molsanity | [stage cell_SIDER__GCN__IntegratedGradients__random__seed0] cache hit (a03ebb8ef197a68d) — skipping
2026-08-05 02:34:50,405 | INFO    | molsanity | [cell SIDER__GCN__IntegratedGradients__random__seed0] DONE — acc=0.68 gt_auroc=nan n=200 (capped) [cached]
2026-08-05 02:34:51,116 | INFO    | molsanity | [stage cell_SIDER__GCN__IntegratedGradients__random__seed1] cache hit (171b58ef0496e5c9) — skipping
2026-08-05 02:34:51,117 | INFO    | molsanity | [cell SIDER__GCN__IntegratedGradients__random__seed1] DONE — acc=0.62 gt_auroc=nan n=200 (capped) [cached]
2026-08-05 02:34:51,740 | INFO    | molsanity | [stage cell_SIDER__GCN__IntegratedGradients__random__seed2] cache hit (ec44ca54c03dc64c) — skipping
2026-08-05 02:34:51,741 | INFO    | molsanity | [cell SIDER__GCN__IntegratedGradients__random__seed2] DONE — acc=0.63 gt_auroc=nan n=200 (capped) [cached]
2026-08-05 02:34:52,534 | INFO    | molsanity | [stage cell_Tox21__GINE__IntegratedGradients__scaffold__seed0] cache hit (2a79f2c0a48e2052) — skipping
2026-08-05 02:34:52,535 | INFO    | molsanity | [cell Tox21__GINE__IntegratedGradients__scaffold__seed0] DONE — acc=0.94 gt_auroc=nan n=200 (capped) [cached]
2026-08-05 02:34:53,398 | INFO    | molsanity | [stage cell_Tox21__GINE__IntegratedGradients__scaffold__seed1] cache hit (01be87936de580a2) — skipping
2026-08-05 02:34:53,398 | INFO    | molsanity | [cell Tox21__GINE__IntegratedGradients__scaffold__seed1] DONE — acc=0.96 gt_auroc=nan n=200 (capped) [cached]
2026-08-05 02:34:54,381 | INFO    | molsanity | [stage cell_Tox21__GINE__IntegratedGradients__scaffold__seed2] cache hit (cf5bc1861720e85e) — skipping
2026-08-05 02:34:54,382 | INFO    | molsanity | [cell Tox21__GINE__IntegratedGradients__scaffold__seed2] DONE — acc=0.92 gt_auroc=nan n=200 (capped) [cached]
2026-08-05 02:34:55,012 | INFO    | molsanity | [stage cell_Tox21__GINE__IntegratedGradients__random__seed0] cache hit (e117b2aa552d6fb6) — skipping
2026-08-05 02:34:55,012 | INFO    | molsanity | [cell Tox21__GINE__IntegratedGradients__random__seed0] DONE — acc=0.94 gt_auroc=nan n=200 (capped) [cached]
2026-08-05 02:34:55,604 | INFO    | molsanity | [stage cell_Tox21__GINE__IntegratedGradients__random__seed1] cache hit (fcf08d231c685ae3) — skipping
2026-08-05 02:34:55,604 | INFO    | molsanity | [cell Tox21__GINE__IntegratedGradients__random__seed1] DONE — acc=0.95 gt_auroc=nan n=200 (capped) [cached]
2026-08-05 02:34:56,262 | INFO    | molsanity | [stage cell_Tox21__GINE__IntegratedGradients__random__seed2] cache hit (85ddfea98e12cd3c) — skipping
2026-08-05 02:34:56,263 | INFO    | molsanity | [cell Tox21__GINE__IntegratedGradients__random__seed2] DONE — acc=0.93 gt_auroc=nan n=200 (capped) [cached]
2026-08-05 02:34:57,181 | INFO    | molsanity | [stage cell_BA-2Motifs__GINE__IntegratedGradients__scaffold__seed0] cache hit (1a20076619769e9c) — skipping
2026-08-05 02:34:57,181 | INFO    | molsanity | [cell BA-2Motifs__GINE__IntegratedGradients__scaffold__seed0] DONE — acc=0.39 gt_auroc=0.8853 n=200 (capped) [cached]
2026-08-05 02:34:57,978 | INFO    | molsanity | [stage cell_BA-2Motifs__GINE__IntegratedGradients__scaffold__seed1] cache hit (2393c39ec26f4b05) — skipping
2026-08-05 02:34:57,978 | INFO    | molsanity | [cell BA-2Motifs__GINE__IntegratedGradients__scaffold__seed1] DONE — acc=0.43 gt_auroc=0.8266499999999999 n=200 (capped) [cached]
2026-08-05 02:34:58,843 | INFO    | molsanity | [stage cell_BA-2Motifs__GINE__IntegratedGradients__scaffold__seed2] cache hit (b476e2088525000d) — skipping
2026-08-05 02:34:58,843 | INFO    | molsanity | [cell BA-2Motifs__GINE__IntegratedGradients__scaffold__seed2] DONE — acc=0.99 gt_auroc=0.85615 n=200 (capped) [cached]
2026-08-05 02:34:59,455 | INFO    | molsanity | [stage cell_BA-2Motifs__GINE__IntegratedGradients__random__seed0] cache hit (9e1837540070e5d1) — skipping
2026-08-05 02:34:59,456 | INFO    | molsanity | [cell BA-2Motifs__GINE__IntegratedGradients__random__seed0] DONE — acc=0.78 gt_auroc=0.9962000000000001 n=200 (capped) [cached]
2026-08-05 02:35:00,077 | INFO    | molsanity | [stage cell_BA-2Motifs__GINE__IntegratedGradients__random__seed1] cache hit (48db032102114365) — skipping
2026-08-05 02:35:00,077 | INFO    | molsanity | [cell BA-2Motifs__GINE__IntegratedGradients__random__seed1] DONE — acc=0.65 gt_auroc=1.0 n=200 (capped) [cached]
2026-08-05 02:35:00,724 | INFO    | molsanity | [stage cell_BA-2Motifs__GINE__IntegratedGradients__random__seed2] cache hit (af3ba8633c6f6ee0) — skipping
2026-08-05 02:35:00,724 | INFO    | molsanity | [cell BA-2Motifs__GINE__IntegratedGradients__random__seed2] DONE — acc=0.88 gt_auroc=0.9940000000000001 n=200 (capped) [cached]
2026-08-05 02:35:01,515 | INFO    | molsanity | [stage cell_BA-2Motifs__GINE__Saliency__scaffold__seed0] cache hit (6d401d815887c2cc) — skipping
2026-08-05 02:35:01,516 | INFO    | molsanity | [cell BA-2Motifs__GINE__Saliency__scaffold__seed0] DONE — acc=0.39 gt_auroc=0.9011 n=200 (capped) [cached]
2026-08-05 02:35:02,166 | INFO    | molsanity | [stage cell_BA-2Motifs__GINE__Saliency__scaffold__seed1] cache hit (ad55de7a2058b3c9) — skipping
2026-08-05 02:35:02,166 | INFO    | molsanity | [cell BA-2Motifs__GINE__Saliency__scaffold__seed1] DONE — acc=0.43 gt_auroc=0.9817000000000001 n=200 (capped) [cached]
2026-08-05 02:35:03,013 | INFO    | molsanity | [stage cell_BA-2Motifs__GINE__Saliency__scaffold__seed2] cache hit (e6152eb0807ba72a) — skipping
2026-08-05 02:35:03,014 | INFO    | molsanity | [cell BA-2Motifs__GINE__Saliency__scaffold__seed2] DONE — acc=0.99 gt_auroc=0.9270499999999999 n=200 (capped) [cached]
2026-08-05 02:35:03,651 | INFO    | molsanity | [stage cell_BA-2Motifs__GINE__Saliency__random__seed0] cache hit (2ca54770606dec25) — skipping
2026-08-05 02:35:03,651 | INFO    | molsanity | [cell BA-2Motifs__GINE__Saliency__random__seed0] DONE — acc=0.78 gt_auroc=0.9995 n=200 (capped) [cached]
2026-08-05 02:35:04,283 | INFO    | molsanity | [stage cell_BA-2Motifs__GINE__Saliency__random__seed1] cache hit (eabb1fc3c74eafff) — skipping
2026-08-05 02:35:04,283 | INFO    | molsanity | [cell BA-2Motifs__GINE__Saliency__random__seed1] DONE — acc=0.65 gt_auroc=0.9964000000000002 n=200 (capped) [cached]
2026-08-05 02:35:04,930 | INFO    | molsanity | [stage cell_BA-2Motifs__GINE__Saliency__random__seed2] cache hit (abc19219c0909b9c) — skipping
2026-08-05 02:35:04,930 | INFO    | molsanity | [cell BA-2Motifs__GINE__Saliency__random__seed2] DONE — acc=0.88 gt_auroc=0.92785 n=200 (capped) [cached]
2026-08-05 02:35:05,775 | INFO    | molsanity | [stage cell_BA-2Motifs__GINE__InputXGradient__scaffold__seed0] cache hit (13e4116188f4e51e) — skipping
2026-08-05 02:35:05,776 | INFO    | molsanity | [cell BA-2Motifs__GINE__InputXGradient__scaffold__seed0] DONE — acc=0.39 gt_auroc=0.9011 n=200 (capped) [cached]
2026-08-05 02:35:06,426 | INFO    | molsanity | [stage cell_BA-2Motifs__GINE__InputXGradient__scaffold__seed1] cache hit (bb971220f5c5e26d) — skipping
2026-08-05 02:35:06,426 | INFO    | molsanity | [cell BA-2Motifs__GINE__InputXGradient__scaffold__seed1] DONE — acc=0.43 gt_auroc=0.9817000000000001 n=200 (capped) [cached]
2026-08-05 02:35:07,320 | INFO    | molsanity | [stage cell_BA-2Motifs__GINE__InputXGradient__scaffold__seed2] cache hit (233c2fb58e9c0695) — skipping
2026-08-05 02:35:07,320 | INFO    | molsanity | [cell BA-2Motifs__GINE__InputXGradient__scaffold__seed2] DONE — acc=0.99 gt_auroc=0.9270499999999999 n=200 (capped) [cached]
2026-08-05 02:35:07,952 | INFO    | molsanity | [stage cell_BA-2Motifs__GINE__InputXGradient__random__seed0] cache hit (84dbbe7a4e587b77) — skipping
2026-08-05 02:35:07,953 | INFO    | molsanity | [cell BA-2Motifs__GINE__InputXGradient__random__seed0] DONE — acc=0.78 gt_auroc=0.9995 n=200 (capped) [cached]
2026-08-05 02:35:08,603 | INFO    | molsanity | [stage cell_BA-2Motifs__GINE__InputXGradient__random__seed1] cache hit (f431440a6d122124) — skipping
2026-08-05 02:35:08,603 | INFO    | molsanity | [cell BA-2Motifs__GINE__InputXGradient__random__seed1] DONE — acc=0.65 gt_auroc=0.9964000000000002 n=200 (capped) [cached]
2026-08-05 02:35:09,242 | INFO    | molsanity | [stage cell_BA-2Motifs__GINE__InputXGradient__random__seed2] cache hit (344cc4c3424ac5fd) — skipping
2026-08-05 02:35:09,243 | INFO    | molsanity | [cell BA-2Motifs__GINE__InputXGradient__random__seed2] DONE — acc=0.88 gt_auroc=0.92785 n=200 (capped) [cached]
2026-08-05 02:35:10,137 | INFO    | molsanity | [stage cell_BA-2Motifs__GINE__GuidedBackprop__scaffold__seed0] cache hit (ed7d5cd3c9fb5361) — skipping
2026-08-05 02:35:10,138 | INFO    | molsanity | [cell BA-2Motifs__GINE__GuidedBackprop__scaffold__seed0] DONE — acc=0.39 gt_auroc=0.6812999999999999 n=200 (capped) [cached]
2026-08-05 02:35:10,776 | INFO    | molsanity | [stage cell_BA-2Motifs__GINE__GuidedBackprop__scaffold__seed1] cache hit (40f63463b3753ec7) — skipping
2026-08-05 02:35:10,776 | INFO    | molsanity | [cell BA-2Motifs__GINE__GuidedBackprop__scaffold__seed1] DONE — acc=0.43 gt_auroc=0.9383500000000001 n=200 (capped) [cached]
2026-08-05 02:35:11,617 | INFO    | molsanity | [stage cell_BA-2Motifs__GINE__GuidedBackprop__scaffold__seed2] cache hit (5bd61ab32e014530) — skipping
2026-08-05 02:35:11,617 | INFO    | molsanity | [cell BA-2Motifs__GINE__GuidedBackprop__scaffold__seed2] DONE — acc=0.99 gt_auroc=0.9094 n=200 (capped) [cached]
2026-08-05 02:35:12,291 | INFO    | molsanity | [stage cell_BA-2Motifs__GINE__GuidedBackprop__random__seed0] cache hit (e77186ed69701e7f) — skipping
2026-08-05 02:35:12,292 | INFO    | molsanity | [cell BA-2Motifs__GINE__GuidedBackprop__random__seed0] DONE — acc=0.78 gt_auroc=0.9229 n=200 (capped) [cached]
2026-08-05 02:35:12,898 | INFO    | molsanity | [stage cell_BA-2Motifs__GINE__GuidedBackprop__random__seed1] cache hit (76bb18783cc82745) — skipping
2026-08-05 02:35:12,898 | INFO    | molsanity | [cell BA-2Motifs__GINE__GuidedBackprop__random__seed1] DONE — acc=0.65 gt_auroc=0.9629000000000001 n=200 (capped) [cached]
2026-08-05 02:35:13,592 | INFO    | molsanity | [stage cell_BA-2Motifs__GINE__GuidedBackprop__random__seed2] cache hit (55e0f44d804fdf5d) — skipping
2026-08-05 02:35:13,592 | INFO    | molsanity | [cell BA-2Motifs__GINE__GuidedBackprop__random__seed2] DONE — acc=0.88 gt_auroc=0.94825 n=200 (capped) [cached]
2026-08-05 02:35:14,480 | INFO    | molsanity | [stage cell_BA-2Motifs__GINE__GNNExplainer__scaffold__seed0] cache hit (0c7969ba032a469c) — skipping
2026-08-05 02:35:14,480 | INFO    | molsanity | [cell BA-2Motifs__GINE__GNNExplainer__scaffold__seed0] DONE — acc=0.39 gt_auroc=0.50565 n=200 (capped) [cached]
2026-08-05 02:35:15,125 | INFO    | molsanity | [stage cell_BA-2Motifs__GINE__GNNExplainer__scaffold__seed1] cache hit (fc63d8611dbbf90f) — skipping
2026-08-05 02:35:15,125 | INFO    | molsanity | [cell BA-2Motifs__GINE__GNNExplainer__scaffold__seed1] DONE — acc=0.43 gt_auroc=0.6555500000000001 n=200 (capped) [cached]
2026-08-05 02:35:15,937 | INFO    | molsanity | [stage cell_BA-2Motifs__GINE__GNNExplainer__scaffold__seed2] cache hit (129c81bd7fa5b89a) — skipping
2026-08-05 02:35:15,937 | INFO    | molsanity | [cell BA-2Motifs__GINE__GNNExplainer__scaffold__seed2] DONE — acc=0.99 gt_auroc=0.5259 n=200 (capped) [cached]
2026-08-05 02:35:16,918 | INFO    | molsanity | [stage cell_BA-2Motifs__GINE__GNNExplainer__random__seed0] cache hit (8c54b7a80c1b2409) — skipping
2026-08-05 02:35:16,918 | INFO    | molsanity | [cell BA-2Motifs__GINE__GNNExplainer__random__seed0] DONE — acc=0.78 gt_auroc=0.50115 n=200 (capped) [cached]
2026-08-05 02:35:17,545 | INFO    | molsanity | [stage cell_BA-2Motifs__GINE__GNNExplainer__random__seed1] cache hit (a6216cbfec316168) — skipping
2026-08-05 02:35:17,545 | INFO    | molsanity | [cell BA-2Motifs__GINE__GNNExplainer__random__seed1] DONE — acc=0.65 gt_auroc=0.4585 n=200 (capped) [cached]
2026-08-05 02:35:18,214 | INFO    | molsanity | [stage cell_BA-2Motifs__GINE__GNNExplainer__random__seed2] cache hit (cd0f05ec3de61c28) — skipping
2026-08-05 02:35:18,215 | INFO    | molsanity | [cell BA-2Motifs__GINE__GNNExplainer__random__seed2] DONE — acc=0.88 gt_auroc=0.5737000000000001 n=200 (capped) [cached]
2026-08-05 02:35:19,032 | INFO    | molsanity | [stage cell_BA-2Motifs__GINE__PGExplainer__scaffold__seed0] cache hit (0ac8a5329ae664b9) — skipping
2026-08-05 02:35:19,032 | INFO    | molsanity | [cell BA-2Motifs__GINE__PGExplainer__scaffold__seed0] DONE — acc=0.39 gt_auroc=0.9778 n=200 (capped) [cached]
2026-08-05 02:35:19,790 | INFO    | molsanity | [stage cell_BA-2Motifs__GINE__PGExplainer__scaffold__seed1] cache hit (43a870549f036340) — skipping
2026-08-05 02:35:19,790 | INFO    | molsanity | [cell BA-2Motifs__GINE__PGExplainer__scaffold__seed1] DONE — acc=0.43 gt_auroc=0.9484 n=200 (capped) [cached]
2026-08-05 02:35:20,593 | INFO    | molsanity | [stage cell_BA-2Motifs__GINE__PGExplainer__scaffold__seed2] cache hit (b56911c908e22439) — skipping
2026-08-05 02:35:20,593 | INFO    | molsanity | [cell BA-2Motifs__GINE__PGExplainer__scaffold__seed2] DONE — acc=0.99 gt_auroc=0.73065 n=200 (capped) [cached]
2026-08-05 02:35:21,279 | INFO    | molsanity | [stage cell_BA-2Motifs__GINE__PGExplainer__random__seed0] cache hit (b4d573e3462ff45d) — skipping
2026-08-05 02:35:21,280 | INFO    | molsanity | [cell BA-2Motifs__GINE__PGExplainer__random__seed0] DONE — acc=0.78 gt_auroc=0.4854 n=200 (capped) [cached]
2026-08-05 02:35:21,923 | INFO    | molsanity | [stage cell_BA-2Motifs__GINE__PGExplainer__random__seed1] cache hit (9953b37606eb8adb) — skipping
2026-08-05 02:35:21,924 | INFO    | molsanity | [cell BA-2Motifs__GINE__PGExplainer__random__seed1] DONE — acc=0.65 gt_auroc=0.6038000000000001 n=200 (capped) [cached]
2026-08-05 02:35:22,537 | INFO    | molsanity | [stage cell_BA-2Motifs__GINE__PGExplainer__random__seed2] cache hit (21e97723c03dbaa5) — skipping
2026-08-05 02:35:22,537 | INFO    | molsanity | [cell BA-2Motifs__GINE__PGExplainer__random__seed2] DONE — acc=0.88 gt_auroc=0.10402499999999999 n=200 (capped) [cached]
2026-08-05 02:35:23,145 | INFO    | molsanity | [stage cell_DILI__GINE__IntegratedGradients__scaffold__seed0] cache hit (444a084109d53258) — skipping
2026-08-05 02:35:23,146 | INFO    | molsanity | [cell DILI__GINE__IntegratedGradients__scaffold__seed0] DONE — acc=0.73 gt_auroc=nan n=142 (capped) [cached]
2026-08-05 02:35:23,768 | INFO    | molsanity | [stage cell_DILI__GINE__IntegratedGradients__scaffold__seed1] cache hit (47f93e28058fd600) — skipping
2026-08-05 02:35:23,769 | INFO    | molsanity | [cell DILI__GINE__IntegratedGradients__scaffold__seed1] DONE — acc=0.70 gt_auroc=nan n=142 (capped) [cached]
2026-08-05 02:35:24,384 | INFO    | molsanity | [stage cell_DILI__GINE__IntegratedGradients__scaffold__seed2] cache hit (190a992d9964e972) — skipping
2026-08-05 02:35:24,385 | INFO    | molsanity | [cell DILI__GINE__IntegratedGradients__scaffold__seed2] DONE — acc=0.78 gt_auroc=nan n=142 (capped) [cached]
2026-08-05 02:35:24,979 | INFO    | molsanity | [stage cell_DILI__GINE__IntegratedGradients__random__seed0] cache hit (3e97a237b21c5405) — skipping
2026-08-05 02:35:24,980 | INFO    | molsanity | [cell DILI__GINE__IntegratedGradients__random__seed0] DONE — acc=0.82 gt_auroc=nan n=142 (capped) [cached]
2026-08-05 02:35:25,591 | INFO    | molsanity | [stage cell_DILI__GINE__IntegratedGradients__random__seed1] cache hit (9d5b016bfa039a6e) — skipping
2026-08-05 02:35:25,591 | INFO    | molsanity | [cell DILI__GINE__IntegratedGradients__random__seed1] DONE — acc=0.61 gt_auroc=nan n=142 (capped) [cached]
2026-08-05 02:35:26,504 | INFO    | molsanity | [stage cell_DILI__GINE__IntegratedGradients__random__seed2] cache hit (f84505b13d17583f) — skipping
2026-08-05 02:35:26,504 | INFO    | molsanity | [cell DILI__GINE__IntegratedGradients__random__seed2] DONE — acc=0.70 gt_auroc=nan n=142 (capped) [cached]
2026-08-05 02:35:27,469 | INFO    | molsanity | [stage cell_hERG__GINE__IntegratedGradients__scaffold__seed0] cache hit (fefcd7292467b591) — skipping
2026-08-05 02:35:27,469 | INFO    | molsanity | [cell hERG__GINE__IntegratedGradients__scaffold__seed0] DONE — acc=0.53 gt_auroc=nan n=197 (capped) [cached]
2026-08-05 02:35:28,281 | INFO    | molsanity | [stage cell_hERG__GINE__IntegratedGradients__scaffold__seed1] cache hit (c4425f21cb8db3f4) — skipping
2026-08-05 02:35:28,281 | INFO    | molsanity | [cell hERG__GINE__IntegratedGradients__scaffold__seed1] DONE — acc=0.46 gt_auroc=nan n=197 (capped) [cached]
2026-08-05 02:35:29,093 | INFO    | molsanity | [stage cell_hERG__GINE__IntegratedGradients__scaffold__seed2] cache hit (5f67af8e5d3de310) — skipping
2026-08-05 02:35:29,094 | INFO    | molsanity | [cell hERG__GINE__IntegratedGradients__scaffold__seed2] DONE — acc=0.42 gt_auroc=nan n=197 (capped) [cached]
2026-08-05 02:35:29,723 | INFO    | molsanity | [stage cell_hERG__GINE__IntegratedGradients__random__seed0] cache hit (e7a074fcbf925577) — skipping
2026-08-05 02:35:29,723 | INFO    | molsanity | [cell hERG__GINE__IntegratedGradients__random__seed0] DONE — acc=0.79 gt_auroc=nan n=197 (capped) [cached]
2026-08-05 02:35:30,342 | INFO    | molsanity | [stage cell_hERG__GINE__IntegratedGradients__random__seed1] cache hit (398bf504c4eb5974) — skipping
2026-08-05 02:35:30,343 | INFO    | molsanity | [cell hERG__GINE__IntegratedGradients__random__seed1] DONE — acc=0.43 gt_auroc=nan n=197 (capped) [cached]
2026-08-05 02:35:30,977 | INFO    | molsanity | [stage cell_hERG__GINE__IntegratedGradients__random__seed2] cache hit (5e662f6ad6385d83) — skipping
2026-08-05 02:35:30,977 | INFO    | molsanity | [cell hERG__GINE__IntegratedGradients__random__seed2] DONE — acc=0.74 gt_auroc=nan n=197 (capped) [cached]
2026-08-05 02:35:31,034 | INFO    | molsanity | Wrote SEED_VARIANCE.md (158 cells with >1 seed)
2026-08-05 02:35:31,034 | INFO    | molsanity | Wrote SEED_VARIANCE.md (158 multi-seed cells)
2026-08-05 02:37:19,990 | INFO    | molsanity | Wrote ABSTENTION.md (5 signals ranked)
2026-08-05 02:37:19,990 | INFO    | molsanity | Wrote ABSTENTION.md (5 signals ranked over 26185 records)
2026-08-05 02:37:20,003 | INFO    | molsanity | Wrote RATIONALE_USE.md (5366 molecules where the model reads the ground truth, 837 anti-aligned despite that)
2026-08-05 02:37:24,257 | INFO    | molsanity | Wrote BENCHMARK.md (158 cells)
2026-08-05 02:37:26,439 | INFO    | molsanity | Wrote BENCHMARK_GT.md (faithfulness-vs-ground-truth)
2026-08-05 02:37:30,662 | INFO    | molsanity | Wrote summary figure: artifacts/figures/_summary/attributor_gt_bar_MUTAG.pdf
2026-08-05 02:37:32,993 | INFO    | molsanity | Wrote summary figure: artifacts/figures/_summary/attributor_gt_bar_SynthMotifs.pdf
2026-08-05 02:37:36,255 | INFO    | molsanity | Wrote summary figure: artifacts/figures/_summary/faithfulness_stability_ecdf.pdf
2026-08-05 02:37:39,004 | INFO    | molsanity | Wrote summary figure: artifacts/figures/_summary/regime_stratification.pdf
2026-08-05 02:37:42,318 | INFO    | molsanity | Wrote rich figure: artifacts/figures/_summary/joint_faithful_correct.pdf
2026-08-05 02:37:44,981 | INFO    | molsanity | Wrote rich figure: artifacts/figures/_summary/raincloud_gt_MUTAG.pdf
2026-08-05 02:37:48,212 | INFO    | molsanity | Wrote rich figure: artifacts/figures/_summary/heatmap_gt.pdf
2026-08-05 02:37:52,952 | INFO    | molsanity | Wrote composite figure: artifacts/figures/_summary/results_composite.pdf
2026-08-05 02:37:52,988 | INFO    | molsanity | Loaded MUTAG: 188 graphs, checksum de1d4cec357f
2026-08-05 02:37:53,355 | INFO    | molsanity | Scaffold split: 47 scaffolds over 188 molecules (2 scaffold-less, 89.4% of molecules in multi-member groups) -> train 150 / val 18 / test 20
2026-08-05 02:37:54,289 | INFO    | molsanity | Loaded existing checkpoint gine_f0f03e5089058af8.pt
2026-08-05 02:38:03,432 | INFO    | molsanity | Wrote molecule grid: artifacts/figures/_summary/molgrid_MUTAG.pdf
2026-08-05 02:38:05,241 | INFO    | molsanity | Generated SynthMotifs: 1000 graphs (house/cycle), exact node GT
2026-08-05 02:38:05,276 | INFO    | molsanity | SynthMotifs checksum recorded: dec19662af21
2026-08-05 02:38:05,277 | INFO    | molsanity | Loaded SynthMotifs: 1000 graphs, checksum dec19662af21
2026-08-05 02:38:05,284 | INFO    | molsanity | Scaffold split: 1000 scaffolds over 1000 molecules (1000 scaffold-less, 0.0% of molecules in multi-member groups) -> train 800 / val 100 / test 100
2026-08-05 02:38:05,284 | WARNING | molsanity | Scaffold split is DEGENERATE: only 0.0% of molecules share a scaffold with another molecule, so this partition is deterministic but not a chemical shift regime. Do not report it as scaffold shift.
2026-08-05 02:38:05,897 | INFO    | molsanity | Loaded existing checkpoint gine_92f8d045d39e08c5.pt
2026-08-05 02:38:13,372 | INFO    | molsanity | Wrote molecule grid: artifacts/figures/_summary/molgrid_SynthMotifs.pdf
2026-08-05 02:38:13,386 | INFO    | molsanity | Wrote 10 summary figure(s)
2026-08-05 02:38:19,767 | INFO    | molsanity | Wrote dissociation figure
2026-08-05 02:43:17,007 | INFO    | molsanity | Collected figures -> figures/ (448 files, 158 cells)
2026-08-05 02:43:17,007 | INFO    | molsanity | === Run complete: {'done': 474, 'failed': 0, 'skipped': 84, 'running': 0} ===
