2026-08-04 02:49:28,139 | INFO    | molsanity | === MolSanity run: full.yaml (seed=0) ===
2026-08-04 02:49:33,648 | INFO    | molsanity | Preflight: attributor dependencies OK.
2026-08-04 02:49:33,652 | INFO    | molsanity | Seeds: [0, 1, 2]
2026-08-04 02:49:34,048 | INFO    | molsanity | [stage cell_SynthMotifs__GINE__IntegratedGradients__scaffold__seed0] cache hit (f27d4f634a6b3108) — skipping
2026-08-04 02:49:34,048 | INFO    | molsanity | [cell SynthMotifs__GINE__IntegratedGradients__scaffold__seed0] DONE — acc=0.91 gt_auroc=0.97744 n=200 (capped) [cached]
2026-08-04 02:49:34,387 | INFO    | molsanity | [stage cell_SynthMotifs__GINE__IntegratedGradients__scaffold__seed1] cache hit (fa1093e519ff4552) — skipping
2026-08-04 02:49:34,387 | INFO    | molsanity | [cell SynthMotifs__GINE__IntegratedGradients__scaffold__seed1] DONE — acc=0.96 gt_auroc=0.9764400000000001 n=200 (capped) [cached]
2026-08-04 02:49:34,780 | INFO    | molsanity | [stage cell_SynthMotifs__GINE__IntegratedGradients__scaffold__seed2] cache hit (ed76f6ca9aec96f7) — skipping
2026-08-04 02:49:34,780 | INFO    | molsanity | [cell SynthMotifs__GINE__IntegratedGradients__scaffold__seed2] DONE — acc=0.97 gt_auroc=0.9664400000000001 n=200 (capped) [cached]
2026-08-04 02:49:35,174 | INFO    | molsanity | [stage cell_SynthMotifs__GINE__IntegratedGradients__random__seed0] cache hit (02753f4e809ce5f5) — skipping
2026-08-04 02:49:35,175 | INFO    | molsanity | [cell SynthMotifs__GINE__IntegratedGradients__random__seed0] DONE — acc=0.98 gt_auroc=0.9968800000000002 n=200 (capped) [cached]
2026-08-04 02:49:35,537 | INFO    | molsanity | [stage cell_SynthMotifs__GINE__IntegratedGradients__random__seed1] cache hit (7d175e0f92c82ad0) — skipping
2026-08-04 02:49:35,537 | INFO    | molsanity | [cell SynthMotifs__GINE__IntegratedGradients__random__seed1] DONE — acc=0.98 gt_auroc=0.99576 n=200 (capped) [cached]
2026-08-04 02:49:35,891 | INFO    | molsanity | [stage cell_SynthMotifs__GINE__IntegratedGradients__random__seed2] cache hit (1565f585e9b5541c) — skipping
2026-08-04 02:49:35,892 | INFO    | molsanity | [cell SynthMotifs__GINE__IntegratedGradients__random__seed2] DONE — acc=0.94 gt_auroc=0.97708 n=200 (capped) [cached]
2026-08-04 02:49:36,517 | INFO    | molsanity | [stage cell_SynthMotifs__GINE__Saliency__scaffold__seed0] cache hit (48c0da9ec625aa1b) — skipping
2026-08-04 02:49:36,518 | INFO    | molsanity | [cell SynthMotifs__GINE__Saliency__scaffold__seed0] DONE — acc=0.91 gt_auroc=0.98556 n=200 (capped) [cached]
2026-08-04 02:49:36,866 | INFO    | molsanity | [stage cell_SynthMotifs__GINE__Saliency__scaffold__seed1] cache hit (f25166dbe4c4fd71) — skipping
2026-08-04 02:49:36,866 | INFO    | molsanity | [cell SynthMotifs__GINE__Saliency__scaffold__seed1] DONE — acc=0.96 gt_auroc=0.91632 n=200 (capped) [cached]
2026-08-04 02:49:37,256 | INFO    | molsanity | [stage cell_SynthMotifs__GINE__Saliency__scaffold__seed2] cache hit (1072fc88b967a5a2) — skipping
2026-08-04 02:49:37,256 | INFO    | molsanity | [cell SynthMotifs__GINE__Saliency__scaffold__seed2] DONE — acc=0.97 gt_auroc=0.96884 n=200 (capped) [cached]
2026-08-04 02:49:37,889 | INFO    | molsanity | [stage cell_SynthMotifs__GINE__Saliency__random__seed0] cache hit (f35ee62bd3a2fd8c) — skipping
2026-08-04 02:49:37,889 | INFO    | molsanity | [cell SynthMotifs__GINE__Saliency__random__seed0] DONE — acc=0.98 gt_auroc=0.9934000000000001 n=200 (capped) [cached]
2026-08-04 02:49:38,394 | INFO    | molsanity | [stage cell_SynthMotifs__GINE__Saliency__random__seed1] cache hit (b12bf657be55d0c6) — skipping
2026-08-04 02:49:38,394 | INFO    | molsanity | [cell SynthMotifs__GINE__Saliency__random__seed1] DONE — acc=0.98 gt_auroc=0.98276 n=200 (capped) [cached]
2026-08-04 02:49:38,777 | INFO    | molsanity | [stage cell_SynthMotifs__GINE__Saliency__random__seed2] cache hit (00333c65a3925cbb) — skipping
2026-08-04 02:49:38,777 | INFO    | molsanity | [cell SynthMotifs__GINE__Saliency__random__seed2] DONE — acc=0.94 gt_auroc=0.9599599999999999 n=200 (capped) [cached]
2026-08-04 02:49:39,413 | INFO    | molsanity | [stage cell_SynthMotifs__GINE__InputXGradient__scaffold__seed0] cache hit (0523697f3cf545a1) — skipping
2026-08-04 02:49:39,413 | INFO    | molsanity | [cell SynthMotifs__GINE__InputXGradient__scaffold__seed0] DONE — acc=0.91 gt_auroc=0.99192 n=200 (capped) [cached]
2026-08-04 02:49:39,785 | INFO    | molsanity | [stage cell_SynthMotifs__GINE__InputXGradient__scaffold__seed1] cache hit (6a835c600f152d2c) — skipping
2026-08-04 02:49:39,785 | INFO    | molsanity | [cell SynthMotifs__GINE__InputXGradient__scaffold__seed1] DONE — acc=0.96 gt_auroc=0.9107599999999999 n=200 (capped) [cached]
2026-08-04 02:49:40,153 | INFO    | molsanity | [stage cell_SynthMotifs__GINE__InputXGradient__scaffold__seed2] cache hit (a767378d0f597e76) — skipping
2026-08-04 02:49:40,153 | INFO    | molsanity | [cell SynthMotifs__GINE__InputXGradient__scaffold__seed2] DONE — acc=0.97 gt_auroc=0.9607600000000001 n=200 (capped) [cached]
2026-08-04 02:49:40,546 | INFO    | molsanity | [stage cell_SynthMotifs__GINE__InputXGradient__random__seed0] cache hit (55c7baf914e35f27) — skipping
2026-08-04 02:49:40,546 | INFO    | molsanity | [cell SynthMotifs__GINE__InputXGradient__random__seed0] DONE — acc=0.98 gt_auroc=0.9872 n=200 (capped) [cached]
2026-08-04 02:49:41,189 | INFO    | molsanity | [stage cell_SynthMotifs__GINE__InputXGradient__random__seed1] cache hit (f0b3d5309ccd3f1a) — skipping
2026-08-04 02:49:41,189 | INFO    | molsanity | [cell SynthMotifs__GINE__InputXGradient__random__seed1] DONE — acc=0.98 gt_auroc=0.9632 n=200 (capped) [cached]
2026-08-04 02:49:41,535 | INFO    | molsanity | [stage cell_SynthMotifs__GINE__InputXGradient__random__seed2] cache hit (3745ebf4616a742c) — skipping
2026-08-04 02:49:41,536 | INFO    | molsanity | [cell SynthMotifs__GINE__InputXGradient__random__seed2] DONE — acc=0.94 gt_auroc=0.9592400000000001 n=200 (capped) [cached]
2026-08-04 02:49:41,888 | INFO    | molsanity | [stage cell_SynthMotifs__GINE__GuidedBackprop__scaffold__seed0] cache hit (f070359dac6e41bf) — skipping
2026-08-04 02:49:41,888 | INFO    | molsanity | [cell SynthMotifs__GINE__GuidedBackprop__scaffold__seed0] DONE — acc=0.91 gt_auroc=0.9814799999999999 n=200 (capped) [cached]
2026-08-04 02:49:42,499 | INFO    | molsanity | [stage cell_SynthMotifs__GINE__GuidedBackprop__scaffold__seed1] cache hit (02b1fdece75cf491) — skipping
2026-08-04 02:49:42,500 | INFO    | molsanity | [cell SynthMotifs__GINE__GuidedBackprop__scaffold__seed1] DONE — acc=0.96 gt_auroc=0.9720799999999999 n=200 (capped) [cached]
2026-08-04 02:49:42,911 | INFO    | molsanity | [stage cell_SynthMotifs__GINE__GuidedBackprop__scaffold__seed2] cache hit (fd15f1f7db0eea88) — skipping
2026-08-04 02:49:42,911 | INFO    | molsanity | [cell SynthMotifs__GINE__GuidedBackprop__scaffold__seed2] DONE — acc=0.97 gt_auroc=0.97012 n=200 (capped) [cached]
2026-08-04 02:49:43,599 | INFO    | molsanity | [stage cell_SynthMotifs__GINE__GuidedBackprop__random__seed0] cache hit (638a07f5d6d7d957) — skipping
2026-08-04 02:49:43,599 | INFO    | molsanity | [cell SynthMotifs__GINE__GuidedBackprop__random__seed0] DONE — acc=0.98 gt_auroc=0.9992 n=200 (capped) [cached]
2026-08-04 02:49:44,180 | INFO    | molsanity | [stage cell_SynthMotifs__GINE__GuidedBackprop__random__seed1] cache hit (3e0b9edcddbc52d1) — skipping
2026-08-04 02:49:44,180 | INFO    | molsanity | [cell SynthMotifs__GINE__GuidedBackprop__random__seed1] DONE — acc=0.98 gt_auroc=0.9887999999999999 n=200 (capped) [cached]
2026-08-04 02:49:44,576 | INFO    | molsanity | [stage cell_SynthMotifs__GINE__GuidedBackprop__random__seed2] cache hit (77c447e50517c08c) — skipping
2026-08-04 02:49:44,576 | INFO    | molsanity | [cell SynthMotifs__GINE__GuidedBackprop__random__seed2] DONE — acc=0.94 gt_auroc=0.9957600000000001 n=200 (capped) [cached]
2026-08-04 02:49:44,938 | INFO    | molsanity | [stage cell_SynthMotifs__GINE__GNNExplainer__scaffold__seed0] cache hit (7c81382c624ab22e) — skipping
2026-08-04 02:49:44,938 | INFO    | molsanity | [cell SynthMotifs__GINE__GNNExplainer__scaffold__seed0] DONE — acc=0.91 gt_auroc=0.4738800000000001 n=200 (capped) [cached]
2026-08-04 02:49:45,605 | INFO    | molsanity | [stage cell_SynthMotifs__GINE__GNNExplainer__scaffold__seed1] cache hit (877603bc23fac794) — skipping
2026-08-04 02:49:45,606 | INFO    | molsanity | [cell SynthMotifs__GINE__GNNExplainer__scaffold__seed1] DONE — acc=0.96 gt_auroc=0.87772 n=200 (capped) [cached]
2026-08-04 02:49:46,047 | INFO    | molsanity | [stage cell_SynthMotifs__GINE__GNNExplainer__scaffold__seed2] cache hit (6b443ac2d04a9fd0) — skipping
2026-08-04 02:49:46,047 | INFO    | molsanity | [cell SynthMotifs__GINE__GNNExplainer__scaffold__seed2] DONE — acc=0.97 gt_auroc=0.57452 n=200 (capped) [cached]
2026-08-04 02:49:46,656 | INFO    | molsanity | [stage cell_SynthMotifs__GINE__GNNExplainer__random__seed0] cache hit (1de202a37979e9ea) — skipping
2026-08-04 02:49:46,656 | INFO    | molsanity | [cell SynthMotifs__GINE__GNNExplainer__random__seed0] DONE — acc=0.98 gt_auroc=0.5642 n=200 (capped) [cached]
2026-08-04 02:49:47,098 | INFO    | molsanity | [stage cell_SynthMotifs__GINE__GNNExplainer__random__seed1] cache hit (8340e3487494e388) — skipping
2026-08-04 02:49:47,098 | INFO    | molsanity | [cell SynthMotifs__GINE__GNNExplainer__random__seed1] DONE — acc=0.98 gt_auroc=0.63536 n=200 (capped) [cached]
2026-08-04 02:49:47,540 | INFO    | molsanity | [stage cell_SynthMotifs__GINE__GNNExplainer__random__seed2] cache hit (1bb1d5c3685e28db) — skipping
2026-08-04 02:49:47,541 | INFO    | molsanity | [cell SynthMotifs__GINE__GNNExplainer__random__seed2] DONE — acc=0.94 gt_auroc=0.6977600000000002 n=200 (capped) [cached]
2026-08-04 02:49:48,169 | INFO    | molsanity | [stage cell_SynthMotifs__GINE__PGExplainer__scaffold__seed0] cache hit (4d50e6059b8ac06a) — skipping
2026-08-04 02:49:48,169 | INFO    | molsanity | [cell SynthMotifs__GINE__PGExplainer__scaffold__seed0] DONE — acc=0.91 gt_auroc=0.44195999999999996 n=200 (capped) [cached]
2026-08-04 02:49:48,550 | INFO    | molsanity | [stage cell_SynthMotifs__GINE__PGExplainer__scaffold__seed1] cache hit (869972bae0db86de) — skipping
2026-08-04 02:49:48,550 | INFO    | molsanity | [cell SynthMotifs__GINE__PGExplainer__scaffold__seed1] DONE — acc=0.96 gt_auroc=0.28966 n=200 (capped) [cached]
2026-08-04 02:49:49,137 | INFO    | molsanity | [stage cell_SynthMotifs__GINE__PGExplainer__scaffold__seed2] cache hit (4ab8bc3689fdfa84) — skipping
2026-08-04 02:49:49,138 | INFO    | molsanity | [cell SynthMotifs__GINE__PGExplainer__scaffold__seed2] DONE — acc=0.97 gt_auroc=0.33104 n=200 (capped) [cached]
2026-08-04 02:49:49,513 | INFO    | molsanity | [stage cell_SynthMotifs__GINE__PGExplainer__random__seed0] cache hit (53469b066322fe83) — skipping
2026-08-04 02:49:49,514 | INFO    | molsanity | [cell SynthMotifs__GINE__PGExplainer__random__seed0] DONE — acc=0.98 gt_auroc=0.46025999999999995 n=200 (capped) [cached]
2026-08-04 02:49:49,991 | INFO    | molsanity | [stage cell_SynthMotifs__GINE__PGExplainer__random__seed1] cache hit (3d9086e35d1f027f) — skipping
2026-08-04 02:49:49,992 | INFO    | molsanity | [cell SynthMotifs__GINE__PGExplainer__random__seed1] DONE — acc=0.98 gt_auroc=0.47098 n=200 (capped) [cached]
2026-08-04 02:49:50,594 | INFO    | molsanity | [stage cell_SynthMotifs__GINE__PGExplainer__random__seed2] cache hit (696827c803f6b42b) — skipping
2026-08-04 02:49:50,595 | INFO    | molsanity | [cell SynthMotifs__GINE__PGExplainer__random__seed2] DONE — acc=0.94 gt_auroc=0.31392000000000003 n=200 (capped) [cached]
2026-08-04 02:49:51,034 | INFO    | molsanity | [stage cell_SynthMotifs__GINE__SubgraphX__scaffold__seed0] cache hit (7e4a7e8647613e73) — skipping
2026-08-04 02:49:51,034 | INFO    | molsanity | [cell SynthMotifs__GINE__SubgraphX__scaffold__seed0] DONE — acc=0.91 gt_auroc=0.6311 n=200 (capped) [cached]
2026-08-04 02:49:51,423 | INFO    | molsanity | [stage cell_SynthMotifs__GINE__SubgraphX__scaffold__seed1] cache hit (4dd6958e32ea5044) — skipping
2026-08-04 02:49:51,423 | INFO    | molsanity | [cell SynthMotifs__GINE__SubgraphX__scaffold__seed1] DONE — acc=0.96 gt_auroc=0.8443 n=200 (capped) [cached]
2026-08-04 02:49:51,825 | INFO    | molsanity | [stage cell_SynthMotifs__GINE__SubgraphX__scaffold__seed2] cache hit (0ea5f6bf53f6f994) — skipping
2026-08-04 02:49:51,825 | INFO    | molsanity | [cell SynthMotifs__GINE__SubgraphX__scaffold__seed2] DONE — acc=0.97 gt_auroc=0.779 n=200 (capped) [cached]
2026-08-04 02:49:52,234 | INFO    | molsanity | [stage cell_SynthMotifs__GINE__SubgraphX__random__seed0] cache hit (494517c96ed94269) — skipping
2026-08-04 02:49:52,234 | INFO    | molsanity | [cell SynthMotifs__GINE__SubgraphX__random__seed0] DONE — acc=0.98 gt_auroc=0.6419999999999999 n=200 (capped) [cached]
2026-08-04 02:49:52,575 | INFO    | molsanity | [stage cell_SynthMotifs__GINE__SubgraphX__random__seed1] cache hit (ac86cb2b18b32abf) — skipping
2026-08-04 02:49:52,575 | INFO    | molsanity | [cell SynthMotifs__GINE__SubgraphX__random__seed1] DONE — acc=0.98 gt_auroc=0.8237000000000001 n=200 (capped) [cached]
2026-08-04 02:49:52,990 | INFO    | molsanity | [stage cell_SynthMotifs__GINE__SubgraphX__random__seed2] cache hit (e32ec76efe0fa024) — skipping
2026-08-04 02:49:52,991 | INFO    | molsanity | [cell SynthMotifs__GINE__SubgraphX__random__seed2] DONE — acc=0.94 gt_auroc=0.8449999999999999 n=200 (capped) [cached]
2026-08-04 02:49:53,364 | INFO    | molsanity | [stage cell_SynthMotifs__GCN__IntegratedGradients__scaffold__seed0] cache hit (93c6faae035847ce) — skipping
2026-08-04 02:49:53,364 | INFO    | molsanity | [cell SynthMotifs__GCN__IntegratedGradients__scaffold__seed0] DONE — acc=0.63 gt_auroc=0.94524 n=200 (capped) [cached]
2026-08-04 02:49:53,757 | INFO    | molsanity | [stage cell_SynthMotifs__GCN__IntegratedGradients__scaffold__seed1] cache hit (cd1aa77250512dd0) — skipping
2026-08-04 02:49:53,758 | INFO    | molsanity | [cell SynthMotifs__GCN__IntegratedGradients__scaffold__seed1] DONE — acc=0.97 gt_auroc=0.93392 n=200 (capped) [cached]
2026-08-04 02:49:54,377 | INFO    | molsanity | [stage cell_SynthMotifs__GCN__IntegratedGradients__scaffold__seed2] cache hit (1e184a0bb887065b) — skipping
2026-08-04 02:49:54,378 | INFO    | molsanity | [cell SynthMotifs__GCN__IntegratedGradients__scaffold__seed2] DONE — acc=0.97 gt_auroc=0.9807600000000001 n=200 (capped) [cached]
2026-08-04 02:49:54,748 | INFO    | molsanity | [stage cell_SynthMotifs__GCN__IntegratedGradients__random__seed0] cache hit (ec9bf3b952b08fe6) — skipping
2026-08-04 02:49:54,748 | INFO    | molsanity | [cell SynthMotifs__GCN__IntegratedGradients__random__seed0] DONE — acc=0.69 gt_auroc=0.58304 n=200 (capped) [cached]
2026-08-04 02:49:55,365 | INFO    | molsanity | [stage cell_SynthMotifs__GCN__IntegratedGradients__random__seed1] cache hit (1e664288be969189) — skipping
2026-08-04 02:49:55,366 | INFO    | molsanity | [cell SynthMotifs__GCN__IntegratedGradients__random__seed1] DONE — acc=0.98 gt_auroc=0.98348 n=200 (capped) [cached]
2026-08-04 02:49:55,699 | INFO    | molsanity | [stage cell_SynthMotifs__GCN__IntegratedGradients__random__seed2] cache hit (c9fe87952bebe4f6) — skipping
2026-08-04 02:49:55,699 | INFO    | molsanity | [cell SynthMotifs__GCN__IntegratedGradients__random__seed2] DONE — acc=0.99 gt_auroc=0.9902799999999999 n=200 (capped) [cached]
2026-08-04 02:49:56,378 | INFO    | molsanity | [stage cell_SynthMotifs__GAT__IntegratedGradients__scaffold__seed0] cache hit (c1bc112c68f2ebc8) — skipping
2026-08-04 02:49:56,378 | INFO    | molsanity | [cell SynthMotifs__GAT__IntegratedGradients__scaffold__seed0] DONE — acc=0.99 gt_auroc=0.8317599999999998 n=200 (capped) [cached]
2026-08-04 02:49:56,752 | INFO    | molsanity | [stage cell_SynthMotifs__GAT__IntegratedGradients__scaffold__seed1] cache hit (cbb5fed3e1d0a971) — skipping
2026-08-04 02:49:56,752 | INFO    | molsanity | [cell SynthMotifs__GAT__IntegratedGradients__scaffold__seed1] DONE — acc=0.62 gt_auroc=0.98536 n=200 (capped) [cached]
2026-08-04 02:49:57,139 | INFO    | molsanity | [stage cell_SynthMotifs__GAT__IntegratedGradients__scaffold__seed2] cache hit (fb62a29424f5b693) — skipping
2026-08-04 02:49:57,139 | INFO    | molsanity | [cell SynthMotifs__GAT__IntegratedGradients__scaffold__seed2] DONE — acc=0.99 gt_auroc=0.9197600000000001 n=200 (capped) [cached]
2026-08-04 02:49:57,522 | INFO    | molsanity | [stage cell_SynthMotifs__GAT__IntegratedGradients__random__seed0] cache hit (6bf8cf15f56cd9d6) — skipping
2026-08-04 02:49:57,522 | INFO    | molsanity | [cell SynthMotifs__GAT__IntegratedGradients__random__seed0] DONE — acc=0.99 gt_auroc=0.9200800000000001 n=200 (capped) [cached]
2026-08-04 02:49:57,912 | INFO    | molsanity | [stage cell_SynthMotifs__GAT__IntegratedGradients__random__seed1] cache hit (8c9d530c6a6a33e1) — skipping
2026-08-04 02:49:57,912 | INFO    | molsanity | [cell SynthMotifs__GAT__IntegratedGradients__random__seed1] DONE — acc=0.98 gt_auroc=0.8164 n=200 (capped) [cached]
2026-08-04 02:49:58,265 | INFO    | molsanity | [stage cell_SynthMotifs__GAT__IntegratedGradients__random__seed2] cache hit (cb7e6f949af6680b) — skipping
2026-08-04 02:49:58,265 | INFO    | molsanity | [cell SynthMotifs__GAT__IntegratedGradients__random__seed2] DONE — acc=0.99 gt_auroc=0.64168 n=200 (capped) [cached]
2026-08-04 02:49:58,686 | INFO    | molsanity | [stage cell_SynthMotifs__MPNN__IntegratedGradients__scaffold__seed0] cache hit (b23ab13d6292eb0f) — skipping
2026-08-04 02:49:58,687 | INFO    | molsanity | [cell SynthMotifs__MPNN__IntegratedGradients__scaffold__seed0] DONE — acc=0.98 gt_auroc=0.8294400000000002 n=200 (capped) [cached]
2026-08-04 02:49:59,052 | INFO    | molsanity | [stage cell_SynthMotifs__MPNN__IntegratedGradients__scaffold__seed1] cache hit (349d98d8f482e271) — skipping
2026-08-04 02:49:59,052 | INFO    | molsanity | [cell SynthMotifs__MPNN__IntegratedGradients__scaffold__seed1] DONE — acc=0.82 gt_auroc=0.847 n=200 (capped) [cached]
2026-08-04 02:49:59,438 | INFO    | molsanity | [stage cell_SynthMotifs__MPNN__IntegratedGradients__scaffold__seed2] cache hit (e757bfbaedb6e737) — skipping
2026-08-04 02:49:59,438 | INFO    | molsanity | [cell SynthMotifs__MPNN__IntegratedGradients__scaffold__seed2] DONE — acc=0.71 gt_auroc=0.8597999999999999 n=200 (capped) [cached]
2026-08-04 02:49:59,792 | INFO    | molsanity | [stage cell_SynthMotifs__MPNN__IntegratedGradients__random__seed0] cache hit (6e5c645637de4293) — skipping
2026-08-04 02:49:59,792 | INFO    | molsanity | [cell SynthMotifs__MPNN__IntegratedGradients__random__seed0] DONE — acc=0.98 gt_auroc=0.81172 n=200 (capped) [cached]
2026-08-04 02:50:00,189 | INFO    | molsanity | [stage cell_SynthMotifs__MPNN__IntegratedGradients__random__seed1] cache hit (0645410eeb3f861d) — skipping
2026-08-04 02:50:00,189 | INFO    | molsanity | [cell SynthMotifs__MPNN__IntegratedGradients__random__seed1] DONE — acc=0.99 gt_auroc=0.8999600000000001 n=200 (capped) [cached]
2026-08-04 02:50:00,531 | INFO    | molsanity | [stage cell_SynthMotifs__MPNN__IntegratedGradients__random__seed2] cache hit (33dded6901cb933f) — skipping
2026-08-04 02:50:00,532 | INFO    | molsanity | [cell SynthMotifs__MPNN__IntegratedGradients__random__seed2] DONE — acc=1.00 gt_auroc=0.9031199999999999 n=200 (capped) [cached]
2026-08-04 02:50:01,128 | INFO    | molsanity | [stage cell_SynthMotifs__AttentiveFP__IntegratedGradients__scaffold__seed0] cache hit (4afe2fd53e0a3ed1) — skipping
2026-08-04 02:50:01,128 | INFO    | molsanity | [cell SynthMotifs__AttentiveFP__IntegratedGradients__scaffold__seed0] DONE — acc=0.93 gt_auroc=0.82336 n=200 (capped) [cached]
2026-08-04 02:50:01,492 | INFO    | molsanity | [stage cell_SynthMotifs__AttentiveFP__IntegratedGradients__scaffold__seed1] cache hit (c0fed849721aa0aa) — skipping
2026-08-04 02:50:01,492 | INFO    | molsanity | [cell SynthMotifs__AttentiveFP__IntegratedGradients__scaffold__seed1] DONE — acc=0.98 gt_auroc=0.8785200000000001 n=200 (capped) [cached]
2026-08-04 02:50:02,176 | INFO    | molsanity | [stage cell_SynthMotifs__AttentiveFP__IntegratedGradients__scaffold__seed2] cache hit (be9204f8d5531447) — skipping
2026-08-04 02:50:02,176 | INFO    | molsanity | [cell SynthMotifs__AttentiveFP__IntegratedGradients__scaffold__seed2] DONE — acc=0.98 gt_auroc=0.9090400000000001 n=200 (capped) [cached]
2026-08-04 02:50:02,559 | INFO    | molsanity | [stage cell_SynthMotifs__AttentiveFP__IntegratedGradients__random__seed0] cache hit (be6310cea51da325) — skipping
2026-08-04 02:50:02,559 | INFO    | molsanity | [cell SynthMotifs__AttentiveFP__IntegratedGradients__random__seed0] DONE — acc=0.97 gt_auroc=0.7764 n=200 (capped) [cached]
2026-08-04 02:50:02,936 | INFO    | molsanity | [stage cell_SynthMotifs__AttentiveFP__IntegratedGradients__random__seed1] cache hit (31821c4b22e4c233) — skipping
2026-08-04 02:50:02,937 | INFO    | molsanity | [cell SynthMotifs__AttentiveFP__IntegratedGradients__random__seed1] DONE — acc=0.98 gt_auroc=0.9398400000000001 n=200 (capped) [cached]
2026-08-04 02:50:03,524 | INFO    | molsanity | [stage cell_SynthMotifs__AttentiveFP__IntegratedGradients__random__seed2] cache hit (036246f8fc4bfa9f) — skipping
2026-08-04 02:50:03,525 | INFO    | molsanity | [cell SynthMotifs__AttentiveFP__IntegratedGradients__random__seed2] DONE — acc=0.98 gt_auroc=0.8982399999999999 n=200 (capped) [cached]
2026-08-04 02:50:04,149 | INFO    | molsanity | [stage cell_MUTAG__GINE__IntegratedGradients__scaffold__seed0] cache hit (3aa3e31d4f2c8067) — skipping
2026-08-04 02:50:04,150 | INFO    | molsanity | [cell MUTAG__GINE__IntegratedGradients__scaffold__seed0] DONE — acc=0.51 gt_auroc=0.6857638133026588 n=53 (capped) [cached]
2026-08-04 02:50:04,858 | INFO    | molsanity | [stage cell_MUTAG__GINE__IntegratedGradients__scaffold__seed1] cache hit (7b2d5302e2cf4d5a) — skipping
2026-08-04 02:50:04,858 | INFO    | molsanity | [cell MUTAG__GINE__IntegratedGradients__scaffold__seed1] DONE — acc=0.91 gt_auroc=0.7148753967288928 n=53 (capped) [cached]
2026-08-04 02:50:05,285 | INFO    | molsanity | [stage cell_MUTAG__GINE__IntegratedGradients__scaffold__seed2] cache hit (edf5c9bd02ec2ff9) — skipping
2026-08-04 02:50:05,285 | INFO    | molsanity | [cell MUTAG__GINE__IntegratedGradients__scaffold__seed2] DONE — acc=0.79 gt_auroc=0.30161212877639065 n=53 (capped) [cached]
2026-08-04 02:50:05,655 | INFO    | molsanity | [stage cell_MUTAG__GINE__IntegratedGradients__random__seed0] cache hit (d4fbdab4b540d133) — skipping
2026-08-04 02:50:05,655 | INFO    | molsanity | [cell MUTAG__GINE__IntegratedGradients__random__seed0] DONE — acc=0.53 gt_auroc=0.052496601888082625 n=58 (capped) [cached]
2026-08-04 02:50:06,007 | INFO    | molsanity | [stage cell_MUTAG__GINE__IntegratedGradients__random__seed1] cache hit (4300ff5c400332c8) — skipping
2026-08-04 02:50:06,007 | INFO    | molsanity | [cell MUTAG__GINE__IntegratedGradients__random__seed1] DONE — acc=0.81 gt_auroc=0.6122331818809479 n=58 (capped) [cached]
2026-08-04 02:50:06,638 | INFO    | molsanity | [stage cell_MUTAG__GINE__IntegratedGradients__random__seed2] cache hit (89ae96df2404e600) — skipping
2026-08-04 02:50:06,638 | INFO    | molsanity | [cell MUTAG__GINE__IntegratedGradients__random__seed2] DONE — acc=0.90 gt_auroc=0.4956688191982309 n=58 (capped) [cached]
2026-08-04 02:50:07,008 | INFO    | molsanity | [stage cell_MUTAG__GINE__Saliency__scaffold__seed0] cache hit (886aacf56665b7cb) — skipping
2026-08-04 02:50:07,008 | INFO    | molsanity | [cell MUTAG__GINE__Saliency__scaffold__seed0] DONE — acc=0.51 gt_auroc=0.12444117675804692 n=53 (capped) [cached]
2026-08-04 02:50:07,603 | INFO    | molsanity | [stage cell_MUTAG__GINE__Saliency__scaffold__seed1] cache hit (606cd1db79af7956) — skipping
2026-08-04 02:50:07,603 | INFO    | molsanity | [cell MUTAG__GINE__Saliency__scaffold__seed1] DONE — acc=0.91 gt_auroc=0.027005045761982496 n=53 (capped) [cached]
2026-08-04 02:50:07,945 | INFO    | molsanity | [stage cell_MUTAG__GINE__Saliency__scaffold__seed2] cache hit (167142f522ce4857) — skipping
2026-08-04 02:50:07,945 | INFO    | molsanity | [cell MUTAG__GINE__Saliency__scaffold__seed2] DONE — acc=0.79 gt_auroc=0.0016273035140959662 n=53 (capped) [cached]
2026-08-04 02:50:08,734 | INFO    | molsanity | [stage cell_MUTAG__GINE__Saliency__random__seed0] cache hit (ae49521b02afcf41) — skipping
2026-08-04 02:50:08,734 | INFO    | molsanity | [cell MUTAG__GINE__Saliency__random__seed0] DONE — acc=0.53 gt_auroc=0.029480792196309433 n=58 (capped) [cached]
2026-08-04 02:50:09,131 | INFO    | molsanity | [stage cell_MUTAG__GINE__Saliency__random__seed1] cache hit (341703ac7e1ee699) — skipping
2026-08-04 02:50:09,131 | INFO    | molsanity | [cell MUTAG__GINE__Saliency__random__seed1] DONE — acc=0.81 gt_auroc=0.005584599740279254 n=58 (capped) [cached]
2026-08-04 02:50:09,503 | INFO    | molsanity | [stage cell_MUTAG__GINE__Saliency__random__seed2] cache hit (6904078b43ef0b42) — skipping
2026-08-04 02:50:09,503 | INFO    | molsanity | [cell MUTAG__GINE__Saliency__random__seed2] DONE — acc=0.90 gt_auroc=0.0017959770114942526 n=58 (capped) [cached]
2026-08-04 02:50:10,188 | INFO    | molsanity | [stage cell_MUTAG__GINE__InputXGradient__scaffold__seed0] cache hit (8a69ae0f024b66ab) — skipping
2026-08-04 02:50:10,188 | INFO    | molsanity | [cell MUTAG__GINE__InputXGradient__scaffold__seed0] DONE — acc=0.51 gt_auroc=0.2099770343111075 n=53 (capped) [cached]
2026-08-04 02:50:10,836 | INFO    | molsanity | [stage cell_MUTAG__GINE__InputXGradient__scaffold__seed1] cache hit (47c3447c89b5bee4) — skipping
2026-08-04 02:50:10,836 | INFO    | molsanity | [cell MUTAG__GINE__InputXGradient__scaffold__seed1] DONE — acc=0.91 gt_auroc=0.06037560858593045 n=53 (capped) [cached]
2026-08-04 02:50:11,216 | INFO    | molsanity | [stage cell_MUTAG__GINE__InputXGradient__scaffold__seed2] cache hit (85619246ec667780) — skipping
2026-08-04 02:50:11,216 | INFO    | molsanity | [cell MUTAG__GINE__InputXGradient__scaffold__seed2] DONE — acc=0.79 gt_auroc=0.07852186145748852 n=53 (capped) [cached]
2026-08-04 02:50:11,818 | INFO    | molsanity | [stage cell_MUTAG__GINE__InputXGradient__random__seed0] cache hit (3728be81bab9db42) — skipping
2026-08-04 02:50:11,818 | INFO    | molsanity | [cell MUTAG__GINE__InputXGradient__random__seed0] DONE — acc=0.53 gt_auroc=0.06584852774000848 n=58 (capped) [cached]
2026-08-04 02:50:12,181 | INFO    | molsanity | [stage cell_MUTAG__GINE__InputXGradient__random__seed1] cache hit (9c9fb4c30aa1cbe1) — skipping
2026-08-04 02:50:12,181 | INFO    | molsanity | [cell MUTAG__GINE__InputXGradient__random__seed1] DONE — acc=0.81 gt_auroc=0.024886085918833865 n=58 (capped) [cached]
2026-08-04 02:50:12,571 | INFO    | molsanity | [stage cell_MUTAG__GINE__InputXGradient__random__seed2] cache hit (46c5b9d3394a9393) — skipping
2026-08-04 02:50:12,571 | INFO    | molsanity | [cell MUTAG__GINE__InputXGradient__random__seed2] DONE — acc=0.90 gt_auroc=0.013035591483867345 n=58 (capped) [cached]
2026-08-04 02:50:13,065 | INFO    | molsanity | [stage cell_MUTAG__GINE__GuidedBackprop__scaffold__seed0] cache hit (1401efa11d38d147) — skipping
2026-08-04 02:50:13,066 | INFO    | molsanity | [cell MUTAG__GINE__GuidedBackprop__scaffold__seed0] DONE — acc=0.51 gt_auroc=0.06735656028108858 n=53 (capped) [cached]
2026-08-04 02:50:13,462 | INFO    | molsanity | [stage cell_MUTAG__GINE__GuidedBackprop__scaffold__seed1] cache hit (508c1dce024c96b7) — skipping
2026-08-04 02:50:13,462 | INFO    | molsanity | [cell MUTAG__GINE__GuidedBackprop__scaffold__seed1] DONE — acc=0.91 gt_auroc=0.06100073981594515 n=53 (capped) [cached]
2026-08-04 02:50:13,825 | INFO    | molsanity | [stage cell_MUTAG__GINE__GuidedBackprop__scaffold__seed2] cache hit (15d18328bfb11175) — skipping
2026-08-04 02:50:13,825 | INFO    | molsanity | [cell MUTAG__GINE__GuidedBackprop__scaffold__seed2] DONE — acc=0.79 gt_auroc=0.012858664745457197 n=53 (capped) [cached]
2026-08-04 02:50:14,181 | INFO    | molsanity | [stage cell_MUTAG__GINE__GuidedBackprop__random__seed0] cache hit (f64a56eee9ff5c02) — skipping
2026-08-04 02:50:14,181 | INFO    | molsanity | [cell MUTAG__GINE__GuidedBackprop__random__seed0] DONE — acc=0.53 gt_auroc=0.22485861510962932 n=58 (capped) [cached]
2026-08-04 02:50:14,525 | INFO    | molsanity | [stage cell_MUTAG__GINE__GuidedBackprop__random__seed1] cache hit (5197fd8710dcaee0) — skipping
2026-08-04 02:50:14,525 | INFO    | molsanity | [cell MUTAG__GINE__GuidedBackprop__random__seed1] DONE — acc=0.81 gt_auroc=0.030085411861861092 n=58 (capped) [cached]
2026-08-04 02:50:14,891 | INFO    | molsanity | [stage cell_MUTAG__GINE__GuidedBackprop__random__seed2] cache hit (c58f165f2742c7f0) — skipping
2026-08-04 02:50:14,891 | INFO    | molsanity | [cell MUTAG__GINE__GuidedBackprop__random__seed2] DONE — acc=0.90 gt_auroc=0.03692739346897562 n=58 (capped) [cached]
2026-08-04 02:50:15,220 | INFO    | molsanity | [stage cell_MUTAG__GINE__GNNExplainer__scaffold__seed0] cache hit (84e09c645ef35380) — skipping
2026-08-04 02:50:15,221 | INFO    | molsanity | [cell MUTAG__GINE__GNNExplainer__scaffold__seed0] DONE — acc=0.51 gt_auroc=0.6751190823194153 n=53 (capped) [cached]
2026-08-04 02:50:15,577 | INFO    | molsanity | [stage cell_MUTAG__GINE__GNNExplainer__scaffold__seed1] cache hit (71c01e99c60dbd10) — skipping
2026-08-04 02:50:15,577 | INFO    | molsanity | [cell MUTAG__GINE__GNNExplainer__scaffold__seed1] DONE — acc=0.91 gt_auroc=0.8224781192109161 n=53 (capped) [cached]
2026-08-04 02:50:15,966 | INFO    | molsanity | [stage cell_MUTAG__GINE__GNNExplainer__scaffold__seed2] cache hit (b13e9906b126d7f8) — skipping
2026-08-04 02:50:15,966 | INFO    | molsanity | [cell MUTAG__GINE__GNNExplainer__scaffold__seed2] DONE — acc=0.79 gt_auroc=0.8260556632088263 n=53 (capped) [cached]
2026-08-04 02:50:16,331 | INFO    | molsanity | [stage cell_MUTAG__GINE__GNNExplainer__random__seed0] cache hit (83f6206f8aa6c800) — skipping
2026-08-04 02:50:16,332 | INFO    | molsanity | [cell MUTAG__GINE__GNNExplainer__random__seed0] DONE — acc=0.53 gt_auroc=0.4478129307680524 n=58 (capped) [cached]
2026-08-04 02:50:16,926 | INFO    | molsanity | [stage cell_MUTAG__GINE__GNNExplainer__random__seed1] cache hit (4c93fbf63929b159) — skipping
2026-08-04 02:50:16,926 | INFO    | molsanity | [cell MUTAG__GINE__GNNExplainer__random__seed1] DONE — acc=0.81 gt_auroc=0.7279442813882203 n=58 (capped) [cached]
2026-08-04 02:50:17,332 | INFO    | molsanity | [stage cell_MUTAG__GINE__GNNExplainer__random__seed2] cache hit (d51b0fcc9cc85506) — skipping
2026-08-04 02:50:17,333 | INFO    | molsanity | [cell MUTAG__GINE__GNNExplainer__random__seed2] DONE — acc=0.90 gt_auroc=0.8578171940748005 n=58 (capped) [cached]
2026-08-04 02:50:18,036 | INFO    | molsanity | [stage cell_MUTAG__GINE__PGExplainer__scaffold__seed0] cache hit (c1d1767bb7d18e6b) — skipping
2026-08-04 02:50:18,036 | INFO    | molsanity | [cell MUTAG__GINE__PGExplainer__scaffold__seed0] DONE — acc=0.51 gt_auroc=0.23129212475771851 n=53 (capped) [cached]
2026-08-04 02:50:18,705 | INFO    | molsanity | [stage cell_MUTAG__GINE__PGExplainer__scaffold__seed1] cache hit (2846485f506ee8a2) — skipping
2026-08-04 02:50:18,705 | INFO    | molsanity | [cell MUTAG__GINE__PGExplainer__scaffold__seed1] DONE — acc=0.91 gt_auroc=0.3672124267088196 n=53 (capped) [cached]
2026-08-04 02:50:19,051 | INFO    | molsanity | [stage cell_MUTAG__GINE__PGExplainer__scaffold__seed2] cache hit (454ab3acec162b4d) — skipping
2026-08-04 02:50:19,052 | INFO    | molsanity | [cell MUTAG__GINE__PGExplainer__scaffold__seed2] DONE — acc=0.79 gt_auroc=0.3603304321464698 n=53 (capped) [cached]
2026-08-04 02:50:19,686 | INFO    | molsanity | [stage cell_MUTAG__GINE__PGExplainer__random__seed0] cache hit (0aed256a98e6c327) — skipping
2026-08-04 02:50:19,687 | INFO    | molsanity | [cell MUTAG__GINE__PGExplainer__random__seed0] DONE — acc=0.53 gt_auroc=0.9956896551724138 n=58 (capped) [cached]
2026-08-04 02:50:20,155 | INFO    | molsanity | [stage cell_MUTAG__GINE__PGExplainer__random__seed1] cache hit (4e0253c0191cb1ed) — skipping
2026-08-04 02:50:20,155 | INFO    | molsanity | [cell MUTAG__GINE__PGExplainer__random__seed1] DONE — acc=0.81 gt_auroc=0.7430817492176518 n=58 (capped) [cached]
2026-08-04 02:50:20,511 | INFO    | molsanity | [stage cell_MUTAG__GINE__PGExplainer__random__seed2] cache hit (1789fc5a744c78e5) — skipping
2026-08-04 02:50:20,511 | INFO    | molsanity | [cell MUTAG__GINE__PGExplainer__random__seed2] DONE — acc=0.90 gt_auroc=0.250733136876646 n=58 (capped) [cached]
2026-08-04 02:50:20,890 | INFO    | molsanity | [stage cell_MUTAG__GINE__SubgraphX__scaffold__seed0] cache hit (e88aef366a7722a7) — skipping
2026-08-04 02:50:20,890 | INFO    | molsanity | [cell MUTAG__GINE__SubgraphX__scaffold__seed0] DONE — acc=0.51 gt_auroc=0.5150219624068126 n=53 (capped) [cached]
2026-08-04 02:50:21,580 | INFO    | molsanity | [stage cell_MUTAG__GINE__SubgraphX__scaffold__seed1] cache hit (15c14087dffd2309) — skipping
2026-08-04 02:50:21,581 | INFO    | molsanity | [cell MUTAG__GINE__SubgraphX__scaffold__seed1] DONE — acc=0.91 gt_auroc=0.3324233372374327 n=53 (capped) [cached]
2026-08-04 02:50:22,281 | INFO    | molsanity | [stage cell_MUTAG__GINE__SubgraphX__scaffold__seed2] cache hit (914146596faee488) — skipping
2026-08-04 02:50:22,281 | INFO    | molsanity | [cell MUTAG__GINE__SubgraphX__scaffold__seed2] DONE — acc=0.79 gt_auroc=0.3302130159580215 n=53 (capped) [cached]
2026-08-04 02:50:22,869 | INFO    | molsanity | [stage cell_MUTAG__GINE__SubgraphX__random__seed0] cache hit (282f52bab8f5ae42) — skipping
2026-08-04 02:50:22,869 | INFO    | molsanity | [cell MUTAG__GINE__SubgraphX__random__seed0] DONE — acc=0.53 gt_auroc=0.3419885683957692 n=58 (capped) [cached]
2026-08-04 02:50:23,239 | INFO    | molsanity | [stage cell_MUTAG__GINE__SubgraphX__random__seed1] cache hit (8ae176b3ef0e670e) — skipping
2026-08-04 02:50:23,240 | INFO    | molsanity | [cell MUTAG__GINE__SubgraphX__random__seed1] DONE — acc=0.81 gt_auroc=0.4886552383286263 n=58 (capped) [cached]
2026-08-04 02:50:23,558 | INFO    | molsanity | [stage cell_MUTAG__GINE__SubgraphX__random__seed2] cache hit (f8de002d4d207692) — skipping
2026-08-04 02:50:23,558 | INFO    | molsanity | [cell MUTAG__GINE__SubgraphX__random__seed2] DONE — acc=0.90 gt_auroc=0.3478595989878952 n=58 (capped) [cached]
2026-08-04 02:50:23,926 | INFO    | molsanity | [stage cell_MUTAG__GCN__IntegratedGradients__scaffold__seed0] cache hit (1aec3a4d13b00ce5) — skipping
2026-08-04 02:50:23,926 | INFO    | molsanity | [cell MUTAG__GCN__IntegratedGradients__scaffold__seed0] DONE — acc=0.79 gt_auroc=0.10078474419484408 n=53 (capped) [cached]
2026-08-04 02:50:24,243 | INFO    | molsanity | [stage cell_MUTAG__GCN__IntegratedGradients__scaffold__seed1] cache hit (987d95b23073b8d9) — skipping
2026-08-04 02:50:24,243 | INFO    | molsanity | [cell MUTAG__GCN__IntegratedGradients__scaffold__seed1] DONE — acc=0.83 gt_auroc=0.06600783809440856 n=53 (capped) [cached]
2026-08-04 02:50:24,862 | INFO    | molsanity | [stage cell_MUTAG__GCN__IntegratedGradients__scaffold__seed2] cache hit (56935e47e1de306f) — skipping
2026-08-04 02:50:24,862 | INFO    | molsanity | [cell MUTAG__GCN__IntegratedGradients__scaffold__seed2] DONE — acc=0.77 gt_auroc=0.08287440557140889 n=53 (capped) [cached]
2026-08-04 02:50:25,473 | INFO    | molsanity | [stage cell_MUTAG__GCN__IntegratedGradients__random__seed0] cache hit (21451882e2988389) — skipping
2026-08-04 02:50:25,473 | INFO    | molsanity | [cell MUTAG__GCN__IntegratedGradients__random__seed0] DONE — acc=0.78 gt_auroc=0.17031666285596303 n=58 (capped) [cached]
2026-08-04 02:50:26,115 | INFO    | molsanity | [stage cell_MUTAG__GCN__IntegratedGradients__random__seed1] cache hit (c1785a15fc28f579) — skipping
2026-08-04 02:50:26,116 | INFO    | molsanity | [cell MUTAG__GCN__IntegratedGradients__random__seed1] DONE — acc=0.36 gt_auroc=0.37853816411318814 n=58 (capped) [cached]
2026-08-04 02:50:26,485 | INFO    | molsanity | [stage cell_MUTAG__GCN__IntegratedGradients__random__seed2] cache hit (f5bbf4903584b021) — skipping
2026-08-04 02:50:26,485 | INFO    | molsanity | [cell MUTAG__GCN__IntegratedGradients__random__seed2] DONE — acc=0.78 gt_auroc=0.5507647576486319 n=58 (capped) [cached]
2026-08-04 02:50:27,157 | INFO    | molsanity | [stage cell_MUTAG__GAT__IntegratedGradients__scaffold__seed0] cache hit (bc637799aa54464b) — skipping
2026-08-04 02:50:27,158 | INFO    | molsanity | [cell MUTAG__GAT__IntegratedGradients__scaffold__seed0] DONE — acc=0.77 gt_auroc=0.8476313698428016 n=53 (capped) [cached]
2026-08-04 02:50:27,544 | INFO    | molsanity | [stage cell_MUTAG__GAT__IntegratedGradients__scaffold__seed1] cache hit (f51d94842206d854) — skipping
2026-08-04 02:50:27,544 | INFO    | molsanity | [cell MUTAG__GAT__IntegratedGradients__scaffold__seed1] DONE — acc=0.87 gt_auroc=0.018066191012916875 n=53 (capped) [cached]
2026-08-04 02:50:28,013 | INFO    | molsanity | [stage cell_MUTAG__GAT__IntegratedGradients__scaffold__seed2] cache hit (2cb0852469803a0f) — skipping
2026-08-04 02:50:28,014 | INFO    | molsanity | [cell MUTAG__GAT__IntegratedGradients__scaffold__seed2] DONE — acc=0.83 gt_auroc=0.7333940733496781 n=53 (capped) [cached]
2026-08-04 02:50:28,618 | INFO    | molsanity | [stage cell_MUTAG__GAT__IntegratedGradients__random__seed0] cache hit (181d298c876a0f62) — skipping
2026-08-04 02:50:28,618 | INFO    | molsanity | [cell MUTAG__GAT__IntegratedGradients__random__seed0] DONE — acc=0.74 gt_auroc=0.6887873137492813 n=58 (capped) [cached]
2026-08-04 02:50:29,009 | INFO    | molsanity | [stage cell_MUTAG__GAT__IntegratedGradients__random__seed1] cache hit (df293efa3d4ffeda) — skipping
2026-08-04 02:50:29,009 | INFO    | molsanity | [cell MUTAG__GAT__IntegratedGradients__random__seed1] DONE — acc=0.36 gt_auroc=0.049930825345846155 n=58 (capped) [cached]
2026-08-04 02:50:29,549 | INFO    | molsanity | [stage cell_MUTAG__GAT__IntegratedGradients__random__seed2] cache hit (3dbffbf5617314dd) — skipping
2026-08-04 02:50:29,549 | INFO    | molsanity | [cell MUTAG__GAT__IntegratedGradients__random__seed2] DONE — acc=0.76 gt_auroc=0.4611851433162285 n=58 (capped) [cached]
2026-08-04 02:50:29,910 | INFO    | molsanity | [stage cell_MUTAG__MPNN__IntegratedGradients__scaffold__seed0] cache hit (884e00526fe5582c) — skipping
2026-08-04 02:50:29,910 | INFO    | molsanity | [cell MUTAG__MPNN__IntegratedGradients__scaffold__seed0] DONE — acc=0.91 gt_auroc=0.11021901907029544 n=53 (capped) [cached]
2026-08-04 02:50:30,528 | INFO    | molsanity | [stage cell_MUTAG__MPNN__IntegratedGradients__scaffold__seed1] cache hit (933b58c76b1c60c0) — skipping
2026-08-04 02:50:30,529 | INFO    | molsanity | [cell MUTAG__MPNN__IntegratedGradients__scaffold__seed1] DONE — acc=0.85 gt_auroc=0.07895972157903346 n=53 (capped) [cached]
2026-08-04 02:50:30,933 | INFO    | molsanity | [stage cell_MUTAG__MPNN__IntegratedGradients__scaffold__seed2] cache hit (ec0a15ac2d8e8af7) — skipping
2026-08-04 02:50:30,933 | INFO    | molsanity | [cell MUTAG__MPNN__IntegratedGradients__scaffold__seed2] DONE — acc=0.75 gt_auroc=0.3008370437060781 n=53 (capped) [cached]
2026-08-04 02:50:31,350 | INFO    | molsanity | [stage cell_MUTAG__MPNN__IntegratedGradients__random__seed0] cache hit (726d4b62e0a51eb7) — skipping
2026-08-04 02:50:31,350 | INFO    | molsanity | [cell MUTAG__MPNN__IntegratedGradients__random__seed0] DONE — acc=0.86 gt_auroc=0.1440280326690063 n=58 (capped) [cached]
2026-08-04 02:50:32,026 | INFO    | molsanity | [stage cell_MUTAG__MPNN__IntegratedGradients__random__seed1] cache hit (b874bd98002c9724) — skipping
2026-08-04 02:50:32,026 | INFO    | molsanity | [cell MUTAG__MPNN__IntegratedGradients__random__seed1] DONE — acc=0.72 gt_auroc=0.038234113586080594 n=58 (capped) [cached]
2026-08-04 02:50:32,394 | INFO    | molsanity | [stage cell_MUTAG__MPNN__IntegratedGradients__random__seed2] cache hit (75b2c2a93e258898) — skipping
2026-08-04 02:50:32,394 | INFO    | molsanity | [cell MUTAG__MPNN__IntegratedGradients__random__seed2] DONE — acc=0.78 gt_auroc=0.12661135606749194 n=58 (capped) [cached]
2026-08-04 02:50:32,764 | INFO    | molsanity | [stage cell_MUTAG__AttentiveFP__IntegratedGradients__scaffold__seed0] cache hit (050d50e5fc81a66b) — skipping
2026-08-04 02:50:32,765 | INFO    | molsanity | [cell MUTAG__AttentiveFP__IntegratedGradients__scaffold__seed0] DONE — acc=0.77 gt_auroc=0.022913269264545625 n=53 (capped) [cached]
2026-08-04 02:50:33,115 | INFO    | molsanity | [stage cell_MUTAG__AttentiveFP__IntegratedGradients__scaffold__seed1] cache hit (ed1f54a252fe9690) — skipping
2026-08-04 02:50:33,115 | INFO    | molsanity | [cell MUTAG__AttentiveFP__IntegratedGradients__scaffold__seed1] DONE — acc=0.77 gt_auroc=0.015734517260599393 n=53 (capped) [cached]
2026-08-04 02:50:33,434 | INFO    | molsanity | [stage cell_MUTAG__AttentiveFP__IntegratedGradients__scaffold__seed2] cache hit (5e43e5f7ee293544) — skipping
2026-08-04 02:50:33,434 | INFO    | molsanity | [cell MUTAG__AttentiveFP__IntegratedGradients__scaffold__seed2] DONE — acc=0.77 gt_auroc=0.048679458515751506 n=53 (capped) [cached]
2026-08-04 02:50:33,797 | INFO    | molsanity | [stage cell_MUTAG__AttentiveFP__IntegratedGradients__random__seed0] cache hit (7b1cba9dd50a0b54) — skipping
2026-08-04 02:50:33,798 | INFO    | molsanity | [cell MUTAG__AttentiveFP__IntegratedGradients__random__seed0] DONE — acc=0.72 gt_auroc=0.04713550901431225 n=58 (capped) [cached]
2026-08-04 02:50:34,174 | INFO    | molsanity | [stage cell_MUTAG__AttentiveFP__IntegratedGradients__random__seed1] cache hit (5674bbc7a064d2db) — skipping
2026-08-04 02:50:34,175 | INFO    | molsanity | [cell MUTAG__AttentiveFP__IntegratedGradients__random__seed1] DONE — acc=0.81 gt_auroc=0.033601925527034955 n=58 (capped) [cached]
2026-08-04 02:50:34,694 | INFO    | molsanity | [stage cell_MUTAG__AttentiveFP__IntegratedGradients__random__seed2] cache hit (a1f43f938b04b56c) — skipping
2026-08-04 02:50:34,694 | INFO    | molsanity | [cell MUTAG__AttentiveFP__IntegratedGradients__random__seed2] DONE — acc=0.67 gt_auroc=0.03910418801392432 n=58 (capped) [cached]
2026-08-04 02:50:35,067 | INFO    | molsanity | [stage cell_MolMotif__GINE__IntegratedGradients__scaffold__seed0] cache hit (4fafd7e7532b15d8) — skipping
2026-08-04 02:50:35,067 | INFO    | molsanity | [cell MolMotif__GINE__IntegratedGradients__scaffold__seed0] DONE — acc=0.98 gt_auroc=0.8872513393214997 n=200 (capped) [cached]
2026-08-04 02:50:35,719 | INFO    | molsanity | [stage cell_MolMotif__GINE__IntegratedGradients__scaffold__seed1] cache hit (5d6a7f5a47d6761d) — skipping
2026-08-04 02:50:35,719 | INFO    | molsanity | [cell MolMotif__GINE__IntegratedGradients__scaffold__seed1] DONE — acc=0.97 gt_auroc=0.8646057970815498 n=200 (capped) [cached]
2026-08-04 02:50:36,157 | INFO    | molsanity | [stage cell_MolMotif__GINE__IntegratedGradients__scaffold__seed2] cache hit (aee292435297bc82) — skipping
2026-08-04 02:50:36,157 | INFO    | molsanity | [cell MolMotif__GINE__IntegratedGradients__scaffold__seed2] DONE — acc=0.96 gt_auroc=0.9387627737554669 n=200 (capped) [cached]
2026-08-04 02:50:36,526 | INFO    | molsanity | [stage cell_MolMotif__GINE__IntegratedGradients__random__seed0] cache hit (7773f68dbbba59ba) — skipping
2026-08-04 02:50:36,527 | INFO    | molsanity | [cell MolMotif__GINE__IntegratedGradients__random__seed0] DONE — acc=0.97 gt_auroc=0.9191083485338464 n=200 (capped) [cached]
2026-08-04 02:50:36,867 | INFO    | molsanity | [stage cell_MolMotif__GINE__IntegratedGradients__random__seed1] cache hit (893f7bf04718c5b6) — skipping
2026-08-04 02:50:36,867 | INFO    | molsanity | [cell MolMotif__GINE__IntegratedGradients__random__seed1] DONE — acc=0.81 gt_auroc=0.9626544605933575 n=200 (capped) [cached]
2026-08-04 02:50:37,464 | INFO    | molsanity | [stage cell_MolMotif__GINE__IntegratedGradients__random__seed2] cache hit (735a171d5de4d914) — skipping
2026-08-04 02:50:37,465 | INFO    | molsanity | [cell MolMotif__GINE__IntegratedGradients__random__seed2] DONE — acc=1.00 gt_auroc=0.9724428179553897 n=200 (capped) [cached]
2026-08-04 02:50:37,840 | INFO    | molsanity | [stage cell_MolMotif__GINE__Saliency__scaffold__seed0] cache hit (c14be6f9b367a438) — skipping
2026-08-04 02:50:37,840 | INFO    | molsanity | [cell MolMotif__GINE__Saliency__scaffold__seed0] DONE — acc=0.98 gt_auroc=0.9985966202960584 n=200 (capped) [cached]
2026-08-04 02:50:38,170 | INFO    | molsanity | [stage cell_MolMotif__GINE__Saliency__scaffold__seed1] cache hit (59cee291c3c1a2b0) — skipping
2026-08-04 02:50:38,170 | INFO    | molsanity | [cell MolMotif__GINE__Saliency__scaffold__seed1] DONE — acc=0.97 gt_auroc=1.0 n=200 (capped) [cached]
2026-08-04 02:50:38,877 | INFO    | molsanity | [stage cell_MolMotif__GINE__Saliency__scaffold__seed2] cache hit (2f6eb2b7c713b7c0) — skipping
2026-08-04 02:50:38,877 | INFO    | molsanity | [cell MolMotif__GINE__Saliency__scaffold__seed2] DONE — acc=0.96 gt_auroc=0.9921665535261887 n=200 (capped) [cached]
2026-08-04 02:50:39,274 | INFO    | molsanity | [stage cell_MolMotif__GINE__Saliency__random__seed0] cache hit (e6306fca9cff3156) — skipping
2026-08-04 02:50:39,274 | INFO    | molsanity | [cell MolMotif__GINE__Saliency__random__seed0] DONE — acc=0.97 gt_auroc=0.9904156582888339 n=200 (capped) [cached]
2026-08-04 02:50:39,912 | INFO    | molsanity | [stage cell_MolMotif__GINE__Saliency__random__seed1] cache hit (3b3496e5c0bd7635) — skipping
2026-08-04 02:50:39,912 | INFO    | molsanity | [cell MolMotif__GINE__Saliency__random__seed1] DONE — acc=0.81 gt_auroc=0.9986173162374535 n=200 (capped) [cached]
2026-08-04 02:50:40,376 | INFO    | molsanity | [stage cell_MolMotif__GINE__Saliency__random__seed2] cache hit (259fc5a6c3bfd4a2) — skipping
2026-08-04 02:50:40,376 | INFO    | molsanity | [cell MolMotif__GINE__Saliency__random__seed2] DONE — acc=1.00 gt_auroc=0.9944049905280087 n=200 (capped) [cached]
2026-08-04 02:50:40,987 | INFO    | molsanity | [stage cell_MolMotif__GINE__InputXGradient__scaffold__seed0] cache hit (b6dbd259357d4a11) — skipping
2026-08-04 02:50:40,987 | INFO    | molsanity | [cell MolMotif__GINE__InputXGradient__scaffold__seed0] DONE — acc=0.98 gt_auroc=0.9993144729802034 n=200 (capped) [cached]
2026-08-04 02:50:41,733 | INFO    | molsanity | [stage cell_MolMotif__GINE__InputXGradient__scaffold__seed1] cache hit (8f33f13ae346d361) — skipping
2026-08-04 02:50:41,733 | INFO    | molsanity | [cell MolMotif__GINE__InputXGradient__scaffold__seed1] DONE — acc=0.97 gt_auroc=0.999676424877067 n=200 (capped) [cached]
2026-08-04 02:50:42,354 | INFO    | molsanity | [stage cell_MolMotif__GINE__InputXGradient__scaffold__seed2] cache hit (afe9f6d338bdc0aa) — skipping
2026-08-04 02:50:42,354 | INFO    | molsanity | [cell MolMotif__GINE__InputXGradient__scaffold__seed2] DONE — acc=0.96 gt_auroc=0.9977460772074123 n=200 (capped) [cached]
2026-08-04 02:50:42,748 | INFO    | molsanity | [stage cell_MolMotif__GINE__InputXGradient__random__seed0] cache hit (8a05069648673aaa) — skipping
2026-08-04 02:50:42,748 | INFO    | molsanity | [cell MolMotif__GINE__InputXGradient__random__seed0] DONE — acc=0.97 gt_auroc=0.9863293047406394 n=200 (capped) [cached]
2026-08-04 02:50:43,116 | INFO    | molsanity | [stage cell_MolMotif__GINE__InputXGradient__random__seed1] cache hit (de985a16a2ad46a4) — skipping
2026-08-04 02:50:43,117 | INFO    | molsanity | [cell MolMotif__GINE__InputXGradient__random__seed1] DONE — acc=0.81 gt_auroc=0.9996628421900161 n=200 (capped) [cached]
2026-08-04 02:50:43,721 | INFO    | molsanity | [stage cell_MolMotif__GINE__InputXGradient__random__seed2] cache hit (0ddce8d957af673e) — skipping
2026-08-04 02:50:43,721 | INFO    | molsanity | [cell MolMotif__GINE__InputXGradient__random__seed2] DONE — acc=1.00 gt_auroc=0.9993121892631697 n=200 (capped) [cached]
2026-08-04 02:50:44,080 | INFO    | molsanity | [stage cell_MolMotif__GINE__GuidedBackprop__scaffold__seed0] cache hit (2f69364dbcdeb027) — skipping
2026-08-04 02:50:44,081 | INFO    | molsanity | [cell MolMotif__GINE__GuidedBackprop__scaffold__seed0] DONE — acc=0.98 gt_auroc=0.9956365290828677 n=200 (capped) [cached]
2026-08-04 02:50:44,419 | INFO    | molsanity | [stage cell_MolMotif__GINE__GuidedBackprop__scaffold__seed1] cache hit (27d266683e8b6661) — skipping
2026-08-04 02:50:44,419 | INFO    | molsanity | [cell MolMotif__GINE__GuidedBackprop__scaffold__seed1] DONE — acc=0.97 gt_auroc=0.9997080696543114 n=200 (capped) [cached]
2026-08-04 02:50:44,790 | INFO    | molsanity | [stage cell_MolMotif__GINE__GuidedBackprop__scaffold__seed2] cache hit (d77850655893a9e0) — skipping
2026-08-04 02:50:44,791 | INFO    | molsanity | [cell MolMotif__GINE__GuidedBackprop__scaffold__seed2] DONE — acc=0.96 gt_auroc=0.9700619959014363 n=200 (capped) [cached]
2026-08-04 02:50:45,460 | INFO    | molsanity | [stage cell_MolMotif__GINE__GuidedBackprop__random__seed0] cache hit (ab134a29a61beba6) — skipping
2026-08-04 02:50:45,461 | INFO    | molsanity | [cell MolMotif__GINE__GuidedBackprop__random__seed0] DONE — acc=0.97 gt_auroc=0.9814639191095337 n=200 (capped) [cached]
2026-08-04 02:50:46,101 | INFO    | molsanity | [stage cell_MolMotif__GINE__GuidedBackprop__random__seed1] cache hit (9564c53c0dd875af) — skipping
2026-08-04 02:50:46,102 | INFO    | molsanity | [cell MolMotif__GINE__GuidedBackprop__random__seed1] DONE — acc=0.81 gt_auroc=0.9350898441593138 n=200 (capped) [cached]
2026-08-04 02:50:46,450 | INFO    | molsanity | [stage cell_MolMotif__GINE__GuidedBackprop__random__seed2] cache hit (a28584642a3f5671) — skipping
2026-08-04 02:50:46,451 | INFO    | molsanity | [cell MolMotif__GINE__GuidedBackprop__random__seed2] DONE — acc=1.00 gt_auroc=0.9977738438525415 n=200 (capped) [cached]
2026-08-04 02:50:46,843 | INFO    | molsanity | [stage cell_MolMotif__GINE__GNNExplainer__scaffold__seed0] cache hit (b20e0dc36dc896a7) — skipping
2026-08-04 02:50:46,843 | INFO    | molsanity | [cell MolMotif__GINE__GNNExplainer__scaffold__seed0] DONE — acc=0.98 gt_auroc=0.6215234000395884 n=200 (capped) [cached]
2026-08-04 02:50:47,205 | INFO    | molsanity | [stage cell_MolMotif__GINE__GNNExplainer__scaffold__seed1] cache hit (1de053cb1a19d0b8) — skipping
2026-08-04 02:50:47,205 | INFO    | molsanity | [cell MolMotif__GINE__GNNExplainer__scaffold__seed1] DONE — acc=0.97 gt_auroc=0.5910566077352983 n=200 (capped) [cached]
2026-08-04 02:50:47,524 | INFO    | molsanity | [stage cell_MolMotif__GINE__GNNExplainer__scaffold__seed2] cache hit (f75631b8b6d9ae8e) — skipping
2026-08-04 02:50:47,524 | INFO    | molsanity | [cell MolMotif__GINE__GNNExplainer__scaffold__seed2] DONE — acc=0.96 gt_auroc=0.6363645465108255 n=200 (capped) [cached]
2026-08-04 02:50:47,862 | INFO    | molsanity | [stage cell_MolMotif__GINE__GNNExplainer__random__seed0] cache hit (b0efd7bc5d969b55) — skipping
2026-08-04 02:50:47,863 | INFO    | molsanity | [cell MolMotif__GINE__GNNExplainer__random__seed0] DONE — acc=0.97 gt_auroc=0.6833528633217354 n=200 (capped) [cached]
2026-08-04 02:50:48,195 | INFO    | molsanity | [stage cell_MolMotif__GINE__GNNExplainer__random__seed1] cache hit (1349a62469128555) — skipping
2026-08-04 02:50:48,196 | INFO    | molsanity | [cell MolMotif__GINE__GNNExplainer__random__seed1] DONE — acc=0.81 gt_auroc=0.6104240422325831 n=200 (capped) [cached]
2026-08-04 02:50:48,582 | INFO    | molsanity | [stage cell_MolMotif__GINE__GNNExplainer__random__seed2] cache hit (216c191e4f4717bf) — skipping
2026-08-04 02:50:48,582 | INFO    | molsanity | [cell MolMotif__GINE__GNNExplainer__random__seed2] DONE — acc=1.00 gt_auroc=0.6304748497589063 n=200 (capped) [cached]
2026-08-04 02:50:48,934 | INFO    | molsanity | [stage cell_MolMotif__GINE__PGExplainer__scaffold__seed0] cache hit (542706328b1acf7a) — skipping
2026-08-04 02:50:48,935 | INFO    | molsanity | [cell MolMotif__GINE__PGExplainer__scaffold__seed0] DONE — acc=0.98 gt_auroc=0.29042856768644304 n=200 (capped) [cached]
2026-08-04 02:50:49,636 | INFO    | molsanity | [stage cell_MolMotif__GINE__PGExplainer__scaffold__seed1] cache hit (2e16cb49d0e839a2) — skipping
2026-08-04 02:50:49,637 | INFO    | molsanity | [cell MolMotif__GINE__PGExplainer__scaffold__seed1] DONE — acc=0.97 gt_auroc=0.7252322479957498 n=200 (capped) [cached]
2026-08-04 02:50:50,253 | INFO    | molsanity | [stage cell_MolMotif__GINE__PGExplainer__scaffold__seed2] cache hit (81deeee30f436283) — skipping
2026-08-04 02:50:50,253 | INFO    | molsanity | [cell MolMotif__GINE__PGExplainer__scaffold__seed2] DONE — acc=0.96 gt_auroc=0.5226177828754137 n=200 (capped) [cached]
2026-08-04 02:50:50,592 | INFO    | molsanity | [stage cell_MolMotif__GINE__PGExplainer__random__seed0] cache hit (ecc17a6e0323b4f1) — skipping
2026-08-04 02:50:50,592 | INFO    | molsanity | [cell MolMotif__GINE__PGExplainer__random__seed0] DONE — acc=0.97 gt_auroc=0.6491229607774095 n=200 (capped) [cached]
2026-08-04 02:50:50,971 | INFO    | molsanity | [stage cell_MolMotif__GINE__PGExplainer__random__seed1] cache hit (3fbebaf742e8ae2d) — skipping
2026-08-04 02:50:50,972 | INFO    | molsanity | [cell MolMotif__GINE__PGExplainer__random__seed1] DONE — acc=0.81 gt_auroc=0.27315924812942816 n=200 (capped) [cached]
2026-08-04 02:50:51,321 | INFO    | molsanity | [stage cell_MolMotif__GINE__PGExplainer__random__seed2] cache hit (dae7e78109385679) — skipping
2026-08-04 02:50:51,321 | INFO    | molsanity | [cell MolMotif__GINE__PGExplainer__random__seed2] DONE — acc=1.00 gt_auroc=0.584361373075497 n=200 (capped) [cached]
2026-08-04 02:50:51,653 | INFO    | molsanity | [stage cell_MolMotif__GINE__SubgraphX__scaffold__seed0] cache hit (fa0ccd5385f0b57c) — skipping
2026-08-04 02:50:51,654 | INFO    | molsanity | [cell MolMotif__GINE__SubgraphX__scaffold__seed0] DONE — acc=0.98 gt_auroc=0.38703945386421246 n=200 (capped) [cached]
2026-08-04 02:50:52,044 | INFO    | molsanity | [stage cell_MolMotif__GINE__SubgraphX__scaffold__seed1] cache hit (bfb268fe343ef853) — skipping
2026-08-04 02:50:52,044 | INFO    | molsanity | [cell MolMotif__GINE__SubgraphX__scaffold__seed1] DONE — acc=0.97 gt_auroc=0.542883496562216 n=200 (capped) [cached]
2026-08-04 02:50:52,654 | INFO    | molsanity | [stage cell_MolMotif__GINE__SubgraphX__scaffold__seed2] cache hit (95be198e0dc2b20a) — skipping
2026-08-04 02:50:52,654 | INFO    | molsanity | [cell MolMotif__GINE__SubgraphX__scaffold__seed2] DONE — acc=0.96 gt_auroc=0.4755095303048627 n=200 (capped) [cached]
2026-08-04 02:50:53,049 | INFO    | molsanity | [stage cell_MolMotif__GINE__SubgraphX__random__seed0] cache hit (f524971d4fef008c) — skipping
2026-08-04 02:50:53,049 | INFO    | molsanity | [cell MolMotif__GINE__SubgraphX__random__seed0] DONE — acc=0.97 gt_auroc=0.5727481687608074 n=200 (capped) [cached]
2026-08-04 02:50:53,648 | INFO    | molsanity | [stage cell_MolMotif__GINE__SubgraphX__random__seed1] cache hit (bd3f40ddfff6148d) — skipping
2026-08-04 02:50:53,648 | INFO    | molsanity | [cell MolMotif__GINE__SubgraphX__random__seed1] DONE — acc=0.81 gt_auroc=0.5347887380679491 n=200 (capped) [cached]
2026-08-04 02:50:53,993 | INFO    | molsanity | [stage cell_MolMotif__GINE__SubgraphX__random__seed2] cache hit (a7802cd0bbf3262d) — skipping
2026-08-04 02:50:53,993 | INFO    | molsanity | [cell MolMotif__GINE__SubgraphX__random__seed2] DONE — acc=1.00 gt_auroc=0.5557396101480824 n=200 (capped) [cached]
2026-08-04 02:50:54,458 | INFO    | molsanity | [stage cell_MolMotif__GCN__IntegratedGradients__scaffold__seed0] cache hit (10ef5101341204b9) — skipping
2026-08-04 02:50:54,458 | INFO    | molsanity | [cell MolMotif__GCN__IntegratedGradients__scaffold__seed0] DONE — acc=0.99 gt_auroc=0.9996781367041199 n=200 (capped) [cached]
2026-08-04 02:50:54,847 | INFO    | molsanity | [stage cell_MolMotif__GCN__IntegratedGradients__scaffold__seed1] cache hit (4c74234ddffdcce7) — skipping
2026-08-04 02:50:54,847 | INFO    | molsanity | [cell MolMotif__GCN__IntegratedGradients__scaffold__seed1] DONE — acc=0.96 gt_auroc=0.9915553974590687 n=200 (capped) [cached]
2026-08-04 02:50:55,224 | INFO    | molsanity | [stage cell_MolMotif__GCN__IntegratedGradients__scaffold__seed2] cache hit (0190d14965e6d313) — skipping
2026-08-04 02:50:55,224 | INFO    | molsanity | [cell MolMotif__GCN__IntegratedGradients__scaffold__seed2] DONE — acc=0.95 gt_auroc=0.9731603369911394 n=200 (capped) [cached]
2026-08-04 02:50:55,827 | INFO    | molsanity | [stage cell_MolMotif__GCN__IntegratedGradients__random__seed0] cache hit (7bffe5f2aba7e3f0) — skipping
2026-08-04 02:50:55,828 | INFO    | molsanity | [cell MolMotif__GCN__IntegratedGradients__random__seed0] DONE — acc=0.97 gt_auroc=0.9977217535815818 n=200 (capped) [cached]
2026-08-04 02:50:56,276 | INFO    | molsanity | [stage cell_MolMotif__GCN__IntegratedGradients__random__seed1] cache hit (e5906f3c84cde342) — skipping
2026-08-04 02:50:56,277 | INFO    | molsanity | [cell MolMotif__GCN__IntegratedGradients__random__seed1] DONE — acc=0.68 gt_auroc=0.9821226072322425 n=200 (capped) [cached]
2026-08-04 02:50:56,606 | INFO    | molsanity | [stage cell_MolMotif__GCN__IntegratedGradients__random__seed2] cache hit (1792d26416588c8b) — skipping
2026-08-04 02:50:56,606 | INFO    | molsanity | [cell MolMotif__GCN__IntegratedGradients__random__seed2] DONE — acc=0.96 gt_auroc=0.8495070580514895 n=200 (capped) [cached]
2026-08-04 02:50:56,975 | INFO    | molsanity | [stage cell_MolMotif__GAT__IntegratedGradients__scaffold__seed0] cache hit (a3ec6adbbda0ca4d) — skipping
2026-08-04 02:50:56,975 | INFO    | molsanity | [cell MolMotif__GAT__IntegratedGradients__scaffold__seed0] DONE — acc=0.99 gt_auroc=0.7666227580296474 n=200 (capped) [cached]
2026-08-04 02:50:57,565 | INFO    | molsanity | [stage cell_MolMotif__GAT__IntegratedGradients__scaffold__seed1] cache hit (575221a054bb8803) — skipping
2026-08-04 02:50:57,565 | INFO    | molsanity | [cell MolMotif__GAT__IntegratedGradients__scaffold__seed1] DONE — acc=0.99 gt_auroc=0.9218149436163022 n=200 (capped) [cached]
2026-08-04 02:50:57,926 | INFO    | molsanity | [stage cell_MolMotif__GAT__IntegratedGradients__scaffold__seed2] cache hit (4b9c1080f69e48fb) — skipping
2026-08-04 02:50:57,926 | INFO    | molsanity | [cell MolMotif__GAT__IntegratedGradients__scaffold__seed2] DONE — acc=1.00 gt_auroc=0.7056690926567717 n=200 (capped) [cached]
2026-08-04 02:50:58,375 | INFO    | molsanity | [stage cell_MolMotif__GAT__IntegratedGradients__random__seed0] cache hit (c8176e03f0d71a9c) — skipping
2026-08-04 02:50:58,375 | INFO    | molsanity | [cell MolMotif__GAT__IntegratedGradients__random__seed0] DONE — acc=1.00 gt_auroc=0.7960669305032867 n=200 (capped) [cached]
2026-08-04 02:50:59,015 | INFO    | molsanity | [stage cell_MolMotif__GAT__IntegratedGradients__random__seed1] cache hit (63d47772ae4950fd) — skipping
2026-08-04 02:50:59,016 | INFO    | molsanity | [cell MolMotif__GAT__IntegratedGradients__random__seed1] DONE — acc=1.00 gt_auroc=0.9957610663283009 n=200 (capped) [cached]
2026-08-04 02:50:59,569 | INFO    | molsanity | [stage cell_MolMotif__GAT__IntegratedGradients__random__seed2] cache hit (49014beca409ad2b) — skipping
2026-08-04 02:50:59,569 | INFO    | molsanity | [cell MolMotif__GAT__IntegratedGradients__random__seed2] DONE — acc=1.00 gt_auroc=0.7331860475743693 n=200 (capped) [cached]
2026-08-04 02:50:59,953 | INFO    | molsanity | [stage cell_MolMotif__MPNN__IntegratedGradients__scaffold__seed0] cache hit (1c293225e19eecac) — skipping
2026-08-04 02:50:59,954 | INFO    | molsanity | [cell MolMotif__MPNN__IntegratedGradients__scaffold__seed0] DONE — acc=1.00 gt_auroc=0.8455157204154758 n=200 (capped) [cached]
2026-08-04 02:51:00,696 | INFO    | molsanity | [stage cell_MolMotif__MPNN__IntegratedGradients__scaffold__seed1] cache hit (b600e14e979d39cd) — skipping
2026-08-04 02:51:00,697 | INFO    | molsanity | [cell MolMotif__MPNN__IntegratedGradients__scaffold__seed1] DONE — acc=0.99 gt_auroc=0.7912524395709797 n=200 (capped) [cached]
2026-08-04 02:51:01,067 | INFO    | molsanity | [stage cell_MolMotif__MPNN__IntegratedGradients__scaffold__seed2] cache hit (21a873e8bdbbf324) — skipping
2026-08-04 02:51:01,068 | INFO    | molsanity | [cell MolMotif__MPNN__IntegratedGradients__scaffold__seed2] DONE — acc=1.00 gt_auroc=0.9764832449089392 n=200 (capped) [cached]
2026-08-04 02:51:01,740 | INFO    | molsanity | [stage cell_MolMotif__MPNN__IntegratedGradients__random__seed0] cache hit (a4d48cabb717271c) — skipping
2026-08-04 02:51:01,741 | INFO    | molsanity | [cell MolMotif__MPNN__IntegratedGradients__random__seed0] DONE — acc=1.00 gt_auroc=0.7825333316487607 n=200 (capped) [cached]
2026-08-04 02:51:02,104 | INFO    | molsanity | [stage cell_MolMotif__MPNN__IntegratedGradients__random__seed1] cache hit (f3423b8b047878df) — skipping
2026-08-04 02:51:02,105 | INFO    | molsanity | [cell MolMotif__MPNN__IntegratedGradients__random__seed1] DONE — acc=1.00 gt_auroc=0.8737012355533246 n=200 (capped) [cached]
2026-08-04 02:51:02,745 | INFO    | molsanity | [stage cell_MolMotif__MPNN__IntegratedGradients__random__seed2] cache hit (f8cf0702bf172a34) — skipping
2026-08-04 02:51:02,745 | INFO    | molsanity | [cell MolMotif__MPNN__IntegratedGradients__random__seed2] DONE — acc=1.00 gt_auroc=0.9617536793811429 n=200 (capped) [cached]
2026-08-04 02:51:03,089 | INFO    | molsanity | [stage cell_MolMotif__AttentiveFP__IntegratedGradients__scaffold__seed0] cache hit (aeaf87a00c0702d9) — skipping
2026-08-04 02:51:03,089 | INFO    | molsanity | [cell MolMotif__AttentiveFP__IntegratedGradients__scaffold__seed0] DONE — acc=0.98 gt_auroc=0.9805262281342162 n=200 (capped) [cached]
2026-08-04 02:51:03,683 | INFO    | molsanity | [stage cell_MolMotif__AttentiveFP__IntegratedGradients__scaffold__seed1] cache hit (2aca99da69e7fe78) — skipping
2026-08-04 02:51:03,683 | INFO    | molsanity | [cell MolMotif__AttentiveFP__IntegratedGradients__scaffold__seed1] DONE — acc=0.99 gt_auroc=0.9778009819426804 n=200 (capped) [cached]
2026-08-04 02:51:04,285 | INFO    | molsanity | [stage cell_MolMotif__AttentiveFP__IntegratedGradients__scaffold__seed2] cache hit (c9ae11501c6b61e3) — skipping
2026-08-04 02:51:04,285 | INFO    | molsanity | [cell MolMotif__AttentiveFP__IntegratedGradients__scaffold__seed2] DONE — acc=0.97 gt_auroc=0.8103977141923847 n=200 (capped) [cached]
2026-08-04 02:51:04,645 | INFO    | molsanity | [stage cell_MolMotif__AttentiveFP__IntegratedGradients__random__seed0] cache hit (99f978f18a6b92c1) — skipping
2026-08-04 02:51:04,645 | INFO    | molsanity | [cell MolMotif__AttentiveFP__IntegratedGradients__random__seed0] DONE — acc=0.98 gt_auroc=0.9868429032353114 n=200 (capped) [cached]
2026-08-04 02:51:05,305 | INFO    | molsanity | [stage cell_MolMotif__AttentiveFP__IntegratedGradients__random__seed1] cache hit (448039ff236d664e) — skipping
2026-08-04 02:51:05,305 | INFO    | molsanity | [cell MolMotif__AttentiveFP__IntegratedGradients__random__seed1] DONE — acc=0.91 gt_auroc=0.9279166281920552 n=200 (capped) [cached]
2026-08-04 02:51:05,965 | INFO    | molsanity | [stage cell_MolMotif__AttentiveFP__IntegratedGradients__random__seed2] cache hit (2b2845ea9854dc54) — skipping
2026-08-04 02:51:05,966 | INFO    | molsanity | [cell MolMotif__AttentiveFP__IntegratedGradients__random__seed2] DONE — acc=0.97 gt_auroc=0.9862300114597343 n=200 (capped) [cached]
2026-08-04 02:51:06,492 | INFO    | molsanity | [stage cell_MolMotifHard__GINE__IntegratedGradients__scaffold__seed0] cache hit (5cf2c4ff45fb7f7b) — skipping
2026-08-04 02:51:06,492 | INFO    | molsanity | [cell MolMotifHard__GINE__IntegratedGradients__scaffold__seed0] DONE — acc=0.97 gt_auroc=0.9882567151830456 n=200 (capped) [cached]
2026-08-04 02:51:07,015 | INFO    | molsanity | [stage cell_MolMotifHard__GINE__IntegratedGradients__scaffold__seed1] cache hit (cf5410c57da30d2e) — skipping
2026-08-04 02:51:07,015 | INFO    | molsanity | [cell MolMotifHard__GINE__IntegratedGradients__scaffold__seed1] DONE — acc=0.89 gt_auroc=0.9926875093569516 n=200 (capped) [cached]
2026-08-04 02:51:07,525 | INFO    | molsanity | [stage cell_MolMotifHard__GINE__IntegratedGradients__scaffold__seed2] cache hit (3689c1b66418915b) — skipping
2026-08-04 02:51:07,525 | INFO    | molsanity | [cell MolMotifHard__GINE__IntegratedGradients__scaffold__seed2] DONE — acc=0.82 gt_auroc=0.9998105342932929 n=200 (capped) [cached]
2026-08-04 02:51:08,017 | INFO    | molsanity | [stage cell_MolMotifHard__GINE__IntegratedGradients__random__seed0] cache hit (31046423b1cc80b9) — skipping
2026-08-04 02:51:08,018 | INFO    | molsanity | [cell MolMotifHard__GINE__IntegratedGradients__random__seed0] DONE — acc=0.89 gt_auroc=0.9826099460539403 n=200 (capped) [cached]
2026-08-04 02:51:08,482 | INFO    | molsanity | [stage cell_MolMotifHard__GINE__IntegratedGradients__random__seed1] cache hit (a5c7e6c564f677d7) — skipping
2026-08-04 02:51:08,482 | INFO    | molsanity | [cell MolMotifHard__GINE__IntegratedGradients__random__seed1] DONE — acc=0.97 gt_auroc=0.988674154792576 n=200 (capped) [cached]
2026-08-04 02:51:08,998 | INFO    | molsanity | [stage cell_MolMotifHard__GINE__IntegratedGradients__random__seed2] cache hit (620627dd812005c5) — skipping
2026-08-04 02:51:08,998 | INFO    | molsanity | [cell MolMotifHard__GINE__IntegratedGradients__random__seed2] DONE — acc=0.95 gt_auroc=0.9816650437213497 n=200 (capped) [cached]
2026-08-04 02:51:09,489 | INFO    | molsanity | [stage cell_MolMotifHard__GINE__Saliency__scaffold__seed0] cache hit (11b53407db387c7b) — skipping
2026-08-04 02:51:09,489 | INFO    | molsanity | [cell MolMotifHard__GINE__Saliency__scaffold__seed0] DONE — acc=0.97 gt_auroc=0.9992398931959371 n=200 (capped) [cached]
2026-08-04 02:51:10,051 | INFO    | molsanity | [stage cell_MolMotifHard__GINE__Saliency__scaffold__seed1] cache hit (84695e9ec3b22aaa) — skipping
2026-08-04 02:51:10,051 | INFO    | molsanity | [cell MolMotifHard__GINE__Saliency__scaffold__seed1] DONE — acc=0.89 gt_auroc=0.9993383916981872 n=200 (capped) [cached]
2026-08-04 02:51:10,568 | INFO    | molsanity | [stage cell_MolMotifHard__GINE__Saliency__scaffold__seed2] cache hit (388c81094fb602e3) — skipping
2026-08-04 02:51:10,569 | INFO    | molsanity | [cell MolMotifHard__GINE__Saliency__scaffold__seed2] DONE — acc=0.82 gt_auroc=0.9995810174381603 n=200 (capped) [cached]
2026-08-04 02:51:11,054 | INFO    | molsanity | [stage cell_MolMotifHard__GINE__Saliency__random__seed0] cache hit (ca6b506e4957302c) — skipping
2026-08-04 02:51:11,054 | INFO    | molsanity | [cell MolMotifHard__GINE__Saliency__random__seed0] DONE — acc=0.89 gt_auroc=0.9999451754385965 n=200 (capped) [cached]
2026-08-04 02:51:11,529 | INFO    | molsanity | [stage cell_MolMotifHard__GINE__Saliency__random__seed1] cache hit (0d286b57495fd0ab) — skipping
2026-08-04 02:51:11,529 | INFO    | molsanity | [cell MolMotifHard__GINE__Saliency__random__seed1] DONE — acc=0.97 gt_auroc=0.9987573099415205 n=200 (capped) [cached]
2026-08-04 02:51:12,032 | INFO    | molsanity | [stage cell_MolMotifHard__GINE__Saliency__random__seed2] cache hit (6c332bb7c3802693) — skipping
2026-08-04 02:51:12,032 | INFO    | molsanity | [cell MolMotifHard__GINE__Saliency__random__seed2] DONE — acc=0.95 gt_auroc=0.9940608647020284 n=200 (capped) [cached]
2026-08-04 02:51:12,506 | INFO    | molsanity | [stage cell_MolMotifHard__GINE__InputXGradient__scaffold__seed0] cache hit (900e8fe103e6ed5f) — skipping
2026-08-04 02:51:12,507 | INFO    | molsanity | [cell MolMotifHard__GINE__InputXGradient__scaffold__seed0] DONE — acc=0.97 gt_auroc=0.986452806682023 n=200 (capped) [cached]
2026-08-04 02:51:12,997 | INFO    | molsanity | [stage cell_MolMotifHard__GINE__InputXGradient__scaffold__seed1] cache hit (8b191a16e68de4d0) — skipping
2026-08-04 02:51:12,997 | INFO    | molsanity | [cell MolMotifHard__GINE__InputXGradient__scaffold__seed1] DONE — acc=0.89 gt_auroc=0.9982839440967519 n=200 (capped) [cached]
2026-08-04 02:51:13,498 | INFO    | molsanity | [stage cell_MolMotifHard__GINE__InputXGradient__scaffold__seed2] cache hit (abbe9256a408876a) — skipping
2026-08-04 02:51:13,498 | INFO    | molsanity | [cell MolMotifHard__GINE__InputXGradient__scaffold__seed2] DONE — acc=0.82 gt_auroc=0.9995686546179157 n=200 (capped) [cached]
2026-08-04 02:51:13,995 | INFO    | molsanity | [stage cell_MolMotifHard__GINE__InputXGradient__random__seed0] cache hit (e94852b76e520d99) — skipping
2026-08-04 02:51:13,995 | INFO    | molsanity | [cell MolMotifHard__GINE__InputXGradient__random__seed0] DONE — acc=0.89 gt_auroc=0.9998198621553885 n=200 (capped) [cached]
2026-08-04 02:51:14,475 | INFO    | molsanity | [stage cell_MolMotifHard__GINE__InputXGradient__random__seed1] cache hit (dfde8b05873280c3) — skipping
2026-08-04 02:51:14,476 | INFO    | molsanity | [cell MolMotifHard__GINE__InputXGradient__random__seed1] DONE — acc=0.97 gt_auroc=1.0 n=200 (capped) [cached]
2026-08-04 02:51:15,010 | INFO    | molsanity | [stage cell_MolMotifHard__GINE__InputXGradient__random__seed2] cache hit (b49f1e5f43943434) — skipping
2026-08-04 02:51:15,011 | INFO    | molsanity | [cell MolMotifHard__GINE__InputXGradient__random__seed2] DONE — acc=0.95 gt_auroc=0.9884513469050107 n=200 (capped) [cached]
2026-08-04 02:51:15,521 | INFO    | molsanity | [stage cell_MolMotifHard__GINE__GuidedBackprop__scaffold__seed0] cache hit (ef7563cfbdc2095d) — skipping
2026-08-04 02:51:15,521 | INFO    | molsanity | [cell MolMotifHard__GINE__GuidedBackprop__scaffold__seed0] DONE — acc=0.97 gt_auroc=0.9559260029573744 n=200 (capped) [cached]
2026-08-04 02:51:16,140 | INFO    | molsanity | [stage cell_MolMotifHard__GINE__GuidedBackprop__scaffold__seed1] cache hit (a80526bfa3aa9c59) — skipping
2026-08-04 02:51:16,140 | INFO    | molsanity | [cell MolMotifHard__GINE__GuidedBackprop__scaffold__seed1] DONE — acc=0.89 gt_auroc=0.8456070983925981 n=200 (capped) [cached]
2026-08-04 02:51:16,643 | INFO    | molsanity | [stage cell_MolMotifHard__GINE__GuidedBackprop__scaffold__seed2] cache hit (ded080571e489176) — skipping
2026-08-04 02:51:16,643 | INFO    | molsanity | [cell MolMotifHard__GINE__GuidedBackprop__scaffold__seed2] DONE — acc=0.82 gt_auroc=0.8235841204112005 n=200 (capped) [cached]
2026-08-04 02:51:17,211 | INFO    | molsanity | [stage cell_MolMotifHard__GINE__GuidedBackprop__random__seed0] cache hit (665e2d05cc01fb7b) — skipping
2026-08-04 02:51:17,211 | INFO    | molsanity | [cell MolMotifHard__GINE__GuidedBackprop__random__seed0] DONE — acc=0.89 gt_auroc=0.8559043913722311 n=200 (capped) [cached]
2026-08-04 02:51:17,728 | INFO    | molsanity | [stage cell_MolMotifHard__GINE__GuidedBackprop__random__seed1] cache hit (b3c0030a46eab870) — skipping
2026-08-04 02:51:17,728 | INFO    | molsanity | [cell MolMotifHard__GINE__GuidedBackprop__random__seed1] DONE — acc=0.97 gt_auroc=0.9779059579248082 n=200 (capped) [cached]
2026-08-04 02:51:18,231 | INFO    | molsanity | [stage cell_MolMotifHard__GINE__GuidedBackprop__random__seed2] cache hit (e7876c0df0bea3b2) — skipping
2026-08-04 02:51:18,231 | INFO    | molsanity | [cell MolMotifHard__GINE__GuidedBackprop__random__seed2] DONE — acc=0.95 gt_auroc=0.9225887224305866 n=200 (capped) [cached]
2026-08-04 02:51:18,748 | INFO    | molsanity | [stage cell_MolMotifHard__GINE__GNNExplainer__scaffold__seed0] cache hit (61fd91f33ddc7897) — skipping
2026-08-04 02:51:18,748 | INFO    | molsanity | [cell MolMotifHard__GINE__GNNExplainer__scaffold__seed0] DONE — acc=0.97 gt_auroc=0.34923354814776797 n=200 (capped) [cached]
2026-08-04 02:51:19,244 | INFO    | molsanity | [stage cell_MolMotifHard__GINE__GNNExplainer__scaffold__seed1] cache hit (25f9b44f9deb7de6) — skipping
2026-08-04 02:51:19,245 | INFO    | molsanity | [cell MolMotifHard__GINE__GNNExplainer__scaffold__seed1] DONE — acc=0.89 gt_auroc=0.6080934070504095 n=200 (capped) [cached]
2026-08-04 02:51:19,732 | INFO    | molsanity | [stage cell_MolMotifHard__GINE__GNNExplainer__scaffold__seed2] cache hit (992765a919260e11) — skipping
2026-08-04 02:51:19,732 | INFO    | molsanity | [cell MolMotifHard__GINE__GNNExplainer__scaffold__seed2] DONE — acc=0.82 gt_auroc=0.30269625980334136 n=200 (capped) [cached]
2026-08-04 02:51:20,238 | INFO    | molsanity | [stage cell_MolMotifHard__GINE__GNNExplainer__random__seed0] cache hit (4ea834b7e0bb1d41) — skipping
2026-08-04 02:51:20,239 | INFO    | molsanity | [cell MolMotifHard__GINE__GNNExplainer__random__seed0] DONE — acc=0.89 gt_auroc=0.2875174114285327 n=200 (capped) [cached]
2026-08-04 02:51:20,767 | INFO    | molsanity | [stage cell_MolMotifHard__GINE__GNNExplainer__random__seed1] cache hit (aa0aa3e4514f9b99) — skipping
2026-08-04 02:51:20,767 | INFO    | molsanity | [cell MolMotifHard__GINE__GNNExplainer__random__seed1] DONE — acc=0.97 gt_auroc=0.3797157696620219 n=200 (capped) [cached]
2026-08-04 02:51:21,466 | INFO    | molsanity | [stage cell_MolMotifHard__GINE__GNNExplainer__random__seed2] cache hit (5a2beb09a1605fb3) — skipping
2026-08-04 02:51:21,467 | INFO    | molsanity | [cell MolMotifHard__GINE__GNNExplainer__random__seed2] DONE — acc=0.95 gt_auroc=0.5711507788639638 n=200 (capped) [cached]
2026-08-04 02:51:21,977 | INFO    | molsanity | [stage cell_MolMotifHard__GINE__PGExplainer__scaffold__seed0] cache hit (563c8396fec0bf36) — skipping
2026-08-04 02:51:21,978 | INFO    | molsanity | [cell MolMotifHard__GINE__PGExplainer__scaffold__seed0] DONE — acc=0.97 gt_auroc=0.2559069563317036 n=200 (capped) [cached]
2026-08-04 02:51:22,498 | INFO    | molsanity | [stage cell_MolMotifHard__GINE__PGExplainer__scaffold__seed1] cache hit (704b2206b3392e9e) — skipping
2026-08-04 02:51:22,498 | INFO    | molsanity | [cell MolMotifHard__GINE__PGExplainer__scaffold__seed1] DONE — acc=0.89 gt_auroc=0.30791250177709184 n=200 (capped) [cached]
2026-08-04 02:51:23,124 | INFO    | molsanity | [stage cell_MolMotifHard__GINE__PGExplainer__scaffold__seed2] cache hit (32634099ac2c1f1d) — skipping
2026-08-04 02:51:23,124 | INFO    | molsanity | [cell MolMotifHard__GINE__PGExplainer__scaffold__seed2] DONE — acc=0.82 gt_auroc=0.5648912192733716 n=200 (capped) [cached]
2026-08-04 02:51:23,635 | INFO    | molsanity | [stage cell_MolMotifHard__GINE__PGExplainer__random__seed0] cache hit (ec5a10c28fa09c43) — skipping
2026-08-04 02:51:23,635 | INFO    | molsanity | [cell MolMotifHard__GINE__PGExplainer__random__seed0] DONE — acc=0.89 gt_auroc=0.581669676739298 n=200 (capped) [cached]
2026-08-04 02:51:24,159 | INFO    | molsanity | [stage cell_MolMotifHard__GINE__PGExplainer__random__seed1] cache hit (bc53b956214bd402) — skipping
2026-08-04 02:51:24,159 | INFO    | molsanity | [cell MolMotifHard__GINE__PGExplainer__random__seed1] DONE — acc=0.97 gt_auroc=0.46161214345130663 n=200 (capped) [cached]
2026-08-04 02:51:24,644 | INFO    | molsanity | [stage cell_MolMotifHard__GINE__PGExplainer__random__seed2] cache hit (16960ae970c92790) — skipping
2026-08-04 02:51:24,644 | INFO    | molsanity | [cell MolMotifHard__GINE__PGExplainer__random__seed2] DONE — acc=0.95 gt_auroc=0.49317471077714475 n=200 (capped) [cached]
2026-08-04 02:51:24,650 | INFO    | molsanity | [stage cell_MolMotifHard__GINE__SubgraphX__scaffold__seed0] running (f1aa52c5da4e7c61)
2026-08-04 02:51:33,650 | INFO    | molsanity | Tox21: reduced to single task #0 (NR-AR), 7258 labelled molecules
2026-08-04 02:51:33,881 | INFO    | molsanity | Tox21 checksum recorded: 09988a6b0bfc
2026-08-04 02:51:33,882 | INFO    | molsanity | Loaded Tox21: 7258 graphs, checksum 09988a6b0bfc
2026-08-04 02:51:35,482 | INFO    | molsanity | MolMotif(carboxylic_acid): 1000 molecules (500 positive), mask = matched atoms grown by 1 bond(s)
2026-08-04 02:51:35,520 | INFO    | molsanity | MolMotifHard checksum recorded: 8c55d3ca6a28
2026-08-04 02:51:35,521 | INFO    | molsanity | Loaded MolMotif: 1000 molecules with exact node ground truth
2026-08-04 02:51:36,028 | INFO    | molsanity | Scaffold split: 671 scaffolds over 1000 molecules (233 scaffold-less, 39.1% of molecules in multi-member groups) -> train 600 / val 100 / test 300
2026-08-04 02:51:36,883 | INFO    | molsanity | Loaded existing checkpoint gine_105d4db246729bc9.pt
2026-08-04 02:51:37,423 | INFO    | molsanity | [cell MolMotifHard__GINE__SubgraphX__scaffold] auditing 200 molecules (capped from 300)
2026-08-04 02:51:37,428 | INFO    | molsanity | [cell MolMotifHard__GINE__SubgraphX__scaffold] auditing on 12 worker processes (CPU)
2026-08-04 03:47:16,094 | INFO    | molsanity | [cell MolMotifHard__GINE__SubgraphX__scaffold] 200 molecules in 55.6 min (16.69s each, 12 workers)
2026-08-04 03:47:17,284 | INFO    | molsanity | Wrote GT-validation figure: artifacts/figures/MolMotifHard__GINE__SubgraphX__scaffold/gt_validation.pdf (+ .svg)
2026-08-04 03:47:17,319 | INFO    | molsanity | Wrote molecule attribution SVG: artifacts/figures/MolMotifHard__GINE__SubgraphX__scaffold/case_molecule.svg (GT atoms: [7, 8, 9, 10, 19, 20, 21, 22, 45, 47, 48, 49])
2026-08-04 03:47:17,382 | INFO    | molsanity | [cell MolMotifHard__GINE__SubgraphX__scaffold__seed0] DONE — acc=0.97 gt_auroc=0.4357853908561232 n=200 (capped)
2026-08-04 03:47:17,392 | INFO    | molsanity | [stage cell_MolMotifHard__GINE__SubgraphX__scaffold__seed1] running (480f5930b79b7cd3)
2026-08-04 03:47:19,269 | INFO    | molsanity | Tox21: reduced to single task #0 (NR-AR), 7258 labelled molecules
2026-08-04 03:47:19,508 | INFO    | molsanity | Loaded Tox21: 7258 graphs, checksum 09988a6b0bfc
2026-08-04 03:47:21,181 | INFO    | molsanity | MolMotif(carboxylic_acid): 1000 molecules (500 positive), mask = matched atoms grown by 1 bond(s)
2026-08-04 03:47:21,220 | INFO    | molsanity | Loaded MolMotif: 1000 molecules with exact node ground truth
2026-08-04 03:47:21,632 | INFO    | molsanity | Scaffold split: 671 scaffolds over 1000 molecules (233 scaffold-less, 39.1% of molecules in multi-member groups) -> train 600 / val 100 / test 300
2026-08-04 03:47:22,247 | INFO    | molsanity | Loaded existing checkpoint gine_f887ff00458eaa57.pt
2026-08-04 03:47:22,776 | INFO    | molsanity | [cell MolMotifHard__GINE__SubgraphX__scaffold] auditing 200 molecules (capped from 300)
2026-08-04 03:47:22,779 | INFO    | molsanity | [cell MolMotifHard__GINE__SubgraphX__scaffold] auditing on 12 worker processes (CPU)
2026-08-04 04:42:22,892 | INFO    | molsanity | [cell MolMotifHard__GINE__SubgraphX__scaffold] 200 molecules in 55.0 min (16.50s each, 12 workers)
2026-08-04 04:42:23,393 | INFO    | molsanity | Wrote GT-validation figure: artifacts/figures/MolMotifHard__GINE__SubgraphX__scaffold/gt_validation.pdf (+ .svg)
2026-08-04 04:42:23,407 | INFO    | molsanity | Wrote molecule attribution SVG: artifacts/figures/MolMotifHard__GINE__SubgraphX__scaffold/case_molecule.svg (GT atoms: [7, 8, 9, 10, 19, 20, 21, 22, 45, 47, 48, 49])
2026-08-04 04:42:23,455 | INFO    | molsanity | [cell MolMotifHard__GINE__SubgraphX__scaffold__seed1] DONE — acc=0.89 gt_auroc=0.5365574538065653 n=200 (capped)
2026-08-04 04:42:23,465 | INFO    | molsanity | [stage cell_MolMotifHard__GINE__SubgraphX__scaffold__seed2] running (e15aa1930f50b977)
2026-08-04 04:42:25,318 | INFO    | molsanity | Tox21: reduced to single task #0 (NR-AR), 7258 labelled molecules
2026-08-04 04:42:25,556 | INFO    | molsanity | Loaded Tox21: 7258 graphs, checksum 09988a6b0bfc
2026-08-04 04:42:27,236 | INFO    | molsanity | MolMotif(carboxylic_acid): 1000 molecules (500 positive), mask = matched atoms grown by 1 bond(s)
2026-08-04 04:42:27,274 | INFO    | molsanity | Loaded MolMotif: 1000 molecules with exact node ground truth
2026-08-04 04:42:27,677 | INFO    | molsanity | Scaffold split: 671 scaffolds over 1000 molecules (233 scaffold-less, 39.1% of molecules in multi-member groups) -> train 600 / val 100 / test 300
2026-08-04 04:42:28,910 | INFO    | molsanity | Loaded existing checkpoint gine_87e4d1105d1009b1.pt
2026-08-04 04:42:29,505 | INFO    | molsanity | [cell MolMotifHard__GINE__SubgraphX__scaffold] auditing 200 molecules (capped from 300)
2026-08-04 04:42:29,508 | INFO    | molsanity | [cell MolMotifHard__GINE__SubgraphX__scaffold] auditing on 12 worker processes (CPU)
2026-08-04 05:35:49,416 | INFO    | molsanity | [cell MolMotifHard__GINE__SubgraphX__scaffold] 200 molecules in 53.3 min (16.00s each, 12 workers)
2026-08-04 05:35:49,911 | INFO    | molsanity | Wrote GT-validation figure: artifacts/figures/MolMotifHard__GINE__SubgraphX__scaffold/gt_validation.pdf (+ .svg)
2026-08-04 05:35:49,925 | INFO    | molsanity | Wrote molecule attribution SVG: artifacts/figures/MolMotifHard__GINE__SubgraphX__scaffold/case_molecule.svg (GT atoms: [7, 8, 9, 10, 19, 20, 21, 22, 45, 47, 48, 49])
2026-08-04 05:35:49,971 | INFO    | molsanity | [cell MolMotifHard__GINE__SubgraphX__scaffold__seed2] DONE — acc=0.82 gt_auroc=0.44317061966589766 n=200 (capped)
2026-08-04 05:35:49,981 | INFO    | molsanity | [stage cell_MolMotifHard__GINE__SubgraphX__random__seed0] running (6ef6e0e6039f9cb2)
2026-08-04 05:35:51,832 | INFO    | molsanity | Tox21: reduced to single task #0 (NR-AR), 7258 labelled molecules
2026-08-04 05:35:52,069 | INFO    | molsanity | Loaded Tox21: 7258 graphs, checksum 09988a6b0bfc
2026-08-04 05:35:53,736 | INFO    | molsanity | MolMotif(carboxylic_acid): 1000 molecules (500 positive), mask = matched atoms grown by 1 bond(s)
2026-08-04 05:35:53,775 | INFO    | molsanity | Loaded MolMotif: 1000 molecules with exact node ground truth
2026-08-04 05:35:54,394 | INFO    | molsanity | Loaded existing checkpoint gine_9019fa5f13484678.pt
2026-08-04 05:35:54,973 | INFO    | molsanity | [cell MolMotifHard__GINE__SubgraphX__random] auditing 200 molecules (capped from 300)
2026-08-04 05:35:54,976 | INFO    | molsanity | [cell MolMotifHard__GINE__SubgraphX__random] auditing on 12 worker processes (CPU)
2026-08-04 06:11:04,699 | INFO    | molsanity | [cell MolMotifHard__GINE__SubgraphX__random] 200 molecules in 35.2 min (10.55s each, 12 workers)
2026-08-04 06:11:05,204 | INFO    | molsanity | Wrote GT-validation figure: artifacts/figures/MolMotifHard__GINE__SubgraphX__random/gt_validation.pdf (+ .svg)
2026-08-04 06:11:05,214 | INFO    | molsanity | Wrote molecule attribution SVG: artifacts/figures/MolMotifHard__GINE__SubgraphX__random/case_molecule.svg (GT atoms: [32, 33, 34, 35])
2026-08-04 06:11:05,280 | INFO    | molsanity | [cell MolMotifHard__GINE__SubgraphX__random__seed0] DONE — acc=0.89 gt_auroc=0.3624728793326058 n=200 (capped)
2026-08-04 06:11:05,290 | INFO    | molsanity | [stage cell_MolMotifHard__GINE__SubgraphX__random__seed1] running (14930d443953b48e)
2026-08-04 06:11:07,125 | INFO    | molsanity | Tox21: reduced to single task #0 (NR-AR), 7258 labelled molecules
2026-08-04 06:11:07,361 | INFO    | molsanity | Loaded Tox21: 7258 graphs, checksum 09988a6b0bfc
2026-08-04 06:11:09,015 | INFO    | molsanity | MolMotif(carboxylic_acid): 1000 molecules (500 positive), mask = matched atoms grown by 1 bond(s)
2026-08-04 06:11:09,054 | INFO    | molsanity | Loaded MolMotif: 1000 molecules with exact node ground truth
2026-08-04 06:11:09,671 | INFO    | molsanity | Loaded existing checkpoint gine_9e60f2a1f6c37043.pt
2026-08-04 06:11:10,252 | INFO    | molsanity | [cell MolMotifHard__GINE__SubgraphX__random] auditing 200 molecules (capped from 300)
2026-08-04 06:11:10,254 | INFO    | molsanity | [cell MolMotifHard__GINE__SubgraphX__random] auditing on 12 worker processes (CPU)
2026-08-04 07:10:48,019 | INFO    | molsanity | [cell MolMotifHard__GINE__SubgraphX__random] 200 molecules in 59.6 min (17.89s each, 12 workers)
2026-08-04 07:10:48,513 | INFO    | molsanity | Wrote GT-validation figure: artifacts/figures/MolMotifHard__GINE__SubgraphX__random/gt_validation.pdf (+ .svg)
2026-08-04 07:10:48,528 | INFO    | molsanity | Wrote molecule attribution SVG: artifacts/figures/MolMotifHard__GINE__SubgraphX__random/case_molecule.svg (GT atoms: [26, 27, 28, 29])
2026-08-04 07:10:48,576 | INFO    | molsanity | [cell MolMotifHard__GINE__SubgraphX__random__seed1] DONE — acc=0.97 gt_auroc=0.44194322264471236 n=200 (capped)
2026-08-04 07:10:48,599 | INFO    | molsanity | [stage cell_MolMotifHard__GINE__SubgraphX__random__seed2] running (163febe666c8f7ee)
2026-08-04 07:10:50,414 | INFO    | molsanity | Tox21: reduced to single task #0 (NR-AR), 7258 labelled molecules
2026-08-04 07:10:50,649 | INFO    | molsanity | Loaded Tox21: 7258 graphs, checksum 09988a6b0bfc
2026-08-04 07:10:52,296 | INFO    | molsanity | MolMotif(carboxylic_acid): 1000 molecules (500 positive), mask = matched atoms grown by 1 bond(s)
2026-08-04 07:10:52,335 | INFO    | molsanity | Loaded MolMotif: 1000 molecules with exact node ground truth
2026-08-04 07:10:53,019 | INFO    | molsanity | Loaded existing checkpoint gine_258ea52a825ebeef.pt
2026-08-04 07:10:53,628 | INFO    | molsanity | [cell MolMotifHard__GINE__SubgraphX__random] auditing 200 molecules (capped from 300)
2026-08-04 07:10:53,631 | INFO    | molsanity | [cell MolMotifHard__GINE__SubgraphX__random] auditing on 12 worker processes (CPU)
2026-08-04 07:59:29,349 | INFO    | molsanity | [cell MolMotifHard__GINE__SubgraphX__random] 200 molecules in 48.6 min (14.58s each, 12 workers)
2026-08-04 07:59:29,847 | INFO    | molsanity | Wrote GT-validation figure: artifacts/figures/MolMotifHard__GINE__SubgraphX__random/gt_validation.pdf (+ .svg)
2026-08-04 07:59:29,857 | INFO    | molsanity | Wrote molecule attribution SVG: artifacts/figures/MolMotifHard__GINE__SubgraphX__random/case_molecule.svg (GT atoms: [32, 33, 34, 35])
2026-08-04 07:59:29,905 | INFO    | molsanity | [cell MolMotifHard__GINE__SubgraphX__random__seed2] DONE — acc=0.95 gt_auroc=0.4207801437829535 n=200 (capped)
2026-08-04 07:59:29,914 | INFO    | molsanity | [stage cell_MolMotifHard__GCN__IntegratedGradients__scaffold__seed0] running (b1ad5a1fd93caf66)
2026-08-04 07:59:31,748 | INFO    | molsanity | Tox21: reduced to single task #0 (NR-AR), 7258 labelled molecules
2026-08-04 07:59:31,984 | INFO    | molsanity | Loaded Tox21: 7258 graphs, checksum 09988a6b0bfc
2026-08-04 07:59:33,634 | INFO    | molsanity | MolMotif(carboxylic_acid): 1000 molecules (500 positive), mask = matched atoms grown by 1 bond(s)
2026-08-04 07:59:33,672 | INFO    | molsanity | Loaded MolMotif: 1000 molecules with exact node ground truth
2026-08-04 07:59:34,075 | INFO    | molsanity | Scaffold split: 671 scaffolds over 1000 molecules (233 scaffold-less, 39.1% of molecules in multi-member groups) -> train 600 / val 100 / test 300
2026-08-04 07:59:39,468 | INFO    | molsanity | Saved early checkpoint @epoch 30 -> gcn_1be275997f004486_early.pt
2026-08-04 07:59:56,837 | INFO    | molsanity | Training done: best val_acc=1.000 @epoch 66 | test_acc=0.880 test_auc=0.999 T=0.865
2026-08-04 07:59:56,849 | INFO    | molsanity | Saved checkpoint gcn_1be275997f004486.pt
2026-08-04 07:59:56,865 | INFO    | molsanity | [cell MolMotifHard__GCN__IntegratedGradients__scaffold] auditing 200 molecules (capped from 300)
2026-08-04 07:59:56,868 | INFO    | molsanity | [cell MolMotifHard__GCN__IntegratedGradients__scaffold] auditing on 12 worker processes (CPU)
2026-08-04 07:59:57,268 | WARNING | molsanity | [cell MolMotifHard__GCN__IntegratedGradients__scaffold] worker pool failed (RuntimeError: Unable to handle autograd's threading in combination with fork-based multiprocessing. See https://github.com/pytorch/pytorch/wiki/Autograd-and-Fork) — falling back to the serial path for this cell
2026-08-04 08:00:57,333 | INFO    | molsanity | [cell MolMotifHard__GCN__IntegratedGradients__scaffold] 107/200 molecules (0.6s each, ~1 min left)
2026-08-04 08:01:50,182 | INFO    | molsanity | Wrote GT-validation figure: artifacts/figures/MolMotifHard__GCN__IntegratedGradients__scaffold/gt_validation.pdf (+ .svg)
2026-08-04 08:01:50,195 | INFO    | molsanity | Wrote molecule attribution SVG: artifacts/figures/MolMotifHard__GCN__IntegratedGradients__scaffold/case_molecule.svg (GT atoms: [7, 8, 9, 10, 19, 20, 21, 22, 45, 47, 48, 49])
2026-08-04 08:01:50,242 | INFO    | molsanity | [cell MolMotifHard__GCN__IntegratedGradients__scaffold__seed0] DONE — acc=0.89 gt_auroc=0.910099792601565 n=200 (capped)
2026-08-04 08:01:50,251 | INFO    | molsanity | [stage cell_MolMotifHard__GCN__IntegratedGradients__scaffold__seed1] running (026dc3025b397123)
2026-08-04 08:01:52,130 | INFO    | molsanity | Tox21: reduced to single task #0 (NR-AR), 7258 labelled molecules
2026-08-04 08:01:52,367 | INFO    | molsanity | Loaded Tox21: 7258 graphs, checksum 09988a6b0bfc
2026-08-04 08:01:54,073 | INFO    | molsanity | MolMotif(carboxylic_acid): 1000 molecules (500 positive), mask = matched atoms grown by 1 bond(s)
2026-08-04 08:01:54,112 | INFO    | molsanity | Loaded MolMotif: 1000 molecules with exact node ground truth
2026-08-04 08:01:54,537 | INFO    | molsanity | Scaffold split: 671 scaffolds over 1000 molecules (233 scaffold-less, 39.1% of molecules in multi-member groups) -> train 600 / val 100 / test 300
2026-08-04 08:01:58,926 | INFO    | molsanity | Saved early checkpoint @epoch 30 -> gcn_e31a7ccd51791c64_early.pt
2026-08-04 08:02:16,443 | INFO    | molsanity | Training done: best val_acc=1.000 @epoch 62 | test_acc=0.847 test_auc=0.990 T=1.162
2026-08-04 08:02:16,454 | INFO    | molsanity | Saved checkpoint gcn_e31a7ccd51791c64.pt
2026-08-04 08:02:16,470 | INFO    | molsanity | [cell MolMotifHard__GCN__IntegratedGradients__scaffold] auditing 200 molecules (capped from 300)
2026-08-04 08:02:16,473 | INFO    | molsanity | [cell MolMotifHard__GCN__IntegratedGradients__scaffold] auditing on 12 worker processes (CPU)
2026-08-04 08:02:16,849 | WARNING | molsanity | [cell MolMotifHard__GCN__IntegratedGradients__scaffold] worker pool failed (RuntimeError: Unable to handle autograd's threading in combination with fork-based multiprocessing. See https://github.com/pytorch/pytorch/wiki/Autograd-and-Fork) — falling back to the serial path for this cell
2026-08-04 08:03:17,124 | INFO    | molsanity | [cell MolMotifHard__GCN__IntegratedGradients__scaffold] 104/200 molecules (0.6s each, ~1 min left)
2026-08-04 08:04:13,777 | INFO    | molsanity | Wrote GT-validation figure: artifacts/figures/MolMotifHard__GCN__IntegratedGradients__scaffold/gt_validation.pdf (+ .svg)
2026-08-04 08:04:13,803 | INFO    | molsanity | Wrote molecule attribution SVG: artifacts/figures/MolMotifHard__GCN__IntegratedGradients__scaffold/case_molecule.svg (GT atoms: [7, 8, 9, 10, 19, 20, 21, 22, 45, 47, 48, 49])
2026-08-04 08:04:13,844 | INFO    | molsanity | [cell MolMotifHard__GCN__IntegratedGradients__scaffold__seed1] DONE — acc=0.87 gt_auroc=0.7155950795348857 n=200 (capped)
2026-08-04 08:04:13,853 | INFO    | molsanity | [stage cell_MolMotifHard__GCN__IntegratedGradients__scaffold__seed2] running (39e1a084a080f415)
2026-08-04 08:04:15,657 | INFO    | molsanity | Tox21: reduced to single task #0 (NR-AR), 7258 labelled molecules
2026-08-04 08:04:15,893 | INFO    | molsanity | Loaded Tox21: 7258 graphs, checksum 09988a6b0bfc
2026-08-04 08:04:17,890 | INFO    | molsanity | MolMotif(carboxylic_acid): 1000 molecules (500 positive), mask = matched atoms grown by 1 bond(s)
2026-08-04 08:04:17,931 | INFO    | molsanity | Loaded MolMotif: 1000 molecules with exact node ground truth
2026-08-04 08:04:18,364 | INFO    | molsanity | Scaffold split: 671 scaffolds over 1000 molecules (233 scaffold-less, 39.1% of molecules in multi-member groups) -> train 600 / val 100 / test 300
2026-08-04 08:04:22,724 | INFO    | molsanity | Saved early checkpoint @epoch 30 -> gcn_5cd787f93067a514_early.pt
2026-08-04 08:04:40,272 | INFO    | molsanity | Training done: best val_acc=1.000 @epoch 68 | test_acc=0.760 test_auc=0.995 T=1.495
2026-08-04 08:04:40,283 | INFO    | molsanity | Saved checkpoint gcn_5cd787f93067a514.pt
2026-08-04 08:04:40,300 | INFO    | molsanity | [cell MolMotifHard__GCN__IntegratedGradients__scaffold] auditing 200 molecules (capped from 300)
2026-08-04 08:04:40,303 | INFO    | molsanity | [cell MolMotifHard__GCN__IntegratedGradients__scaffold] auditing on 12 worker processes (CPU)
2026-08-04 08:04:40,688 | WARNING | molsanity | [cell MolMotifHard__GCN__IntegratedGradients__scaffold] worker pool failed (RuntimeError: Unable to handle autograd's threading in combination with fork-based multiprocessing. See https://github.com/pytorch/pytorch/wiki/Autograd-and-Fork) — falling back to the serial path for this cell
2026-08-04 08:05:41,080 | INFO    | molsanity | [cell MolMotifHard__GCN__IntegratedGradients__scaffold] 105/200 molecules (0.6s each, ~1 min left)
2026-08-04 08:06:35,714 | INFO    | molsanity | Wrote GT-validation figure: artifacts/figures/MolMotifHard__GCN__IntegratedGradients__scaffold/gt_validation.pdf (+ .svg)
2026-08-04 08:06:35,728 | INFO    | molsanity | Wrote molecule attribution SVG: artifacts/figures/MolMotifHard__GCN__IntegratedGradients__scaffold/case_molecule.svg (GT atoms: [7, 8, 9, 10, 19, 20, 21, 22, 45, 47, 48, 49])
2026-08-04 08:06:35,782 | INFO    | molsanity | [cell MolMotifHard__GCN__IntegratedGradients__scaffold__seed2] DONE — acc=0.78 gt_auroc=0.9723231275366908 n=200 (capped)
2026-08-04 08:06:35,792 | INFO    | molsanity | [stage cell_MolMotifHard__GCN__IntegratedGradients__random__seed0] running (77a7ff7a93cb04fd)
2026-08-04 08:06:37,626 | INFO    | molsanity | Tox21: reduced to single task #0 (NR-AR), 7258 labelled molecules
2026-08-04 08:06:37,862 | INFO    | molsanity | Loaded Tox21: 7258 graphs, checksum 09988a6b0bfc
2026-08-04 08:06:39,524 | INFO    | molsanity | MolMotif(carboxylic_acid): 1000 molecules (500 positive), mask = matched atoms grown by 1 bond(s)
2026-08-04 08:06:39,562 | INFO    | molsanity | Loaded MolMotif: 1000 molecules with exact node ground truth
2026-08-04 08:06:44,037 | INFO    | molsanity | Saved early checkpoint @epoch 30 -> gcn_b89b555a68c878e1_early.pt
2026-08-04 08:07:01,442 | INFO    | molsanity | Training done: best val_acc=1.000 @epoch 79 | test_acc=0.913 test_auc=0.999 T=1.079
2026-08-04 08:07:01,452 | INFO    | molsanity | Saved checkpoint gcn_b89b555a68c878e1.pt
2026-08-04 08:07:01,469 | INFO    | molsanity | [cell MolMotifHard__GCN__IntegratedGradients__random] auditing 200 molecules (capped from 300)
2026-08-04 08:07:01,472 | INFO    | molsanity | [cell MolMotifHard__GCN__IntegratedGradients__random] auditing on 12 worker processes (CPU)
2026-08-04 08:07:01,854 | WARNING | molsanity | [cell MolMotifHard__GCN__IntegratedGradients__random] worker pool failed (RuntimeError: Unable to handle autograd's threading in combination with fork-based multiprocessing. See https://github.com/pytorch/pytorch/wiki/Autograd-and-Fork) — falling back to the serial path for this cell
2026-08-04 08:08:02,137 | INFO    | molsanity | [cell MolMotifHard__GCN__IntegratedGradients__random] 106/200 molecules (0.6s each, ~1 min left)
2026-08-04 08:08:56,414 | INFO    | molsanity | Wrote GT-validation figure: artifacts/figures/MolMotifHard__GCN__IntegratedGradients__random/gt_validation.pdf (+ .svg)
2026-08-04 08:08:56,424 | INFO    | molsanity | Wrote molecule attribution SVG: artifacts/figures/MolMotifHard__GCN__IntegratedGradients__random/case_molecule.svg (GT atoms: [32, 33, 34, 35])
2026-08-04 08:08:56,469 | INFO    | molsanity | [cell MolMotifHard__GCN__IntegratedGradients__random__seed0] DONE — acc=0.91 gt_auroc=0.8503340759497364 n=200 (capped)
2026-08-04 08:08:56,486 | INFO    | molsanity | [stage cell_MolMotifHard__GCN__IntegratedGradients__random__seed1] running (c5e69f3e8583fd72)
2026-08-04 08:08:58,308 | INFO    | molsanity | Tox21: reduced to single task #0 (NR-AR), 7258 labelled molecules
2026-08-04 08:08:58,544 | INFO    | molsanity | Loaded Tox21: 7258 graphs, checksum 09988a6b0bfc
2026-08-04 08:09:00,204 | INFO    | molsanity | MolMotif(carboxylic_acid): 1000 molecules (500 positive), mask = matched atoms grown by 1 bond(s)
2026-08-04 08:09:00,242 | INFO    | molsanity | Loaded MolMotif: 1000 molecules with exact node ground truth
2026-08-04 08:09:04,641 | INFO    | molsanity | Saved early checkpoint @epoch 30 -> gcn_391cce82b79621b9_early.pt
2026-08-04 08:09:22,215 | INFO    | molsanity | Training done: best val_acc=1.000 @epoch 47 | test_acc=0.757 test_auc=0.976 T=1.168
2026-08-04 08:09:22,226 | INFO    | molsanity | Saved checkpoint gcn_391cce82b79621b9.pt
2026-08-04 08:09:22,243 | INFO    | molsanity | [cell MolMotifHard__GCN__IntegratedGradients__random] auditing 200 molecules (capped from 300)
2026-08-04 08:09:22,246 | INFO    | molsanity | [cell MolMotifHard__GCN__IntegratedGradients__random] auditing on 12 worker processes (CPU)
2026-08-04 08:09:22,630 | WARNING | molsanity | [cell MolMotifHard__GCN__IntegratedGradients__random] worker pool failed (RuntimeError: Unable to handle autograd's threading in combination with fork-based multiprocessing. See https://github.com/pytorch/pytorch/wiki/Autograd-and-Fork) — falling back to the serial path for this cell
2026-08-04 08:10:22,689 | INFO    | molsanity | [cell MolMotifHard__GCN__IntegratedGradients__random] 105/200 molecules (0.6s each, ~1 min left)
2026-08-04 08:11:18,242 | INFO    | molsanity | Wrote GT-validation figure: artifacts/figures/MolMotifHard__GCN__IntegratedGradients__random/gt_validation.pdf (+ .svg)
2026-08-04 08:11:18,257 | INFO    | molsanity | Wrote molecule attribution SVG: artifacts/figures/MolMotifHard__GCN__IntegratedGradients__random/case_molecule.svg (GT atoms: [26, 27, 28, 29])
2026-08-04 08:11:18,289 | INFO    | molsanity | [cell MolMotifHard__GCN__IntegratedGradients__random__seed1] DONE — acc=0.77 gt_auroc=0.9456413768475541 n=200 (capped)
2026-08-04 08:11:18,299 | INFO    | molsanity | [stage cell_MolMotifHard__GCN__IntegratedGradients__random__seed2] running (7f68c258903929bf)
2026-08-04 08:11:20,183 | INFO    | molsanity | Tox21: reduced to single task #0 (NR-AR), 7258 labelled molecules
2026-08-04 08:11:20,419 | INFO    | molsanity | Loaded Tox21: 7258 graphs, checksum 09988a6b0bfc
2026-08-04 08:11:22,098 | INFO    | molsanity | MolMotif(carboxylic_acid): 1000 molecules (500 positive), mask = matched atoms grown by 1 bond(s)
2026-08-04 08:11:22,137 | INFO    | molsanity | Loaded MolMotif: 1000 molecules with exact node ground truth
2026-08-04 08:11:26,537 | INFO    | molsanity | Saved early checkpoint @epoch 30 -> gcn_984fbd0aaa79476f_early.pt
2026-08-04 08:11:44,202 | INFO    | molsanity | Training done: best val_acc=1.000 @epoch 70 | test_acc=0.973 test_auc=0.988 T=0.371
2026-08-04 08:11:44,212 | INFO    | molsanity | Saved checkpoint gcn_984fbd0aaa79476f.pt
2026-08-04 08:11:44,229 | INFO    | molsanity | [cell MolMotifHard__GCN__IntegratedGradients__random] auditing 200 molecules (capped from 300)
2026-08-04 08:11:44,232 | INFO    | molsanity | [cell MolMotifHard__GCN__IntegratedGradients__random] auditing on 12 worker processes (CPU)
2026-08-04 08:11:44,632 | WARNING | molsanity | [cell MolMotifHard__GCN__IntegratedGradients__random] worker pool failed (RuntimeError: Unable to handle autograd's threading in combination with fork-based multiprocessing. See https://github.com/pytorch/pytorch/wiki/Autograd-and-Fork) — falling back to the serial path for this cell
2026-08-04 08:12:44,632 | INFO    | molsanity | [cell MolMotifHard__GCN__IntegratedGradients__random] 105/200 molecules (0.6s each, ~1 min left)
2026-08-04 08:13:40,656 | INFO    | molsanity | Wrote GT-validation figure: artifacts/figures/MolMotifHard__GCN__IntegratedGradients__random/gt_validation.pdf (+ .svg)
2026-08-04 08:13:40,665 | INFO    | molsanity | Wrote molecule attribution SVG: artifacts/figures/MolMotifHard__GCN__IntegratedGradients__random/case_molecule.svg (GT atoms: [32, 33, 34, 35])
2026-08-04 08:13:40,710 | INFO    | molsanity | [cell MolMotifHard__GCN__IntegratedGradients__random__seed2] DONE — acc=0.97 gt_auroc=0.9084014342848091 n=200 (capped)
2026-08-04 08:13:40,720 | INFO    | molsanity | [stage cell_MolMotifHard__GAT__IntegratedGradients__scaffold__seed0] running (7f1b224025ba2711)
2026-08-04 08:13:42,564 | INFO    | molsanity | Tox21: reduced to single task #0 (NR-AR), 7258 labelled molecules
2026-08-04 08:13:42,798 | INFO    | molsanity | Loaded Tox21: 7258 graphs, checksum 09988a6b0bfc
2026-08-04 08:13:44,458 | INFO    | molsanity | MolMotif(carboxylic_acid): 1000 molecules (500 positive), mask = matched atoms grown by 1 bond(s)
2026-08-04 08:13:44,497 | INFO    | molsanity | Loaded MolMotif: 1000 molecules with exact node ground truth
2026-08-04 08:13:44,910 | INFO    | molsanity | Scaffold split: 671 scaffolds over 1000 molecules (233 scaffold-less, 39.1% of molecules in multi-member groups) -> train 600 / val 100 / test 300
2026-08-04 08:13:52,553 | INFO    | molsanity | Saved early checkpoint @epoch 30 -> gat_1ca293bd2de576ab_early.pt
2026-08-04 08:14:22,431 | INFO    | molsanity | Training done: best val_acc=1.000 @epoch 31 | test_acc=0.957 test_auc=1.000 T=0.709
2026-08-04 08:14:22,444 | INFO    | molsanity | Saved checkpoint gat_1ca293bd2de576ab.pt
2026-08-04 08:14:22,463 | INFO    | molsanity | [cell MolMotifHard__GAT__IntegratedGradients__scaffold] auditing 200 molecules (capped from 300)
2026-08-04 08:14:22,468 | INFO    | molsanity | [cell MolMotifHard__GAT__IntegratedGradients__scaffold] auditing on 12 worker processes (CPU)
2026-08-04 08:14:22,880 | WARNING | molsanity | [cell MolMotifHard__GAT__IntegratedGradients__scaffold] worker pool failed (RuntimeError: Unable to handle autograd's threading in combination with fork-based multiprocessing. See https://github.com/pytorch/pytorch/wiki/Autograd-and-Fork) — falling back to the serial path for this cell
2026-08-04 08:15:23,116 | INFO    | molsanity | [cell MolMotifHard__GAT__IntegratedGradients__scaffold] 69/200 molecules (0.9s each, ~2 min left)
2026-08-04 08:16:23,307 | INFO    | molsanity | [cell MolMotifHard__GAT__IntegratedGradients__scaffold] 137/200 molecules (0.9s each, ~1 min left)
2026-08-04 08:17:21,176 | INFO    | molsanity | Wrote GT-validation figure: artifacts/figures/MolMotifHard__GAT__IntegratedGradients__scaffold/gt_validation.pdf (+ .svg)
2026-08-04 08:17:21,191 | INFO    | molsanity | Wrote molecule attribution SVG: artifacts/figures/MolMotifHard__GAT__IntegratedGradients__scaffold/case_molecule.svg (GT atoms: [7, 8, 9, 10, 19, 20, 21, 22, 45, 47, 48, 49])
2026-08-04 08:17:21,240 | INFO    | molsanity | [cell MolMotifHard__GAT__IntegratedGradients__scaffold__seed0] DONE — acc=0.96 gt_auroc=0.9081808445474281 n=200 (capped)
2026-08-04 08:17:21,250 | INFO    | molsanity | [stage cell_MolMotifHard__GAT__IntegratedGradients__scaffold__seed1] running (81ab4d5d64168f48)
2026-08-04 08:17:22,847 | INFO    | molsanity | Tox21: reduced to single task #0 (NR-AR), 7258 labelled molecules
2026-08-04 08:17:23,088 | INFO    | molsanity | Loaded Tox21: 7258 graphs, checksum 09988a6b0bfc
2026-08-04 08:17:25,031 | INFO    | molsanity | MolMotif(carboxylic_acid): 1000 molecules (500 positive), mask = matched atoms grown by 1 bond(s)
2026-08-04 08:17:25,069 | INFO    | molsanity | Loaded MolMotif: 1000 molecules with exact node ground truth
2026-08-04 08:17:25,487 | INFO    | molsanity | Scaffold split: 671 scaffolds over 1000 molecules (233 scaffold-less, 39.1% of molecules in multi-member groups) -> train 600 / val 100 / test 300
2026-08-04 08:17:32,984 | INFO    | molsanity | Saved early checkpoint @epoch 30 -> gat_bb5d81003111651c_early.pt
2026-08-04 08:18:03,024 | INFO    | molsanity | Training done: best val_acc=1.000 @epoch 30 | test_acc=0.950 test_auc=0.992 T=0.411
2026-08-04 08:18:03,036 | INFO    | molsanity | Saved checkpoint gat_bb5d81003111651c.pt
2026-08-04 08:18:03,054 | INFO    | molsanity | [cell MolMotifHard__GAT__IntegratedGradients__scaffold] auditing 200 molecules (capped from 300)
2026-08-04 08:18:03,059 | INFO    | molsanity | [cell MolMotifHard__GAT__IntegratedGradients__scaffold] auditing on 12 worker processes (CPU)
2026-08-04 08:18:03,460 | WARNING | molsanity | [cell MolMotifHard__GAT__IntegratedGradients__scaffold] worker pool failed (RuntimeError: Unable to handle autograd's threading in combination with fork-based multiprocessing. See https://github.com/pytorch/pytorch/wiki/Autograd-and-Fork) — falling back to the serial path for this cell
2026-08-04 08:19:04,261 | INFO    | molsanity | [cell MolMotifHard__GAT__IntegratedGradients__scaffold] 69/200 molecules (0.9s each, ~2 min left)
2026-08-04 08:20:05,027 | INFO    | molsanity | [cell MolMotifHard__GAT__IntegratedGradients__scaffold] 138/200 molecules (0.9s each, ~1 min left)
2026-08-04 08:21:00,023 | INFO    | molsanity | Wrote GT-validation figure: artifacts/figures/MolMotifHard__GAT__IntegratedGradients__scaffold/gt_validation.pdf (+ .svg)
2026-08-04 08:21:00,050 | INFO    | molsanity | Wrote molecule attribution SVG: artifacts/figures/MolMotifHard__GAT__IntegratedGradients__scaffold/case_molecule.svg (GT atoms: [7, 8, 9, 10, 19, 20, 21, 22, 45, 47, 48, 49])
2026-08-04 08:21:00,094 | INFO    | molsanity | [cell MolMotifHard__GAT__IntegratedGradients__scaffold__seed1] DONE — acc=0.95 gt_auroc=0.732434802512263 n=200 (capped)
2026-08-04 08:21:00,104 | INFO    | molsanity | [stage cell_MolMotifHard__GAT__IntegratedGradients__scaffold__seed2] running (53d98cf4eddcff3e)
2026-08-04 08:21:01,961 | INFO    | molsanity | Tox21: reduced to single task #0 (NR-AR), 7258 labelled molecules
2026-08-04 08:21:02,198 | INFO    | molsanity | Loaded Tox21: 7258 graphs, checksum 09988a6b0bfc
2026-08-04 08:21:03,893 | INFO    | molsanity | MolMotif(carboxylic_acid): 1000 molecules (500 positive), mask = matched atoms grown by 1 bond(s)
2026-08-04 08:21:03,934 | INFO    | molsanity | Loaded MolMotif: 1000 molecules with exact node ground truth
2026-08-04 08:21:04,353 | INFO    | molsanity | Scaffold split: 671 scaffolds over 1000 molecules (233 scaffold-less, 39.1% of molecules in multi-member groups) -> train 600 / val 100 / test 300
2026-08-04 08:21:11,820 | INFO    | molsanity | Saved early checkpoint @epoch 30 -> gat_73e2651b96f71083_early.pt
2026-08-04 08:21:41,897 | INFO    | molsanity | Training done: best val_acc=1.000 @epoch 27 | test_acc=0.970 test_auc=0.998 T=0.100
2026-08-04 08:21:41,908 | INFO    | molsanity | Saved checkpoint gat_73e2651b96f71083.pt
2026-08-04 08:21:41,927 | INFO    | molsanity | [cell MolMotifHard__GAT__IntegratedGradients__scaffold] auditing 200 molecules (capped from 300)
2026-08-04 08:21:41,931 | INFO    | molsanity | [cell MolMotifHard__GAT__IntegratedGradients__scaffold] auditing on 12 worker processes (CPU)
2026-08-04 08:21:42,355 | WARNING | molsanity | [cell MolMotifHard__GAT__IntegratedGradients__scaffold] worker pool failed (RuntimeError: Unable to handle autograd's threading in combination with fork-based multiprocessing. See https://github.com/pytorch/pytorch/wiki/Autograd-and-Fork) — falling back to the serial path for this cell
2026-08-04 08:22:43,260 | INFO    | molsanity | [cell MolMotifHard__GAT__IntegratedGradients__scaffold] 70/200 molecules (0.9s each, ~2 min left)
2026-08-04 08:23:43,902 | INFO    | molsanity | [cell MolMotifHard__GAT__IntegratedGradients__scaffold] 138/200 molecules (0.9s each, ~1 min left)
2026-08-04 08:24:40,007 | INFO    | molsanity | Wrote GT-validation figure: artifacts/figures/MolMotifHard__GAT__IntegratedGradients__scaffold/gt_validation.pdf (+ .svg)
2026-08-04 08:24:40,020 | INFO    | molsanity | Wrote molecule attribution SVG: artifacts/figures/MolMotifHard__GAT__IntegratedGradients__scaffold/case_molecule.svg (GT atoms: [7, 8, 9, 10, 19, 20, 21, 22, 45, 47, 48, 49])
2026-08-04 08:24:40,060 | INFO    | molsanity | [cell MolMotifHard__GAT__IntegratedGradients__scaffold__seed2] DONE — acc=0.96 gt_auroc=0.781639759296402 n=200 (capped)
2026-08-04 08:24:40,070 | INFO    | molsanity | [stage cell_MolMotifHard__GAT__IntegratedGradients__random__seed0] running (f8e0f9c50e538604)
2026-08-04 08:24:41,958 | INFO    | molsanity | Tox21: reduced to single task #0 (NR-AR), 7258 labelled molecules
2026-08-04 08:24:42,198 | INFO    | molsanity | Loaded Tox21: 7258 graphs, checksum 09988a6b0bfc
2026-08-04 08:24:43,890 | INFO    | molsanity | MolMotif(carboxylic_acid): 1000 molecules (500 positive), mask = matched atoms grown by 1 bond(s)
2026-08-04 08:24:43,932 | INFO    | molsanity | Loaded MolMotif: 1000 molecules with exact node ground truth
2026-08-04 08:24:51,606 | INFO    | molsanity | Saved early checkpoint @epoch 30 -> gat_b03500855763d4ba_early.pt
2026-08-04 08:25:21,864 | INFO    | molsanity | Training done: best val_acc=1.000 @epoch 19 | test_acc=0.983 test_auc=0.994 T=0.100
2026-08-04 08:25:21,877 | INFO    | molsanity | Saved checkpoint gat_b03500855763d4ba.pt
2026-08-04 08:25:21,897 | INFO    | molsanity | [cell MolMotifHard__GAT__IntegratedGradients__random] auditing 200 molecules (capped from 300)
2026-08-04 08:25:21,902 | INFO    | molsanity | [cell MolMotifHard__GAT__IntegratedGradients__random] auditing on 12 worker processes (CPU)
2026-08-04 08:25:22,338 | WARNING | molsanity | [cell MolMotifHard__GAT__IntegratedGradients__random] worker pool failed (RuntimeError: Unable to handle autograd's threading in combination with fork-based multiprocessing. See https://github.com/pytorch/pytorch/wiki/Autograd-and-Fork) — falling back to the serial path for this cell
2026-08-04 08:26:22,749 | INFO    | molsanity | [cell MolMotifHard__GAT__IntegratedGradients__random] 69/200 molecules (0.9s each, ~2 min left)
2026-08-04 08:27:23,111 | INFO    | molsanity | [cell MolMotifHard__GAT__IntegratedGradients__random] 136/200 molecules (0.9s each, ~1 min left)
2026-08-04 08:28:20,263 | INFO    | molsanity | Wrote GT-validation figure: artifacts/figures/MolMotifHard__GAT__IntegratedGradients__random/gt_validation.pdf (+ .svg)
2026-08-04 08:28:20,274 | INFO    | molsanity | Wrote molecule attribution SVG: artifacts/figures/MolMotifHard__GAT__IntegratedGradients__random/case_molecule.svg (GT atoms: [32, 33, 34, 35])
2026-08-04 08:28:20,309 | INFO    | molsanity | [cell MolMotifHard__GAT__IntegratedGradients__random__seed0] DONE — acc=0.98 gt_auroc=0.9287071735238328 n=200 (capped)
2026-08-04 08:28:20,326 | INFO    | molsanity | [stage cell_MolMotifHard__GAT__IntegratedGradients__random__seed1] running (9de412c400335b63)
2026-08-04 08:28:22,216 | INFO    | molsanity | Tox21: reduced to single task #0 (NR-AR), 7258 labelled molecules
2026-08-04 08:28:22,458 | INFO    | molsanity | Loaded Tox21: 7258 graphs, checksum 09988a6b0bfc
2026-08-04 08:28:24,160 | INFO    | molsanity | MolMotif(carboxylic_acid): 1000 molecules (500 positive), mask = matched atoms grown by 1 bond(s)
2026-08-04 08:28:24,199 | INFO    | molsanity | Loaded MolMotif: 1000 molecules with exact node ground truth
2026-08-04 08:28:31,997 | INFO    | molsanity | Saved early checkpoint @epoch 30 -> gat_b2f943edbf8ea671_early.pt
2026-08-04 08:29:02,752 | INFO    | molsanity | Training done: best val_acc=1.000 @epoch 25 | test_acc=0.920 test_auc=0.982 T=0.615
2026-08-04 08:29:02,765 | INFO    | molsanity | Saved checkpoint gat_b2f943edbf8ea671.pt
2026-08-04 08:29:02,784 | INFO    | molsanity | [cell MolMotifHard__GAT__IntegratedGradients__random] auditing 200 molecules (capped from 300)
2026-08-04 08:29:02,788 | INFO    | molsanity | [cell MolMotifHard__GAT__IntegratedGradients__random] auditing on 12 worker processes (CPU)
2026-08-04 08:29:03,235 | WARNING | molsanity | [cell MolMotifHard__GAT__IntegratedGradients__random] worker pool failed (RuntimeError: Unable to handle autograd's threading in combination with fork-based multiprocessing. See https://github.com/pytorch/pytorch/wiki/Autograd-and-Fork) — falling back to the serial path for this cell
2026-08-04 08:30:03,285 | INFO    | molsanity | [cell MolMotifHard__GAT__IntegratedGradients__random] 68/200 molecules (0.9s each, ~2 min left)
2026-08-04 08:31:03,578 | INFO    | molsanity | [cell MolMotifHard__GAT__IntegratedGradients__random] 135/200 molecules (0.9s each, ~1 min left)
2026-08-04 08:32:01,997 | INFO    | molsanity | Wrote GT-validation figure: artifacts/figures/MolMotifHard__GAT__IntegratedGradients__random/gt_validation.pdf (+ .svg)
2026-08-04 08:32:02,012 | INFO    | molsanity | Wrote molecule attribution SVG: artifacts/figures/MolMotifHard__GAT__IntegratedGradients__random/case_molecule.svg (GT atoms: [26, 27, 28, 29])
2026-08-04 08:32:02,055 | INFO    | molsanity | [cell MolMotifHard__GAT__IntegratedGradients__random__seed1] DONE — acc=0.92 gt_auroc=0.6633164534493319 n=200 (capped)
2026-08-04 08:32:02,065 | INFO    | molsanity | [stage cell_MolMotifHard__GAT__IntegratedGradients__random__seed2] running (e6e3d259a1061612)
2026-08-04 08:32:03,893 | INFO    | molsanity | Tox21: reduced to single task #0 (NR-AR), 7258 labelled molecules
2026-08-04 08:32:04,131 | INFO    | molsanity | Loaded Tox21: 7258 graphs, checksum 09988a6b0bfc
2026-08-04 08:32:05,801 | INFO    | molsanity | MolMotif(carboxylic_acid): 1000 molecules (500 positive), mask = matched atoms grown by 1 bond(s)
2026-08-04 08:32:05,841 | INFO    | molsanity | Loaded MolMotif: 1000 molecules with exact node ground truth
2026-08-04 08:32:13,468 | INFO    | molsanity | Saved early checkpoint @epoch 30 -> gat_e6bddaadb9a7380e_early.pt
2026-08-04 08:32:43,571 | INFO    | molsanity | Training done: best val_acc=1.000 @epoch 34 | test_acc=0.990 test_auc=1.000 T=0.522
2026-08-04 08:32:43,584 | INFO    | molsanity | Saved checkpoint gat_e6bddaadb9a7380e.pt
2026-08-04 08:32:43,603 | INFO    | molsanity | [cell MolMotifHard__GAT__IntegratedGradients__random] auditing 200 molecules (capped from 300)
2026-08-04 08:32:43,608 | INFO    | molsanity | [cell MolMotifHard__GAT__IntegratedGradients__random] auditing on 12 worker processes (CPU)
2026-08-04 08:32:44,028 | WARNING | molsanity | [cell MolMotifHard__GAT__IntegratedGradients__random] worker pool failed (RuntimeError: Unable to handle autograd's threading in combination with fork-based multiprocessing. See https://github.com/pytorch/pytorch/wiki/Autograd-and-Fork) — falling back to the serial path for this cell
2026-08-04 08:33:44,567 | INFO    | molsanity | [cell MolMotifHard__GAT__IntegratedGradients__random] 70/200 molecules (0.9s each, ~2 min left)
2026-08-04 08:34:44,929 | INFO    | molsanity | [cell MolMotifHard__GAT__IntegratedGradients__random] 139/200 molecules (0.9s each, ~1 min left)
2026-08-04 08:35:39,594 | INFO    | molsanity | Wrote GT-validation figure: artifacts/figures/MolMotifHard__GAT__IntegratedGradients__random/gt_validation.pdf (+ .svg)
2026-08-04 08:35:39,604 | INFO    | molsanity | Wrote molecule attribution SVG: artifacts/figures/MolMotifHard__GAT__IntegratedGradients__random/case_molecule.svg (GT atoms: [32, 33, 34, 35])
2026-08-04 08:35:39,649 | INFO    | molsanity | [cell MolMotifHard__GAT__IntegratedGradients__random__seed2] DONE — acc=0.99 gt_auroc=0.7878621890463006 n=200 (capped)
2026-08-04 08:35:39,659 | INFO    | molsanity | [stage cell_MolMotifHard__MPNN__IntegratedGradients__scaffold__seed0] running (2d7e654677a235bf)
2026-08-04 08:35:41,534 | INFO    | molsanity | Tox21: reduced to single task #0 (NR-AR), 7258 labelled molecules
2026-08-04 08:35:41,768 | INFO    | molsanity | Loaded Tox21: 7258 graphs, checksum 09988a6b0bfc
2026-08-04 08:35:43,438 | INFO    | molsanity | MolMotif(carboxylic_acid): 1000 molecules (500 positive), mask = matched atoms grown by 1 bond(s)
2026-08-04 08:35:43,476 | INFO    | molsanity | Loaded MolMotif: 1000 molecules with exact node ground truth
2026-08-04 08:35:43,894 | INFO    | molsanity | Scaffold split: 671 scaffolds over 1000 molecules (233 scaffold-less, 39.1% of molecules in multi-member groups) -> train 600 / val 100 / test 300
2026-08-04 08:35:48,923 | INFO    | molsanity | Saved early checkpoint @epoch 30 -> mpnn_f7ccd95cb2d7ff5f_early.pt
2026-08-04 08:36:08,161 | INFO    | molsanity | Training done: best val_acc=1.000 @epoch 46 | test_acc=0.987 test_auc=0.995 T=1.074
2026-08-04 08:36:08,182 | INFO    | molsanity | Saved checkpoint mpnn_f7ccd95cb2d7ff5f.pt
2026-08-04 08:36:08,223 | INFO    | molsanity | [cell MolMotifHard__MPNN__IntegratedGradients__scaffold] auditing 200 molecules (capped from 300)
2026-08-04 08:36:08,230 | INFO    | molsanity | [cell MolMotifHard__MPNN__IntegratedGradients__scaffold] auditing on 12 worker processes (CPU)
2026-08-04 08:36:08,661 | WARNING | molsanity | [cell MolMotifHard__MPNN__IntegratedGradients__scaffold] worker pool failed (RuntimeError: Unable to handle autograd's threading in combination with fork-based multiprocessing. See https://github.com/pytorch/pytorch/wiki/Autograd-and-Fork) — falling back to the serial path for this cell
2026-08-04 08:37:09,051 | INFO    | molsanity | [cell MolMotifHard__MPNN__IntegratedGradients__scaffold] 96/200 molecules (0.6s each, ~1 min left)
2026-08-04 08:38:09,329 | INFO    | molsanity | [cell MolMotifHard__MPNN__IntegratedGradients__scaffold] 193/200 molecules (0.6s each, ~0 min left)
2026-08-04 08:38:14,385 | INFO    | molsanity | Wrote GT-validation figure: artifacts/figures/MolMotifHard__MPNN__IntegratedGradients__scaffold/gt_validation.pdf (+ .svg)
2026-08-04 08:38:14,399 | INFO    | molsanity | Wrote molecule attribution SVG: artifacts/figures/MolMotifHard__MPNN__IntegratedGradients__scaffold/case_molecule.svg (GT atoms: [7, 8, 9, 10, 19, 20, 21, 22, 45, 47, 48, 49])
2026-08-04 08:38:14,447 | INFO    | molsanity | [cell MolMotifHard__MPNN__IntegratedGradients__scaffold__seed0] DONE — acc=0.98 gt_auroc=0.976133801654066 n=200 (capped)
2026-08-04 08:38:14,457 | INFO    | molsanity | [stage cell_MolMotifHard__MPNN__IntegratedGradients__scaffold__seed1] running (630dfecad3893b85)
2026-08-04 08:38:16,308 | INFO    | molsanity | Tox21: reduced to single task #0 (NR-AR), 7258 labelled molecules
2026-08-04 08:38:16,545 | INFO    | molsanity | Loaded Tox21: 7258 graphs, checksum 09988a6b0bfc
2026-08-04 08:38:18,252 | INFO    | molsanity | MolMotif(carboxylic_acid): 1000 molecules (500 positive), mask = matched atoms grown by 1 bond(s)
2026-08-04 08:38:18,293 | INFO    | molsanity | Loaded MolMotif: 1000 molecules with exact node ground truth
2026-08-04 08:38:18,723 | INFO    | molsanity | Scaffold split: 671 scaffolds over 1000 molecules (233 scaffold-less, 39.1% of molecules in multi-member groups) -> train 600 / val 100 / test 300
2026-08-04 08:38:23,560 | INFO    | molsanity | Saved early checkpoint @epoch 30 -> mpnn_c0f9acfc58474a48_early.pt
2026-08-04 08:38:42,496 | INFO    | molsanity | Training done: best val_acc=1.000 @epoch 38 | test_acc=0.990 test_auc=0.999 T=0.781
2026-08-04 08:38:42,516 | INFO    | molsanity | Saved checkpoint mpnn_c0f9acfc58474a48.pt
2026-08-04 08:38:42,549 | INFO    | molsanity | [cell MolMotifHard__MPNN__IntegratedGradients__scaffold] auditing 200 molecules (capped from 300)
2026-08-04 08:38:42,556 | INFO    | molsanity | [cell MolMotifHard__MPNN__IntegratedGradients__scaffold] auditing on 12 worker processes (CPU)
2026-08-04 08:38:43,003 | WARNING | molsanity | [cell MolMotifHard__MPNN__IntegratedGradients__scaffold] worker pool failed (RuntimeError: Unable to handle autograd's threading in combination with fork-based multiprocessing. See https://github.com/pytorch/pytorch/wiki/Autograd-and-Fork) — falling back to the serial path for this cell
2026-08-04 08:39:43,263 | INFO    | molsanity | [cell MolMotifHard__MPNN__IntegratedGradients__scaffold] 96/200 molecules (0.6s each, ~1 min left)
2026-08-04 08:40:43,435 | INFO    | molsanity | [cell MolMotifHard__MPNN__IntegratedGradients__scaffold] 193/200 molecules (0.6s each, ~0 min left)
2026-08-04 08:40:48,614 | INFO    | molsanity | Wrote GT-validation figure: artifacts/figures/MolMotifHard__MPNN__IntegratedGradients__scaffold/gt_validation.pdf (+ .svg)
2026-08-04 08:40:48,627 | INFO    | molsanity | Wrote molecule attribution SVG: artifacts/figures/MolMotifHard__MPNN__IntegratedGradients__scaffold/case_molecule.svg (GT atoms: [7, 8, 9, 10, 19, 20, 21, 22, 45, 47, 48, 49])
2026-08-04 08:40:48,659 | INFO    | molsanity | [cell MolMotifHard__MPNN__IntegratedGradients__scaffold__seed1] DONE — acc=0.98 gt_auroc=0.9377983658446041 n=200 (capped)
2026-08-04 08:40:48,669 | INFO    | molsanity | [stage cell_MolMotifHard__MPNN__IntegratedGradients__scaffold__seed2] running (35051b177d85a1b2)
2026-08-04 08:40:50,544 | INFO    | molsanity | Tox21: reduced to single task #0 (NR-AR), 7258 labelled molecules
2026-08-04 08:40:50,781 | INFO    | molsanity | Loaded Tox21: 7258 graphs, checksum 09988a6b0bfc
2026-08-04 08:40:52,458 | INFO    | molsanity | MolMotif(carboxylic_acid): 1000 molecules (500 positive), mask = matched atoms grown by 1 bond(s)
2026-08-04 08:40:52,496 | INFO    | molsanity | Loaded MolMotif: 1000 molecules with exact node ground truth
2026-08-04 08:40:52,917 | INFO    | molsanity | Scaffold split: 671 scaffolds over 1000 molecules (233 scaffold-less, 39.1% of molecules in multi-member groups) -> train 600 / val 100 / test 300
2026-08-04 08:40:57,705 | INFO    | molsanity | Saved early checkpoint @epoch 30 -> mpnn_bf2167e8379b8d37_early.pt
2026-08-04 08:41:16,564 | INFO    | molsanity | Training done: best val_acc=1.000 @epoch 48 | test_acc=0.993 test_auc=1.000 T=1.127
2026-08-04 08:41:16,584 | INFO    | molsanity | Saved checkpoint mpnn_bf2167e8379b8d37.pt
2026-08-04 08:41:16,616 | INFO    | molsanity | [cell MolMotifHard__MPNN__IntegratedGradients__scaffold] auditing 200 molecules (capped from 300)
2026-08-04 08:41:16,622 | INFO    | molsanity | [cell MolMotifHard__MPNN__IntegratedGradients__scaffold] auditing on 12 worker processes (CPU)
2026-08-04 08:41:17,064 | WARNING | molsanity | [cell MolMotifHard__MPNN__IntegratedGradients__scaffold] worker pool failed (RuntimeError: Unable to handle autograd's threading in combination with fork-based multiprocessing. See https://github.com/pytorch/pytorch/wiki/Autograd-and-Fork) — falling back to the serial path for this cell
2026-08-04 08:42:17,322 | INFO    | molsanity | [cell MolMotifHard__MPNN__IntegratedGradients__scaffold] 96/200 molecules (0.6s each, ~1 min left)
2026-08-04 08:43:17,387 | INFO    | molsanity | [cell MolMotifHard__MPNN__IntegratedGradients__scaffold] 193/200 molecules (0.6s each, ~0 min left)
2026-08-04 08:43:22,451 | INFO    | molsanity | Wrote GT-validation figure: artifacts/figures/MolMotifHard__MPNN__IntegratedGradients__scaffold/gt_validation.pdf (+ .svg)
2026-08-04 08:43:22,464 | INFO    | molsanity | Wrote molecule attribution SVG: artifacts/figures/MolMotifHard__MPNN__IntegratedGradients__scaffold/case_molecule.svg (GT atoms: [7, 8, 9, 10, 19, 20, 21, 22, 45, 47, 48, 49])
2026-08-04 08:43:22,527 | INFO    | molsanity | [cell MolMotifHard__MPNN__IntegratedGradients__scaffold__seed2] DONE — acc=0.99 gt_auroc=0.9823198195069943 n=200 (capped)
2026-08-04 08:43:22,536 | INFO    | molsanity | [stage cell_MolMotifHard__MPNN__IntegratedGradients__random__seed0] running (adbdca53a9dd4760)
2026-08-04 08:43:24,408 | INFO    | molsanity | Tox21: reduced to single task #0 (NR-AR), 7258 labelled molecules
2026-08-04 08:43:24,647 | INFO    | molsanity | Loaded Tox21: 7258 graphs, checksum 09988a6b0bfc
2026-08-04 08:43:26,334 | INFO    | molsanity | MolMotif(carboxylic_acid): 1000 molecules (500 positive), mask = matched atoms grown by 1 bond(s)
2026-08-04 08:43:26,373 | INFO    | molsanity | Loaded MolMotif: 1000 molecules with exact node ground truth
2026-08-04 08:43:31,252 | INFO    | molsanity | Saved early checkpoint @epoch 30 -> mpnn_c67a5889ca61b508_early.pt
2026-08-04 08:43:50,414 | INFO    | molsanity | Training done: best val_acc=1.000 @epoch 35 | test_acc=0.980 test_auc=0.998 T=0.319
2026-08-04 08:43:50,435 | INFO    | molsanity | Saved checkpoint mpnn_c67a5889ca61b508.pt
2026-08-04 08:43:50,467 | INFO    | molsanity | [cell MolMotifHard__MPNN__IntegratedGradients__random] auditing 200 molecules (capped from 300)
2026-08-04 08:43:50,474 | INFO    | molsanity | [cell MolMotifHard__MPNN__IntegratedGradients__random] auditing on 12 worker processes (CPU)
2026-08-04 08:43:50,933 | WARNING | molsanity | [cell MolMotifHard__MPNN__IntegratedGradients__random] worker pool failed (RuntimeError: Unable to handle autograd's threading in combination with fork-based multiprocessing. See https://github.com/pytorch/pytorch/wiki/Autograd-and-Fork) — falling back to the serial path for this cell
2026-08-04 08:44:51,465 | INFO    | molsanity | [cell MolMotifHard__MPNN__IntegratedGradients__random] 99/200 molecules (0.6s each, ~1 min left)
2026-08-04 08:45:51,899 | INFO    | molsanity | [cell MolMotifHard__MPNN__IntegratedGradients__random] 197/200 molecules (0.6s each, ~0 min left)
2026-08-04 08:45:54,599 | INFO    | molsanity | Wrote GT-validation figure: artifacts/figures/MolMotifHard__MPNN__IntegratedGradients__random/gt_validation.pdf (+ .svg)
2026-08-04 08:45:54,609 | INFO    | molsanity | Wrote molecule attribution SVG: artifacts/figures/MolMotifHard__MPNN__IntegratedGradients__random/case_molecule.svg (GT atoms: [32, 33, 34, 35])
2026-08-04 08:45:54,668 | INFO    | molsanity | [cell MolMotifHard__MPNN__IntegratedGradients__random__seed0] DONE — acc=0.97 gt_auroc=0.9231895134305398 n=200 (capped)
2026-08-04 08:45:54,677 | INFO    | molsanity | [stage cell_MolMotifHard__MPNN__IntegratedGradients__random__seed1] running (ea1071b846a3f5c7)
2026-08-04 08:45:56,530 | INFO    | molsanity | Tox21: reduced to single task #0 (NR-AR), 7258 labelled molecules
2026-08-04 08:45:56,771 | INFO    | molsanity | Loaded Tox21: 7258 graphs, checksum 09988a6b0bfc
2026-08-04 08:45:58,459 | INFO    | molsanity | MolMotif(carboxylic_acid): 1000 molecules (500 positive), mask = matched atoms grown by 1 bond(s)
2026-08-04 08:45:58,499 | INFO    | molsanity | Loaded MolMotif: 1000 molecules with exact node ground truth
2026-08-04 08:46:03,394 | INFO    | molsanity | Saved early checkpoint @epoch 30 -> mpnn_cb13f20b433dd52f_early.pt
2026-08-04 08:46:22,637 | INFO    | molsanity | Training done: best val_acc=1.000 @epoch 49 | test_acc=0.987 test_auc=0.999 T=0.133
2026-08-04 08:46:22,659 | INFO    | molsanity | Saved checkpoint mpnn_cb13f20b433dd52f.pt
2026-08-04 08:46:22,695 | INFO    | molsanity | [cell MolMotifHard__MPNN__IntegratedGradients__random] auditing 200 molecules (capped from 300)
2026-08-04 08:46:22,703 | INFO    | molsanity | [cell MolMotifHard__MPNN__IntegratedGradients__random] auditing on 12 worker processes (CPU)
2026-08-04 08:46:23,153 | WARNING | molsanity | [cell MolMotifHard__MPNN__IntegratedGradients__random] worker pool failed (RuntimeError: Unable to handle autograd's threading in combination with fork-based multiprocessing. See https://github.com/pytorch/pytorch/wiki/Autograd-and-Fork) — falling back to the serial path for this cell
2026-08-04 08:47:23,606 | INFO    | molsanity | [cell MolMotifHard__MPNN__IntegratedGradients__random] 99/200 molecules (0.6s each, ~1 min left)
2026-08-04 08:48:24,113 | INFO    | molsanity | [cell MolMotifHard__MPNN__IntegratedGradients__random] 195/200 molecules (0.6s each, ~0 min left)
2026-08-04 08:48:28,142 | INFO    | molsanity | Wrote GT-validation figure: artifacts/figures/MolMotifHard__MPNN__IntegratedGradients__random/gt_validation.pdf (+ .svg)
2026-08-04 08:48:28,158 | INFO    | molsanity | Wrote molecule attribution SVG: artifacts/figures/MolMotifHard__MPNN__IntegratedGradients__random/case_molecule.svg (GT atoms: [26, 27, 28, 29])
2026-08-04 08:48:28,219 | INFO    | molsanity | [cell MolMotifHard__MPNN__IntegratedGradients__random__seed1] DONE — acc=0.98 gt_auroc=0.9678255956108992 n=200 (capped)
2026-08-04 08:48:28,230 | INFO    | molsanity | [stage cell_MolMotifHard__MPNN__IntegratedGradients__random__seed2] running (6692eb913b28b607)
2026-08-04 08:48:30,075 | INFO    | molsanity | Tox21: reduced to single task #0 (NR-AR), 7258 labelled molecules
2026-08-04 08:48:30,312 | INFO    | molsanity | Loaded Tox21: 7258 graphs, checksum 09988a6b0bfc
2026-08-04 08:48:31,992 | INFO    | molsanity | MolMotif(carboxylic_acid): 1000 molecules (500 positive), mask = matched atoms grown by 1 bond(s)
2026-08-04 08:48:32,030 | INFO    | molsanity | Loaded MolMotif: 1000 molecules with exact node ground truth
2026-08-04 08:48:36,907 | INFO    | molsanity | Saved early checkpoint @epoch 30 -> mpnn_5ab6a0901988c72a_early.pt
2026-08-04 08:48:55,971 | INFO    | molsanity | Training done: best val_acc=1.000 @epoch 36 | test_acc=0.760 test_auc=0.991 T=1.727
2026-08-04 08:48:55,990 | INFO    | molsanity | Saved checkpoint mpnn_5ab6a0901988c72a.pt
2026-08-04 08:48:56,021 | INFO    | molsanity | [cell MolMotifHard__MPNN__IntegratedGradients__random] auditing 200 molecules (capped from 300)
2026-08-04 08:48:56,029 | INFO    | molsanity | [cell MolMotifHard__MPNN__IntegratedGradients__random] auditing on 12 worker processes (CPU)
2026-08-04 08:48:56,490 | WARNING | molsanity | [cell MolMotifHard__MPNN__IntegratedGradients__random] worker pool failed (RuntimeError: Unable to handle autograd's threading in combination with fork-based multiprocessing. See https://github.com/pytorch/pytorch/wiki/Autograd-and-Fork) — falling back to the serial path for this cell
2026-08-04 08:49:57,023 | INFO    | molsanity | [cell MolMotifHard__MPNN__IntegratedGradients__random] 99/200 molecules (0.6s each, ~1 min left)
2026-08-04 08:50:57,340 | INFO    | molsanity | [cell MolMotifHard__MPNN__IntegratedGradients__random] 196/200 molecules (0.6s each, ~0 min left)
2026-08-04 08:51:01,036 | INFO    | molsanity | Wrote GT-validation figure: artifacts/figures/MolMotifHard__MPNN__IntegratedGradients__random/gt_validation.pdf (+ .svg)
2026-08-04 08:51:01,045 | INFO    | molsanity | Wrote molecule attribution SVG: artifacts/figures/MolMotifHard__MPNN__IntegratedGradients__random/case_molecule.svg (GT atoms: [32, 33, 34, 35])
2026-08-04 08:51:01,078 | INFO    | molsanity | [cell MolMotifHard__MPNN__IntegratedGradients__random__seed2] DONE — acc=0.77 gt_auroc=0.9693179023534414 n=200 (capped)
2026-08-04 08:51:01,088 | INFO    | molsanity | [stage cell_MolMotifHard__AttentiveFP__IntegratedGradients__scaffold__seed0] running (1774fc60d2653f13)
2026-08-04 08:51:02,972 | INFO    | molsanity | Tox21: reduced to single task #0 (NR-AR), 7258 labelled molecules
2026-08-04 08:51:03,211 | INFO    | molsanity | Loaded Tox21: 7258 graphs, checksum 09988a6b0bfc
2026-08-04 08:51:04,902 | INFO    | molsanity | MolMotif(carboxylic_acid): 1000 molecules (500 positive), mask = matched atoms grown by 1 bond(s)
2026-08-04 08:51:04,941 | INFO    | molsanity | Loaded MolMotif: 1000 molecules with exact node ground truth
2026-08-04 08:51:05,362 | INFO    | molsanity | Scaffold split: 671 scaffolds over 1000 molecules (233 scaffold-less, 39.1% of molecules in multi-member groups) -> train 600 / val 100 / test 300
2026-08-04 08:51:14,771 | INFO    | molsanity | Saved early checkpoint @epoch 30 -> attentivefp_1a9dc5e8676a1b22_early.pt
2026-08-04 08:51:51,493 | INFO    | molsanity | Training done: best val_acc=1.000 @epoch 35 | test_acc=0.990 test_auc=0.995 T=0.350
2026-08-04 08:51:51,507 | INFO    | molsanity | Saved checkpoint attentivefp_1a9dc5e8676a1b22.pt
2026-08-04 08:51:51,528 | INFO    | molsanity | [cell MolMotifHard__AttentiveFP__IntegratedGradients__scaffold] auditing 200 molecules (capped from 300)
2026-08-04 08:51:51,533 | INFO    | molsanity | [cell MolMotifHard__AttentiveFP__IntegratedGradients__scaffold] auditing on 12 worker processes (CPU)
2026-08-04 08:51:51,993 | WARNING | molsanity | [cell MolMotifHard__AttentiveFP__IntegratedGradients__scaffold] worker pool failed (RuntimeError: Unable to handle autograd's threading in combination with fork-based multiprocessing. See https://github.com/pytorch/pytorch/wiki/Autograd-and-Fork) — falling back to the serial path for this cell
2026-08-04 08:52:52,102 | INFO    | molsanity | [cell MolMotifHard__AttentiveFP__IntegratedGradients__scaffold] 53/200 molecules (1.1s each, ~3 min left)
2026-08-04 08:53:52,612 | INFO    | molsanity | [cell MolMotifHard__AttentiveFP__IntegratedGradients__scaffold] 106/200 molecules (1.1s each, ~2 min left)
2026-08-04 08:54:53,206 | INFO    | molsanity | [cell MolMotifHard__AttentiveFP__IntegratedGradients__scaffold] 159/200 molecules (1.1s each, ~1 min left)
2026-08-04 08:55:41,181 | INFO    | molsanity | Wrote GT-validation figure: artifacts/figures/MolMotifHard__AttentiveFP__IntegratedGradients__scaffold/gt_validation.pdf (+ .svg)
2026-08-04 08:55:41,196 | INFO    | molsanity | Wrote molecule attribution SVG: artifacts/figures/MolMotifHard__AttentiveFP__IntegratedGradients__scaffold/case_molecule.svg (GT atoms: [7, 8, 9, 10, 19, 20, 21, 22, 45, 47, 48, 49])
2026-08-04 08:55:41,235 | INFO    | molsanity | [cell MolMotifHard__AttentiveFP__IntegratedGradients__scaffold__seed0] DONE — acc=0.99 gt_auroc=0.9091646582190515 n=200 (capped)
2026-08-04 08:55:41,245 | INFO    | molsanity | [stage cell_MolMotifHard__AttentiveFP__IntegratedGradients__scaffold__seed1] running (1f17701860311dc1)
2026-08-04 08:55:43,132 | INFO    | molsanity | Tox21: reduced to single task #0 (NR-AR), 7258 labelled molecules
2026-08-04 08:55:43,371 | INFO    | molsanity | Loaded Tox21: 7258 graphs, checksum 09988a6b0bfc
2026-08-04 08:55:45,058 | INFO    | molsanity | MolMotif(carboxylic_acid): 1000 molecules (500 positive), mask = matched atoms grown by 1 bond(s)
2026-08-04 08:55:45,097 | INFO    | molsanity | Loaded MolMotif: 1000 molecules with exact node ground truth
2026-08-04 08:55:45,520 | INFO    | molsanity | Scaffold split: 671 scaffolds over 1000 molecules (233 scaffold-less, 39.1% of molecules in multi-member groups) -> train 600 / val 100 / test 300
2026-08-04 08:55:54,704 | INFO    | molsanity | Saved early checkpoint @epoch 30 -> attentivefp_ad6ef7fa261df341_early.pt
2026-08-04 08:56:31,425 | INFO    | molsanity | Training done: best val_acc=1.000 @epoch 51 | test_acc=0.973 test_auc=0.998 T=0.864
2026-08-04 08:56:31,439 | INFO    | molsanity | Saved checkpoint attentivefp_ad6ef7fa261df341.pt
2026-08-04 08:56:31,460 | INFO    | molsanity | [cell MolMotifHard__AttentiveFP__IntegratedGradients__scaffold] auditing 200 molecules (capped from 300)
2026-08-04 08:56:31,465 | INFO    | molsanity | [cell MolMotifHard__AttentiveFP__IntegratedGradients__scaffold] auditing on 12 worker processes (CPU)
2026-08-04 08:56:31,932 | WARNING | molsanity | [cell MolMotifHard__AttentiveFP__IntegratedGradients__scaffold] worker pool failed (RuntimeError: Unable to handle autograd's threading in combination with fork-based multiprocessing. See https://github.com/pytorch/pytorch/wiki/Autograd-and-Fork) — falling back to the serial path for this cell
2026-08-04 08:57:32,243 | INFO    | molsanity | [cell MolMotifHard__AttentiveFP__IntegratedGradients__scaffold] 53/200 molecules (1.1s each, ~3 min left)
2026-08-04 08:58:32,620 | INFO    | molsanity | [cell MolMotifHard__AttentiveFP__IntegratedGradients__scaffold] 106/200 molecules (1.1s each, ~2 min left)
2026-08-04 08:59:32,828 | INFO    | molsanity | [cell MolMotifHard__AttentiveFP__IntegratedGradients__scaffold] 159/200 molecules (1.1s each, ~1 min left)
2026-08-04 09:00:20,045 | INFO    | molsanity | Wrote GT-validation figure: artifacts/figures/MolMotifHard__AttentiveFP__IntegratedGradients__scaffold/gt_validation.pdf (+ .svg)
2026-08-04 09:00:20,058 | INFO    | molsanity | Wrote molecule attribution SVG: artifacts/figures/MolMotifHard__AttentiveFP__IntegratedGradients__scaffold/case_molecule.svg (GT atoms: [7, 8, 9, 10, 19, 20, 21, 22, 45, 47, 48, 49])
2026-08-04 09:00:20,103 | INFO    | molsanity | [cell MolMotifHard__AttentiveFP__IntegratedGradients__scaffold__seed1] DONE — acc=0.98 gt_auroc=0.9174566898057384 n=200 (capped)
2026-08-04 09:00:20,113 | INFO    | molsanity | [stage cell_MolMotifHard__AttentiveFP__IntegratedGradients__scaffold__seed2] running (c254280e3e5a2897)
2026-08-04 09:00:21,955 | INFO    | molsanity | Tox21: reduced to single task #0 (NR-AR), 7258 labelled molecules
2026-08-04 09:00:22,191 | INFO    | molsanity | Loaded Tox21: 7258 graphs, checksum 09988a6b0bfc
2026-08-04 09:00:23,903 | INFO    | molsanity | MolMotif(carboxylic_acid): 1000 molecules (500 positive), mask = matched atoms grown by 1 bond(s)
2026-08-04 09:00:23,943 | INFO    | molsanity | Loaded MolMotif: 1000 molecules with exact node ground truth
2026-08-04 09:00:24,374 | INFO    | molsanity | Scaffold split: 671 scaffolds over 1000 molecules (233 scaffold-less, 39.1% of molecules in multi-member groups) -> train 600 / val 100 / test 300
2026-08-04 09:00:33,504 | INFO    | molsanity | Saved early checkpoint @epoch 30 -> attentivefp_4dff35c4c84812b1_early.pt
2026-08-04 09:01:10,181 | INFO    | molsanity | Training done: best val_acc=1.000 @epoch 33 | test_acc=0.960 test_auc=0.991 T=0.840
2026-08-04 09:01:10,199 | INFO    | molsanity | Saved checkpoint attentivefp_4dff35c4c84812b1.pt
2026-08-04 09:01:10,221 | INFO    | molsanity | [cell MolMotifHard__AttentiveFP__IntegratedGradients__scaffold] auditing 200 molecules (capped from 300)
2026-08-04 09:01:10,226 | INFO    | molsanity | [cell MolMotifHard__AttentiveFP__IntegratedGradients__scaffold] auditing on 12 worker processes (CPU)
2026-08-04 09:01:10,693 | WARNING | molsanity | [cell MolMotifHard__AttentiveFP__IntegratedGradients__scaffold] worker pool failed (RuntimeError: Unable to handle autograd's threading in combination with fork-based multiprocessing. See https://github.com/pytorch/pytorch/wiki/Autograd-and-Fork) — falling back to the serial path for this cell
2026-08-04 09:02:11,031 | INFO    | molsanity | [cell MolMotifHard__AttentiveFP__IntegratedGradients__scaffold] 53/200 molecules (1.1s each, ~3 min left)
2026-08-04 09:03:11,045 | INFO    | molsanity | [cell MolMotifHard__AttentiveFP__IntegratedGradients__scaffold] 106/200 molecules (1.1s each, ~2 min left)
2026-08-04 09:04:11,825 | INFO    | molsanity | [cell MolMotifHard__AttentiveFP__IntegratedGradients__scaffold] 159/200 molecules (1.1s each, ~1 min left)
2026-08-04 09:04:59,778 | INFO    | molsanity | Wrote GT-validation figure: artifacts/figures/MolMotifHard__AttentiveFP__IntegratedGradients__scaffold/gt_validation.pdf (+ .svg)
2026-08-04 09:04:59,804 | INFO    | molsanity | Wrote molecule attribution SVG: artifacts/figures/MolMotifHard__AttentiveFP__IntegratedGradients__scaffold/case_molecule.svg (GT atoms: [7, 8, 9, 10, 19, 20, 21, 22, 45, 47, 48, 49])
2026-08-04 09:04:59,850 | INFO    | molsanity | [cell MolMotifHard__AttentiveFP__IntegratedGradients__scaffold__seed2] DONE — acc=0.95 gt_auroc=0.8739042665607619 n=200 (capped)
2026-08-04 09:04:59,861 | INFO    | molsanity | [stage cell_MolMotifHard__AttentiveFP__IntegratedGradients__random__seed0] running (30da1717b5271a1b)
2026-08-04 09:05:01,735 | INFO    | molsanity | Tox21: reduced to single task #0 (NR-AR), 7258 labelled molecules
2026-08-04 09:05:01,975 | INFO    | molsanity | Loaded Tox21: 7258 graphs, checksum 09988a6b0bfc
2026-08-04 09:05:03,659 | INFO    | molsanity | MolMotif(carboxylic_acid): 1000 molecules (500 positive), mask = matched atoms grown by 1 bond(s)
2026-08-04 09:05:03,698 | INFO    | molsanity | Loaded MolMotif: 1000 molecules with exact node ground truth
2026-08-04 09:05:13,035 | INFO    | molsanity | Saved early checkpoint @epoch 30 -> attentivefp_eb73137915665d7f_early.pt
2026-08-04 09:05:50,015 | INFO    | molsanity | Training done: best val_acc=1.000 @epoch 35 | test_acc=0.967 test_auc=0.989 T=0.100
2026-08-04 09:05:50,029 | INFO    | molsanity | Saved checkpoint attentivefp_eb73137915665d7f.pt
2026-08-04 09:05:50,050 | INFO    | molsanity | [cell MolMotifHard__AttentiveFP__IntegratedGradients__random] auditing 200 molecules (capped from 300)
2026-08-04 09:05:50,055 | INFO    | molsanity | [cell MolMotifHard__AttentiveFP__IntegratedGradients__random] auditing on 12 worker processes (CPU)
2026-08-04 09:05:50,545 | WARNING | molsanity | [cell MolMotifHard__AttentiveFP__IntegratedGradients__random] worker pool failed (RuntimeError: Unable to handle autograd's threading in combination with fork-based multiprocessing. See https://github.com/pytorch/pytorch/wiki/Autograd-and-Fork) — falling back to the serial path for this cell
2026-08-04 09:06:51,603 | INFO    | molsanity | [cell MolMotifHard__AttentiveFP__IntegratedGradients__random] 54/200 molecules (1.1s each, ~3 min left)
2026-08-04 09:07:52,076 | INFO    | molsanity | [cell MolMotifHard__AttentiveFP__IntegratedGradients__random] 106/200 molecules (1.1s each, ~2 min left)
2026-08-04 09:08:52,398 | INFO    | molsanity | [cell MolMotifHard__AttentiveFP__IntegratedGradients__random] 159/200 molecules (1.1s each, ~1 min left)
2026-08-04 09:09:39,574 | INFO    | molsanity | Wrote GT-validation figure: artifacts/figures/MolMotifHard__AttentiveFP__IntegratedGradients__random/gt_validation.pdf (+ .svg)
2026-08-04 09:09:39,585 | INFO    | molsanity | Wrote molecule attribution SVG: artifacts/figures/MolMotifHard__AttentiveFP__IntegratedGradients__random/case_molecule.svg (GT atoms: [32, 33, 34, 35])
2026-08-04 09:09:39,647 | INFO    | molsanity | [cell MolMotifHard__AttentiveFP__IntegratedGradients__random__seed0] DONE — acc=0.96 gt_auroc=0.9550967454970305 n=200 (capped)
2026-08-04 09:09:39,657 | INFO    | molsanity | [stage cell_MolMotifHard__AttentiveFP__IntegratedGradients__random__seed1] running (98061def3dc2e7cf)
2026-08-04 09:09:41,504 | INFO    | molsanity | Tox21: reduced to single task #0 (NR-AR), 7258 labelled molecules
2026-08-04 09:09:41,738 | INFO    | molsanity | Loaded Tox21: 7258 graphs, checksum 09988a6b0bfc
2026-08-04 09:09:43,424 | INFO    | molsanity | MolMotif(carboxylic_acid): 1000 molecules (500 positive), mask = matched atoms grown by 1 bond(s)
2026-08-04 09:09:43,462 | INFO    | molsanity | Loaded MolMotif: 1000 molecules with exact node ground truth
2026-08-04 09:09:52,814 | INFO    | molsanity | Saved early checkpoint @epoch 30 -> attentivefp_fb066428d27752aa_early.pt
2026-08-04 09:10:29,599 | INFO    | molsanity | Training done: best val_acc=1.000 @epoch 35 | test_acc=0.977 test_auc=0.968 T=0.123
2026-08-04 09:10:29,614 | INFO    | molsanity | Saved checkpoint attentivefp_fb066428d27752aa.pt
2026-08-04 09:10:29,634 | INFO    | molsanity | [cell MolMotifHard__AttentiveFP__IntegratedGradients__random] auditing 200 molecules (capped from 300)
2026-08-04 09:10:29,639 | INFO    | molsanity | [cell MolMotifHard__AttentiveFP__IntegratedGradients__random] auditing on 12 worker processes (CPU)
2026-08-04 09:10:30,110 | WARNING | molsanity | [cell MolMotifHard__AttentiveFP__IntegratedGradients__random] worker pool failed (RuntimeError: Unable to handle autograd's threading in combination with fork-based multiprocessing. See https://github.com/pytorch/pytorch/wiki/Autograd-and-Fork) — falling back to the serial path for this cell
2026-08-04 09:11:30,999 | INFO    | molsanity | [cell MolMotifHard__AttentiveFP__IntegratedGradients__random] 54/200 molecules (1.1s each, ~3 min left)
2026-08-04 09:12:31,238 | INFO    | molsanity | [cell MolMotifHard__AttentiveFP__IntegratedGradients__random] 106/200 molecules (1.1s each, ~2 min left)
2026-08-04 09:13:31,662 | INFO    | molsanity | [cell MolMotifHard__AttentiveFP__IntegratedGradients__random] 159/200 molecules (1.1s each, ~1 min left)
2026-08-04 09:14:20,529 | INFO    | molsanity | Wrote GT-validation figure: artifacts/figures/MolMotifHard__AttentiveFP__IntegratedGradients__random/gt_validation.pdf (+ .svg)
2026-08-04 09:14:20,543 | INFO    | molsanity | Wrote molecule attribution SVG: artifacts/figures/MolMotifHard__AttentiveFP__IntegratedGradients__random/case_molecule.svg (GT atoms: [26, 27, 28, 29])
2026-08-04 09:14:20,575 | INFO    | molsanity | [cell MolMotifHard__AttentiveFP__IntegratedGradients__random__seed1] DONE — acc=0.98 gt_auroc=0.8776671343352404 n=200 (capped)
2026-08-04 09:14:20,592 | INFO    | molsanity | [stage cell_MolMotifHard__AttentiveFP__IntegratedGradients__random__seed2] running (2b1d60427a9d82df)
2026-08-04 09:14:22,500 | INFO    | molsanity | Tox21: reduced to single task #0 (NR-AR), 7258 labelled molecules
2026-08-04 09:14:22,741 | INFO    | molsanity | Loaded Tox21: 7258 graphs, checksum 09988a6b0bfc
2026-08-04 09:14:24,426 | INFO    | molsanity | MolMotif(carboxylic_acid): 1000 molecules (500 positive), mask = matched atoms grown by 1 bond(s)
2026-08-04 09:14:24,466 | INFO    | molsanity | Loaded MolMotif: 1000 molecules with exact node ground truth
2026-08-04 09:14:33,675 | INFO    | molsanity | Saved early checkpoint @epoch 30 -> attentivefp_489d24a916207be0_early.pt
2026-08-04 09:15:10,558 | INFO    | molsanity | Training done: best val_acc=1.000 @epoch 35 | test_acc=0.970 test_auc=0.985 T=0.585
2026-08-04 09:15:10,575 | INFO    | molsanity | Saved checkpoint attentivefp_489d24a916207be0.pt
2026-08-04 09:15:10,596 | INFO    | molsanity | [cell MolMotifHard__AttentiveFP__IntegratedGradients__random] auditing 200 molecules (capped from 300)
2026-08-04 09:15:10,600 | INFO    | molsanity | [cell MolMotifHard__AttentiveFP__IntegratedGradients__random] auditing on 12 worker processes (CPU)
2026-08-04 09:15:11,065 | WARNING | molsanity | [cell MolMotifHard__AttentiveFP__IntegratedGradients__random] worker pool failed (RuntimeError: Unable to handle autograd's threading in combination with fork-based multiprocessing. See https://github.com/pytorch/pytorch/wiki/Autograd-and-Fork) — falling back to the serial path for this cell
2026-08-04 09:16:11,947 | INFO    | molsanity | [cell MolMotifHard__AttentiveFP__IntegratedGradients__random] 54/200 molecules (1.1s each, ~3 min left)
2026-08-04 09:17:12,442 | INFO    | molsanity | [cell MolMotifHard__AttentiveFP__IntegratedGradients__random] 107/200 molecules (1.1s each, ~2 min left)
2026-08-04 09:18:13,561 | INFO    | molsanity | [cell MolMotifHard__AttentiveFP__IntegratedGradients__random] 160/200 molecules (1.1s each, ~1 min left)
2026-08-04 09:19:01,391 | INFO    | molsanity | Wrote GT-validation figure: artifacts/figures/MolMotifHard__AttentiveFP__IntegratedGradients__random/gt_validation.pdf (+ .svg)
2026-08-04 09:19:01,399 | INFO    | molsanity | Wrote molecule attribution SVG: artifacts/figures/MolMotifHard__AttentiveFP__IntegratedGradients__random/case_molecule.svg (GT atoms: [32, 33, 34, 35])
2026-08-04 09:19:01,431 | INFO    | molsanity | [cell MolMotifHard__AttentiveFP__IntegratedGradients__random__seed2] DONE — acc=0.97 gt_auroc=0.8011116369685078 n=200 (capped)
2026-08-04 09:19:01,860 | INFO    | molsanity | [stage cell_ShapeGGen__GINE__IntegratedGradients__scaffold__seed0] cache hit (d4ef1083ae7dfedd) — skipping
2026-08-04 09:19:01,861 | INFO    | molsanity | [cell ShapeGGen__GINE__IntegratedGradients__scaffold__seed0] DONE — acc=0.70 gt_auroc=0.768602481469148 n=50 (capped) [cached]
2026-08-04 09:19:02,636 | INFO    | molsanity | [stage cell_ShapeGGen__GINE__IntegratedGradients__scaffold__seed1] cache hit (95a40053862f39ea) — skipping
2026-08-04 09:19:02,636 | INFO    | molsanity | [cell ShapeGGen__GINE__IntegratedGradients__scaffold__seed1] DONE — acc=0.26 gt_auroc=0.703657040336207 n=50 (capped) [cached]
2026-08-04 09:19:03,051 | INFO    | molsanity | [stage cell_ShapeGGen__GINE__IntegratedGradients__scaffold__seed2] cache hit (874a57ac4d29580b) — skipping
2026-08-04 09:19:03,051 | INFO    | molsanity | [cell ShapeGGen__GINE__IntegratedGradients__scaffold__seed2] DONE — acc=0.78 gt_auroc=0.707840003052503 n=50 (capped) [cached]
2026-08-04 09:19:03,615 | INFO    | molsanity | [stage cell_ShapeGGen__GINE__IntegratedGradients__random__seed0] cache hit (e69b63396d58c4f5) — skipping
2026-08-04 09:19:03,615 | INFO    | molsanity | [cell ShapeGGen__GINE__IntegratedGradients__random__seed0] DONE — acc=0.74 gt_auroc=0.7316025759073379 n=50 (capped) [cached]
2026-08-04 09:19:04,156 | INFO    | molsanity | [stage cell_ShapeGGen__GINE__IntegratedGradients__random__seed1] cache hit (70e1877a81c0abff) — skipping
2026-08-04 09:19:04,156 | INFO    | molsanity | [cell ShapeGGen__GINE__IntegratedGradients__random__seed1] DONE — acc=0.82 gt_auroc=0.7162817404674897 n=50 (capped) [cached]
2026-08-04 09:19:04,723 | INFO    | molsanity | [stage cell_ShapeGGen__GINE__IntegratedGradients__random__seed2] cache hit (37bfd2771b757675) — skipping
2026-08-04 09:19:04,723 | INFO    | molsanity | [cell ShapeGGen__GINE__IntegratedGradients__random__seed2] DONE — acc=0.78 gt_auroc=0.751419329700282 n=50 (capped) [cached]
2026-08-04 09:19:05,114 | INFO    | molsanity | [stage cell_ShapeGGen__GINE__Saliency__scaffold__seed0] cache hit (c64c209572b27157) — skipping
2026-08-04 09:19:05,114 | INFO    | molsanity | [cell ShapeGGen__GINE__Saliency__scaffold__seed0] DONE — acc=0.70 gt_auroc=0.7985951022742688 n=50 (capped) [cached]
2026-08-04 09:19:05,564 | INFO    | molsanity | [stage cell_ShapeGGen__GINE__Saliency__scaffold__seed1] cache hit (3f632a0b5beea86a) — skipping
2026-08-04 09:19:05,564 | INFO    | molsanity | [cell ShapeGGen__GINE__Saliency__scaffold__seed1] DONE — acc=0.26 gt_auroc=0.7870773205189872 n=50 (capped) [cached]
2026-08-04 09:19:05,967 | INFO    | molsanity | [stage cell_ShapeGGen__GINE__Saliency__scaffold__seed2] cache hit (8b436ee0b6231128) — skipping
2026-08-04 09:19:05,968 | INFO    | molsanity | [cell ShapeGGen__GINE__Saliency__scaffold__seed2] DONE — acc=0.78 gt_auroc=0.7418841935841937 n=50 (capped) [cached]
2026-08-04 09:19:06,645 | INFO    | molsanity | [stage cell_ShapeGGen__GINE__Saliency__random__seed0] cache hit (8663ac3dc8be667c) — skipping
2026-08-04 09:19:06,645 | INFO    | molsanity | [cell ShapeGGen__GINE__Saliency__random__seed0] DONE — acc=0.74 gt_auroc=0.7617182034676082 n=50 (capped) [cached]
2026-08-04 09:19:07,350 | INFO    | molsanity | [stage cell_ShapeGGen__GINE__Saliency__random__seed1] cache hit (270ef55de1433ccc) — skipping
2026-08-04 09:19:07,350 | INFO    | molsanity | [cell ShapeGGen__GINE__Saliency__random__seed1] DONE — acc=0.82 gt_auroc=0.7762731758852207 n=50 (capped) [cached]
2026-08-04 09:19:07,948 | INFO    | molsanity | [stage cell_ShapeGGen__GINE__Saliency__random__seed2] cache hit (d5252c84bd1007e7) — skipping
2026-08-04 09:19:07,949 | INFO    | molsanity | [cell ShapeGGen__GINE__Saliency__random__seed2] DONE — acc=0.78 gt_auroc=0.769384145550217 n=50 (capped) [cached]
2026-08-04 09:19:08,377 | INFO    | molsanity | [stage cell_ShapeGGen__GINE__InputXGradient__scaffold__seed0] cache hit (a0b1f89f606a0770) — skipping
2026-08-04 09:19:08,378 | INFO    | molsanity | [cell ShapeGGen__GINE__InputXGradient__scaffold__seed0] DONE — acc=0.70 gt_auroc=0.7328869949494952 n=50 (capped) [cached]
2026-08-04 09:19:09,060 | INFO    | molsanity | [stage cell_ShapeGGen__GINE__InputXGradient__scaffold__seed1] cache hit (4c7ecebd88df668e) — skipping
2026-08-04 09:19:09,060 | INFO    | molsanity | [cell ShapeGGen__GINE__InputXGradient__scaffold__seed1] DONE — acc=0.26 gt_auroc=0.7163627045793713 n=50 (capped) [cached]
2026-08-04 09:19:09,483 | INFO    | molsanity | [stage cell_ShapeGGen__GINE__InputXGradient__scaffold__seed2] cache hit (fefe10089090109b) — skipping
2026-08-04 09:19:09,484 | INFO    | molsanity | [cell ShapeGGen__GINE__InputXGradient__scaffold__seed2] DONE — acc=0.78 gt_auroc=0.6764693934152268 n=50 (capped) [cached]
2026-08-04 09:19:10,142 | INFO    | molsanity | [stage cell_ShapeGGen__GINE__InputXGradient__random__seed0] cache hit (dba474bb9978b845) — skipping
2026-08-04 09:19:10,143 | INFO    | molsanity | [cell ShapeGGen__GINE__InputXGradient__random__seed0] DONE — acc=0.74 gt_auroc=0.7240912044304902 n=50 (capped) [cached]
2026-08-04 09:19:10,538 | INFO    | molsanity | [stage cell_ShapeGGen__GINE__InputXGradient__random__seed1] cache hit (0055c09711fc3798) — skipping
2026-08-04 09:19:10,538 | INFO    | molsanity | [cell ShapeGGen__GINE__InputXGradient__random__seed1] DONE — acc=0.82 gt_auroc=0.7180203965359777 n=50 (capped) [cached]
2026-08-04 09:19:11,008 | INFO    | molsanity | [stage cell_ShapeGGen__GINE__InputXGradient__random__seed2] cache hit (c761999c8611d2c2) — skipping
2026-08-04 09:19:11,009 | INFO    | molsanity | [cell ShapeGGen__GINE__InputXGradient__random__seed2] DONE — acc=0.78 gt_auroc=0.7320569259003783 n=50 (capped) [cached]
2026-08-04 09:19:11,441 | INFO    | molsanity | [stage cell_ShapeGGen__GINE__GuidedBackprop__scaffold__seed0] cache hit (b55ddd3487d243ff) — skipping
2026-08-04 09:19:11,441 | INFO    | molsanity | [cell ShapeGGen__GINE__GuidedBackprop__scaffold__seed0] DONE — acc=0.70 gt_auroc=0.8028543640001974 n=50 (capped) [cached]
2026-08-04 09:19:12,100 | INFO    | molsanity | [stage cell_ShapeGGen__GINE__GuidedBackprop__scaffold__seed1] cache hit (5ab331e6065f7394) — skipping
2026-08-04 09:19:12,101 | INFO    | molsanity | [cell ShapeGGen__GINE__GuidedBackprop__scaffold__seed1] DONE — acc=0.26 gt_auroc=0.833148354731688 n=50 (capped) [cached]
2026-08-04 09:19:12,508 | INFO    | molsanity | [stage cell_ShapeGGen__GINE__GuidedBackprop__scaffold__seed2] cache hit (94be335dede2a944) — skipping
2026-08-04 09:19:12,508 | INFO    | molsanity | [cell ShapeGGen__GINE__GuidedBackprop__scaffold__seed2] DONE — acc=0.78 gt_auroc=0.7727987293570626 n=50 (capped) [cached]
2026-08-04 09:19:13,233 | INFO    | molsanity | [stage cell_ShapeGGen__GINE__GuidedBackprop__random__seed0] cache hit (b59cedd47d579019) — skipping
2026-08-04 09:19:13,233 | INFO    | molsanity | [cell ShapeGGen__GINE__GuidedBackprop__random__seed0] DONE — acc=0.74 gt_auroc=0.7540469705558992 n=50 (capped) [cached]
2026-08-04 09:19:13,796 | INFO    | molsanity | [stage cell_ShapeGGen__GINE__GuidedBackprop__random__seed1] cache hit (d5206f9d6c72f37c) — skipping
2026-08-04 09:19:13,796 | INFO    | molsanity | [cell ShapeGGen__GINE__GuidedBackprop__random__seed1] DONE — acc=0.82 gt_auroc=0.7752071797056042 n=50 (capped) [cached]
2026-08-04 09:19:14,199 | INFO    | molsanity | [stage cell_ShapeGGen__GINE__GuidedBackprop__random__seed2] cache hit (72fcb526c0c3a433) — skipping
2026-08-04 09:19:14,200 | INFO    | molsanity | [cell ShapeGGen__GINE__GuidedBackprop__random__seed2] DONE — acc=0.78 gt_auroc=0.7909234349865302 n=50 (capped) [cached]
2026-08-04 09:19:14,817 | INFO    | molsanity | [stage cell_ShapeGGen__GINE__GNNExplainer__scaffold__seed0] cache hit (e932745a66556301) — skipping
2026-08-04 09:19:14,817 | INFO    | molsanity | [cell ShapeGGen__GINE__GNNExplainer__scaffold__seed0] DONE — acc=0.70 gt_auroc=0.7278227497810831 n=50 (capped) [cached]
2026-08-04 09:19:15,200 | INFO    | molsanity | [stage cell_ShapeGGen__GINE__GNNExplainer__scaffold__seed1] cache hit (2fc2b6ef72d91e65) — skipping
2026-08-04 09:19:15,200 | INFO    | molsanity | [cell ShapeGGen__GINE__GNNExplainer__scaffold__seed1] DONE — acc=0.26 gt_auroc=0.4991630559255559 n=50 (capped) [cached]
2026-08-04 09:19:15,867 | INFO    | molsanity | [stage cell_ShapeGGen__GINE__GNNExplainer__scaffold__seed2] cache hit (5c07671f8012851c) — skipping
2026-08-04 09:19:15,867 | INFO    | molsanity | [cell ShapeGGen__GINE__GNNExplainer__scaffold__seed2] DONE — acc=0.78 gt_auroc=0.49623726196642864 n=50 (capped) [cached]
2026-08-04 09:19:16,314 | INFO    | molsanity | [stage cell_ShapeGGen__GINE__GNNExplainer__random__seed0] cache hit (ead47b99d352cb37) — skipping
2026-08-04 09:19:16,314 | INFO    | molsanity | [cell ShapeGGen__GINE__GNNExplainer__random__seed0] DONE — acc=0.74 gt_auroc=0.5549694652789892 n=50 (capped) [cached]
2026-08-04 09:19:16,708 | INFO    | molsanity | [stage cell_ShapeGGen__GINE__GNNExplainer__random__seed1] cache hit (fb1e4d5f5e6b2ca4) — skipping
2026-08-04 09:19:16,708 | INFO    | molsanity | [cell ShapeGGen__GINE__GNNExplainer__random__seed1] DONE — acc=0.82 gt_auroc=0.6098561532033171 n=50 (capped) [cached]
2026-08-04 09:19:17,105 | INFO    | molsanity | [stage cell_ShapeGGen__GINE__GNNExplainer__random__seed2] cache hit (09ec524930286651) — skipping
2026-08-04 09:19:17,105 | INFO    | molsanity | [cell ShapeGGen__GINE__GNNExplainer__random__seed2] DONE — acc=0.78 gt_auroc=0.4831129766838101 n=50 (capped) [cached]
2026-08-04 09:19:17,813 | INFO    | molsanity | [stage cell_ShapeGGen__GINE__PGExplainer__scaffold__seed0] cache hit (18791108379d6f6c) — skipping
2026-08-04 09:19:17,814 | INFO    | molsanity | [cell ShapeGGen__GINE__PGExplainer__scaffold__seed0] DONE — acc=0.70 gt_auroc=0.4907962962962963 n=50 (capped) [cached]
2026-08-04 09:19:18,253 | INFO    | molsanity | [stage cell_ShapeGGen__GINE__PGExplainer__scaffold__seed1] cache hit (7ded5273e4efa69f) — skipping
2026-08-04 09:19:18,253 | INFO    | molsanity | [cell ShapeGGen__GINE__PGExplainer__scaffold__seed1] DONE — acc=0.26 gt_auroc=0.5952131785652619 n=50 (capped) [cached]
2026-08-04 09:19:18,688 | INFO    | molsanity | [stage cell_ShapeGGen__GINE__PGExplainer__scaffold__seed2] cache hit (507ff8cb84e2657b) — skipping
2026-08-04 09:19:18,688 | INFO    | molsanity | [cell ShapeGGen__GINE__PGExplainer__scaffold__seed2] DONE — acc=0.78 gt_auroc=0.6149051695218362 n=50 (capped) [cached]
2026-08-04 09:19:19,083 | INFO    | molsanity | [stage cell_ShapeGGen__GINE__PGExplainer__random__seed0] cache hit (2e65e0da9460f5a8) — skipping
2026-08-04 09:19:19,083 | INFO    | molsanity | [cell ShapeGGen__GINE__PGExplainer__random__seed0] DONE — acc=0.74 gt_auroc=0.5030558353683354 n=50 (capped) [cached]
2026-08-04 09:19:19,468 | INFO    | molsanity | [stage cell_ShapeGGen__GINE__PGExplainer__random__seed1] cache hit (9320ca1c73d1a513) — skipping
2026-08-04 09:19:19,468 | INFO    | molsanity | [cell ShapeGGen__GINE__PGExplainer__random__seed1] DONE — acc=0.82 gt_auroc=0.5058584091173377 n=50 (capped) [cached]
2026-08-04 09:19:20,013 | INFO    | molsanity | [stage cell_ShapeGGen__GINE__PGExplainer__random__seed2] cache hit (aaa23e13ac402f56) — skipping
2026-08-04 09:19:20,013 | INFO    | molsanity | [cell ShapeGGen__GINE__PGExplainer__random__seed2] DONE — acc=0.78 gt_auroc=0.4889872839792483 n=50 (capped) [cached]
2026-08-04 09:19:20,746 | INFO    | molsanity | [stage cell_ShapeGGen__GINE__SubgraphX__scaffold__seed0] cache hit (35b2931289882ea3) — skipping
2026-08-04 09:19:20,746 | INFO    | molsanity | [cell ShapeGGen__GINE__SubgraphX__scaffold__seed0] DONE — acc=0.70 gt_auroc=0.6659502442002443 n=50 (capped) [cached]
2026-08-04 09:19:21,175 | INFO    | molsanity | [stage cell_ShapeGGen__GINE__SubgraphX__scaffold__seed1] cache hit (ccba68296847ba2a) — skipping
2026-08-04 09:19:21,176 | INFO    | molsanity | [cell ShapeGGen__GINE__SubgraphX__scaffold__seed1] DONE — acc=0.26 gt_auroc=0.5811480463980465 n=50 (capped) [cached]
2026-08-04 09:19:21,807 | INFO    | molsanity | [stage cell_ShapeGGen__GINE__SubgraphX__scaffold__seed2] cache hit (aaf58e3b39ca0456) — skipping
2026-08-04 09:19:21,808 | INFO    | molsanity | [cell ShapeGGen__GINE__SubgraphX__scaffold__seed2] DONE — acc=0.78 gt_auroc=0.5481983294483296 n=50 (capped) [cached]
2026-08-04 09:19:22,254 | INFO    | molsanity | [stage cell_ShapeGGen__GINE__SubgraphX__random__seed0] cache hit (c847a8f910708844) — skipping
2026-08-04 09:19:22,255 | INFO    | molsanity | [cell ShapeGGen__GINE__SubgraphX__random__seed0] DONE — acc=0.74 gt_auroc=0.6757917637917638 n=50 (capped) [cached]
2026-08-04 09:19:22,695 | INFO    | molsanity | [stage cell_ShapeGGen__GINE__SubgraphX__random__seed1] cache hit (315c9ae015d88fa1) — skipping
2026-08-04 09:19:22,695 | INFO    | molsanity | [cell ShapeGGen__GINE__SubgraphX__random__seed1] DONE — acc=0.82 gt_auroc=0.6366717383923266 n=50 (capped) [cached]
2026-08-04 09:19:23,100 | INFO    | molsanity | [stage cell_ShapeGGen__GINE__SubgraphX__random__seed2] cache hit (065b41250923a691) — skipping
2026-08-04 09:19:23,100 | INFO    | molsanity | [cell ShapeGGen__GINE__SubgraphX__random__seed2] DONE — acc=0.78 gt_auroc=0.6197210289710289 n=50 (capped) [cached]
2026-08-04 09:19:23,493 | INFO    | molsanity | [stage cell_BBBP__GINE__IntegratedGradients__scaffold__seed0] cache hit (de2885aaef5dc35c) — skipping
2026-08-04 09:19:23,493 | INFO    | molsanity | [cell BBBP__GINE__IntegratedGradients__scaffold__seed0] DONE — acc=0.88 gt_auroc=nan n=200 (capped) [cached]
2026-08-04 09:19:24,118 | INFO    | molsanity | [stage cell_BBBP__GINE__IntegratedGradients__scaffold__seed1] cache hit (384b13e549ef2fa6) — skipping
2026-08-04 09:19:24,118 | INFO    | molsanity | [cell BBBP__GINE__IntegratedGradients__scaffold__seed1] DONE — acc=0.80 gt_auroc=nan n=200 (capped) [cached]
2026-08-04 09:19:24,542 | INFO    | molsanity | [stage cell_BBBP__GINE__IntegratedGradients__scaffold__seed2] cache hit (a660a3d92593d25c) — skipping
2026-08-04 09:19:24,543 | INFO    | molsanity | [cell BBBP__GINE__IntegratedGradients__scaffold__seed2] DONE — acc=0.81 gt_auroc=nan n=200 (capped) [cached]
2026-08-04 09:19:25,186 | INFO    | molsanity | [stage cell_BBBP__GINE__IntegratedGradients__random__seed0] cache hit (1766fee8e6f62e00) — skipping
2026-08-04 09:19:25,186 | INFO    | molsanity | [cell BBBP__GINE__IntegratedGradients__random__seed0] DONE — acc=0.74 gt_auroc=nan n=200 (capped) [cached]
2026-08-04 09:19:25,598 | INFO    | molsanity | [stage cell_BBBP__GINE__IntegratedGradients__random__seed1] cache hit (3a479b8c22ed04e9) — skipping
2026-08-04 09:19:25,599 | INFO    | molsanity | [cell BBBP__GINE__IntegratedGradients__random__seed1] DONE — acc=0.76 gt_auroc=nan n=200 (capped) [cached]
2026-08-04 09:19:25,982 | INFO    | molsanity | [stage cell_BBBP__GINE__IntegratedGradients__random__seed2] cache hit (58d4ccb56f722293) — skipping
2026-08-04 09:19:25,982 | INFO    | molsanity | [cell BBBP__GINE__IntegratedGradients__random__seed2] DONE — acc=0.69 gt_auroc=nan n=200 (capped) [cached]
2026-08-04 09:19:26,479 | INFO    | molsanity | [stage cell_BBBP__GCN__IntegratedGradients__scaffold__seed0] cache hit (edf4fa4acf7c015a) — skipping
2026-08-04 09:19:26,479 | INFO    | molsanity | [cell BBBP__GCN__IntegratedGradients__scaffold__seed0] DONE — acc=0.83 gt_auroc=nan n=200 (capped) [cached]
2026-08-04 09:19:26,893 | INFO    | molsanity | [stage cell_BBBP__GCN__IntegratedGradients__scaffold__seed1] cache hit (5ffe809bfbd74c2f) — skipping
2026-08-04 09:19:26,893 | INFO    | molsanity | [cell BBBP__GCN__IntegratedGradients__scaffold__seed1] DONE — acc=0.80 gt_auroc=nan n=200 (capped) [cached]
2026-08-04 09:19:27,282 | INFO    | molsanity | [stage cell_BBBP__GCN__IntegratedGradients__scaffold__seed2] cache hit (9c2a2c50982d7ef7) — skipping
2026-08-04 09:19:27,283 | INFO    | molsanity | [cell BBBP__GCN__IntegratedGradients__scaffold__seed2] DONE — acc=0.83 gt_auroc=nan n=200 (capped) [cached]
2026-08-04 09:19:27,800 | INFO    | molsanity | [stage cell_BBBP__GCN__IntegratedGradients__random__seed0] cache hit (97e624ae7bac4c6f) — skipping
2026-08-04 09:19:27,801 | INFO    | molsanity | [cell BBBP__GCN__IntegratedGradients__random__seed0] DONE — acc=0.73 gt_auroc=nan n=200 (capped) [cached]
2026-08-04 09:19:28,551 | INFO    | molsanity | [stage cell_BBBP__GCN__IntegratedGradients__random__seed1] cache hit (8fa850c34e93d915) — skipping
2026-08-04 09:19:28,551 | INFO    | molsanity | [cell BBBP__GCN__IntegratedGradients__random__seed1] DONE — acc=0.71 gt_auroc=nan n=200 (capped) [cached]
2026-08-04 09:19:28,986 | INFO    | molsanity | [stage cell_BBBP__GCN__IntegratedGradients__random__seed2] cache hit (6aec3bd316e4ac32) — skipping
2026-08-04 09:19:28,986 | INFO    | molsanity | [cell BBBP__GCN__IntegratedGradients__random__seed2] DONE — acc=0.78 gt_auroc=nan n=200 (capped) [cached]
2026-08-04 09:19:29,409 | INFO    | molsanity | [stage cell_BBBP__GAT__IntegratedGradients__scaffold__seed0] cache hit (b86bb3578f3a8ced) — skipping
2026-08-04 09:19:29,409 | INFO    | molsanity | [cell BBBP__GAT__IntegratedGradients__scaffold__seed0] DONE — acc=0.83 gt_auroc=nan n=200 (capped) [cached]
2026-08-04 09:19:30,177 | INFO    | molsanity | [stage cell_BBBP__GAT__IntegratedGradients__scaffold__seed1] cache hit (a53ed440b6dd82be) — skipping
2026-08-04 09:19:30,177 | INFO    | molsanity | [cell BBBP__GAT__IntegratedGradients__scaffold__seed1] DONE — acc=0.81 gt_auroc=nan n=200 (capped) [cached]
2026-08-04 09:19:30,620 | INFO    | molsanity | [stage cell_BBBP__GAT__IntegratedGradients__scaffold__seed2] cache hit (908766ed48fe9f6a) — skipping
2026-08-04 09:19:30,621 | INFO    | molsanity | [cell BBBP__GAT__IntegratedGradients__scaffold__seed2] DONE — acc=0.79 gt_auroc=nan n=200 (capped) [cached]
2026-08-04 09:19:31,282 | INFO    | molsanity | [stage cell_BBBP__GAT__IntegratedGradients__random__seed0] cache hit (4ef782b360928de3) — skipping
2026-08-04 09:19:31,282 | INFO    | molsanity | [cell BBBP__GAT__IntegratedGradients__random__seed0] DONE — acc=0.73 gt_auroc=nan n=200 (capped) [cached]
2026-08-04 09:19:31,794 | INFO    | molsanity | [stage cell_BBBP__GAT__IntegratedGradients__random__seed1] cache hit (897437302aa8e7cb) — skipping
2026-08-04 09:19:31,794 | INFO    | molsanity | [cell BBBP__GAT__IntegratedGradients__random__seed1] DONE — acc=0.74 gt_auroc=nan n=200 (capped) [cached]
2026-08-04 09:19:32,316 | INFO    | molsanity | [stage cell_BBBP__GAT__IntegratedGradients__random__seed2] cache hit (a28c2d80eef8438c) — skipping
2026-08-04 09:19:32,317 | INFO    | molsanity | [cell BBBP__GAT__IntegratedGradients__random__seed2] DONE — acc=0.73 gt_auroc=nan n=200 (capped) [cached]
2026-08-04 09:19:32,939 | INFO    | molsanity | [stage cell_BBBP__MPNN__IntegratedGradients__scaffold__seed0] cache hit (21c77251b1d3fd48) — skipping
2026-08-04 09:19:32,939 | INFO    | molsanity | [cell BBBP__MPNN__IntegratedGradients__scaffold__seed0] DONE — acc=0.81 gt_auroc=nan n=200 (capped) [cached]
2026-08-04 09:19:33,349 | INFO    | molsanity | [stage cell_BBBP__MPNN__IntegratedGradients__scaffold__seed1] cache hit (d606ccc3fac48414) — skipping
2026-08-04 09:19:33,349 | INFO    | molsanity | [cell BBBP__MPNN__IntegratedGradients__scaffold__seed1] DONE — acc=0.82 gt_auroc=nan n=200 (capped) [cached]
2026-08-04 09:19:33,930 | INFO    | molsanity | [stage cell_BBBP__MPNN__IntegratedGradients__scaffold__seed2] cache hit (03bda4f95316d57e) — skipping
2026-08-04 09:19:33,931 | INFO    | molsanity | [cell BBBP__MPNN__IntegratedGradients__scaffold__seed2] DONE — acc=0.82 gt_auroc=nan n=200 (capped) [cached]
2026-08-04 09:19:34,658 | INFO    | molsanity | [stage cell_BBBP__MPNN__IntegratedGradients__random__seed0] cache hit (259bfcff5920d193) — skipping
2026-08-04 09:19:34,658 | INFO    | molsanity | [cell BBBP__MPNN__IntegratedGradients__random__seed0] DONE — acc=0.74 gt_auroc=nan n=200 (capped) [cached]
2026-08-04 09:19:35,300 | INFO    | molsanity | [stage cell_BBBP__MPNN__IntegratedGradients__random__seed1] cache hit (71d15d32099b69f0) — skipping
2026-08-04 09:19:35,300 | INFO    | molsanity | [cell BBBP__MPNN__IntegratedGradients__random__seed1] DONE — acc=0.78 gt_auroc=nan n=200 (capped) [cached]
2026-08-04 09:19:35,702 | INFO    | molsanity | [stage cell_BBBP__MPNN__IntegratedGradients__random__seed2] cache hit (9c1171139589c678) — skipping
2026-08-04 09:19:35,702 | INFO    | molsanity | [cell BBBP__MPNN__IntegratedGradients__random__seed2] DONE — acc=0.76 gt_auroc=nan n=200 (capped) [cached]
2026-08-04 09:19:36,210 | INFO    | molsanity | [stage cell_BBBP__AttentiveFP__IntegratedGradients__scaffold__seed0] cache hit (d15112d2b5dbbdd6) — skipping
2026-08-04 09:19:36,210 | INFO    | molsanity | [cell BBBP__AttentiveFP__IntegratedGradients__scaffold__seed0] DONE — acc=0.88 gt_auroc=nan n=200 (capped) [cached]
2026-08-04 09:19:36,762 | INFO    | molsanity | [stage cell_BBBP__AttentiveFP__IntegratedGradients__scaffold__seed1] cache hit (2271f91f51f79b70) — skipping
2026-08-04 09:19:36,762 | INFO    | molsanity | [cell BBBP__AttentiveFP__IntegratedGradients__scaffold__seed1] DONE — acc=0.86 gt_auroc=nan n=200 (capped) [cached]
2026-08-04 09:19:37,335 | INFO    | molsanity | [stage cell_BBBP__AttentiveFP__IntegratedGradients__scaffold__seed2] cache hit (419204972c4f746f) — skipping
2026-08-04 09:19:37,336 | INFO    | molsanity | [cell BBBP__AttentiveFP__IntegratedGradients__scaffold__seed2] DONE — acc=0.83 gt_auroc=nan n=200 (capped) [cached]
2026-08-04 09:19:37,760 | INFO    | molsanity | [stage cell_BBBP__AttentiveFP__IntegratedGradients__random__seed0] cache hit (8d98cabf852eacf9) — skipping
2026-08-04 09:19:37,760 | INFO    | molsanity | [cell BBBP__AttentiveFP__IntegratedGradients__random__seed0] DONE — acc=0.79 gt_auroc=nan n=200 (capped) [cached]
2026-08-04 09:19:38,161 | INFO    | molsanity | [stage cell_BBBP__AttentiveFP__IntegratedGradients__random__seed1] cache hit (5d8e710bfc70d62c) — skipping
2026-08-04 09:19:38,162 | INFO    | molsanity | [cell BBBP__AttentiveFP__IntegratedGradients__random__seed1] DONE — acc=0.74 gt_auroc=nan n=200 (capped) [cached]
2026-08-04 09:19:38,830 | INFO    | molsanity | [stage cell_BBBP__AttentiveFP__IntegratedGradients__random__seed2] cache hit (ee8a665c47fe21d0) — skipping
2026-08-04 09:19:38,830 | INFO    | molsanity | [cell BBBP__AttentiveFP__IntegratedGradients__random__seed2] DONE — acc=0.74 gt_auroc=nan n=200 (capped) [cached]
2026-08-04 09:19:39,235 | INFO    | molsanity | [stage cell_BBBP__GINE__GNNExplainer__scaffold__seed0] cache hit (9ea6f0ba3d402502) — skipping
2026-08-04 09:19:39,236 | INFO    | molsanity | [cell BBBP__GINE__GNNExplainer__scaffold__seed0] DONE — acc=0.88 gt_auroc=nan n=200 (capped) [cached]
2026-08-04 09:19:39,654 | INFO    | molsanity | [stage cell_BBBP__GINE__GNNExplainer__scaffold__seed1] cache hit (18ac8ffde336472f) — skipping
2026-08-04 09:19:39,654 | INFO    | molsanity | [cell BBBP__GINE__GNNExplainer__scaffold__seed1] DONE — acc=0.80 gt_auroc=nan n=200 (capped) [cached]
2026-08-04 09:19:40,074 | INFO    | molsanity | [stage cell_BBBP__GINE__GNNExplainer__scaffold__seed2] cache hit (194839611df3d75b) — skipping
2026-08-04 09:19:40,074 | INFO    | molsanity | [cell BBBP__GINE__GNNExplainer__scaffold__seed2] DONE — acc=0.81 gt_auroc=nan n=200 (capped) [cached]
2026-08-04 09:19:40,757 | INFO    | molsanity | [stage cell_BBBP__GINE__GNNExplainer__random__seed0] cache hit (749f28a040b20fc0) — skipping
2026-08-04 09:19:40,758 | INFO    | molsanity | [cell BBBP__GINE__GNNExplainer__random__seed0] DONE — acc=0.74 gt_auroc=nan n=200 (capped) [cached]
2026-08-04 09:19:41,163 | INFO    | molsanity | [stage cell_BBBP__GINE__GNNExplainer__random__seed1] cache hit (f3100ac4ad9626d7) — skipping
2026-08-04 09:19:41,164 | INFO    | molsanity | [cell BBBP__GINE__GNNExplainer__random__seed1] DONE — acc=0.76 gt_auroc=nan n=200 (capped) [cached]
2026-08-04 09:19:41,692 | INFO    | molsanity | [stage cell_BBBP__GINE__GNNExplainer__random__seed2] cache hit (5a5bff4e1e597a0b) — skipping
2026-08-04 09:19:41,692 | INFO    | molsanity | [cell BBBP__GINE__GNNExplainer__random__seed2] DONE — acc=0.69 gt_auroc=nan n=200 (capped) [cached]
2026-08-04 09:19:42,205 | INFO    | molsanity | [stage cell_BBBP__GINE__PGExplainer__scaffold__seed0] cache hit (7af2d5e94804e354) — skipping
2026-08-04 09:19:42,205 | INFO    | molsanity | [cell BBBP__GINE__PGExplainer__scaffold__seed0] DONE — acc=0.88 gt_auroc=nan n=200 (capped) [cached]
2026-08-04 09:19:42,768 | INFO    | molsanity | [stage cell_BBBP__GINE__PGExplainer__scaffold__seed1] cache hit (d89eadc071ebd27d) — skipping
2026-08-04 09:19:42,769 | INFO    | molsanity | [cell BBBP__GINE__PGExplainer__scaffold__seed1] DONE — acc=0.80 gt_auroc=nan n=200 (capped) [cached]
2026-08-04 09:19:43,294 | INFO    | molsanity | [stage cell_BBBP__GINE__PGExplainer__scaffold__seed2] cache hit (68d3f6678da7ebb1) — skipping
2026-08-04 09:19:43,295 | INFO    | molsanity | [cell BBBP__GINE__PGExplainer__scaffold__seed2] DONE — acc=0.81 gt_auroc=nan n=200 (capped) [cached]
2026-08-04 09:19:43,723 | INFO    | molsanity | [stage cell_BBBP__GINE__PGExplainer__random__seed0] cache hit (083dc79dabd290f7) — skipping
2026-08-04 09:19:43,723 | INFO    | molsanity | [cell BBBP__GINE__PGExplainer__random__seed0] DONE — acc=0.74 gt_auroc=nan n=200 (capped) [cached]
2026-08-04 09:19:44,110 | INFO    | molsanity | [stage cell_BBBP__GINE__PGExplainer__random__seed1] cache hit (0bde44ef776b9bbb) — skipping
2026-08-04 09:19:44,110 | INFO    | molsanity | [cell BBBP__GINE__PGExplainer__random__seed1] DONE — acc=0.76 gt_auroc=nan n=200 (capped) [cached]
2026-08-04 09:19:44,753 | INFO    | molsanity | [stage cell_BBBP__GINE__PGExplainer__random__seed2] cache hit (be6ed06a29938302) — skipping
2026-08-04 09:19:44,754 | INFO    | molsanity | [cell BBBP__GINE__PGExplainer__random__seed2] DONE — acc=0.69 gt_auroc=nan n=200 (capped) [cached]
2026-08-04 09:19:45,118 | INFO    | molsanity | [stage cell_BACE__GINE__IntegratedGradients__scaffold__seed0] cache hit (3ae5e3e541bd5eae) — skipping
2026-08-04 09:19:45,118 | INFO    | molsanity | [cell BACE__GINE__IntegratedGradients__scaffold__seed0] DONE — acc=0.60 gt_auroc=nan n=200 (capped) [cached]
2026-08-04 09:19:45,537 | INFO    | molsanity | [stage cell_BACE__GINE__IntegratedGradients__scaffold__seed1] cache hit (e4a599128e87677c) — skipping
2026-08-04 09:19:45,538 | INFO    | molsanity | [cell BACE__GINE__IntegratedGradients__scaffold__seed1] DONE — acc=0.59 gt_auroc=nan n=200 (capped) [cached]
2026-08-04 09:19:45,933 | INFO    | molsanity | [stage cell_BACE__GINE__IntegratedGradients__scaffold__seed2] cache hit (4999df0e1a0d2912) — skipping
2026-08-04 09:19:45,933 | INFO    | molsanity | [cell BACE__GINE__IntegratedGradients__scaffold__seed2] DONE — acc=0.44 gt_auroc=nan n=200 (capped) [cached]
2026-08-04 09:19:46,370 | INFO    | molsanity | [stage cell_BACE__GINE__IntegratedGradients__random__seed0] cache hit (62bd5c98b624d17b) — skipping
2026-08-04 09:19:46,370 | INFO    | molsanity | [cell BACE__GINE__IntegratedGradients__random__seed0] DONE — acc=0.81 gt_auroc=nan n=200 (capped) [cached]
2026-08-04 09:19:46,975 | INFO    | molsanity | [stage cell_BACE__GINE__IntegratedGradients__random__seed1] cache hit (ef321e57338855b1) — skipping
2026-08-04 09:19:46,975 | INFO    | molsanity | [cell BACE__GINE__IntegratedGradients__random__seed1] DONE — acc=0.69 gt_auroc=nan n=200 (capped) [cached]
2026-08-04 09:19:47,470 | INFO    | molsanity | [stage cell_BACE__GINE__IntegratedGradients__random__seed2] cache hit (616493c37b3a4b48) — skipping
2026-08-04 09:19:47,470 | INFO    | molsanity | [cell BACE__GINE__IntegratedGradients__random__seed2] DONE — acc=0.69 gt_auroc=nan n=200 (capped) [cached]
2026-08-04 09:19:47,952 | INFO    | molsanity | [stage cell_BACE__GCN__IntegratedGradients__scaffold__seed0] cache hit (20c1431e85f251ee) — skipping
2026-08-04 09:19:47,952 | INFO    | molsanity | [cell BACE__GCN__IntegratedGradients__scaffold__seed0] DONE — acc=0.74 gt_auroc=nan n=200 (capped) [cached]
2026-08-04 09:19:48,484 | INFO    | molsanity | [stage cell_BACE__GCN__IntegratedGradients__scaffold__seed1] cache hit (e1cdac2473cc29b9) — skipping
2026-08-04 09:19:48,485 | INFO    | molsanity | [cell BACE__GCN__IntegratedGradients__scaffold__seed1] DONE — acc=0.36 gt_auroc=nan n=200 (capped) [cached]
2026-08-04 09:19:49,072 | INFO    | molsanity | [stage cell_BACE__GCN__IntegratedGradients__scaffold__seed2] cache hit (4ebfe2e47c838330) — skipping
2026-08-04 09:19:49,072 | INFO    | molsanity | [cell BACE__GCN__IntegratedGradients__scaffold__seed2] DONE — acc=0.78 gt_auroc=nan n=200 (capped) [cached]
2026-08-04 09:19:49,485 | INFO    | molsanity | [stage cell_BACE__GCN__IntegratedGradients__random__seed0] cache hit (50b899accda5e601) — skipping
2026-08-04 09:19:49,485 | INFO    | molsanity | [cell BACE__GCN__IntegratedGradients__random__seed0] DONE — acc=0.72 gt_auroc=nan n=200 (capped) [cached]
2026-08-04 09:19:50,163 | INFO    | molsanity | [stage cell_BACE__GCN__IntegratedGradients__random__seed1] cache hit (5a3b30e5ac79122c) — skipping
2026-08-04 09:19:50,163 | INFO    | molsanity | [cell BACE__GCN__IntegratedGradients__random__seed1] DONE — acc=0.58 gt_auroc=nan n=200 (capped) [cached]
2026-08-04 09:19:50,708 | INFO    | molsanity | [stage cell_BACE__GCN__IntegratedGradients__random__seed2] cache hit (097457d8917f414d) — skipping
2026-08-04 09:19:50,709 | INFO    | molsanity | [cell BACE__GCN__IntegratedGradients__random__seed2] DONE — acc=0.85 gt_auroc=nan n=200 (capped) [cached]
2026-08-04 09:19:51,249 | INFO    | molsanity | [stage cell_ESOL__GINE__IntegratedGradients__scaffold__seed0] cache hit (d58e8eda69e575b7) — skipping
2026-08-04 09:19:51,250 | INFO    | molsanity | [cell ESOL__GINE__IntegratedGradients__scaffold__seed0] DONE — rmse=0.982 r2=0.788 n=200 (capped) [cached]
2026-08-04 09:19:51,883 | INFO    | molsanity | [stage cell_ESOL__GINE__IntegratedGradients__scaffold__seed1] cache hit (0dc7d25b96ddc222) — skipping
2026-08-04 09:19:51,883 | INFO    | molsanity | [cell ESOL__GINE__IntegratedGradients__scaffold__seed1] DONE — rmse=1.023 r2=0.770 n=200 (capped) [cached]
2026-08-04 09:19:52,460 | INFO    | molsanity | [stage cell_ESOL__GINE__IntegratedGradients__scaffold__seed2] cache hit (e9faa96ffab1153a) — skipping
2026-08-04 09:19:52,460 | INFO    | molsanity | [cell ESOL__GINE__IntegratedGradients__scaffold__seed2] DONE — rmse=0.958 r2=0.798 n=200 (capped) [cached]
2026-08-04 09:19:52,892 | INFO    | molsanity | [stage cell_ESOL__GINE__IntegratedGradients__random__seed0] cache hit (8218e99ed9c0dc34) — skipping
2026-08-04 09:19:52,892 | INFO    | molsanity | [cell ESOL__GINE__IntegratedGradients__random__seed0] DONE — rmse=0.788 r2=0.869 n=200 (capped) [cached]
2026-08-04 09:19:53,587 | INFO    | molsanity | [stage cell_ESOL__GINE__IntegratedGradients__random__seed1] cache hit (d1ad8c89018b0c63) — skipping
2026-08-04 09:19:53,587 | INFO    | molsanity | [cell ESOL__GINE__IntegratedGradients__random__seed1] DONE — rmse=0.832 r2=0.825 n=200 (capped) [cached]
2026-08-04 09:19:53,956 | INFO    | molsanity | [stage cell_ESOL__GINE__IntegratedGradients__random__seed2] cache hit (27e8c3ec6510e3be) — skipping
2026-08-04 09:19:53,956 | INFO    | molsanity | [cell ESOL__GINE__IntegratedGradients__random__seed2] DONE — rmse=0.879 r2=0.833 n=200 (capped) [cached]
2026-08-04 09:19:54,472 | INFO    | molsanity | [stage cell_ESOL__GCN__IntegratedGradients__scaffold__seed0] cache hit (9a64904f2a42cfe5) — skipping
2026-08-04 09:19:54,473 | INFO    | molsanity | [cell ESOL__GCN__IntegratedGradients__scaffold__seed0] DONE — rmse=1.038 r2=0.763 n=200 (capped) [cached]
2026-08-04 09:19:55,047 | INFO    | molsanity | [stage cell_ESOL__GCN__IntegratedGradients__scaffold__seed1] cache hit (2521bc6d32ba93c5) — skipping
2026-08-04 09:19:55,048 | INFO    | molsanity | [cell ESOL__GCN__IntegratedGradients__scaffold__seed1] DONE — rmse=1.142 r2=0.713 n=200 (capped) [cached]
2026-08-04 09:19:55,585 | INFO    | molsanity | [stage cell_ESOL__GCN__IntegratedGradients__scaffold__seed2] cache hit (8741beb3a89ae40e) — skipping
2026-08-04 09:19:55,585 | INFO    | molsanity | [cell ESOL__GCN__IntegratedGradients__scaffold__seed2] DONE — rmse=1.034 r2=0.765 n=200 (capped) [cached]
2026-08-04 09:19:56,040 | INFO    | molsanity | [stage cell_ESOL__GCN__IntegratedGradients__random__seed0] cache hit (640aad6e80e96528) — skipping
2026-08-04 09:19:56,041 | INFO    | molsanity | [cell ESOL__GCN__IntegratedGradients__random__seed0] DONE — rmse=0.951 r2=0.809 n=200 (capped) [cached]
2026-08-04 09:19:56,542 | INFO    | molsanity | [stage cell_ESOL__GCN__IntegratedGradients__random__seed1] cache hit (cf42557ccdcf2c8c) — skipping
2026-08-04 09:19:56,543 | INFO    | molsanity | [cell ESOL__GCN__IntegratedGradients__random__seed1] DONE — rmse=0.929 r2=0.782 n=200 (capped) [cached]
2026-08-04 09:19:56,926 | INFO    | molsanity | [stage cell_ESOL__GCN__IntegratedGradients__random__seed2] cache hit (bdbc2f2468065ec0) — skipping
2026-08-04 09:19:56,927 | INFO    | molsanity | [cell ESOL__GCN__IntegratedGradients__random__seed2] DONE — rmse=0.961 r2=0.800 n=200 (capped) [cached]
2026-08-04 09:19:57,368 | INFO    | molsanity | [stage cell_ESOL__GAT__IntegratedGradients__scaffold__seed0] cache hit (c14e9c3d6cd726fc) — skipping
2026-08-04 09:19:57,368 | INFO    | molsanity | [cell ESOL__GAT__IntegratedGradients__scaffold__seed0] DONE — rmse=1.255 r2=0.653 n=200 (capped) [cached]
2026-08-04 09:19:57,774 | INFO    | molsanity | [stage cell_ESOL__GAT__IntegratedGradients__scaffold__seed1] cache hit (ec789b3b34ccbdac) — skipping
2026-08-04 09:19:57,774 | INFO    | molsanity | [cell ESOL__GAT__IntegratedGradients__scaffold__seed1] DONE — rmse=0.995 r2=0.782 n=200 (capped) [cached]
2026-08-04 09:19:58,159 | INFO    | molsanity | [stage cell_ESOL__GAT__IntegratedGradients__scaffold__seed2] cache hit (daffb86710b50308) — skipping
2026-08-04 09:19:58,159 | INFO    | molsanity | [cell ESOL__GAT__IntegratedGradients__scaffold__seed2] DONE — rmse=0.991 r2=0.784 n=200 (capped) [cached]
2026-08-04 09:19:58,534 | INFO    | molsanity | [stage cell_ESOL__GAT__IntegratedGradients__random__seed0] cache hit (4e7c72df1429bbbc) — skipping
2026-08-04 09:19:58,535 | INFO    | molsanity | [cell ESOL__GAT__IntegratedGradients__random__seed0] DONE — rmse=0.730 r2=0.888 n=200 (capped) [cached]
2026-08-04 09:19:58,972 | INFO    | molsanity | [stage cell_ESOL__GAT__IntegratedGradients__random__seed1] cache hit (951800e1cc2bd5e1) — skipping
2026-08-04 09:19:58,973 | INFO    | molsanity | [cell ESOL__GAT__IntegratedGradients__random__seed1] DONE — rmse=0.810 r2=0.834 n=200 (capped) [cached]
2026-08-04 09:19:59,383 | INFO    | molsanity | [stage cell_ESOL__GAT__IntegratedGradients__random__seed2] cache hit (f095ba43615fe14f) — skipping
2026-08-04 09:19:59,383 | INFO    | molsanity | [cell ESOL__GAT__IntegratedGradients__random__seed2] DONE — rmse=0.751 r2=0.878 n=200 (capped) [cached]
2026-08-04 09:19:59,793 | INFO    | molsanity | [stage cell_ESOL__GINE__GNNExplainer__scaffold__seed0] cache hit (66454b808323ef57) — skipping
2026-08-04 09:19:59,793 | INFO    | molsanity | [cell ESOL__GINE__GNNExplainer__scaffold__seed0] DONE — rmse=0.982 r2=0.788 n=200 (capped) [cached]
2026-08-04 09:20:00,251 | INFO    | molsanity | [stage cell_ESOL__GINE__GNNExplainer__scaffold__seed1] cache hit (f2e6ba35dc765167) — skipping
2026-08-04 09:20:00,252 | INFO    | molsanity | [cell ESOL__GINE__GNNExplainer__scaffold__seed1] DONE — rmse=1.023 r2=0.770 n=200 (capped) [cached]
2026-08-04 09:20:00,990 | INFO    | molsanity | [stage cell_ESOL__GINE__GNNExplainer__scaffold__seed2] cache hit (56b0ecaab25d064c) — skipping
2026-08-04 09:20:00,990 | INFO    | molsanity | [cell ESOL__GINE__GNNExplainer__scaffold__seed2] DONE — rmse=1.010 r2=0.775 n=200 (capped) [cached]
2026-08-04 09:20:01,619 | INFO    | molsanity | [stage cell_ESOL__GINE__GNNExplainer__random__seed0] cache hit (af707ff00bdea59b) — skipping
2026-08-04 09:20:01,619 | INFO    | molsanity | [cell ESOL__GINE__GNNExplainer__random__seed0] DONE — rmse=0.788 r2=0.869 n=200 (capped) [cached]
2026-08-04 09:20:02,042 | INFO    | molsanity | [stage cell_ESOL__GINE__GNNExplainer__random__seed1] cache hit (3238e78a3cdfde4c) — skipping
2026-08-04 09:20:02,042 | INFO    | molsanity | [cell ESOL__GINE__GNNExplainer__random__seed1] DONE — rmse=0.832 r2=0.825 n=200 (capped) [cached]
2026-08-04 09:20:02,605 | INFO    | molsanity | [stage cell_ESOL__GINE__GNNExplainer__random__seed2] cache hit (e440bdac1bdddbd6) — skipping
2026-08-04 09:20:02,606 | INFO    | molsanity | [cell ESOL__GINE__GNNExplainer__random__seed2] DONE — rmse=0.879 r2=0.833 n=200 (capped) [cached]
2026-08-04 09:20:02,990 | INFO    | molsanity | [stage cell_FreeSolv__GINE__IntegratedGradients__scaffold__seed0] cache hit (6f6b7ac165a83d7e) — skipping
2026-08-04 09:20:02,990 | INFO    | molsanity | [cell FreeSolv__GINE__IntegratedGradients__scaffold__seed0] DONE — rmse=1.416 r2=0.789 n=193 (capped) [cached]
2026-08-04 09:20:03,490 | INFO    | molsanity | [stage cell_FreeSolv__GINE__IntegratedGradients__scaffold__seed1] cache hit (27b9f0cf57ce8530) — skipping
2026-08-04 09:20:03,491 | INFO    | molsanity | [cell FreeSolv__GINE__IntegratedGradients__scaffold__seed1] DONE — rmse=1.193 r2=0.850 n=193 (capped) [cached]
2026-08-04 09:20:03,944 | INFO    | molsanity | [stage cell_FreeSolv__GINE__IntegratedGradients__scaffold__seed2] cache hit (21eb32cf42f2a377) — skipping
2026-08-04 09:20:03,945 | INFO    | molsanity | [cell FreeSolv__GINE__IntegratedGradients__scaffold__seed2] DONE — rmse=1.398 r2=0.795 n=193 (capped) [cached]
2026-08-04 09:20:04,348 | INFO    | molsanity | [stage cell_FreeSolv__GINE__IntegratedGradients__random__seed0] cache hit (e37e54902b3b27f2) — skipping
2026-08-04 09:20:04,349 | INFO    | molsanity | [cell FreeSolv__GINE__IntegratedGradients__random__seed0] DONE — rmse=1.486 r2=0.803 n=193 (capped) [cached]
2026-08-04 09:20:04,891 | INFO    | molsanity | [stage cell_FreeSolv__GINE__IntegratedGradients__random__seed1] cache hit (755629c999add9fa) — skipping
2026-08-04 09:20:04,891 | INFO    | molsanity | [cell FreeSolv__GINE__IntegratedGradients__random__seed1] DONE — rmse=1.346 r2=0.857 n=193 (capped) [cached]
2026-08-04 09:20:05,531 | INFO    | molsanity | [stage cell_FreeSolv__GINE__IntegratedGradients__random__seed2] cache hit (4fe3440a6afcfa1d) — skipping
2026-08-04 09:20:05,532 | INFO    | molsanity | [cell FreeSolv__GINE__IntegratedGradients__random__seed2] DONE — rmse=1.618 r2=0.830 n=193 (capped) [cached]
2026-08-04 09:20:06,100 | INFO    | molsanity | [stage cell_Lipophilicity__GINE__IntegratedGradients__scaffold__seed0] cache hit (8bcc4c919d375061) — skipping
2026-08-04 09:20:06,101 | INFO    | molsanity | [cell Lipophilicity__GINE__IntegratedGradients__scaffold__seed0] DONE — rmse=0.915 r2=0.429 n=200 (capped) [cached]
2026-08-04 09:20:06,615 | INFO    | molsanity | [stage cell_Lipophilicity__GINE__IntegratedGradients__scaffold__seed1] cache hit (440a30ae3e78e5fa) — skipping
2026-08-04 09:20:06,615 | INFO    | molsanity | [cell Lipophilicity__GINE__IntegratedGradients__scaffold__seed1] DONE — rmse=0.920 r2=0.424 n=200 (capped) [cached]
2026-08-04 09:20:07,169 | INFO    | molsanity | [stage cell_Lipophilicity__GINE__IntegratedGradients__scaffold__seed2] cache hit (14e20c3df0a423a6) — skipping
2026-08-04 09:20:07,169 | INFO    | molsanity | [cell Lipophilicity__GINE__IntegratedGradients__scaffold__seed2] DONE — rmse=0.924 r2=0.419 n=200 (capped) [cached]
2026-08-04 09:20:07,685 | INFO    | molsanity | [stage cell_Lipophilicity__GINE__IntegratedGradients__random__seed0] cache hit (e3a5ee20c3670067) — skipping
2026-08-04 09:20:07,686 | INFO    | molsanity | [cell Lipophilicity__GINE__IntegratedGradients__random__seed0] DONE — rmse=0.737 r2=0.617 n=200 (capped) [cached]
2026-08-04 09:20:08,359 | INFO    | molsanity | [stage cell_Lipophilicity__GINE__IntegratedGradients__random__seed1] cache hit (a94062edc9757ea9) — skipping
2026-08-04 09:20:08,360 | INFO    | molsanity | [cell Lipophilicity__GINE__IntegratedGradients__random__seed1] DONE — rmse=0.798 r2=0.527 n=200 (capped) [cached]
2026-08-04 09:20:08,995 | INFO    | molsanity | [stage cell_Lipophilicity__GINE__IntegratedGradients__random__seed2] cache hit (cff04b44b7374bca) — skipping
2026-08-04 09:20:08,995 | INFO    | molsanity | [cell Lipophilicity__GINE__IntegratedGradients__random__seed2] DONE — rmse=0.783 r2=0.563 n=200 (capped) [cached]
2026-08-04 09:20:09,550 | INFO    | molsanity | [stage cell_ClinTox__GINE__IntegratedGradients__scaffold__seed0] cache hit (e7553cbaecbe06bf) — skipping
2026-08-04 09:20:09,550 | INFO    | molsanity | [cell ClinTox__GINE__IntegratedGradients__scaffold__seed0] DONE — acc=0.58 gt_auroc=nan n=200 (capped) [cached]
2026-08-04 09:20:10,168 | INFO    | molsanity | [stage cell_ClinTox__GINE__IntegratedGradients__scaffold__seed1] cache hit (d653de273e3190ed) — skipping
2026-08-04 09:20:10,168 | INFO    | molsanity | [cell ClinTox__GINE__IntegratedGradients__scaffold__seed1] DONE — acc=0.71 gt_auroc=nan n=200 (capped) [cached]
2026-08-04 09:20:10,696 | INFO    | molsanity | [stage cell_ClinTox__GINE__IntegratedGradients__scaffold__seed2] cache hit (63930c030d071001) — skipping
2026-08-04 09:20:10,697 | INFO    | molsanity | [cell ClinTox__GINE__IntegratedGradients__scaffold__seed2] DONE — acc=0.72 gt_auroc=nan n=200 (capped) [cached]
2026-08-04 09:20:11,237 | INFO    | molsanity | [stage cell_ClinTox__GINE__IntegratedGradients__random__seed0] cache hit (0d7f68d396c9ca33) — skipping
2026-08-04 09:20:11,237 | INFO    | molsanity | [cell ClinTox__GINE__IntegratedGradients__random__seed0] DONE — acc=0.72 gt_auroc=nan n=200 (capped) [cached]
2026-08-04 09:20:11,641 | INFO    | molsanity | [stage cell_ClinTox__GINE__IntegratedGradients__random__seed1] cache hit (e4915976da24c8e9) — skipping
2026-08-04 09:20:11,642 | INFO    | molsanity | [cell ClinTox__GINE__IntegratedGradients__random__seed1] DONE — acc=0.76 gt_auroc=nan n=200 (capped) [cached]
2026-08-04 09:20:12,260 | INFO    | molsanity | [stage cell_ClinTox__GINE__IntegratedGradients__random__seed2] cache hit (a26afbddb86ca7ee) — skipping
2026-08-04 09:20:12,261 | INFO    | molsanity | [cell ClinTox__GINE__IntegratedGradients__random__seed2] DONE — acc=0.70 gt_auroc=nan n=200 (capped) [cached]
2026-08-04 09:20:12,801 | INFO    | molsanity | [stage cell_ClinTox__GINE__GNNExplainer__scaffold__seed0] cache hit (68d9c8f1051732d3) — skipping
2026-08-04 09:20:12,802 | INFO    | molsanity | [cell ClinTox__GINE__GNNExplainer__scaffold__seed0] DONE — acc=0.58 gt_auroc=nan n=200 (capped) [cached]
2026-08-04 09:20:13,372 | INFO    | molsanity | [stage cell_ClinTox__GINE__GNNExplainer__scaffold__seed1] cache hit (e1a152408651a22c) — skipping
2026-08-04 09:20:13,372 | INFO    | molsanity | [cell ClinTox__GINE__GNNExplainer__scaffold__seed1] DONE — acc=0.71 gt_auroc=nan n=200 (capped) [cached]
2026-08-04 09:20:13,798 | INFO    | molsanity | [stage cell_ClinTox__GINE__GNNExplainer__scaffold__seed2] cache hit (09a761b12378369a) — skipping
2026-08-04 09:20:13,799 | INFO    | molsanity | [cell ClinTox__GINE__GNNExplainer__scaffold__seed2] DONE — acc=0.72 gt_auroc=nan n=200 (capped) [cached]
2026-08-04 09:20:14,451 | INFO    | molsanity | [stage cell_ClinTox__GINE__GNNExplainer__random__seed0] cache hit (fef42c70558eae2f) — skipping
2026-08-04 09:20:14,451 | INFO    | molsanity | [cell ClinTox__GINE__GNNExplainer__random__seed0] DONE — acc=0.72 gt_auroc=nan n=200 (capped) [cached]
2026-08-04 09:20:15,130 | INFO    | molsanity | [stage cell_ClinTox__GINE__GNNExplainer__random__seed1] cache hit (3ee71b4ebfb09641) — skipping
2026-08-04 09:20:15,130 | INFO    | molsanity | [cell ClinTox__GINE__GNNExplainer__random__seed1] DONE — acc=0.76 gt_auroc=nan n=200 (capped) [cached]
2026-08-04 09:20:15,554 | INFO    | molsanity | [stage cell_ClinTox__GINE__GNNExplainer__random__seed2] cache hit (2a44b02629043836) — skipping
2026-08-04 09:20:15,554 | INFO    | molsanity | [cell ClinTox__GINE__GNNExplainer__random__seed2] DONE — acc=0.70 gt_auroc=nan n=200 (capped) [cached]
2026-08-04 09:20:16,147 | INFO    | molsanity | [stage cell_SIDER__GINE__IntegratedGradients__scaffold__seed0] cache hit (a762fc87d0bf5601) — skipping
2026-08-04 09:20:16,147 | INFO    | molsanity | [cell SIDER__GINE__IntegratedGradients__scaffold__seed0] DONE — acc=0.55 gt_auroc=nan n=200 (capped) [cached]
2026-08-04 09:20:16,578 | INFO    | molsanity | [stage cell_SIDER__GINE__IntegratedGradients__scaffold__seed1] cache hit (e628b8887d8eb0b1) — skipping
2026-08-04 09:20:16,578 | INFO    | molsanity | [cell SIDER__GINE__IntegratedGradients__scaffold__seed1] DONE — acc=0.56 gt_auroc=nan n=200 (capped) [cached]
2026-08-04 09:20:17,153 | INFO    | molsanity | [stage cell_SIDER__GINE__IntegratedGradients__scaffold__seed2] cache hit (1b62c8282e80444d) — skipping
2026-08-04 09:20:17,154 | INFO    | molsanity | [cell SIDER__GINE__IntegratedGradients__scaffold__seed2] DONE — acc=0.56 gt_auroc=nan n=200 (capped) [cached]
2026-08-04 09:20:17,552 | INFO    | molsanity | [stage cell_SIDER__GINE__IntegratedGradients__random__seed0] cache hit (ff853290aee210c4) — skipping
2026-08-04 09:20:17,553 | INFO    | molsanity | [cell SIDER__GINE__IntegratedGradients__random__seed0] DONE — acc=0.67 gt_auroc=nan n=200 (capped) [cached]
2026-08-04 09:20:18,008 | INFO    | molsanity | [stage cell_SIDER__GINE__IntegratedGradients__random__seed1] cache hit (aecc4fbded884979) — skipping
2026-08-04 09:20:18,008 | INFO    | molsanity | [cell SIDER__GINE__IntegratedGradients__random__seed1] DONE — acc=0.61 gt_auroc=nan n=200 (capped) [cached]
2026-08-04 09:20:18,564 | INFO    | molsanity | [stage cell_SIDER__GINE__IntegratedGradients__random__seed2] cache hit (12df6edbfbf228cc) — skipping
2026-08-04 09:20:18,564 | INFO    | molsanity | [cell SIDER__GINE__IntegratedGradients__random__seed2] DONE — acc=0.65 gt_auroc=nan n=200 (capped) [cached]
2026-08-04 09:20:19,137 | INFO    | molsanity | [stage cell_SIDER__GCN__IntegratedGradients__scaffold__seed0] cache hit (e38d53bdd320bfa9) — skipping
2026-08-04 09:20:19,138 | INFO    | molsanity | [cell SIDER__GCN__IntegratedGradients__scaffold__seed0] DONE — acc=0.57 gt_auroc=nan n=200 (capped) [cached]
2026-08-04 09:20:19,528 | INFO    | molsanity | [stage cell_SIDER__GCN__IntegratedGradients__scaffold__seed1] cache hit (4c4eadab25e4f847) — skipping
2026-08-04 09:20:19,529 | INFO    | molsanity | [cell SIDER__GCN__IntegratedGradients__scaffold__seed1] DONE — acc=0.56 gt_auroc=nan n=200 (capped) [cached]
2026-08-04 09:20:20,082 | INFO    | molsanity | [stage cell_SIDER__GCN__IntegratedGradients__scaffold__seed2] cache hit (37c938ece894be0a) — skipping
2026-08-04 09:20:20,083 | INFO    | molsanity | [cell SIDER__GCN__IntegratedGradients__scaffold__seed2] DONE — acc=0.59 gt_auroc=nan n=200 (capped) [cached]
2026-08-04 09:20:20,596 | INFO    | molsanity | [stage cell_SIDER__GCN__IntegratedGradients__random__seed0] cache hit (a03ebb8ef197a68d) — skipping
2026-08-04 09:20:20,597 | INFO    | molsanity | [cell SIDER__GCN__IntegratedGradients__random__seed0] DONE — acc=0.68 gt_auroc=nan n=200 (capped) [cached]
2026-08-04 09:20:21,038 | INFO    | molsanity | [stage cell_SIDER__GCN__IntegratedGradients__random__seed1] cache hit (171b58ef0496e5c9) — skipping
2026-08-04 09:20:21,038 | INFO    | molsanity | [cell SIDER__GCN__IntegratedGradients__random__seed1] DONE — acc=0.62 gt_auroc=nan n=200 (capped) [cached]
2026-08-04 09:20:21,444 | INFO    | molsanity | [stage cell_SIDER__GCN__IntegratedGradients__random__seed2] cache hit (ec44ca54c03dc64c) — skipping
2026-08-04 09:20:21,444 | INFO    | molsanity | [cell SIDER__GCN__IntegratedGradients__random__seed2] DONE — acc=0.63 gt_auroc=nan n=200 (capped) [cached]
2026-08-04 09:20:21,982 | INFO    | molsanity | [stage cell_Tox21__GINE__IntegratedGradients__scaffold__seed0] cache hit (2a79f2c0a48e2052) — skipping
2026-08-04 09:20:21,983 | INFO    | molsanity | [cell Tox21__GINE__IntegratedGradients__scaffold__seed0] DONE — acc=0.94 gt_auroc=nan n=200 (capped) [cached]
2026-08-04 09:20:22,637 | INFO    | molsanity | [stage cell_Tox21__GINE__IntegratedGradients__scaffold__seed1] cache hit (01be87936de580a2) — skipping
2026-08-04 09:20:22,637 | INFO    | molsanity | [cell Tox21__GINE__IntegratedGradients__scaffold__seed1] DONE — acc=0.96 gt_auroc=nan n=200 (capped) [cached]
2026-08-04 09:20:23,168 | INFO    | molsanity | [stage cell_Tox21__GINE__IntegratedGradients__scaffold__seed2] cache hit (cf5bc1861720e85e) — skipping
2026-08-04 09:20:23,168 | INFO    | molsanity | [cell Tox21__GINE__IntegratedGradients__scaffold__seed2] DONE — acc=0.92 gt_auroc=nan n=200 (capped) [cached]
2026-08-04 09:20:23,588 | INFO    | molsanity | [stage cell_Tox21__GINE__IntegratedGradients__random__seed0] cache hit (e117b2aa552d6fb6) — skipping
2026-08-04 09:20:23,588 | INFO    | molsanity | [cell Tox21__GINE__IntegratedGradients__random__seed0] DONE — acc=0.94 gt_auroc=nan n=200 (capped) [cached]
2026-08-04 09:20:23,976 | INFO    | molsanity | [stage cell_Tox21__GINE__IntegratedGradients__random__seed1] cache hit (fcf08d231c685ae3) — skipping
2026-08-04 09:20:23,976 | INFO    | molsanity | [cell Tox21__GINE__IntegratedGradients__random__seed1] DONE — acc=0.95 gt_auroc=nan n=200 (capped) [cached]
2026-08-04 09:20:24,635 | INFO    | molsanity | [stage cell_Tox21__GINE__IntegratedGradients__random__seed2] cache hit (85ddfea98e12cd3c) — skipping
2026-08-04 09:20:24,635 | INFO    | molsanity | [cell Tox21__GINE__IntegratedGradients__random__seed2] DONE — acc=0.93 gt_auroc=nan n=200 (capped) [cached]
2026-08-04 09:20:25,221 | INFO    | molsanity | [stage cell_BA-2Motifs__GINE__IntegratedGradients__scaffold__seed0] cache hit (1a20076619769e9c) — skipping
2026-08-04 09:20:25,222 | INFO    | molsanity | [cell BA-2Motifs__GINE__IntegratedGradients__scaffold__seed0] DONE — acc=0.39 gt_auroc=0.8853 n=200 (capped) [cached]
2026-08-04 09:20:25,769 | INFO    | molsanity | [stage cell_BA-2Motifs__GINE__IntegratedGradients__scaffold__seed1] cache hit (2393c39ec26f4b05) — skipping
2026-08-04 09:20:25,769 | INFO    | molsanity | [cell BA-2Motifs__GINE__IntegratedGradients__scaffold__seed1] DONE — acc=0.43 gt_auroc=0.8266499999999999 n=200 (capped) [cached]
2026-08-04 09:20:26,248 | INFO    | molsanity | [stage cell_BA-2Motifs__GINE__IntegratedGradients__scaffold__seed2] cache hit (b476e2088525000d) — skipping
2026-08-04 09:20:26,249 | INFO    | molsanity | [cell BA-2Motifs__GINE__IntegratedGradients__scaffold__seed2] DONE — acc=0.99 gt_auroc=0.85615 n=200 (capped) [cached]
2026-08-04 09:20:26,643 | INFO    | molsanity | [stage cell_BA-2Motifs__GINE__IntegratedGradients__random__seed0] cache hit (9e1837540070e5d1) — skipping
2026-08-04 09:20:26,644 | INFO    | molsanity | [cell BA-2Motifs__GINE__IntegratedGradients__random__seed0] DONE — acc=0.78 gt_auroc=0.9962000000000001 n=200 (capped) [cached]
2026-08-04 09:20:27,009 | INFO    | molsanity | [stage cell_BA-2Motifs__GINE__IntegratedGradients__random__seed1] cache hit (48db032102114365) — skipping
2026-08-04 09:20:27,009 | INFO    | molsanity | [cell BA-2Motifs__GINE__IntegratedGradients__random__seed1] DONE — acc=0.65 gt_auroc=1.0 n=200 (capped) [cached]
2026-08-04 09:20:27,637 | INFO    | molsanity | [stage cell_BA-2Motifs__GINE__IntegratedGradients__random__seed2] cache hit (af3ba8633c6f6ee0) — skipping
2026-08-04 09:20:27,637 | INFO    | molsanity | [cell BA-2Motifs__GINE__IntegratedGradients__random__seed2] DONE — acc=0.88 gt_auroc=0.9940000000000001 n=200 (capped) [cached]
2026-08-04 09:20:28,208 | INFO    | molsanity | [stage cell_BA-2Motifs__GINE__Saliency__scaffold__seed0] cache hit (6d401d815887c2cc) — skipping
2026-08-04 09:20:28,208 | INFO    | molsanity | [cell BA-2Motifs__GINE__Saliency__scaffold__seed0] DONE — acc=0.39 gt_auroc=0.9011 n=200 (capped) [cached]
2026-08-04 09:20:28,845 | INFO    | molsanity | [stage cell_BA-2Motifs__GINE__Saliency__scaffold__seed1] cache hit (ad55de7a2058b3c9) — skipping
2026-08-04 09:20:28,845 | INFO    | molsanity | [cell BA-2Motifs__GINE__Saliency__scaffold__seed1] DONE — acc=0.43 gt_auroc=0.9817000000000001 n=200 (capped) [cached]
2026-08-04 09:20:29,470 | INFO    | molsanity | [stage cell_BA-2Motifs__GINE__Saliency__scaffold__seed2] cache hit (e6152eb0807ba72a) — skipping
2026-08-04 09:20:29,471 | INFO    | molsanity | [cell BA-2Motifs__GINE__Saliency__scaffold__seed2] DONE — acc=0.99 gt_auroc=0.9270499999999999 n=200 (capped) [cached]
2026-08-04 09:20:29,882 | INFO    | molsanity | [stage cell_BA-2Motifs__GINE__Saliency__random__seed0] cache hit (2ca54770606dec25) — skipping
2026-08-04 09:20:29,883 | INFO    | molsanity | [cell BA-2Motifs__GINE__Saliency__random__seed0] DONE — acc=0.78 gt_auroc=0.9995 n=200 (capped) [cached]
2026-08-04 09:20:30,479 | INFO    | molsanity | [stage cell_BA-2Motifs__GINE__Saliency__random__seed1] cache hit (eabb1fc3c74eafff) — skipping
2026-08-04 09:20:30,479 | INFO    | molsanity | [cell BA-2Motifs__GINE__Saliency__random__seed1] DONE — acc=0.65 gt_auroc=0.9964000000000002 n=200 (capped) [cached]
2026-08-04 09:20:30,922 | INFO    | molsanity | [stage cell_BA-2Motifs__GINE__Saliency__random__seed2] cache hit (abc19219c0909b9c) — skipping
2026-08-04 09:20:30,922 | INFO    | molsanity | [cell BA-2Motifs__GINE__Saliency__random__seed2] DONE — acc=0.88 gt_auroc=0.92785 n=200 (capped) [cached]
2026-08-04 09:20:31,493 | INFO    | molsanity | [stage cell_BA-2Motifs__GINE__InputXGradient__scaffold__seed0] cache hit (13e4116188f4e51e) — skipping
2026-08-04 09:20:31,494 | INFO    | molsanity | [cell BA-2Motifs__GINE__InputXGradient__scaffold__seed0] DONE — acc=0.39 gt_auroc=0.9011 n=200 (capped) [cached]
2026-08-04 09:20:32,145 | INFO    | molsanity | [stage cell_BA-2Motifs__GINE__InputXGradient__scaffold__seed1] cache hit (bb971220f5c5e26d) — skipping
2026-08-04 09:20:32,145 | INFO    | molsanity | [cell BA-2Motifs__GINE__InputXGradient__scaffold__seed1] DONE — acc=0.43 gt_auroc=0.9817000000000001 n=200 (capped) [cached]
2026-08-04 09:20:32,590 | INFO    | molsanity | [stage cell_BA-2Motifs__GINE__InputXGradient__scaffold__seed2] cache hit (233c2fb58e9c0695) — skipping
2026-08-04 09:20:32,591 | INFO    | molsanity | [cell BA-2Motifs__GINE__InputXGradient__scaffold__seed2] DONE — acc=0.99 gt_auroc=0.9270499999999999 n=200 (capped) [cached]
2026-08-04 09:20:32,993 | INFO    | molsanity | [stage cell_BA-2Motifs__GINE__InputXGradient__random__seed0] cache hit (84dbbe7a4e587b77) — skipping
2026-08-04 09:20:32,993 | INFO    | molsanity | [cell BA-2Motifs__GINE__InputXGradient__random__seed0] DONE — acc=0.78 gt_auroc=0.9995 n=200 (capped) [cached]
2026-08-04 09:20:33,669 | INFO    | molsanity | [stage cell_BA-2Motifs__GINE__InputXGradient__random__seed1] cache hit (f431440a6d122124) — skipping
2026-08-04 09:20:33,669 | INFO    | molsanity | [cell BA-2Motifs__GINE__InputXGradient__random__seed1] DONE — acc=0.65 gt_auroc=0.9964000000000002 n=200 (capped) [cached]
2026-08-04 09:20:34,315 | INFO    | molsanity | [stage cell_BA-2Motifs__GINE__InputXGradient__random__seed2] cache hit (344cc4c3424ac5fd) — skipping
2026-08-04 09:20:34,316 | INFO    | molsanity | [cell BA-2Motifs__GINE__InputXGradient__random__seed2] DONE — acc=0.88 gt_auroc=0.92785 n=200 (capped) [cached]
2026-08-04 09:20:34,857 | INFO    | molsanity | [stage cell_BA-2Motifs__GINE__GuidedBackprop__scaffold__seed0] cache hit (ed7d5cd3c9fb5361) — skipping
2026-08-04 09:20:34,858 | INFO    | molsanity | [cell BA-2Motifs__GINE__GuidedBackprop__scaffold__seed0] DONE — acc=0.39 gt_auroc=0.6812999999999999 n=200 (capped) [cached]
2026-08-04 09:20:35,525 | INFO    | molsanity | [stage cell_BA-2Motifs__GINE__GuidedBackprop__scaffold__seed1] cache hit (40f63463b3753ec7) — skipping
2026-08-04 09:20:35,525 | INFO    | molsanity | [cell BA-2Motifs__GINE__GuidedBackprop__scaffold__seed1] DONE — acc=0.43 gt_auroc=0.9383500000000001 n=200 (capped) [cached]
2026-08-04 09:20:35,926 | INFO    | molsanity | [stage cell_BA-2Motifs__GINE__GuidedBackprop__scaffold__seed2] cache hit (5bd61ab32e014530) — skipping
2026-08-04 09:20:35,927 | INFO    | molsanity | [cell BA-2Motifs__GINE__GuidedBackprop__scaffold__seed2] DONE — acc=0.99 gt_auroc=0.9094 n=200 (capped) [cached]
2026-08-04 09:20:36,330 | INFO    | molsanity | [stage cell_BA-2Motifs__GINE__GuidedBackprop__random__seed0] cache hit (e77186ed69701e7f) — skipping
2026-08-04 09:20:36,331 | INFO    | molsanity | [cell BA-2Motifs__GINE__GuidedBackprop__random__seed0] DONE — acc=0.78 gt_auroc=0.9229 n=200 (capped) [cached]
2026-08-04 09:20:36,967 | INFO    | molsanity | [stage cell_BA-2Motifs__GINE__GuidedBackprop__random__seed1] cache hit (76bb18783cc82745) — skipping
2026-08-04 09:20:36,967 | INFO    | molsanity | [cell BA-2Motifs__GINE__GuidedBackprop__random__seed1] DONE — acc=0.65 gt_auroc=0.9629000000000001 n=200 (capped) [cached]
2026-08-04 09:20:37,381 | INFO    | molsanity | [stage cell_BA-2Motifs__GINE__GuidedBackprop__random__seed2] cache hit (55e0f44d804fdf5d) — skipping
2026-08-04 09:20:37,381 | INFO    | molsanity | [cell BA-2Motifs__GINE__GuidedBackprop__random__seed2] DONE — acc=0.88 gt_auroc=0.94825 n=200 (capped) [cached]
2026-08-04 09:20:37,921 | INFO    | molsanity | [stage cell_BA-2Motifs__GINE__GNNExplainer__scaffold__seed0] cache hit (0c7969ba032a469c) — skipping
2026-08-04 09:20:37,921 | INFO    | molsanity | [cell BA-2Motifs__GINE__GNNExplainer__scaffold__seed0] DONE — acc=0.39 gt_auroc=0.50565 n=200 (capped) [cached]
2026-08-04 09:20:38,687 | INFO    | molsanity | [stage cell_BA-2Motifs__GINE__GNNExplainer__scaffold__seed1] cache hit (fc63d8611dbbf90f) — skipping
2026-08-04 09:20:38,687 | INFO    | molsanity | [cell BA-2Motifs__GINE__GNNExplainer__scaffold__seed1] DONE — acc=0.43 gt_auroc=0.6555500000000001 n=200 (capped) [cached]
2026-08-04 09:20:39,224 | INFO    | molsanity | [stage cell_BA-2Motifs__GINE__GNNExplainer__scaffold__seed2] cache hit (129c81bd7fa5b89a) — skipping
2026-08-04 09:20:39,224 | INFO    | molsanity | [cell BA-2Motifs__GINE__GNNExplainer__scaffold__seed2] DONE — acc=0.99 gt_auroc=0.5259 n=200 (capped) [cached]
2026-08-04 09:20:39,915 | INFO    | molsanity | [stage cell_BA-2Motifs__GINE__GNNExplainer__random__seed0] cache hit (8c54b7a80c1b2409) — skipping
2026-08-04 09:20:39,916 | INFO    | molsanity | [cell BA-2Motifs__GINE__GNNExplainer__random__seed0] DONE — acc=0.78 gt_auroc=0.50115 n=200 (capped) [cached]
2026-08-04 09:20:40,335 | INFO    | molsanity | [stage cell_BA-2Motifs__GINE__GNNExplainer__random__seed1] cache hit (a6216cbfec316168) — skipping
2026-08-04 09:20:40,335 | INFO    | molsanity | [cell BA-2Motifs__GINE__GNNExplainer__random__seed1] DONE — acc=0.65 gt_auroc=0.4585 n=200 (capped) [cached]
2026-08-04 09:20:40,747 | INFO    | molsanity | [stage cell_BA-2Motifs__GINE__GNNExplainer__random__seed2] cache hit (cd0f05ec3de61c28) — skipping
2026-08-04 09:20:40,747 | INFO    | molsanity | [cell BA-2Motifs__GINE__GNNExplainer__random__seed2] DONE — acc=0.88 gt_auroc=0.5737000000000001 n=200 (capped) [cached]
2026-08-04 09:20:41,278 | INFO    | molsanity | [stage cell_BA-2Motifs__GINE__PGExplainer__scaffold__seed0] cache hit (0ac8a5329ae664b9) — skipping
2026-08-04 09:20:41,278 | INFO    | molsanity | [cell BA-2Motifs__GINE__PGExplainer__scaffold__seed0] DONE — acc=0.39 gt_auroc=0.9778 n=200 (capped) [cached]
2026-08-04 09:20:41,784 | INFO    | molsanity | [stage cell_BA-2Motifs__GINE__PGExplainer__scaffold__seed1] cache hit (43a870549f036340) — skipping
2026-08-04 09:20:41,784 | INFO    | molsanity | [cell BA-2Motifs__GINE__PGExplainer__scaffold__seed1] DONE — acc=0.43 gt_auroc=0.9484 n=200 (capped) [cached]
2026-08-04 09:20:42,352 | INFO    | molsanity | [stage cell_BA-2Motifs__GINE__PGExplainer__scaffold__seed2] cache hit (b56911c908e22439) — skipping
2026-08-04 09:20:42,352 | INFO    | molsanity | [cell BA-2Motifs__GINE__PGExplainer__scaffold__seed2] DONE — acc=0.99 gt_auroc=0.73065 n=200 (capped) [cached]
2026-08-04 09:20:42,779 | INFO    | molsanity | [stage cell_BA-2Motifs__GINE__PGExplainer__random__seed0] cache hit (b4d573e3462ff45d) — skipping
2026-08-04 09:20:42,779 | INFO    | molsanity | [cell BA-2Motifs__GINE__PGExplainer__random__seed0] DONE — acc=0.78 gt_auroc=0.4854 n=200 (capped) [cached]
2026-08-04 09:20:43,402 | INFO    | molsanity | [stage cell_BA-2Motifs__GINE__PGExplainer__random__seed1] cache hit (9953b37606eb8adb) — skipping
2026-08-04 09:20:43,402 | INFO    | molsanity | [cell BA-2Motifs__GINE__PGExplainer__random__seed1] DONE — acc=0.65 gt_auroc=0.6038000000000001 n=200 (capped) [cached]
2026-08-04 09:20:43,772 | INFO    | molsanity | [stage cell_BA-2Motifs__GINE__PGExplainer__random__seed2] cache hit (21e97723c03dbaa5) — skipping
2026-08-04 09:20:43,772 | INFO    | molsanity | [cell BA-2Motifs__GINE__PGExplainer__random__seed2] DONE — acc=0.88 gt_auroc=0.10402499999999999 n=200 (capped) [cached]
2026-08-04 09:20:44,473 | INFO    | molsanity | [stage cell_DILI__GINE__IntegratedGradients__scaffold__seed0] cache hit (444a084109d53258) — skipping
2026-08-04 09:20:44,473 | INFO    | molsanity | [cell DILI__GINE__IntegratedGradients__scaffold__seed0] DONE — acc=0.73 gt_auroc=nan n=142 (capped) [cached]
2026-08-04 09:20:45,233 | INFO    | molsanity | [stage cell_DILI__GINE__IntegratedGradients__scaffold__seed1] cache hit (47f93e28058fd600) — skipping
2026-08-04 09:20:45,234 | INFO    | molsanity | [cell DILI__GINE__IntegratedGradients__scaffold__seed1] DONE — acc=0.70 gt_auroc=nan n=142 (capped) [cached]
2026-08-04 09:20:45,963 | INFO    | molsanity | [stage cell_DILI__GINE__IntegratedGradients__scaffold__seed2] cache hit (190a992d9964e972) — skipping
2026-08-04 09:20:45,964 | INFO    | molsanity | [cell DILI__GINE__IntegratedGradients__scaffold__seed2] DONE — acc=0.78 gt_auroc=nan n=142 (capped) [cached]
2026-08-04 09:20:46,356 | INFO    | molsanity | [stage cell_DILI__GINE__IntegratedGradients__random__seed0] cache hit (3e97a237b21c5405) — skipping
2026-08-04 09:20:46,357 | INFO    | molsanity | [cell DILI__GINE__IntegratedGradients__random__seed0] DONE — acc=0.82 gt_auroc=nan n=142 (capped) [cached]
2026-08-04 09:20:47,048 | INFO    | molsanity | [stage cell_DILI__GINE__IntegratedGradients__random__seed1] cache hit (9d5b016bfa039a6e) — skipping
2026-08-04 09:20:47,048 | INFO    | molsanity | [cell DILI__GINE__IntegratedGradients__random__seed1] DONE — acc=0.61 gt_auroc=nan n=142 (capped) [cached]
2026-08-04 09:20:47,466 | INFO    | molsanity | [stage cell_DILI__GINE__IntegratedGradients__random__seed2] cache hit (f84505b13d17583f) — skipping
2026-08-04 09:20:47,466 | INFO    | molsanity | [cell DILI__GINE__IntegratedGradients__random__seed2] DONE — acc=0.70 gt_auroc=nan n=142 (capped) [cached]
2026-08-04 09:20:48,043 | INFO    | molsanity | [stage cell_hERG__GINE__IntegratedGradients__scaffold__seed0] cache hit (fefcd7292467b591) — skipping
2026-08-04 09:20:48,043 | INFO    | molsanity | [cell hERG__GINE__IntegratedGradients__scaffold__seed0] DONE — acc=0.53 gt_auroc=nan n=197 (capped) [cached]
2026-08-04 09:20:48,557 | INFO    | molsanity | [stage cell_hERG__GINE__IntegratedGradients__scaffold__seed1] cache hit (c4425f21cb8db3f4) — skipping
2026-08-04 09:20:48,557 | INFO    | molsanity | [cell hERG__GINE__IntegratedGradients__scaffold__seed1] DONE — acc=0.46 gt_auroc=nan n=197 (capped) [cached]
2026-08-04 09:20:49,121 | INFO    | molsanity | [stage cell_hERG__GINE__IntegratedGradients__scaffold__seed2] cache hit (5f67af8e5d3de310) — skipping
2026-08-04 09:20:49,121 | INFO    | molsanity | [cell hERG__GINE__IntegratedGradients__scaffold__seed2] DONE — acc=0.42 gt_auroc=nan n=197 (capped) [cached]
2026-08-04 09:20:49,630 | INFO    | molsanity | [stage cell_hERG__GINE__IntegratedGradients__random__seed0] cache hit (e7a074fcbf925577) — skipping
2026-08-04 09:20:49,630 | INFO    | molsanity | [cell hERG__GINE__IntegratedGradients__random__seed0] DONE — acc=0.79 gt_auroc=nan n=197 (capped) [cached]
2026-08-04 09:20:50,071 | INFO    | molsanity | [stage cell_hERG__GINE__IntegratedGradients__random__seed1] cache hit (398bf504c4eb5974) — skipping
2026-08-04 09:20:50,072 | INFO    | molsanity | [cell hERG__GINE__IntegratedGradients__random__seed1] DONE — acc=0.43 gt_auroc=nan n=197 (capped) [cached]
2026-08-04 09:20:50,469 | INFO    | molsanity | [stage cell_hERG__GINE__IntegratedGradients__random__seed2] cache hit (5e662f6ad6385d83) — skipping
2026-08-04 09:20:50,469 | INFO    | molsanity | [cell hERG__GINE__IntegratedGradients__random__seed2] DONE — acc=0.74 gt_auroc=nan n=197 (capped) [cached]
2026-08-04 09:20:50,524 | INFO    | molsanity | Wrote SEED_VARIANCE.md (158 cells with >1 seed)
2026-08-04 09:20:50,525 | INFO    | molsanity | Wrote SEED_VARIANCE.md (158 multi-seed cells)
2026-08-04 09:22:03,726 | INFO    | molsanity | Wrote ABSTENTION.md (5 signals ranked)
2026-08-04 09:22:03,726 | INFO    | molsanity | Wrote ABSTENTION.md (5 signals ranked over 26185 records)
2026-08-04 09:22:03,739 | INFO    | molsanity | Wrote RATIONALE_USE.md (5366 molecules where the model reads the ground truth, 837 anti-aligned despite that)
2026-08-04 09:22:07,964 | INFO    | molsanity | Wrote BENCHMARK.md (158 cells)
2026-08-04 09:22:09,942 | INFO    | molsanity | Wrote BENCHMARK_GT.md (faithfulness-vs-ground-truth)
2026-08-04 09:22:12,218 | INFO    | molsanity | Wrote summary figure: artifacts/figures/_summary/attributor_gt_bar_MUTAG.pdf
2026-08-04 09:22:14,046 | INFO    | molsanity | Wrote summary figure: artifacts/figures/_summary/attributor_gt_bar_SynthMotifs.pdf
2026-08-04 09:22:15,994 | INFO    | molsanity | Wrote summary figure: artifacts/figures/_summary/faithfulness_stability_ecdf.pdf
2026-08-04 09:22:17,998 | INFO    | molsanity | Wrote summary figure: artifacts/figures/_summary/regime_stratification.pdf
2026-08-04 09:22:20,421 | INFO    | molsanity | Wrote rich figure: artifacts/figures/_summary/joint_faithful_correct.pdf
2026-08-04 09:22:22,537 | INFO    | molsanity | Wrote rich figure: artifacts/figures/_summary/raincloud_gt_MUTAG.pdf
2026-08-04 09:22:24,572 | INFO    | molsanity | Wrote rich figure: artifacts/figures/_summary/heatmap_gt.pdf
2026-08-04 09:22:28,523 | INFO    | molsanity | Wrote composite figure: artifacts/figures/_summary/results_composite.pdf
2026-08-04 09:22:28,555 | INFO    | molsanity | Loaded MUTAG: 188 graphs, checksum de1d4cec357f
2026-08-04 09:22:28,788 | INFO    | molsanity | Scaffold split: 47 scaffolds over 188 molecules (2 scaffold-less, 89.4% of molecules in multi-member groups) -> train 150 / val 18 / test 20
2026-08-04 09:22:29,573 | INFO    | molsanity | Loaded existing checkpoint gine_f0f03e5089058af8.pt
2026-08-04 09:22:36,935 | INFO    | molsanity | Wrote molecule grid: artifacts/figures/_summary/molgrid_MUTAG.pdf
2026-08-04 09:22:38,752 | INFO    | molsanity | Generated SynthMotifs: 1000 graphs (house/cycle), exact node GT
2026-08-04 09:22:38,785 | INFO    | molsanity | SynthMotifs checksum recorded: dec19662af21
2026-08-04 09:22:38,785 | INFO    | molsanity | Loaded SynthMotifs: 1000 graphs, checksum dec19662af21
2026-08-04 09:22:38,790 | INFO    | molsanity | Scaffold split: 1000 scaffolds over 1000 molecules (1000 scaffold-less, 0.0% of molecules in multi-member groups) -> train 800 / val 100 / test 100
2026-08-04 09:22:38,791 | WARNING | molsanity | Scaffold split is DEGENERATE: only 0.0% of molecules share a scaffold with another molecule, so this partition is deterministic but not a chemical shift regime. Do not report it as scaffold shift.
2026-08-04 09:22:39,408 | INFO    | molsanity | Loaded existing checkpoint gine_92f8d045d39e08c5.pt
2026-08-04 09:22:45,524 | INFO    | molsanity | Wrote molecule grid: artifacts/figures/_summary/molgrid_SynthMotifs.pdf
2026-08-04 09:22:45,540 | INFO    | molsanity | Wrote 10 summary figure(s)
2026-08-04 09:22:50,310 | INFO    | molsanity | Wrote dissociation figure
2026-08-04 09:26:08,312 | INFO    | molsanity | Collected figures -> figures/ (448 files, 158 cells)
2026-08-04 09:26:08,312 | INFO    | molsanity | === Run complete: {'done': 474, 'failed': 0, 'skipped': 0, 'running': 0} ===
